<gpx xmlns:ns3="http://www.garmin.com/xmlschemas/TrackPointExtension/v1" xmlns="http://www.topografix.com/GPX/1/1" xmlns:xsi="http://www.w3.org/2001/XMLSchema-instance" xmlns:ns2="http://www.garmin.com/xmlschemas/GpxExtensions/v3" creator="Garmin Connect" version="1.1" xsi:schemaLocation="http://www.topografix.com/GPX/1/1 http://www.topografix.com/GPX/11.xsd">
  <extensions>
<distance>7463.49</distance>
<average_hr>160.0</average_hr>
<average_speed>2.9590001106262207</average_speed>
<start_time>2026-09-19T12:53:53+00:00</start_time>
<end_time>2026-09-19T13:35:55.441000+00:00</end_time>
<moving_time>2520.304</moving_time>
<elapsed_time>2522.441</elapsed_time>
<calories>495.0</calories>
<elevation_loss>37.0</elevation_loss>
<min_elevation>468.0</min_elevation>
<max_elevation>484.8</max_elevation>
<avg_power>266.0</avg_power>
<max_power>370.0</max_power>
<aerobic_te>3.5999999046325684</aerobic_te>
<anaerobic_te>0.0</anaerobic_te>
<avg_stride_length>95.69000244140625</avg_stride_length>
<hr_zones>[{"zone": 1, "seconds": 0.0, "low_boundary": 103}, {"zone": 2, "seconds": 8.733, "low_boundary": 121}, {"zone": 3, "seconds": 1282.973, "low_boundary": 137}, {"zone": 4, "seconds": 1230.593, "low_boundary": 161}, {"zone": 5, "seconds": 0.0, "low_boundary": 177}]</hr_zones>
</extensions>
<metadata>
    <link href="connect.garmin.com">
      <text>Garmin Connect</text>
    </link>
    <time>2026-09-19T12:53:53.000Z</time>
  </metadata>
  <trk>
    <name>成都市 - 基础训练</name>
    <type>running</type>
    <trkseg>
      <trkpt lat="30.54055812768638134002685546875" lon="104.04452173970639705657958984375">
        <ele>475.399993896484375</ele>
        <time>2026-09-19T12:53:53.000Z</time>
        <extensions>
          <ns3:TrackPointExtension>
            <ns3:hr>132</ns3:hr>
            <ns3:cad>64</ns3:cad>
          </ns3:TrackPointExtension>
        </extensions>
      </trkpt>
      <trkpt lat="30.54054605774581432342529296875" lon="104.04453984461724758148193359375">
        <ele>475.20001220703125</ele>
        <time>2026-09-19T12:53:54.000Z</time>
        <extensions>
          <ns3:TrackPointExtension>
            <ns3:hr>133</ns3:hr>
            <ns3:cad>64</ns3:cad>
          </ns3:TrackPointExtension>
        </extensions>
      </trkpt>
      <trkpt lat="30.54054974578320980072021484375" lon="104.0445662476122379302978515625">
        <ele>475.20001220703125</ele>
        <time>2026-09-19T12:53:55.000Z</time>
        <extensions>
          <ns3:TrackPointExtension>
            <ns3:hr>133</ns3:hr>
            <ns3:cad>64</ns3:cad>
          </ns3:TrackPointExtension>
        </extensions>
      </trkpt>
      <trkpt lat="30.5405523441731929779052734375" lon="104.04459952376782894134521484375">
        <ele>475.20001220703125</ele>
        <time>2026-09-19T12:53:56.000Z</time>
        <extensions>
          <ns3:TrackPointExtension>
            <ns3:hr>133</ns3:hr>
            <ns3:cad>0</ns3:cad>
          </ns3:TrackPointExtension>
        </extensions>
      </trkpt>
      <trkpt lat="30.540556199848651885986328125" lon="104.0446353144943714141845703125">
        <ele>475.20001220703125</ele>
        <time>2026-09-19T12:53:57.000Z</time>
        <extensions>
          <ns3:TrackPointExtension>
            <ns3:hr>133</ns3:hr>
            <ns3:cad>0</ns3:cad>
          </ns3:TrackPointExtension>
        </extensions>
      </trkpt>
      <trkpt lat="30.5405573733150959014892578125" lon="104.04467336833477020263671875">
        <ele>475</ele>
        <time>2026-09-19T12:53:58.000Z</time>
        <extensions>
          <ns3:TrackPointExtension>
            <ns3:hr>133</ns3:hr>
            <ns3:cad>0</ns3:cad>
          </ns3:TrackPointExtension>
        </extensions>
      </trkpt>
      <trkpt lat="30.54055863060057163238525390625" lon="104.0447067283093929290771484375">
        <ele>475</ele>
        <time>2026-09-19T12:53:59.000Z</time>
        <extensions>
          <ns3:TrackPointExtension>
            <ns3:hr>133</ns3:hr>
            <ns3:cad>0</ns3:cad>
          </ns3:TrackPointExtension>
        </extensions>
      </trkpt>
      <trkpt lat="30.54055930115282535552978515625" lon="104.04474520124495029449462890625">
        <ele>475</ele>
        <time>2026-09-19T12:54:00.000Z</time>
        <extensions>
          <ns3:TrackPointExtension>
            <ns3:hr>134</ns3:hr>
            <ns3:cad>88</ns3:cad>
          </ns3:TrackPointExtension>
        </extensions>
      </trkpt>
      <trkpt lat="30.540559552609920501708984375" lon="104.044778309762477874755859375">
        <ele>475</ele>
        <time>2026-09-19T12:54:01.000Z</time>
        <extensions>
          <ns3:TrackPointExtension>
            <ns3:hr>135</ns3:hr>
            <ns3:cad>88</ns3:cad>
          </ns3:TrackPointExtension>
        </extensions>
      </trkpt>
      <trkpt lat="30.54056852124631404876708984375" lon="104.0448150224983692169189453125">
        <ele>475</ele>
        <time>2026-09-19T12:54:02.000Z</time>
        <extensions>
          <ns3:TrackPointExtension>
            <ns3:hr>137</ns3:hr>
            <ns3:cad>89</ns3:cad>
          </ns3:TrackPointExtension>
        </extensions>
      </trkpt>
      <trkpt lat="30.54057589732110500335693359375" lon="104.044851399958133697509765625">
        <ele>475.20001220703125</ele>
        <time>2026-09-19T12:54:03.000Z</time>
        <extensions>
          <ns3:TrackPointExtension>
            <ns3:hr>138</ns3:hr>
            <ns3:cad>90</ns3:cad>
          </ns3:TrackPointExtension>
        </extensions>
      </trkpt>
      <trkpt lat="30.5405717901885509490966796875" lon="104.04489121399819850921630859375">
        <ele>475.20001220703125</ele>
        <time>2026-09-19T12:54:04.000Z</time>
        <extensions>
          <ns3:TrackPointExtension>
            <ns3:hr>140</ns3:hr>
            <ns3:cad>90</ns3:cad>
          </ns3:TrackPointExtension>
        </extensions>
      </trkpt>
      <trkpt lat="30.540572293102741241455078125" lon="104.04492306523025035858154296875">
        <ele>475.399993896484375</ele>
        <time>2026-09-19T12:54:05.000Z</time>
        <extensions>
          <ns3:TrackPointExtension>
            <ns3:hr>141</ns3:hr>
            <ns3:cad>90</ns3:cad>
          </ns3:TrackPointExtension>
        </extensions>
      </trkpt>
      <trkpt lat="30.54056500084698200225830078125" lon="104.0449650585651397705078125">
        <ele>475.399993896484375</ele>
        <time>2026-09-19T12:54:06.000Z</time>
        <extensions>
          <ns3:TrackPointExtension>
            <ns3:hr>142</ns3:hr>
            <ns3:cad>90</ns3:cad>
          </ns3:TrackPointExtension>
        </extensions>
      </trkpt>
      <trkpt lat="30.54056248627603054046630859375" lon="104.04499783180654048919677734375">
        <ele>475.600006103515625</ele>
        <time>2026-09-19T12:54:07.000Z</time>
        <extensions>
          <ns3:TrackPointExtension>
            <ns3:hr>143</ns3:hr>
            <ns3:cad>90</ns3:cad>
          </ns3:TrackPointExtension>
        </extensions>
      </trkpt>
      <trkpt lat="30.54055653512477874755859375" lon="104.045035131275653839111328125">
        <ele>475.600006103515625</ele>
        <time>2026-09-19T12:54:08.000Z</time>
        <extensions>
          <ns3:TrackPointExtension>
            <ns3:hr>144</ns3:hr>
            <ns3:cad>90</ns3:cad>
          </ns3:TrackPointExtension>
        </extensions>
      </trkpt>
      <trkpt lat="30.54055142216384410858154296875" lon="104.04506991617381572723388671875">
        <ele>475.600006103515625</ele>
        <time>2026-09-19T12:54:09.000Z</time>
        <extensions>
          <ns3:TrackPointExtension>
            <ns3:hr>146</ns3:hr>
            <ns3:cad>90</ns3:cad>
          </ns3:TrackPointExtension>
        </extensions>
      </trkpt>
      <trkpt lat="30.54054521955549716949462890625" lon="104.04510512016713619232177734375">
        <ele>475.79998779296875</ele>
        <time>2026-09-19T12:54:10.000Z</time>
        <extensions>
          <ns3:TrackPointExtension>
            <ns3:hr>147</ns3:hr>
            <ns3:cad>90</ns3:cad>
          </ns3:TrackPointExtension>
        </extensions>
      </trkpt>
      <trkpt lat="30.540539436042308807373046875" lon="104.04514049179852008819580078125">
        <ele>475.79998779296875</ele>
        <time>2026-09-19T12:54:11.000Z</time>
        <extensions>
          <ns3:TrackPointExtension>
            <ns3:hr>149</ns3:hr>
            <ns3:cad>91</ns3:cad>
          </ns3:TrackPointExtension>
        </extensions>
      </trkpt>
      <trkpt lat="30.540530383586883544921875" lon="104.04517502523958683013916015625">
        <ele>475.79998779296875</ele>
        <time>2026-09-19T12:54:12.000Z</time>
        <extensions>
          <ns3:TrackPointExtension>
            <ns3:hr>150</ns3:hr>
            <ns3:cad>92</ns3:cad>
          </ns3:TrackPointExtension>
        </extensions>
      </trkpt>
      <trkpt lat="30.5405255220830440521240234375" lon="104.0452066250145435333251953125">
        <ele>476</ele>
        <time>2026-09-19T12:54:13.000Z</time>
        <extensions>
          <ns3:TrackPointExtension>
            <ns3:hr>151</ns3:hr>
            <ns3:cad>92</ns3:cad>
          </ns3:TrackPointExtension>
        </extensions>
      </trkpt>
      <trkpt lat="30.5405225045979022979736328125" lon="104.04523872770369052886962890625">
        <ele>476</ele>
        <time>2026-09-19T12:54:14.000Z</time>
        <extensions>
          <ns3:TrackPointExtension>
            <ns3:hr>153</ns3:hr>
            <ns3:cad>92</ns3:cad>
          </ns3:TrackPointExtension>
        </extensions>
      </trkpt>
      <trkpt lat="30.54052057676017284393310546875" lon="104.04527627862989902496337890625">
        <ele>476.20001220703125</ele>
        <time>2026-09-19T12:54:15.000Z</time>
        <extensions>
          <ns3:TrackPointExtension>
            <ns3:hr>153</ns3:hr>
            <ns3:cad>92</ns3:cad>
          </ns3:TrackPointExtension>
        </extensions>
      </trkpt>
      <trkpt lat="30.54051906801760196685791015625" lon="104.04530561529099941253662109375">
        <ele>476.20001220703125</ele>
        <time>2026-09-19T12:54:16.000Z</time>
        <extensions>
          <ns3:TrackPointExtension>
            <ns3:hr>154</ns3:hr>
            <ns3:cad>92</ns3:cad>
          </ns3:TrackPointExtension>
        </extensions>
      </trkpt>
      <trkpt lat="30.5405188165605068206787109375" lon="104.0453437529504299163818359375">
        <ele>476.20001220703125</ele>
        <time>2026-09-19T12:54:17.000Z</time>
        <extensions>
          <ns3:TrackPointExtension>
            <ns3:hr>151</ns3:hr>
            <ns3:cad>92</ns3:cad>
          </ns3:TrackPointExtension>
        </extensions>
      </trkpt>
      <trkpt lat="30.54051764309406280517578125" lon="104.0453729219734668731689453125">
        <ele>476.399993896484375</ele>
        <time>2026-09-19T12:54:18.000Z</time>
        <extensions>
          <ns3:TrackPointExtension>
            <ns3:hr>150</ns3:hr>
            <ns3:cad>92</ns3:cad>
          </ns3:TrackPointExtension>
        </extensions>
      </trkpt>
      <trkpt lat="30.5405168049037456512451171875" lon="104.04541055671870708465576171875">
        <ele>476.600006103515625</ele>
        <time>2026-09-19T12:54:19.000Z</time>
        <extensions>
          <ns3:TrackPointExtension>
            <ns3:hr>149</ns3:hr>
            <ns3:cad>92</ns3:cad>
          </ns3:TrackPointExtension>
        </extensions>
      </trkpt>
      <trkpt lat="30.54051588289439678192138671875" lon="104.04543972574174404144287109375">
        <ele>476.600006103515625</ele>
        <time>2026-09-19T12:54:20.000Z</time>
        <extensions>
          <ns3:TrackPointExtension>
            <ns3:hr>146</ns3:hr>
            <ns3:cad>92</ns3:cad>
          </ns3:TrackPointExtension>
        </extensions>
      </trkpt>
      <trkpt lat="30.54051705636084079742431640625" lon="104.045474343001842498779296875">
        <ele>476.600006103515625</ele>
        <time>2026-09-19T12:54:21.000Z</time>
        <extensions>
          <ns3:TrackPointExtension>
            <ns3:hr>141</ns3:hr>
            <ns3:cad>92</ns3:cad>
          </ns3:TrackPointExtension>
        </extensions>
      </trkpt>
      <trkpt lat="30.54051487706601619720458984375" lon="104.04550275765359401702880859375">
        <ele>476.79998779296875</ele>
        <time>2026-09-19T12:54:22.000Z</time>
        <extensions>
          <ns3:TrackPointExtension>
            <ns3:hr>139</ns3:hr>
            <ns3:cad>92</ns3:cad>
          </ns3:TrackPointExtension>
        </extensions>
      </trkpt>
      <trkpt lat="30.540512613952159881591796875" lon="104.04553611762821674346923828125">
        <ele>476.79998779296875</ele>
        <time>2026-09-19T12:54:23.000Z</time>
        <extensions>
          <ns3:TrackPointExtension>
            <ns3:hr>138</ns3:hr>
            <ns3:cad>92</ns3:cad>
          </ns3:TrackPointExtension>
        </extensions>
      </trkpt>
      <trkpt lat="30.54051722399890422821044921875" lon="104.0455623529851436614990234375">
        <ele>476.79998779296875</ele>
        <time>2026-09-19T12:54:24.000Z</time>
        <extensions>
          <ns3:TrackPointExtension>
            <ns3:hr>139</ns3:hr>
            <ns3:cad>92</ns3:cad>
          </ns3:TrackPointExtension>
        </extensions>
      </trkpt>
      <trkpt lat="30.54051688872277736663818359375" lon="104.04560535214841365814208984375">
        <ele>477</ele>
        <time>2026-09-19T12:54:25.000Z</time>
        <extensions>
          <ns3:TrackPointExtension>
            <ns3:hr>140</ns3:hr>
            <ns3:cad>92</ns3:cad>
          </ns3:TrackPointExtension>
        </extensions>
      </trkpt>
      <trkpt lat="30.5405218340456485748291015625" lon="104.04563586227595806121826171875">
        <ele>477</ele>
        <time>2026-09-19T12:54:26.000Z</time>
        <extensions>
          <ns3:TrackPointExtension>
            <ns3:hr>140</ns3:hr>
            <ns3:cad>91</ns3:cad>
          </ns3:TrackPointExtension>
        </extensions>
      </trkpt>
      <trkpt lat="30.54052434861660003662109375" lon="104.04567458666861057281494140625">
        <ele>477</ele>
        <time>2026-09-19T12:54:27.000Z</time>
        <extensions>
          <ns3:TrackPointExtension>
            <ns3:hr>141</ns3:hr>
            <ns3:cad>91</ns3:cad>
          </ns3:TrackPointExtension>
        </extensions>
      </trkpt>
      <trkpt lat="30.54052594117820262908935546875" lon="104.0457041747868061065673828125">
        <ele>477.20001220703125</ele>
        <time>2026-09-19T12:54:28.000Z</time>
        <extensions>
          <ns3:TrackPointExtension>
            <ns3:hr>141</ns3:hr>
            <ns3:cad>93</ns3:cad>
          </ns3:TrackPointExtension>
        </extensions>
      </trkpt>
      <trkpt lat="30.54052258841693401336669921875" lon="104.04574222862720489501953125">
        <ele>477.20001220703125</ele>
        <time>2026-09-19T12:54:29.000Z</time>
        <extensions>
          <ns3:TrackPointExtension>
            <ns3:hr>141</ns3:hr>
            <ns3:cad>93</ns3:cad>
          </ns3:TrackPointExtension>
        </extensions>
      </trkpt>
      <trkpt lat="30.54052158258855342864990234375" lon="104.04577039182186126708984375">
        <ele>477.20001220703125</ele>
        <time>2026-09-19T12:54:30.000Z</time>
        <extensions>
          <ns3:TrackPointExtension>
            <ns3:hr>141</ns3:hr>
            <ns3:cad>93</ns3:cad>
          </ns3:TrackPointExtension>
        </extensions>
      </trkpt>
      <trkpt lat="30.5405288748443126678466796875" lon="104.04580567963421344757080078125">
        <ele>477.399993896484375</ele>
        <time>2026-09-19T12:54:31.000Z</time>
        <extensions>
          <ns3:TrackPointExtension>
            <ns3:hr>141</ns3:hr>
            <ns3:cad>93</ns3:cad>
          </ns3:TrackPointExtension>
        </extensions>
      </trkpt>
      <trkpt lat="30.5405385978519916534423828125" lon="104.04583384282886981964111328125">
        <ele>477.600006103515625</ele>
        <time>2026-09-19T12:54:32.000Z</time>
        <extensions>
          <ns3:TrackPointExtension>
            <ns3:hr>142</ns3:hr>
            <ns3:cad>93</ns3:cad>
          </ns3:TrackPointExtension>
        </extensions>
      </trkpt>
      <trkpt lat="30.54055326618254184722900390625" lon="104.045861922204494476318359375">
        <ele>477.600006103515625</ele>
        <time>2026-09-19T12:54:33.000Z</time>
        <extensions>
          <ns3:TrackPointExtension>
            <ns3:hr>142</ns3:hr>
            <ns3:cad>93</ns3:cad>
          </ns3:TrackPointExtension>
        </extensions>
      </trkpt>
      <trkpt lat="30.5405694432556629180908203125" lon="104.04588463716208934783935546875">
        <ele>477.79998779296875</ele>
        <time>2026-09-19T12:54:34.000Z</time>
        <extensions>
          <ns3:TrackPointExtension>
            <ns3:hr>142</ns3:hr>
            <ns3:cad>92</ns3:cad>
          </ns3:TrackPointExtension>
        </extensions>
      </trkpt>
      <trkpt lat="30.5405909009277820587158203125" lon="104.0459118783473968505859375">
        <ele>477.79998779296875</ele>
        <time>2026-09-19T12:54:35.000Z</time>
        <extensions>
          <ns3:TrackPointExtension>
            <ns3:hr>143</ns3:hr>
            <ns3:cad>92</ns3:cad>
          </ns3:TrackPointExtension>
        </extensions>
      </trkpt>
      <trkpt lat="30.5406163819134235382080078125" lon="104.04593325220048427581787109375">
        <ele>477.79998779296875</ele>
        <time>2026-09-19T12:54:36.000Z</time>
        <extensions>
          <ns3:TrackPointExtension>
            <ns3:hr>143</ns3:hr>
            <ns3:cad>92</ns3:cad>
          </ns3:TrackPointExtension>
        </extensions>
      </trkpt>
      <trkpt lat="30.54063155315816402435302734375" lon="104.0459485910832881927490234375">
        <ele>477.79998779296875</ele>
        <time>2026-09-19T12:54:37.000Z</time>
        <extensions>
          <ns3:TrackPointExtension>
            <ns3:hr>144</ns3:hr>
            <ns3:cad>92</ns3:cad>
          </ns3:TrackPointExtension>
        </extensions>
      </trkpt>
      <trkpt lat="30.54064261727035045623779296875" lon="104.0459707193076610565185546875">
        <ele>478</ele>
        <time>2026-09-19T12:54:38.000Z</time>
        <extensions>
          <ns3:TrackPointExtension>
            <ns3:hr>145</ns3:hr>
            <ns3:cad>92</ns3:cad>
          </ns3:TrackPointExtension>
        </extensions>
      </trkpt>
      <trkpt lat="30.54065133444964885711669921875" lon="104.04599712230265140533447265625">
        <ele>478</ele>
        <time>2026-09-19T12:54:39.000Z</time>
        <extensions>
          <ns3:TrackPointExtension>
            <ns3:hr>145</ns3:hr>
            <ns3:cad>92</ns3:cad>
          </ns3:TrackPointExtension>
        </extensions>
      </trkpt>
      <trkpt lat="30.5406579561531543731689453125" lon="104.04601975344121456146240234375">
        <ele>478</ele>
        <time>2026-09-19T12:54:40.000Z</time>
        <extensions>
          <ns3:TrackPointExtension>
            <ns3:hr>145</ns3:hr>
            <ns3:cad>92</ns3:cad>
          </ns3:TrackPointExtension>
        </extensions>
      </trkpt>
      <trkpt lat="30.54066717624664306640625" lon="104.04604758135974407196044921875">
        <ele>478.20001220703125</ele>
        <time>2026-09-19T12:54:41.000Z</time>
        <extensions>
          <ns3:TrackPointExtension>
            <ns3:hr>145</ns3:hr>
            <ns3:cad>92</ns3:cad>
          </ns3:TrackPointExtension>
        </extensions>
      </trkpt>
      <trkpt lat="30.540677569806575775146484375" lon="104.0460701286792755126953125">
        <ele>478.20001220703125</ele>
        <time>2026-09-19T12:54:42.000Z</time>
        <extensions>
          <ns3:TrackPointExtension>
            <ns3:hr>145</ns3:hr>
            <ns3:cad>92</ns3:cad>
          </ns3:TrackPointExtension>
        </extensions>
      </trkpt>
      <trkpt lat="30.540688298642635345458984375" lon="104.04609636403620243072509765625">
        <ele>478.399993896484375</ele>
        <time>2026-09-19T12:54:43.000Z</time>
        <extensions>
          <ns3:TrackPointExtension>
            <ns3:hr>146</ns3:hr>
            <ns3:cad>92</ns3:cad>
          </ns3:TrackPointExtension>
        </extensions>
      </trkpt>
      <trkpt lat="30.54070464335381984710693359375" lon="104.046117402613162994384765625">
        <ele>478.600006103515625</ele>
        <time>2026-09-19T12:54:44.000Z</time>
        <extensions>
          <ns3:TrackPointExtension>
            <ns3:hr>147</ns3:hr>
            <ns3:cad>92</ns3:cad>
          </ns3:TrackPointExtension>
        </extensions>
      </trkpt>
      <trkpt lat="30.54071956314146518707275390625" lon="104.0461345016956329345703125">
        <ele>478.79998779296875</ele>
        <time>2026-09-19T12:54:45.000Z</time>
        <extensions>
          <ns3:TrackPointExtension>
            <ns3:hr>147</ns3:hr>
            <ns3:cad>92</ns3:cad>
          </ns3:TrackPointExtension>
        </extensions>
      </trkpt>
      <trkpt lat="30.540740601718425750732421875" lon="104.0461505949497222900390625">
        <ele>479</ele>
        <time>2026-09-19T12:54:46.000Z</time>
        <extensions>
          <ns3:TrackPointExtension>
            <ns3:hr>147</ns3:hr>
            <ns3:cad>91</ns3:cad>
          </ns3:TrackPointExtension>
        </extensions>
      </trkpt>
      <trkpt lat="30.540758036077022552490234375" lon="104.046158976852893829345703125">
        <ele>479.20001220703125</ele>
        <time>2026-09-19T12:54:47.000Z</time>
        <extensions>
          <ns3:TrackPointExtension>
            <ns3:hr>147</ns3:hr>
            <ns3:cad>91</ns3:cad>
          </ns3:TrackPointExtension>
        </extensions>
      </trkpt>
      <trkpt lat="30.54077924229204654693603515625" lon="104.046168029308319091796875">
        <ele>479.399993896484375</ele>
        <time>2026-09-19T12:54:48.000Z</time>
        <extensions>
          <ns3:TrackPointExtension>
            <ns3:hr>147</ns3:hr>
            <ns3:cad>91</ns3:cad>
          </ns3:TrackPointExtension>
        </extensions>
      </trkpt>
      <trkpt lat="30.54079617373645305633544921875" lon="104.046168029308319091796875">
        <ele>479.600006103515625</ele>
        <time>2026-09-19T12:54:49.000Z</time>
        <extensions>
          <ns3:TrackPointExtension>
            <ns3:hr>148</ns3:hr>
            <ns3:cad>92</ns3:cad>
          </ns3:TrackPointExtension>
        </extensions>
      </trkpt>
      <trkpt lat="30.540824420750141143798828125" lon="104.04616777785122394561767578125">
        <ele>479.79998779296875</ele>
        <time>2026-09-19T12:54:50.000Z</time>
        <extensions>
          <ns3:TrackPointExtension>
            <ns3:hr>148</ns3:hr>
            <ns3:cad>92</ns3:cad>
          </ns3:TrackPointExtension>
        </extensions>
      </trkpt>
      <trkpt lat="30.5408450402319431304931640625" lon="104.046161659061908721923828125">
        <ele>480</ele>
        <time>2026-09-19T12:54:51.000Z</time>
        <extensions>
          <ns3:TrackPointExtension>
            <ns3:hr>148</ns3:hr>
            <ns3:cad>92</ns3:cad>
          </ns3:TrackPointExtension>
        </extensions>
      </trkpt>
      <trkpt lat="30.540879070758819580078125" lon="104.04614917002618312835693359375">
        <ele>480</ele>
        <time>2026-09-19T12:54:52.000Z</time>
        <extensions>
          <ns3:TrackPointExtension>
            <ns3:hr>147</ns3:hr>
            <ns3:cad>91</ns3:cad>
          </ns3:TrackPointExtension>
        </extensions>
      </trkpt>
      <trkpt lat="30.54089608602225780487060546875" lon="104.0461303107440471649169921875">
        <ele>480.399993896484375</ele>
        <time>2026-09-19T12:54:53.000Z</time>
        <extensions>
          <ns3:TrackPointExtension>
            <ns3:hr>147</ns3:hr>
            <ns3:cad>91</ns3:cad>
          </ns3:TrackPointExtension>
        </extensions>
      </trkpt>
      <trkpt lat="30.540922991931438446044921875" lon="104.0461063385009765625">
        <ele>480.399993896484375</ele>
        <time>2026-09-19T12:54:54.000Z</time>
        <extensions>
          <ns3:TrackPointExtension>
            <ns3:hr>146</ns3:hr>
            <ns3:cad>91</ns3:cad>
          </ns3:TrackPointExtension>
        </extensions>
      </trkpt>
      <trkpt lat="30.54093472659587860107421875" lon="104.0460862219333648681640625">
        <ele>480.600006103515625</ele>
        <time>2026-09-19T12:54:55.000Z</time>
        <extensions>
          <ns3:TrackPointExtension>
            <ns3:hr>146</ns3:hr>
            <ns3:cad>91</ns3:cad>
          </ns3:TrackPointExtension>
        </extensions>
      </trkpt>
      <trkpt lat="30.54094503633677959442138671875" lon="104.0460588969290256500244140625">
        <ele>480.79998779296875</ele>
        <time>2026-09-19T12:54:56.000Z</time>
        <extensions>
          <ns3:TrackPointExtension>
            <ns3:hr>146</ns3:hr>
            <ns3:cad>91</ns3:cad>
          </ns3:TrackPointExtension>
        </extensions>
      </trkpt>
      <trkpt lat="30.540939085185527801513671875" lon="104.04603551141917705535888671875">
        <ele>481.20001220703125</ele>
        <time>2026-09-19T12:54:57.000Z</time>
        <extensions>
          <ns3:TrackPointExtension>
            <ns3:hr>147</ns3:hr>
            <ns3:cad>91</ns3:cad>
          </ns3:TrackPointExtension>
        </extensions>
      </trkpt>
      <trkpt lat="30.5409322120249271392822265625" lon="104.0460045821964740753173828125">
        <ele>481.399993896484375</ele>
        <time>2026-09-19T12:54:58.000Z</time>
        <extensions>
          <ns3:TrackPointExtension>
            <ns3:hr>147</ns3:hr>
            <ns3:cad>92</ns3:cad>
          </ns3:TrackPointExtension>
        </extensions>
      </trkpt>
      <trkpt lat="30.54092265665531158447265625" lon="104.04597918502986431121826171875">
        <ele>481.399993896484375</ele>
        <time>2026-09-19T12:54:59.000Z</time>
        <extensions>
          <ns3:TrackPointExtension>
            <ns3:hr>148</ns3:hr>
            <ns3:cad>92</ns3:cad>
          </ns3:TrackPointExtension>
        </extensions>
      </trkpt>
      <trkpt lat="30.54091930389404296875" lon="104.04594599269330501556396484375">
        <ele>481.79998779296875</ele>
        <time>2026-09-19T12:55:00.000Z</time>
        <extensions>
          <ns3:TrackPointExtension>
            <ns3:hr>148</ns3:hr>
            <ns3:cad>93</ns3:cad>
          </ns3:TrackPointExtension>
        </extensions>
      </trkpt>
      <trkpt lat="30.54091435857117176055908203125" lon="104.04591657221317291259765625">
        <ele>482</ele>
        <time>2026-09-19T12:55:01.000Z</time>
        <extensions>
          <ns3:TrackPointExtension>
            <ns3:hr>148</ns3:hr>
            <ns3:cad>93</ns3:cad>
          </ns3:TrackPointExtension>
        </extensions>
      </trkpt>
      <trkpt lat="30.54092802107334136962890625" lon="104.0458850562572479248046875">
        <ele>482.20001220703125</ele>
        <time>2026-09-19T12:55:02.000Z</time>
        <extensions>
          <ns3:TrackPointExtension>
            <ns3:hr>149</ns3:hr>
            <ns3:cad>93</ns3:cad>
          </ns3:TrackPointExtension>
        </extensions>
      </trkpt>
      <trkpt lat="30.54093833081424236297607421875" lon="104.0458654426038265228271484375">
        <ele>482.399993896484375</ele>
        <time>2026-09-19T12:55:03.000Z</time>
        <extensions>
          <ns3:TrackPointExtension>
            <ns3:hr>150</ns3:hr>
            <ns3:cad>92</ns3:cad>
          </ns3:TrackPointExtension>
        </extensions>
      </trkpt>
      <trkpt lat="30.54096263833343982696533203125" lon="104.04584691859781742095947265625">
        <ele>482.600006103515625</ele>
        <time>2026-09-19T12:55:04.000Z</time>
        <extensions>
          <ns3:TrackPointExtension>
            <ns3:hr>151</ns3:hr>
            <ns3:cad>92</ns3:cad>
          </ns3:TrackPointExtension>
        </extensions>
      </trkpt>
      <trkpt lat="30.54098024033010005950927734375" lon="104.04583233408629894256591796875">
        <ele>482.79998779296875</ele>
        <time>2026-09-19T12:55:05.000Z</time>
        <extensions>
          <ns3:TrackPointExtension>
            <ns3:hr>152</ns3:hr>
            <ns3:cad>91</ns3:cad>
          </ns3:TrackPointExtension>
        </extensions>
      </trkpt>
      <trkpt lat="30.5410037934780120849609375" lon="104.04581640847027301788330078125">
        <ele>483</ele>
        <time>2026-09-19T12:55:06.000Z</time>
        <extensions>
          <ns3:TrackPointExtension>
            <ns3:hr>152</ns3:hr>
            <ns3:cad>91</ns3:cad>
          </ns3:TrackPointExtension>
        </extensions>
      </trkpt>
      <trkpt lat="30.54101929999887943267822265625" lon="104.04580031521618366241455078125">
        <ele>483.20001220703125</ele>
        <time>2026-09-19T12:55:07.000Z</time>
        <extensions>
          <ns3:TrackPointExtension>
            <ns3:hr>153</ns3:hr>
            <ns3:cad>90</ns3:cad>
          </ns3:TrackPointExtension>
        </extensions>
      </trkpt>
      <trkpt lat="30.54104511626064777374267578125" lon="104.045781455934047698974609375">
        <ele>483.399993896484375</ele>
        <time>2026-09-19T12:55:08.000Z</time>
        <extensions>
          <ns3:TrackPointExtension>
            <ns3:hr>153</ns3:hr>
            <ns3:cad>90</ns3:cad>
          </ns3:TrackPointExtension>
        </extensions>
      </trkpt>
      <trkpt lat="30.541065819561481475830078125" lon="104.04576561413705348968505859375">
        <ele>483.399993896484375</ele>
        <time>2026-09-19T12:55:09.000Z</time>
        <extensions>
          <ns3:TrackPointExtension>
            <ns3:hr>153</ns3:hr>
            <ns3:cad>90</ns3:cad>
          </ns3:TrackPointExtension>
        </extensions>
      </trkpt>
      <trkpt lat="30.54109297692775726318359375" lon="104.0457643568515777587890625">
        <ele>483.600006103515625</ele>
        <time>2026-09-19T12:55:10.000Z</time>
        <extensions>
          <ns3:TrackPointExtension>
            <ns3:hr>153</ns3:hr>
            <ns3:cad>90</ns3:cad>
          </ns3:TrackPointExtension>
        </extensions>
      </trkpt>
      <trkpt lat="30.5411172844469547271728515625" lon="104.0457678772509098052978515625">
        <ele>483.79998779296875</ele>
        <time>2026-09-19T12:55:11.000Z</time>
        <extensions>
          <ns3:TrackPointExtension>
            <ns3:hr>154</ns3:hr>
            <ns3:cad>90</ns3:cad>
          </ns3:TrackPointExtension>
        </extensions>
      </trkpt>
      <trkpt lat="30.54114217869937419891357421875" lon="104.04577969573438167572021484375">
        <ele>483.79998779296875</ele>
        <time>2026-09-19T12:55:12.000Z</time>
        <extensions>
          <ns3:TrackPointExtension>
            <ns3:hr>154</ns3:hr>
            <ns3:cad>91</ns3:cad>
          </ns3:TrackPointExtension>
        </extensions>
      </trkpt>
      <trkpt lat="30.5411685816943645477294921875" lon="104.04578858055174350738525390625">
        <ele>484</ele>
        <time>2026-09-19T12:55:13.000Z</time>
        <extensions>
          <ns3:TrackPointExtension>
            <ns3:hr>154</ns3:hr>
            <ns3:cad>91</ns3:cad>
          </ns3:TrackPointExtension>
        </extensions>
      </trkpt>
      <trkpt lat="30.5411923862993717193603515625" lon="104.045804254710674285888671875">
        <ele>484</ele>
        <time>2026-09-19T12:55:14.000Z</time>
        <extensions>
          <ns3:TrackPointExtension>
            <ns3:hr>155</ns3:hr>
            <ns3:cad>91</ns3:cad>
          </ns3:TrackPointExtension>
        </extensions>
      </trkpt>
      <trkpt lat="30.541217029094696044921875" lon="104.0458171628415584564208984375">
        <ele>483.79998779296875</ele>
        <time>2026-09-19T12:55:15.000Z</time>
        <extensions>
          <ns3:TrackPointExtension>
            <ns3:hr>155</ns3:hr>
            <ns3:cad>92</ns3:cad>
          </ns3:TrackPointExtension>
        </extensions>
      </trkpt>
      <trkpt lat="30.54124074988067150115966796875" lon="104.04583333991467952728271484375">
        <ele>483.79998779296875</ele>
        <time>2026-09-19T12:55:16.000Z</time>
        <extensions>
          <ns3:TrackPointExtension>
            <ns3:hr>155</ns3:hr>
            <ns3:cad>91</ns3:cad>
          </ns3:TrackPointExtension>
        </extensions>
      </trkpt>
      <trkpt lat="30.541264303028583526611328125" lon="104.04585462994873523712158203125">
        <ele>483.79998779296875</ele>
        <time>2026-09-19T12:55:17.000Z</time>
        <extensions>
          <ns3:TrackPointExtension>
            <ns3:hr>155</ns3:hr>
            <ns3:cad>92</ns3:cad>
          </ns3:TrackPointExtension>
        </extensions>
      </trkpt>
      <trkpt lat="30.54128467105329036712646484375" lon="104.0458701364696025848388671875">
        <ele>483.79998779296875</ele>
        <time>2026-09-19T12:55:18.000Z</time>
        <extensions>
          <ns3:TrackPointExtension>
            <ns3:hr>155</ns3:hr>
            <ns3:cad>92</ns3:cad>
          </ns3:TrackPointExtension>
        </extensions>
      </trkpt>
      <trkpt lat="30.5413090623915195465087890625" lon="104.0458962880074977874755859375">
        <ele>483.79998779296875</ele>
        <time>2026-09-19T12:55:19.000Z</time>
        <extensions>
          <ns3:TrackPointExtension>
            <ns3:hr>156</ns3:hr>
            <ns3:cad>92</ns3:cad>
          </ns3:TrackPointExtension>
        </extensions>
      </trkpt>
      <trkpt lat="30.5413264967501163482666015625" lon="104.04591011814773082733154296875">
        <ele>483.79998779296875</ele>
        <time>2026-09-19T12:55:20.000Z</time>
        <extensions>
          <ns3:TrackPointExtension>
            <ns3:hr>156</ns3:hr>
            <ns3:cad>92</ns3:cad>
          </ns3:TrackPointExtension>
        </extensions>
      </trkpt>
      <trkpt lat="30.5413543246686458587646484375" lon="104.045933671295642852783203125">
        <ele>483.79998779296875</ele>
        <time>2026-09-19T12:55:21.000Z</time>
        <extensions>
          <ns3:TrackPointExtension>
            <ns3:hr>156</ns3:hr>
            <ns3:cad>91</ns3:cad>
          </ns3:TrackPointExtension>
        </extensions>
      </trkpt>
      <trkpt lat="30.5413747765123844146728515625" lon="104.045944400131702423095703125">
        <ele>483.79998779296875</ele>
        <time>2026-09-19T12:55:22.000Z</time>
        <extensions>
          <ns3:TrackPointExtension>
            <ns3:hr>156</ns3:hr>
            <ns3:cad>91</ns3:cad>
          </ns3:TrackPointExtension>
        </extensions>
      </trkpt>
      <trkpt lat="30.54139950312674045562744140625" lon="104.04597063548862934112548828125">
        <ele>483.79998779296875</ele>
        <time>2026-09-19T12:55:23.000Z</time>
        <extensions>
          <ns3:TrackPointExtension>
            <ns3:hr>156</ns3:hr>
            <ns3:cad>92</ns3:cad>
          </ns3:TrackPointExtension>
        </extensions>
      </trkpt>
      <trkpt lat="30.541417859494686126708984375" lon="104.0459837950766086578369140625">
        <ele>483.79998779296875</ele>
        <time>2026-09-19T12:55:24.000Z</time>
        <extensions>
          <ns3:TrackPointExtension>
            <ns3:hr>157</ns3:hr>
            <ns3:cad>93</ns3:cad>
          </ns3:TrackPointExtension>
        </extensions>
      </trkpt>
      <trkpt lat="30.5414421670138835906982421875" lon="104.04600818641483783721923828125">
        <ele>483.79998779296875</ele>
        <time>2026-09-19T12:55:25.000Z</time>
        <extensions>
          <ns3:TrackPointExtension>
            <ns3:hr>157</ns3:hr>
            <ns3:cad>93</ns3:cad>
          </ns3:TrackPointExtension>
        </extensions>
      </trkpt>
      <trkpt lat="30.54146437905728816986083984375" lon="104.04601589776575565338134765625">
        <ele>483.600006103515625</ele>
        <time>2026-09-19T12:55:26.000Z</time>
        <extensions>
          <ns3:TrackPointExtension>
            <ns3:hr>157</ns3:hr>
            <ns3:cad>93</ns3:cad>
          </ns3:TrackPointExtension>
        </extensions>
      </trkpt>
      <trkpt lat="30.54148868657648563385009765625" lon="104.04603953473269939422607421875">
        <ele>483.600006103515625</ele>
        <time>2026-09-19T12:55:27.000Z</time>
        <extensions>
          <ns3:TrackPointExtension>
            <ns3:hr>157</ns3:hr>
            <ns3:cad>91</ns3:cad>
          </ns3:TrackPointExtension>
        </extensions>
      </trkpt>
      <trkpt lat="30.54150729440152645111083984375" lon="104.04605470597743988037109375">
        <ele>483.79998779296875</ele>
        <time>2026-09-19T12:55:28.000Z</time>
        <extensions>
          <ns3:TrackPointExtension>
            <ns3:hr>157</ns3:hr>
            <ns3:cad>92</ns3:cad>
          </ns3:TrackPointExtension>
        </extensions>
      </trkpt>
      <trkpt lat="30.541530512273311614990234375" lon="104.04607825912535190582275390625">
        <ele>483.79998779296875</ele>
        <time>2026-09-19T12:55:29.000Z</time>
        <extensions>
          <ns3:TrackPointExtension>
            <ns3:hr>157</ns3:hr>
            <ns3:cad>92</ns3:cad>
          </ns3:TrackPointExtension>
        </extensions>
      </trkpt>
      <trkpt lat="30.54155171848833560943603515625" lon="104.04609183780848979949951171875">
        <ele>483.79998779296875</ele>
        <time>2026-09-19T12:55:30.000Z</time>
        <extensions>
          <ns3:TrackPointExtension>
            <ns3:hr>157</ns3:hr>
            <ns3:cad>92</ns3:cad>
          </ns3:TrackPointExtension>
        </extensions>
      </trkpt>
      <trkpt lat="30.5415752716362476348876953125" lon="104.046114385128021240234375">
        <ele>483.79998779296875</ele>
        <time>2026-09-19T12:55:31.000Z</time>
        <extensions>
          <ns3:TrackPointExtension>
            <ns3:hr>157</ns3:hr>
            <ns3:cad>92</ns3:cad>
          </ns3:TrackPointExtension>
        </extensions>
      </trkpt>
      <trkpt lat="30.54159714840352535247802734375" lon="104.046128802001476287841796875">
        <ele>483.79998779296875</ele>
        <time>2026-09-19T12:55:32.000Z</time>
        <extensions>
          <ns3:TrackPointExtension>
            <ns3:hr>157</ns3:hr>
            <ns3:cad>92</ns3:cad>
          </ns3:TrackPointExtension>
        </extensions>
      </trkpt>
      <trkpt lat="30.5416215397417545318603515625" lon="104.0461464039981365203857421875">
        <ele>483.79998779296875</ele>
        <time>2026-09-19T12:55:33.000Z</time>
        <extensions>
          <ns3:TrackPointExtension>
            <ns3:hr>157</ns3:hr>
            <ns3:cad>92</ns3:cad>
          </ns3:TrackPointExtension>
        </extensions>
      </trkpt>
      <trkpt lat="30.5416473560035228729248046875" lon="104.046163670718669891357421875">
        <ele>484</ele>
        <time>2026-09-19T12:55:34.000Z</time>
        <extensions>
          <ns3:TrackPointExtension>
            <ns3:hr>158</ns3:hr>
            <ns3:cad>93</ns3:cad>
          </ns3:TrackPointExtension>
        </extensions>
      </trkpt>
      <trkpt lat="30.54166889749467372894287109375" lon="104.04617800377309322357177734375">
        <ele>484</ele>
        <time>2026-09-19T12:55:35.000Z</time>
        <extensions>
          <ns3:TrackPointExtension>
            <ns3:hr>157</ns3:hr>
            <ns3:cad>93</ns3:cad>
          </ns3:TrackPointExtension>
        </extensions>
      </trkpt>
      <trkpt lat="30.5416939593851566314697265625" lon="104.046197868883609771728515625">
        <ele>484</ele>
        <time>2026-09-19T12:55:36.000Z</time>
        <extensions>
          <ns3:TrackPointExtension>
            <ns3:hr>157</ns3:hr>
            <ns3:cad>92</ns3:cad>
          </ns3:TrackPointExtension>
        </extensions>
      </trkpt>
      <trkpt lat="30.5417167581617832183837890625" lon="104.0462087653577327728271484375">
        <ele>484</ele>
        <time>2026-09-19T12:55:37.000Z</time>
        <extensions>
          <ns3:TrackPointExtension>
            <ns3:hr>157</ns3:hr>
            <ns3:cad>91</ns3:cad>
          </ns3:TrackPointExtension>
        </extensions>
      </trkpt>
      <trkpt lat="30.54174601100385189056396484375" lon="104.04622762463986873626708984375">
        <ele>484</ele>
        <time>2026-09-19T12:55:38.000Z</time>
        <extensions>
          <ns3:TrackPointExtension>
            <ns3:hr>157</ns3:hr>
            <ns3:cad>91</ns3:cad>
          </ns3:TrackPointExtension>
        </extensions>
      </trkpt>
      <trkpt lat="30.541768558323383331298828125" lon="104.0462365932762622833251953125">
        <ele>483.79998779296875</ele>
        <time>2026-09-19T12:55:39.000Z</time>
        <extensions>
          <ns3:TrackPointExtension>
            <ns3:hr>157</ns3:hr>
            <ns3:cad>91</ns3:cad>
          </ns3:TrackPointExtension>
        </extensions>
      </trkpt>
      <trkpt lat="30.5417982302606105804443359375" lon="104.0462540276348590850830078125">
        <ele>483.600006103515625</ele>
        <time>2026-09-19T12:55:40.000Z</time>
        <extensions>
          <ns3:TrackPointExtension>
            <ns3:hr>157</ns3:hr>
            <ns3:cad>92</ns3:cad>
          </ns3:TrackPointExtension>
        </extensions>
      </trkpt>
      <trkpt lat="30.5418180115520954132080078125" lon="104.0462630800902843475341796875">
        <ele>483.79998779296875</ele>
        <time>2026-09-19T12:55:41.000Z</time>
        <extensions>
          <ns3:TrackPointExtension>
            <ns3:hr>157</ns3:hr>
            <ns3:cad>93</ns3:cad>
          </ns3:TrackPointExtension>
        </extensions>
      </trkpt>
      <trkpt lat="30.54184843786060810089111328125" lon="104.04627925716340541839599609375">
        <ele>483.79998779296875</ele>
        <time>2026-09-19T12:55:42.000Z</time>
        <extensions>
          <ns3:TrackPointExtension>
            <ns3:hr>157</ns3:hr>
            <ns3:cad>92</ns3:cad>
          </ns3:TrackPointExtension>
        </extensions>
      </trkpt>
      <trkpt lat="30.54186880588531494140625" lon="104.04628680087625980377197265625">
        <ele>483.79998779296875</ele>
        <time>2026-09-19T12:55:43.000Z</time>
        <extensions>
          <ns3:TrackPointExtension>
            <ns3:hr>157</ns3:hr>
            <ns3:cad>93</ns3:cad>
          </ns3:TrackPointExtension>
        </extensions>
      </trkpt>
      <trkpt lat="30.54190166294574737548828125" lon="104.046302475035190582275390625">
        <ele>483.79998779296875</ele>
        <time>2026-09-19T12:55:44.000Z</time>
        <extensions>
          <ns3:TrackPointExtension>
            <ns3:hr>156</ns3:hr>
            <ns3:cad>93</ns3:cad>
          </ns3:TrackPointExtension>
        </extensions>
      </trkpt>
      <trkpt lat="30.54192848503589630126953125" lon="104.0463115274906158447265625">
        <ele>483.79998779296875</ele>
        <time>2026-09-19T12:55:45.000Z</time>
        <extensions>
          <ns3:TrackPointExtension>
            <ns3:hr>156</ns3:hr>
            <ns3:cad>93</ns3:cad>
          </ns3:TrackPointExtension>
        </extensions>
      </trkpt>
      <trkpt lat="30.54196067154407501220703125" lon="104.046325273811817169189453125">
        <ele>483.79998779296875</ele>
        <time>2026-09-19T12:55:46.000Z</time>
        <extensions>
          <ns3:TrackPointExtension>
            <ns3:hr>155</ns3:hr>
            <ns3:cad>93</ns3:cad>
          </ns3:TrackPointExtension>
        </extensions>
      </trkpt>
      <trkpt lat="30.54198891855776309967041015625" lon="104.0463304705917835235595703125">
        <ele>483.79998779296875</ele>
        <time>2026-09-19T12:55:47.000Z</time>
        <extensions>
          <ns3:TrackPointExtension>
            <ns3:hr>156</ns3:hr>
            <ns3:cad>93</ns3:cad>
          </ns3:TrackPointExtension>
        </extensions>
      </trkpt>
      <trkpt lat="30.54201699793338775634765625" lon="104.04633826576173305511474609375">
        <ele>483.600006103515625</ele>
        <time>2026-09-19T12:55:48.000Z</time>
        <extensions>
          <ns3:TrackPointExtension>
            <ns3:hr>156</ns3:hr>
            <ns3:cad>93</ns3:cad>
          </ns3:TrackPointExtension>
        </extensions>
      </trkpt>
      <trkpt lat="30.54204457439482212066650390625" lon="104.0463418699800968170166015625">
        <ele>483.600006103515625</ele>
        <time>2026-09-19T12:55:49.000Z</time>
        <extensions>
          <ns3:TrackPointExtension>
            <ns3:hr>156</ns3:hr>
            <ns3:cad>93</ns3:cad>
          </ns3:TrackPointExtension>
        </extensions>
      </trkpt>
      <trkpt lat="30.5420708097517490386962890625" lon="104.0463495813310146331787109375">
        <ele>483.600006103515625</ele>
        <time>2026-09-19T12:55:50.000Z</time>
        <extensions>
          <ns3:TrackPointExtension>
            <ns3:hr>156</ns3:hr>
            <ns3:cad>92</ns3:cad>
          </ns3:TrackPointExtension>
        </extensions>
      </trkpt>
      <trkpt lat="30.54210014641284942626953125" lon="104.04635519720613956451416015625">
        <ele>483.600006103515625</ele>
        <time>2026-09-19T12:55:51.000Z</time>
        <extensions>
          <ns3:TrackPointExtension>
            <ns3:hr>156</ns3:hr>
            <ns3:cad>92</ns3:cad>
          </ns3:TrackPointExtension>
        </extensions>
      </trkpt>
      <trkpt lat="30.54212562739849090576171875" lon="104.04635846614837646484375">
        <ele>483.600006103515625</ele>
        <time>2026-09-19T12:55:52.000Z</time>
        <extensions>
          <ns3:TrackPointExtension>
            <ns3:hr>155</ns3:hr>
            <ns3:cad>92</ns3:cad>
          </ns3:TrackPointExtension>
        </extensions>
      </trkpt>
      <trkpt lat="30.54215513169765472412109375" lon="104.04636173509061336517333984375">
        <ele>483.600006103515625</ele>
        <time>2026-09-19T12:55:53.000Z</time>
        <extensions>
          <ns3:TrackPointExtension>
            <ns3:hr>156</ns3:hr>
            <ns3:cad>92</ns3:cad>
          </ns3:TrackPointExtension>
        </extensions>
      </trkpt>
      <trkpt lat="30.54217885248363018035888671875" lon="104.04636324383318424224853515625">
        <ele>483.600006103515625</ele>
        <time>2026-09-19T12:55:54.000Z</time>
        <extensions>
          <ns3:TrackPointExtension>
            <ns3:hr>156</ns3:hr>
            <ns3:cad>92</ns3:cad>
          </ns3:TrackPointExtension>
        </extensions>
      </trkpt>
      <trkpt lat="30.54221145808696746826171875" lon="104.04636709950864315032958984375">
        <ele>483.600006103515625</ele>
        <time>2026-09-19T12:55:55.000Z</time>
        <extensions>
          <ns3:TrackPointExtension>
            <ns3:hr>156</ns3:hr>
            <ns3:cad>92</ns3:cad>
          </ns3:TrackPointExtension>
        </extensions>
      </trkpt>
      <trkpt lat="30.5422347597777843475341796875" lon="104.04636793769896030426025390625">
        <ele>483.600006103515625</ele>
        <time>2026-09-19T12:55:56.000Z</time>
        <extensions>
          <ns3:TrackPointExtension>
            <ns3:hr>157</ns3:hr>
            <ns3:cad>92</ns3:cad>
          </ns3:TrackPointExtension>
        </extensions>
      </trkpt>
      <trkpt lat="30.54226384498178958892822265625" lon="104.0463707037270069122314453125">
        <ele>483.399993896484375</ele>
        <time>2026-09-19T12:55:57.000Z</time>
        <extensions>
          <ns3:TrackPointExtension>
            <ns3:hr>157</ns3:hr>
            <ns3:cad>92</ns3:cad>
          </ns3:TrackPointExtension>
        </extensions>
      </trkpt>
      <trkpt lat="30.54228446446359157562255859375" lon="104.0463650040328502655029296875">
        <ele>483.399993896484375</ele>
        <time>2026-09-19T12:55:58.000Z</time>
        <extensions>
          <ns3:TrackPointExtension>
            <ns3:hr>157</ns3:hr>
            <ns3:cad>92</ns3:cad>
          </ns3:TrackPointExtension>
        </extensions>
      </trkpt>
      <trkpt lat="30.542318411171436309814453125" lon="104.04636743478477001190185546875">
        <ele>483.20001220703125</ele>
        <time>2026-09-19T12:55:59.000Z</time>
        <extensions>
          <ns3:TrackPointExtension>
            <ns3:hr>157</ns3:hr>
            <ns3:cad>92</ns3:cad>
          </ns3:TrackPointExtension>
        </extensions>
      </trkpt>
      <trkpt lat="30.54233844392001628875732421875" lon="104.04636508785188198089599609375">
        <ele>483.20001220703125</ele>
        <time>2026-09-19T12:56:00.000Z</time>
        <extensions>
          <ns3:TrackPointExtension>
            <ns3:hr>157</ns3:hr>
            <ns3:cad>92</ns3:cad>
          </ns3:TrackPointExtension>
        </extensions>
      </trkpt>
      <trkpt lat="30.54237314499914646148681640625" lon="104.04636743478477001190185546875">
        <ele>483.20001220703125</ele>
        <time>2026-09-19T12:56:01.000Z</time>
        <extensions>
          <ns3:TrackPointExtension>
            <ns3:hr>157</ns3:hr>
            <ns3:cad>93</ns3:cad>
          </ns3:TrackPointExtension>
        </extensions>
      </trkpt>
      <trkpt lat="30.5423946864902973175048828125" lon="104.04636961407959461212158203125">
        <ele>483.399993896484375</ele>
        <time>2026-09-19T12:56:02.000Z</time>
        <extensions>
          <ns3:TrackPointExtension>
            <ns3:hr>157</ns3:hr>
            <ns3:cad>93</ns3:cad>
          </ns3:TrackPointExtension>
        </extensions>
      </trkpt>
      <trkpt lat="30.54242008365690708160400390625" lon="104.0463723801076412200927734375">
        <ele>483.600006103515625</ele>
        <time>2026-09-19T12:56:03.000Z</time>
        <extensions>
          <ns3:TrackPointExtension>
            <ns3:hr>157</ns3:hr>
            <ns3:cad>93</ns3:cad>
          </ns3:TrackPointExtension>
        </extensions>
      </trkpt>
      <trkpt lat="30.54244858212769031524658203125" lon="104.046371877193450927734375">
        <ele>483.79998779296875</ele>
        <time>2026-09-19T12:56:04.000Z</time>
        <extensions>
          <ns3:TrackPointExtension>
            <ns3:hr>158</ns3:hr>
            <ns3:cad>92</ns3:cad>
          </ns3:TrackPointExtension>
        </extensions>
      </trkpt>
      <trkpt lat="30.54248210974037647247314453125" lon="104.0463710390031337738037109375">
        <ele>484</ele>
        <time>2026-09-19T12:56:05.000Z</time>
        <extensions>
          <ns3:TrackPointExtension>
            <ns3:hr>157</ns3:hr>
            <ns3:cad>92</ns3:cad>
          </ns3:TrackPointExtension>
        </extensions>
      </trkpt>
      <trkpt lat="30.54251379333436489105224609375" lon="104.046368189156055450439453125">
        <ele>484</ele>
        <time>2026-09-19T12:56:06.000Z</time>
        <extensions>
          <ns3:TrackPointExtension>
            <ns3:hr>157</ns3:hr>
            <ns3:cad>91</ns3:cad>
          </ns3:TrackPointExtension>
        </extensions>
      </trkpt>
      <trkpt lat="30.54254271090030670166015625" lon="104.046365506947040557861328125">
        <ele>484</ele>
        <time>2026-09-19T12:56:07.000Z</time>
        <extensions>
          <ns3:TrackPointExtension>
            <ns3:hr>157</ns3:hr>
            <ns3:cad>91</ns3:cad>
          </ns3:TrackPointExtension>
        </extensions>
      </trkpt>
      <trkpt lat="30.5425676889717578887939453125" lon="104.04636525548994541168212890625">
        <ele>484</ele>
        <time>2026-09-19T12:56:08.000Z</time>
        <extensions>
          <ns3:TrackPointExtension>
            <ns3:hr>158</ns3:hr>
            <ns3:cad>91</ns3:cad>
          </ns3:TrackPointExtension>
        </extensions>
      </trkpt>
      <trkpt lat="30.5425916612148284912109375" lon="104.04636726714670658111572265625">
        <ele>484</ele>
        <time>2026-09-19T12:56:09.000Z</time>
        <extensions>
          <ns3:TrackPointExtension>
            <ns3:hr>157</ns3:hr>
            <ns3:cad>92</ns3:cad>
          </ns3:TrackPointExtension>
        </extensions>
      </trkpt>
      <trkpt lat="30.54262091405689716339111328125" lon="104.046365506947040557861328125">
        <ele>484</ele>
        <time>2026-09-19T12:56:10.000Z</time>
        <extensions>
          <ns3:TrackPointExtension>
            <ns3:hr>157</ns3:hr>
            <ns3:cad>92</ns3:cad>
          </ns3:TrackPointExtension>
        </extensions>
      </trkpt>
      <trkpt lat="30.5426458083093166351318359375" lon="104.04636056162416934967041015625">
        <ele>484</ele>
        <time>2026-09-19T12:56:11.000Z</time>
        <extensions>
          <ns3:TrackPointExtension>
            <ns3:hr>158</ns3:hr>
            <ns3:cad>92</ns3:cad>
          </ns3:TrackPointExtension>
        </extensions>
      </trkpt>
      <trkpt lat="30.542672462761402130126953125" lon="104.04636047780513763427734375">
        <ele>484.20001220703125</ele>
        <time>2026-09-19T12:56:12.000Z</time>
        <extensions>
          <ns3:TrackPointExtension>
            <ns3:hr>157</ns3:hr>
            <ns3:cad>92</ns3:cad>
          </ns3:TrackPointExtension>
        </extensions>
      </trkpt>
      <trkpt lat="30.54269517771899700164794921875" lon="104.04635888524353504180908203125">
        <ele>484.20001220703125</ele>
        <time>2026-09-19T12:56:13.000Z</time>
        <extensions>
          <ns3:TrackPointExtension>
            <ns3:hr>157</ns3:hr>
            <ns3:cad>92</ns3:cad>
          </ns3:TrackPointExtension>
        </extensions>
      </trkpt>
      <trkpt lat="30.54272552020847797393798828125" lon="104.04636357910931110382080078125">
        <ele>484.20001220703125</ele>
        <time>2026-09-19T12:56:14.000Z</time>
        <extensions>
          <ns3:TrackPointExtension>
            <ns3:hr>157</ns3:hr>
            <ns3:cad>92</ns3:cad>
          </ns3:TrackPointExtension>
        </extensions>
      </trkpt>
      <trkpt lat="30.54274463094770908355712890625" lon="104.0463603101670742034912109375">
        <ele>484.20001220703125</ele>
        <time>2026-09-19T12:56:15.000Z</time>
        <extensions>
          <ns3:TrackPointExtension>
            <ns3:hr>157</ns3:hr>
            <ns3:cad>92</ns3:cad>
          </ns3:TrackPointExtension>
        </extensions>
      </trkpt>
      <trkpt lat="30.54277698509395122528076171875" lon="104.04636844061315059661865234375">
        <ele>484.20001220703125</ele>
        <time>2026-09-19T12:56:16.000Z</time>
        <extensions>
          <ns3:TrackPointExtension>
            <ns3:hr>158</ns3:hr>
            <ns3:cad>92</ns3:cad>
          </ns3:TrackPointExtension>
        </extensions>
      </trkpt>
      <trkpt lat="30.54280422627925872802734375" lon="104.04637028463184833526611328125">
        <ele>484.399993896484375</ele>
        <time>2026-09-19T12:56:17.000Z</time>
        <extensions>
          <ns3:TrackPointExtension>
            <ns3:hr>157</ns3:hr>
            <ns3:cad>93</ns3:cad>
          </ns3:TrackPointExtension>
        </extensions>
      </trkpt>
      <trkpt lat="30.54283440113067626953125" lon="104.04637648724019527435302734375">
        <ele>484.399993896484375</ele>
        <time>2026-09-19T12:56:18.000Z</time>
        <extensions>
          <ns3:TrackPointExtension>
            <ns3:hr>157</ns3:hr>
            <ns3:cad>93</ns3:cad>
          </ns3:TrackPointExtension>
        </extensions>
      </trkpt>
      <trkpt lat="30.54286164231598377227783203125" lon="104.046377241611480712890625">
        <ele>484.600006103515625</ele>
        <time>2026-09-19T12:56:19.000Z</time>
        <extensions>
          <ns3:TrackPointExtension>
            <ns3:hr>157</ns3:hr>
            <ns3:cad>94</ns3:cad>
          </ns3:TrackPointExtension>
        </extensions>
      </trkpt>
      <trkpt lat="30.54289005696773529052734375" lon="104.04637766070663928985595703125">
        <ele>484.600006103515625</ele>
        <time>2026-09-19T12:56:20.000Z</time>
        <extensions>
          <ns3:TrackPointExtension>
            <ns3:hr>157</ns3:hr>
            <ns3:cad>93</ns3:cad>
          </ns3:TrackPointExtension>
        </extensions>
      </trkpt>
      <trkpt lat="30.54291981272399425506591796875" lon="104.04637950472533702850341796875">
        <ele>484.600006103515625</ele>
        <time>2026-09-19T12:56:21.000Z</time>
        <extensions>
          <ns3:TrackPointExtension>
            <ns3:hr>158</ns3:hr>
            <ns3:cad>93</ns3:cad>
          </ns3:TrackPointExtension>
        </extensions>
      </trkpt>
      <trkpt lat="30.5429428629577159881591796875" lon="104.0463827736675739288330078125">
        <ele>484.600006103515625</ele>
        <time>2026-09-19T12:56:22.000Z</time>
        <extensions>
          <ns3:TrackPointExtension>
            <ns3:hr>157</ns3:hr>
            <ns3:cad>93</ns3:cad>
          </ns3:TrackPointExtension>
        </extensions>
      </trkpt>
      <trkpt lat="30.5429733730852603912353515625" lon="104.046387970447540283203125">
        <ele>484.600006103515625</ele>
        <time>2026-09-19T12:56:23.000Z</time>
        <extensions>
          <ns3:TrackPointExtension>
            <ns3:hr>157</ns3:hr>
            <ns3:cad>93</ns3:cad>
          </ns3:TrackPointExtension>
        </extensions>
      </trkpt>
      <trkpt lat="30.54299659095704555511474609375" lon="104.04639325104653835296630859375">
        <ele>484.600006103515625</ele>
        <time>2026-09-19T12:56:24.000Z</time>
        <extensions>
          <ns3:TrackPointExtension>
            <ns3:hr>158</ns3:hr>
            <ns3:cad>93</ns3:cad>
          </ns3:TrackPointExtension>
        </extensions>
      </trkpt>
      <trkpt lat="30.5430273525416851043701171875" lon="104.04639308340847492218017578125">
        <ele>484.600006103515625</ele>
        <time>2026-09-19T12:56:25.000Z</time>
        <extensions>
          <ns3:TrackPointExtension>
            <ns3:hr>157</ns3:hr>
            <ns3:cad>94</ns3:cad>
          </ns3:TrackPointExtension>
        </extensions>
      </trkpt>
      <trkpt lat="30.54305090568959712982177734375" lon="104.04638503678143024444580078125">
        <ele>484.600006103515625</ele>
        <time>2026-09-19T12:56:26.000Z</time>
        <extensions>
          <ns3:TrackPointExtension>
            <ns3:hr>158</ns3:hr>
            <ns3:cad>94</ns3:cad>
          </ns3:TrackPointExtension>
        </extensions>
      </trkpt>
      <trkpt lat="30.54308719933032989501953125" lon="104.04638461768627166748046875">
        <ele>484.79998779296875</ele>
        <time>2026-09-19T12:56:27.000Z</time>
        <extensions>
          <ns3:TrackPointExtension>
            <ns3:hr>158</ns3:hr>
            <ns3:cad>94</ns3:cad>
          </ns3:TrackPointExtension>
        </extensions>
      </trkpt>
      <trkpt lat="30.543108992278575897216796875" lon="104.04637849889695644378662109375">
        <ele>484.600006103515625</ele>
        <time>2026-09-19T12:56:28.000Z</time>
        <extensions>
          <ns3:TrackPointExtension>
            <ns3:hr>158</ns3:hr>
            <ns3:cad>93</ns3:cad>
          </ns3:TrackPointExtension>
        </extensions>
      </trkpt>
      <trkpt lat="30.54313958622515201568603515625" lon="104.04637346975505352020263671875">
        <ele>484.600006103515625</ele>
        <time>2026-09-19T12:56:29.000Z</time>
        <extensions>
          <ns3:TrackPointExtension>
            <ns3:hr>157</ns3:hr>
            <ns3:cad>93</ns3:cad>
          </ns3:TrackPointExtension>
        </extensions>
      </trkpt>
      <trkpt lat="30.5431631393730640411376953125" lon="104.046367518603801727294921875">
        <ele>484.399993896484375</ele>
        <time>2026-09-19T12:56:30.000Z</time>
        <extensions>
          <ns3:TrackPointExtension>
            <ns3:hr>158</ns3:hr>
            <ns3:cad>93</ns3:cad>
          </ns3:TrackPointExtension>
        </extensions>
      </trkpt>
      <trkpt lat="30.54319289512932300567626953125" lon="104.04635922051966190338134765625">
        <ele>484.20001220703125</ele>
        <time>2026-09-19T12:56:31.000Z</time>
        <extensions>
          <ns3:TrackPointExtension>
            <ns3:hr>158</ns3:hr>
            <ns3:cad>93</ns3:cad>
          </ns3:TrackPointExtension>
        </extensions>
      </trkpt>
      <trkpt lat="30.54321435280144214630126953125" lon="104.0463509224355220794677734375">
        <ele>484</ele>
        <time>2026-09-19T12:56:32.000Z</time>
        <extensions>
          <ns3:TrackPointExtension>
            <ns3:hr>159</ns3:hr>
            <ns3:cad>93</ns3:cad>
          </ns3:TrackPointExtension>
        </extensions>
      </trkpt>
      <trkpt lat="30.54324301891028881072998046875" lon="104.0463479049503803253173828125">
        <ele>484</ele>
        <time>2026-09-19T12:56:33.000Z</time>
        <extensions>
          <ns3:TrackPointExtension>
            <ns3:hr>159</ns3:hr>
            <ns3:cad>92</ns3:cad>
          </ns3:TrackPointExtension>
        </extensions>
      </trkpt>
      <trkpt lat="30.54326866753399372100830078125" lon="104.04633692465722560882568359375">
        <ele>483.79998779296875</ele>
        <time>2026-09-19T12:56:34.000Z</time>
        <extensions>
          <ns3:TrackPointExtension>
            <ns3:hr>159</ns3:hr>
            <ns3:cad>92</ns3:cad>
          </ns3:TrackPointExtension>
        </extensions>
      </trkpt>
      <trkpt lat="30.5432959087193012237548828125" lon="104.046329297125339508056640625">
        <ele>483.79998779296875</ele>
        <time>2026-09-19T12:56:35.000Z</time>
        <extensions>
          <ns3:TrackPointExtension>
            <ns3:hr>159</ns3:hr>
            <ns3:cad>92</ns3:cad>
          </ns3:TrackPointExtension>
        </extensions>
      </trkpt>
      <trkpt lat="30.54332130588591098785400390625" lon="104.04631546698510646820068359375">
        <ele>483.600006103515625</ele>
        <time>2026-09-19T12:56:36.000Z</time>
        <extensions>
          <ns3:TrackPointExtension>
            <ns3:hr>159</ns3:hr>
            <ns3:cad>92</ns3:cad>
          </ns3:TrackPointExtension>
        </extensions>
      </trkpt>
      <trkpt lat="30.54334511049091815948486328125" lon="104.04630389995872974395751953125">
        <ele>483.600006103515625</ele>
        <time>2026-09-19T12:56:37.000Z</time>
        <extensions>
          <ns3:TrackPointExtension>
            <ns3:hr>159</ns3:hr>
            <ns3:cad>92</ns3:cad>
          </ns3:TrackPointExtension>
        </extensions>
      </trkpt>
      <trkpt lat="30.5433763749897480010986328125" lon="104.04629384167492389678955078125">
        <ele>483.399993896484375</ele>
        <time>2026-09-19T12:56:38.000Z</time>
        <extensions>
          <ns3:TrackPointExtension>
            <ns3:hr>158</ns3:hr>
            <ns3:cad>92</ns3:cad>
          </ns3:TrackPointExtension>
        </extensions>
      </trkpt>
      <trkpt lat="30.5433976650238037109375" lon="104.04628277756273746490478515625">
        <ele>483.20001220703125</ele>
        <time>2026-09-19T12:56:39.000Z</time>
        <extensions>
          <ns3:TrackPointExtension>
            <ns3:hr>158</ns3:hr>
            <ns3:cad>91</ns3:cad>
          </ns3:TrackPointExtension>
        </extensions>
      </trkpt>
      <trkpt lat="30.54342943243682384490966796875" lon="104.0462768264114856719970703125">
        <ele>483</ele>
        <time>2026-09-19T12:56:40.000Z</time>
        <extensions>
          <ns3:TrackPointExtension>
            <ns3:hr>158</ns3:hr>
            <ns3:cad>91</ns3:cad>
          </ns3:TrackPointExtension>
        </extensions>
      </trkpt>
      <trkpt lat="30.5434553325176239013671875" lon="104.04626718722283840179443359375">
        <ele>482.79998779296875</ele>
        <time>2026-09-19T12:56:41.000Z</time>
        <extensions>
          <ns3:TrackPointExtension>
            <ns3:hr>158</ns3:hr>
            <ns3:cad>91</ns3:cad>
          </ns3:TrackPointExtension>
        </extensions>
      </trkpt>
      <trkpt lat="30.54348927922546863555908203125" lon="104.0462600626051425933837890625">
        <ele>482.79998779296875</ele>
        <time>2026-09-19T12:56:42.000Z</time>
        <extensions>
          <ns3:TrackPointExtension>
            <ns3:hr>157</ns3:hr>
            <ns3:cad>91</ns3:cad>
          </ns3:TrackPointExtension>
        </extensions>
      </trkpt>
      <trkpt lat="30.54351241327822208404541015625" lon="104.04624489136040210723876953125">
        <ele>482.79998779296875</ele>
        <time>2026-09-19T12:56:43.000Z</time>
        <extensions>
          <ns3:TrackPointExtension>
            <ns3:hr>157</ns3:hr>
            <ns3:cad>92</ns3:cad>
          </ns3:TrackPointExtension>
        </extensions>
      </trkpt>
      <trkpt lat="30.54354577325284481048583984375" lon="104.0462391078472137451171875">
        <ele>482.79998779296875</ele>
        <time>2026-09-19T12:56:44.000Z</time>
        <extensions>
          <ns3:TrackPointExtension>
            <ns3:hr>157</ns3:hr>
            <ns3:cad>91</ns3:cad>
          </ns3:TrackPointExtension>
        </extensions>
      </trkpt>
      <trkpt lat="30.54356706328690052032470703125" lon="104.04623198322951793670654296875">
        <ele>482.600006103515625</ele>
        <time>2026-09-19T12:56:45.000Z</time>
        <extensions>
          <ns3:TrackPointExtension>
            <ns3:hr>156</ns3:hr>
            <ns3:cad>91</ns3:cad>
          </ns3:TrackPointExtension>
        </extensions>
      </trkpt>
      <trkpt lat="30.543601177632808685302734375" lon="104.0462337434291839599609375">
        <ele>482.399993896484375</ele>
        <time>2026-09-19T12:56:46.000Z</time>
        <extensions>
          <ns3:TrackPointExtension>
            <ns3:hr>156</ns3:hr>
            <ns3:cad>91</ns3:cad>
          </ns3:TrackPointExtension>
        </extensions>
      </trkpt>
      <trkpt lat="30.543625988066196441650390625" lon="104.04623114503920078277587890625">
        <ele>482.20001220703125</ele>
        <time>2026-09-19T12:56:47.000Z</time>
        <extensions>
          <ns3:TrackPointExtension>
            <ns3:hr>156</ns3:hr>
            <ns3:cad>92</ns3:cad>
          </ns3:TrackPointExtension>
        </extensions>
      </trkpt>
      <trkpt lat="30.5436603538691997528076171875" lon="104.046235419809818267822265625">
        <ele>482.20001220703125</ele>
        <time>2026-09-19T12:56:48.000Z</time>
        <extensions>
          <ns3:TrackPointExtension>
            <ns3:hr>155</ns3:hr>
            <ns3:cad>93</ns3:cad>
          </ns3:TrackPointExtension>
        </extensions>
      </trkpt>
      <trkpt lat="30.5436881817877292633056640625" lon="104.0462365932762622833251953125">
        <ele>482</ele>
        <time>2026-09-19T12:56:49.000Z</time>
        <extensions>
          <ns3:TrackPointExtension>
            <ns3:hr>155</ns3:hr>
            <ns3:cad>92</ns3:cad>
          </ns3:TrackPointExtension>
        </extensions>
      </trkpt>
      <trkpt lat="30.54372179321944713592529296875" lon="104.0462412871420383453369140625">
        <ele>481.79998779296875</ele>
        <time>2026-09-19T12:56:50.000Z</time>
        <extensions>
          <ns3:TrackPointExtension>
            <ns3:hr>154</ns3:hr>
            <ns3:cad>92</ns3:cad>
          </ns3:TrackPointExtension>
        </extensions>
      </trkpt>
      <trkpt lat="30.5437498725950717926025390625" lon="104.04624673537909984588623046875">
        <ele>481.79998779296875</ele>
        <time>2026-09-19T12:56:51.000Z</time>
        <extensions>
          <ns3:TrackPointExtension>
            <ns3:hr>154</ns3:hr>
            <ns3:cad>91</ns3:cad>
          </ns3:TrackPointExtension>
        </extensions>
      </trkpt>
      <trkpt lat="30.543780215084552764892578125" lon="104.0462578833103179931640625">
        <ele>481.79998779296875</ele>
        <time>2026-09-19T12:56:52.000Z</time>
        <extensions>
          <ns3:TrackPointExtension>
            <ns3:hr>154</ns3:hr>
            <ns3:cad>91</ns3:cad>
          </ns3:TrackPointExtension>
        </extensions>
      </trkpt>
      <trkpt lat="30.5438115634024143218994140625" lon="104.0462697856128215789794921875">
        <ele>481.600006103515625</ele>
        <time>2026-09-19T12:56:53.000Z</time>
        <extensions>
          <ns3:TrackPointExtension>
            <ns3:hr>154</ns3:hr>
            <ns3:cad>93</ns3:cad>
          </ns3:TrackPointExtension>
        </extensions>
      </trkpt>
      <trkpt lat="30.54383981041610240936279296875" lon="104.04627607204020023345947265625">
        <ele>481.399993896484375</ele>
        <time>2026-09-19T12:56:54.000Z</time>
        <extensions>
          <ns3:TrackPointExtension>
            <ns3:hr>153</ns3:hr>
            <ns3:cad>93</ns3:cad>
          </ns3:TrackPointExtension>
        </extensions>
      </trkpt>
      <trkpt lat="30.54387602023780345916748046875" lon="104.046294428408145904541015625">
        <ele>481.399993896484375</ele>
        <time>2026-09-19T12:56:55.000Z</time>
        <extensions>
          <ns3:TrackPointExtension>
            <ns3:hr>153</ns3:hr>
            <ns3:cad>93</ns3:cad>
          </ns3:TrackPointExtension>
        </extensions>
      </trkpt>
      <trkpt lat="30.54390267468988895416259765625" lon="104.04630674980580806732177734375">
        <ele>481.20001220703125</ele>
        <time>2026-09-19T12:56:56.000Z</time>
        <extensions>
          <ns3:TrackPointExtension>
            <ns3:hr>153</ns3:hr>
            <ns3:cad>92</ns3:cad>
          </ns3:TrackPointExtension>
        </extensions>
      </trkpt>
      <trkpt lat="30.5439342744648456573486328125" lon="104.046323262155055999755859375">
        <ele>481.20001220703125</ele>
        <time>2026-09-19T12:56:57.000Z</time>
        <extensions>
          <ns3:TrackPointExtension>
            <ns3:hr>153</ns3:hr>
            <ns3:cad>92</ns3:cad>
          </ns3:TrackPointExtension>
        </extensions>
      </trkpt>
      <trkpt lat="30.5439570732414722442626953125" lon="104.04633642174303531646728515625">
        <ele>481.20001220703125</ele>
        <time>2026-09-19T12:56:58.000Z</time>
        <extensions>
          <ns3:TrackPointExtension>
            <ns3:hr>153</ns3:hr>
            <ns3:cad>92</ns3:cad>
          </ns3:TrackPointExtension>
        </extensions>
      </trkpt>
      <trkpt lat="30.54398917593061923980712890625" lon="104.046357460319995880126953125">
        <ele>481.20001220703125</ele>
        <time>2026-09-19T12:56:59.000Z</time>
        <extensions>
          <ns3:TrackPointExtension>
            <ns3:hr>152</ns3:hr>
            <ns3:cad>91</ns3:cad>
          </ns3:TrackPointExtension>
        </extensions>
      </trkpt>
      <trkpt lat="30.54401381872594356536865234375" lon="104.04636793769896030426025390625">
        <ele>481.20001220703125</ele>
        <time>2026-09-19T12:57:00.000Z</time>
        <extensions>
          <ns3:TrackPointExtension>
            <ns3:hr>153</ns3:hr>
            <ns3:cad>92</ns3:cad>
          </ns3:TrackPointExtension>
        </extensions>
      </trkpt>
      <trkpt lat="30.5440475977957248687744140625" lon="104.04638755135238170623779296875">
        <ele>481</ele>
        <time>2026-09-19T12:57:01.000Z</time>
        <extensions>
          <ns3:TrackPointExtension>
            <ns3:hr>153</ns3:hr>
            <ns3:cad>91</ns3:cad>
          </ns3:TrackPointExtension>
        </extensions>
      </trkpt>
      <trkpt lat="30.5440690554678440093994140625" lon="104.04640096239745616912841796875">
        <ele>481.20001220703125</ele>
        <time>2026-09-19T12:57:02.000Z</time>
        <extensions>
          <ns3:TrackPointExtension>
            <ns3:hr>152</ns3:hr>
            <ns3:cad>91</ns3:cad>
          </ns3:TrackPointExtension>
        </extensions>
      </trkpt>
      <trkpt lat="30.5440965481102466583251953125" lon="104.04642208479344844818115234375">
        <ele>481.20001220703125</ele>
        <time>2026-09-19T12:57:03.000Z</time>
        <extensions>
          <ns3:TrackPointExtension>
            <ns3:hr>153</ns3:hr>
            <ns3:cad>91</ns3:cad>
          </ns3:TrackPointExtension>
        </extensions>
      </trkpt>
      <trkpt lat="30.5441210232675075531005859375" lon="104.0464317239820957183837890625">
        <ele>481.20001220703125</ele>
        <time>2026-09-19T12:57:04.000Z</time>
        <extensions>
          <ns3:TrackPointExtension>
            <ns3:hr>153</ns3:hr>
            <ns3:cad>91</ns3:cad>
          </ns3:TrackPointExtension>
        </extensions>
      </trkpt>
      <trkpt lat="30.5441485159099102020263671875" lon="104.04644764959812164306640625">
        <ele>481.20001220703125</ele>
        <time>2026-09-19T12:57:05.000Z</time>
        <extensions>
          <ns3:TrackPointExtension>
            <ns3:hr>152</ns3:hr>
            <ns3:cad>92</ns3:cad>
          </ns3:TrackPointExtension>
        </extensions>
      </trkpt>
      <trkpt lat="30.54417273961007595062255859375" lon="104.0464561991393566131591796875">
        <ele>481.399993896484375</ele>
        <time>2026-09-19T12:57:06.000Z</time>
        <extensions>
          <ns3:TrackPointExtension>
            <ns3:hr>153</ns3:hr>
            <ns3:cad>93</ns3:cad>
          </ns3:TrackPointExtension>
        </extensions>
      </trkpt>
      <trkpt lat="30.54420039989054203033447265625" lon="104.0464697778224945068359375">
        <ele>481.600006103515625</ele>
        <time>2026-09-19T12:57:07.000Z</time>
        <extensions>
          <ns3:TrackPointExtension>
            <ns3:hr>153</ns3:hr>
            <ns3:cad>92</ns3:cad>
          </ns3:TrackPointExtension>
        </extensions>
      </trkpt>
      <trkpt lat="30.5442286469042301177978515625" lon="104.04647891409695148468017578125">
        <ele>481.600006103515625</ele>
        <time>2026-09-19T12:57:08.000Z</time>
        <extensions>
          <ns3:TrackPointExtension>
            <ns3:hr>153</ns3:hr>
            <ns3:cad>93</ns3:cad>
          </ns3:TrackPointExtension>
        </extensions>
      </trkpt>
      <trkpt lat="30.5442547984421253204345703125" lon="104.04648344032466411590576171875">
        <ele>481.79998779296875</ele>
        <time>2026-09-19T12:57:09.000Z</time>
        <extensions>
          <ns3:TrackPointExtension>
            <ns3:hr>153</ns3:hr>
            <ns3:cad>92</ns3:cad>
          </ns3:TrackPointExtension>
        </extensions>
      </trkpt>
      <trkpt lat="30.54428807459771633148193359375" lon="104.0464885532855987548828125">
        <ele>481.79998779296875</ele>
        <time>2026-09-19T12:57:10.000Z</time>
        <extensions>
          <ns3:TrackPointExtension>
            <ns3:hr>153</ns3:hr>
            <ns3:cad>92</ns3:cad>
          </ns3:TrackPointExtension>
        </extensions>
      </trkpt>
      <trkpt lat="30.54430768825113773345947265625" lon="104.0464937500655651092529296875">
        <ele>481.79998779296875</ele>
        <time>2026-09-19T12:57:11.000Z</time>
        <extensions>
          <ns3:TrackPointExtension>
            <ns3:hr>153</ns3:hr>
            <ns3:cad>92</ns3:cad>
          </ns3:TrackPointExtension>
        </extensions>
      </trkpt>
      <trkpt lat="30.5443399585783481597900390625" lon="104.04649919830262660980224609375">
        <ele>482</ele>
        <time>2026-09-19T12:57:12.000Z</time>
        <extensions>
          <ns3:TrackPointExtension>
            <ns3:hr>153</ns3:hr>
            <ns3:cad>92</ns3:cad>
          </ns3:TrackPointExtension>
        </extensions>
      </trkpt>
      <trkpt lat="30.54436468519270420074462890625" lon="104.04650120995938777923583984375">
        <ele>482</ele>
        <time>2026-09-19T12:57:13.000Z</time>
        <extensions>
          <ns3:TrackPointExtension>
            <ns3:hr>153</ns3:hr>
            <ns3:cad>93</ns3:cad>
          </ns3:TrackPointExtension>
        </extensions>
      </trkpt>
      <trkpt lat="30.54439879953861236572265625" lon="104.04650338925421237945556640625">
        <ele>482.20001220703125</ele>
        <time>2026-09-19T12:57:14.000Z</time>
        <extensions>
          <ns3:TrackPointExtension>
            <ns3:hr>154</ns3:hr>
            <ns3:cad>92</ns3:cad>
          </ns3:TrackPointExtension>
        </extensions>
      </trkpt>
      <trkpt lat="30.54442025721073150634765625" lon="104.04650322161614894866943359375">
        <ele>482.399993896484375</ele>
        <time>2026-09-19T12:57:15.000Z</time>
        <extensions>
          <ns3:TrackPointExtension>
            <ns3:hr>154</ns3:hr>
            <ns3:cad>92</ns3:cad>
          </ns3:TrackPointExtension>
        </extensions>
      </trkpt>
      <trkpt lat="30.54445386864244937896728515625" lon="104.04650020413100719451904296875">
        <ele>482.399993896484375</ele>
        <time>2026-09-19T12:57:16.000Z</time>
        <extensions>
          <ns3:TrackPointExtension>
            <ns3:hr>154</ns3:hr>
            <ns3:cad>92</ns3:cad>
          </ns3:TrackPointExtension>
        </extensions>
      </trkpt>
      <trkpt lat="30.5444757454097270965576171875" lon="104.046493582427501678466796875">
        <ele>482.600006103515625</ele>
        <time>2026-09-19T12:57:17.000Z</time>
        <extensions>
          <ns3:TrackPointExtension>
            <ns3:hr>155</ns3:hr>
            <ns3:cad>92</ns3:cad>
          </ns3:TrackPointExtension>
        </extensions>
      </trkpt>
      <trkpt lat="30.54450533352792263031005859375" lon="104.046495594084262847900390625">
        <ele>482.79998779296875</ele>
        <time>2026-09-19T12:57:18.000Z</time>
        <extensions>
          <ns3:TrackPointExtension>
            <ns3:hr>155</ns3:hr>
            <ns3:cad>92</ns3:cad>
          </ns3:TrackPointExtension>
        </extensions>
      </trkpt>
      <trkpt lat="30.54452679120004177093505859375" lon="104.04649266041815280914306640625">
        <ele>482.79998779296875</ele>
        <time>2026-09-19T12:57:19.000Z</time>
        <extensions>
          <ns3:TrackPointExtension>
            <ns3:hr>156</ns3:hr>
            <ns3:cad>92</ns3:cad>
          </ns3:TrackPointExtension>
        </extensions>
      </trkpt>
      <trkpt lat="30.54455847479403018951416015625" lon="104.0464997850358486175537109375">
        <ele>482.79998779296875</ele>
        <time>2026-09-19T12:57:20.000Z</time>
        <extensions>
          <ns3:TrackPointExtension>
            <ns3:hr>156</ns3:hr>
            <ns3:cad>92</ns3:cad>
          </ns3:TrackPointExtension>
        </extensions>
      </trkpt>
      <trkpt lat="30.54458378814160823822021484375" lon="104.0464992821216583251953125">
        <ele>482.79998779296875</ele>
        <time>2026-09-19T12:57:21.000Z</time>
        <extensions>
          <ns3:TrackPointExtension>
            <ns3:hr>157</ns3:hr>
            <ns3:cad>93</ns3:cad>
          </ns3:TrackPointExtension>
        </extensions>
      </trkpt>
      <trkpt lat="30.54461346007883548736572265625" lon="104.046506993472576141357421875">
        <ele>482.79998779296875</ele>
        <time>2026-09-19T12:57:22.000Z</time>
        <extensions>
          <ns3:TrackPointExtension>
            <ns3:hr>158</ns3:hr>
            <ns3:cad>93</ns3:cad>
          </ns3:TrackPointExtension>
        </extensions>
      </trkpt>
      <trkpt lat="30.54464313201606273651123046875" lon="104.04650925658643245697021484375">
        <ele>482.79998779296875</ele>
        <time>2026-09-19T12:57:23.000Z</time>
        <extensions>
          <ns3:TrackPointExtension>
            <ns3:hr>159</ns3:hr>
            <ns3:cad>92</ns3:cad>
          </ns3:TrackPointExtension>
        </extensions>
      </trkpt>
      <trkpt lat="30.54466760717332363128662109375" lon="104.0465135313570499420166015625">
        <ele>482.79998779296875</ele>
        <time>2026-09-19T12:57:24.000Z</time>
        <extensions>
          <ns3:TrackPointExtension>
            <ns3:hr>159</ns3:hr>
            <ns3:cad>91</ns3:cad>
          </ns3:TrackPointExtension>
        </extensions>
      </trkpt>
      <trkpt lat="30.54469392634928226470947265625" lon="104.04651512391865253448486328125">
        <ele>482.79998779296875</ele>
        <time>2026-09-19T12:57:25.000Z</time>
        <extensions>
          <ns3:TrackPointExtension>
            <ns3:hr>160</ns3:hr>
            <ns3:cad>91</ns3:cad>
          </ns3:TrackPointExtension>
        </extensions>
      </trkpt>
      <trkpt lat="30.54471923969686031341552734375" lon="104.04652149416506290435791015625">
        <ele>482.79998779296875</ele>
        <time>2026-09-19T12:57:26.000Z</time>
        <extensions>
          <ns3:TrackPointExtension>
            <ns3:hr>160</ns3:hr>
            <ns3:cad>93</ns3:cad>
          </ns3:TrackPointExtension>
        </extensions>
      </trkpt>
      <trkpt lat="30.5447439663112163543701171875" lon="104.046529121696949005126953125">
        <ele>482.600006103515625</ele>
        <time>2026-09-19T12:57:27.000Z</time>
        <extensions>
          <ns3:TrackPointExtension>
            <ns3:hr>160</ns3:hr>
            <ns3:cad>93</ns3:cad>
          </ns3:TrackPointExtension>
        </extensions>
      </trkpt>
      <trkpt lat="30.544767268002033233642578125" lon="104.04653616249561309814453125">
        <ele>482.600006103515625</ele>
        <time>2026-09-19T12:57:28.000Z</time>
        <extensions>
          <ns3:TrackPointExtension>
            <ns3:hr>161</ns3:hr>
            <ns3:cad>93</ns3:cad>
          </ns3:TrackPointExtension>
        </extensions>
      </trkpt>
      <trkpt lat="30.54480113089084625244140625" lon="104.04654932208359241485595703125">
        <ele>482.600006103515625</ele>
        <time>2026-09-19T12:57:29.000Z</time>
        <extensions>
          <ns3:TrackPointExtension>
            <ns3:hr>161</ns3:hr>
            <ns3:cad>93</ns3:cad>
          </ns3:TrackPointExtension>
        </extensions>
      </trkpt>
      <trkpt lat="30.54482401348650455474853515625" lon="104.04655217193067073822021484375">
        <ele>482.600006103515625</ele>
        <time>2026-09-19T12:57:30.000Z</time>
        <extensions>
          <ns3:TrackPointExtension>
            <ns3:hr>161</ns3:hr>
            <ns3:cad>92</ns3:cad>
          </ns3:TrackPointExtension>
        </extensions>
      </trkpt>
      <trkpt lat="30.54486189968883991241455078125" lon="104.04655753634870052337646484375">
        <ele>482.79998779296875</ele>
        <time>2026-09-19T12:57:31.000Z</time>
        <extensions>
          <ns3:TrackPointExtension>
            <ns3:hr>160</ns3:hr>
            <ns3:cad>91</ns3:cad>
          </ns3:TrackPointExtension>
        </extensions>
      </trkpt>
      <trkpt lat="30.5448888055980205535888671875" lon="104.04655435122549533843994140625">
        <ele>482.79998779296875</ele>
        <time>2026-09-19T12:57:32.000Z</time>
        <extensions>
          <ns3:TrackPointExtension>
            <ns3:hr>161</ns3:hr>
            <ns3:cad>91</ns3:cad>
          </ns3:TrackPointExtension>
        </extensions>
      </trkpt>
      <trkpt lat="30.54492744617164134979248046875" lon="104.0465547703206539154052734375">
        <ele>482.79998779296875</ele>
        <time>2026-09-19T12:57:33.000Z</time>
        <extensions>
          <ns3:TrackPointExtension>
            <ns3:hr>161</ns3:hr>
            <ns3:cad>92</ns3:cad>
          </ns3:TrackPointExtension>
        </extensions>
      </trkpt>
      <trkpt lat="30.54495292715728282928466796875" lon="104.04655401594936847686767578125">
        <ele>482.79998779296875</ele>
        <time>2026-09-19T12:57:34.000Z</time>
        <extensions>
          <ns3:TrackPointExtension>
            <ns3:hr>160</ns3:hr>
            <ns3:cad>92</ns3:cad>
          </ns3:TrackPointExtension>
        </extensions>
      </trkpt>
      <trkpt lat="30.54498494602739810943603515625" lon="104.0465534292161464691162109375">
        <ele>482.600006103515625</ele>
        <time>2026-09-19T12:57:35.000Z</time>
        <extensions>
          <ns3:TrackPointExtension>
            <ns3:hr>161</ns3:hr>
            <ns3:cad>92</ns3:cad>
          </ns3:TrackPointExtension>
        </extensions>
      </trkpt>
      <trkpt lat="30.545008666813373565673828125" lon="104.0465524233877658843994140625">
        <ele>482.600006103515625</ele>
        <time>2026-09-19T12:57:36.000Z</time>
        <extensions>
          <ns3:TrackPointExtension>
            <ns3:hr>161</ns3:hr>
            <ns3:cad>93</ns3:cad>
          </ns3:TrackPointExtension>
        </extensions>
      </trkpt>
      <trkpt lat="30.54503724910318851470947265625" lon="104.04655368067324161529541015625">
        <ele>482.399993896484375</ele>
        <time>2026-09-19T12:57:37.000Z</time>
        <extensions>
          <ns3:TrackPointExtension>
            <ns3:hr>161</ns3:hr>
            <ns3:cad>93</ns3:cad>
          </ns3:TrackPointExtension>
        </extensions>
      </trkpt>
      <trkpt lat="30.54506222717463970184326171875" lon="104.04654848389327526092529296875">
        <ele>482.399993896484375</ele>
        <time>2026-09-19T12:57:38.000Z</time>
        <extensions>
          <ns3:TrackPointExtension>
            <ns3:hr>161</ns3:hr>
            <ns3:cad>93</ns3:cad>
          </ns3:TrackPointExtension>
        </extensions>
      </trkpt>
      <trkpt lat="30.545089133083820343017578125" lon="104.0465393476188182830810546875">
        <ele>482.20001220703125</ele>
        <time>2026-09-19T12:57:39.000Z</time>
        <extensions>
          <ns3:TrackPointExtension>
            <ns3:hr>161</ns3:hr>
            <ns3:cad>93</ns3:cad>
          </ns3:TrackPointExtension>
        </extensions>
      </trkpt>
      <trkpt lat="30.54511369206011295318603515625" lon="104.04653482139110565185546875">
        <ele>482.20001220703125</ele>
        <time>2026-09-19T12:57:40.000Z</time>
        <extensions>
          <ns3:TrackPointExtension>
            <ns3:hr>160</ns3:hr>
            <ns3:cad>92</ns3:cad>
          </ns3:TrackPointExtension>
        </extensions>
      </trkpt>
      <trkpt lat="30.54513481445610523223876953125" lon="104.04653440229594707489013671875">
        <ele>482.20001220703125</ele>
        <time>2026-09-19T12:57:41.000Z</time>
        <extensions>
          <ns3:TrackPointExtension>
            <ns3:hr>161</ns3:hr>
            <ns3:cad>91</ns3:cad>
          </ns3:TrackPointExtension>
        </extensions>
      </trkpt>
      <trkpt lat="30.54515962488949298858642578125" lon="104.0465319715440273284912109375">
        <ele>482.20001220703125</ele>
        <time>2026-09-19T12:57:42.000Z</time>
        <extensions>
          <ns3:TrackPointExtension>
            <ns3:hr>161</ns3:hr>
            <ns3:cad>91</ns3:cad>
          </ns3:TrackPointExtension>
        </extensions>
      </trkpt>
      <trkpt lat="30.5451878719031810760498046875" lon="104.04653792269527912139892578125">
        <ele>482.20001220703125</ele>
        <time>2026-09-19T12:57:43.000Z</time>
        <extensions>
          <ns3:TrackPointExtension>
            <ns3:hr>161</ns3:hr>
            <ns3:cad>92</ns3:cad>
          </ns3:TrackPointExtension>
        </extensions>
      </trkpt>
      <trkpt lat="30.54521511308848857879638671875" lon="104.04654228128492832183837890625">
        <ele>482.20001220703125</ele>
        <time>2026-09-19T12:57:44.000Z</time>
        <extensions>
          <ns3:TrackPointExtension>
            <ns3:hr>160</ns3:hr>
            <ns3:cad>92</ns3:cad>
          </ns3:TrackPointExtension>
        </extensions>
      </trkpt>
      <trkpt lat="30.54523388855159282684326171875" lon="104.04654395766556262969970703125">
        <ele>482.20001220703125</ele>
        <time>2026-09-19T12:57:45.000Z</time>
        <extensions>
          <ns3:TrackPointExtension>
            <ns3:hr>161</ns3:hr>
            <ns3:cad>92</ns3:cad>
          </ns3:TrackPointExtension>
        </extensions>
      </trkpt>
      <trkpt lat="30.5452658236026763916015625" lon="104.04654848389327526092529296875">
        <ele>482.20001220703125</ele>
        <time>2026-09-19T12:57:46.000Z</time>
        <extensions>
          <ns3:TrackPointExtension>
            <ns3:hr>160</ns3:hr>
            <ns3:cad>92</ns3:cad>
          </ns3:TrackPointExtension>
        </extensions>
      </trkpt>
      <trkpt lat="30.545286275446414947509765625" lon="104.04654479585587978363037109375">
        <ele>482.20001220703125</ele>
        <time>2026-09-19T12:57:47.000Z</time>
        <extensions>
          <ns3:TrackPointExtension>
            <ns3:hr>160</ns3:hr>
            <ns3:cad>92</ns3:cad>
          </ns3:TrackPointExtension>
        </extensions>
      </trkpt>
      <trkpt lat="30.5453159473836421966552734375" lon="104.046546556055545806884765625">
        <ele>482</ele>
        <time>2026-09-19T12:57:48.000Z</time>
        <extensions>
          <ns3:TrackPointExtension>
            <ns3:hr>160</ns3:hr>
            <ns3:cad>92</ns3:cad>
          </ns3:TrackPointExtension>
        </extensions>
      </trkpt>
      <trkpt lat="30.54534033872187137603759765625" lon="104.046541862189769744873046875">
        <ele>482</ele>
        <time>2026-09-19T12:57:49.000Z</time>
        <extensions>
          <ns3:TrackPointExtension>
            <ns3:hr>160</ns3:hr>
            <ns3:cad>92</ns3:cad>
          </ns3:TrackPointExtension>
        </extensions>
      </trkpt>
      <trkpt lat="30.54537068121135234832763671875" lon="104.04653859324753284454345703125">
        <ele>481.79998779296875</ele>
        <time>2026-09-19T12:57:50.000Z</time>
        <extensions>
          <ns3:TrackPointExtension>
            <ns3:hr>160</ns3:hr>
            <ns3:cad>92</ns3:cad>
          </ns3:TrackPointExtension>
        </extensions>
      </trkpt>
      <trkpt lat="30.5453870259225368499755859375" lon="104.04653708450496196746826171875">
        <ele>481.79998779296875</ele>
        <time>2026-09-19T12:57:51.000Z</time>
        <extensions>
          <ns3:TrackPointExtension>
            <ns3:hr>160</ns3:hr>
            <ns3:cad>92</ns3:cad>
          </ns3:TrackPointExtension>
        </extensions>
      </trkpt>
      <trkpt lat="30.54541845805943012237548828125" lon="104.04654043726623058319091796875">
        <ele>481.79998779296875</ele>
        <time>2026-09-19T12:57:52.000Z</time>
        <extensions>
          <ns3:TrackPointExtension>
            <ns3:hr>160</ns3:hr>
            <ns3:cad>91</ns3:cad>
          </ns3:TrackPointExtension>
        </extensions>
      </trkpt>
      <trkpt lat="30.54544041864573955535888671875" lon="104.0465390123426914215087890625">
        <ele>481.79998779296875</ele>
        <time>2026-09-19T12:57:53.000Z</time>
        <extensions>
          <ns3:TrackPointExtension>
            <ns3:hr>160</ns3:hr>
            <ns3:cad>91</ns3:cad>
          </ns3:TrackPointExtension>
        </extensions>
      </trkpt>
      <trkpt lat="30.54546900093555450439453125" lon="104.0465443767607212066650390625">
        <ele>481.79998779296875</ele>
        <time>2026-09-19T12:57:54.000Z</time>
        <extensions>
          <ns3:TrackPointExtension>
            <ns3:hr>160</ns3:hr>
            <ns3:cad>91</ns3:cad>
          </ns3:TrackPointExtension>
        </extensions>
      </trkpt>
      <trkpt lat="30.5454943142831325531005859375" lon="104.0465433709323406219482421875">
        <ele>481.79998779296875</ele>
        <time>2026-09-19T12:57:55.000Z</time>
        <extensions>
          <ns3:TrackPointExtension>
            <ns3:hr>160</ns3:hr>
            <ns3:cad>91</ns3:cad>
          </ns3:TrackPointExtension>
        </extensions>
      </trkpt>
      <trkpt lat="30.5455251596868038177490234375" lon="104.04655066318809986114501953125">
        <ele>481.600006103515625</ele>
        <time>2026-09-19T12:57:56.000Z</time>
        <extensions>
          <ns3:TrackPointExtension>
            <ns3:hr>160</ns3:hr>
            <ns3:cad>92</ns3:cad>
          </ns3:TrackPointExtension>
        </extensions>
      </trkpt>
      <trkpt lat="30.54555349051952362060546875" lon="104.046551249921321868896484375">
        <ele>481.600006103515625</ele>
        <time>2026-09-19T12:57:57.000Z</time>
        <extensions>
          <ns3:TrackPointExtension>
            <ns3:hr>160</ns3:hr>
            <ns3:cad>93</ns3:cad>
          </ns3:TrackPointExtension>
        </extensions>
      </trkpt>
      <trkpt lat="30.545582659542560577392578125" lon="104.04654663987457752227783203125">
        <ele>481.600006103515625</ele>
        <time>2026-09-19T12:57:58.000Z</time>
        <extensions>
          <ns3:TrackPointExtension>
            <ns3:hr>160</ns3:hr>
            <ns3:cad>93</ns3:cad>
          </ns3:TrackPointExtension>
        </extensions>
      </trkpt>
      <trkpt lat="30.54561425931751728057861328125" lon="104.04654295183718204498291015625">
        <ele>481.600006103515625</ele>
        <time>2026-09-19T12:57:59.000Z</time>
        <extensions>
          <ns3:TrackPointExtension>
            <ns3:hr>160</ns3:hr>
            <ns3:cad>93</ns3:cad>
          </ns3:TrackPointExtension>
        </extensions>
      </trkpt>
      <trkpt lat="30.54563932120800018310546875" lon="104.04654018580913543701171875">
        <ele>481.399993896484375</ele>
        <time>2026-09-19T12:58:00.000Z</time>
        <extensions>
          <ns3:TrackPointExtension>
            <ns3:hr>159</ns3:hr>
            <ns3:cad>92</ns3:cad>
          </ns3:TrackPointExtension>
        </extensions>
      </trkpt>
      <trkpt lat="30.5456649698317050933837890625" lon="104.04653490521013736724853515625">
        <ele>481.600006103515625</ele>
        <time>2026-09-19T12:58:01.000Z</time>
        <extensions>
          <ns3:TrackPointExtension>
            <ns3:hr>159</ns3:hr>
            <ns3:cad>91</ns3:cad>
          </ns3:TrackPointExtension>
        </extensions>
      </trkpt>
      <trkpt lat="30.5456820689141750335693359375" lon="104.04653909616172313690185546875">
        <ele>481.600006103515625</ele>
        <time>2026-09-19T12:58:02.000Z</time>
        <extensions>
          <ns3:TrackPointExtension>
            <ns3:hr>159</ns3:hr>
            <ns3:cad>92</ns3:cad>
          </ns3:TrackPointExtension>
        </extensions>
      </trkpt>
      <trkpt lat="30.54571970365941524505615234375" lon="104.0465336479246616363525390625">
        <ele>481.600006103515625</ele>
        <time>2026-09-19T12:58:03.000Z</time>
        <extensions>
          <ns3:TrackPointExtension>
            <ns3:hr>159</ns3:hr>
            <ns3:cad>92</ns3:cad>
          </ns3:TrackPointExtension>
        </extensions>
      </trkpt>
      <trkpt lat="30.54574568755924701690673828125" lon="104.04652400873601436614990234375">
        <ele>481.600006103515625</ele>
        <time>2026-09-19T12:58:04.000Z</time>
        <extensions>
          <ns3:TrackPointExtension>
            <ns3:hr>159</ns3:hr>
            <ns3:cad>92</ns3:cad>
          </ns3:TrackPointExtension>
        </extensions>
      </trkpt>
      <trkpt lat="30.54577502422034740447998046875" lon="104.046516381204128265380859375">
        <ele>481.600006103515625</ele>
        <time>2026-09-19T12:58:05.000Z</time>
        <extensions>
          <ns3:TrackPointExtension>
            <ns3:hr>159</ns3:hr>
            <ns3:cad>92</ns3:cad>
          </ns3:TrackPointExtension>
        </extensions>
      </trkpt>
      <trkpt lat="30.54579983465373516082763671875" lon="104.04650975950062274932861328125">
        <ele>481.399993896484375</ele>
        <time>2026-09-19T12:58:06.000Z</time>
        <extensions>
          <ns3:TrackPointExtension>
            <ns3:hr>159</ns3:hr>
            <ns3:cad>92</ns3:cad>
          </ns3:TrackPointExtension>
        </extensions>
      </trkpt>
      <trkpt lat="30.54582799784839153289794921875" lon="104.04650473035871982574462890625">
        <ele>481.20001220703125</ele>
        <time>2026-09-19T12:58:07.000Z</time>
        <extensions>
          <ns3:TrackPointExtension>
            <ns3:hr>159</ns3:hr>
            <ns3:cad>92</ns3:cad>
          </ns3:TrackPointExtension>
        </extensions>
      </trkpt>
      <trkpt lat="30.54585532285273075103759765625" lon="104.0464940853416919708251953125">
        <ele>481.20001220703125</ele>
        <time>2026-09-19T12:58:08.000Z</time>
        <extensions>
          <ns3:TrackPointExtension>
            <ns3:hr>159</ns3:hr>
            <ns3:cad>93</ns3:cad>
          </ns3:TrackPointExtension>
        </extensions>
      </trkpt>
      <trkpt lat="30.54587845690548419952392578125" lon="104.0464914031326770782470703125">
        <ele>481.399993896484375</ele>
        <time>2026-09-19T12:58:09.000Z</time>
        <extensions>
          <ns3:TrackPointExtension>
            <ns3:hr>158</ns3:hr>
            <ns3:cad>93</ns3:cad>
          </ns3:TrackPointExtension>
        </extensions>
      </trkpt>
      <trkpt lat="30.54590963758528232574462890625" lon="104.04648251831531524658203125">
        <ele>481.20001220703125</ele>
        <time>2026-09-19T12:58:10.000Z</time>
        <extensions>
          <ns3:TrackPointExtension>
            <ns3:hr>159</ns3:hr>
            <ns3:cad>93</ns3:cad>
          </ns3:TrackPointExtension>
        </extensions>
      </trkpt>
      <trkpt lat="30.54593713022768497467041015625" lon="104.04647170566022396087646484375">
        <ele>481.20001220703125</ele>
        <time>2026-09-19T12:58:11.000Z</time>
        <extensions>
          <ns3:TrackPointExtension>
            <ns3:hr>159</ns3:hr>
            <ns3:cad>92</ns3:cad>
          </ns3:TrackPointExtension>
        </extensions>
      </trkpt>
      <trkpt lat="30.545972920954227447509765625" lon="104.046458713710308074951171875">
        <ele>481.20001220703125</ele>
        <time>2026-09-19T12:58:12.000Z</time>
        <extensions>
          <ns3:TrackPointExtension>
            <ns3:hr>159</ns3:hr>
            <ns3:cad>93</ns3:cad>
          </ns3:TrackPointExtension>
        </extensions>
      </trkpt>
      <trkpt lat="30.54600435309112071990966796875" lon="104.04644362628459930419921875">
        <ele>481.20001220703125</ele>
        <time>2026-09-19T12:58:13.000Z</time>
        <extensions>
          <ns3:TrackPointExtension>
            <ns3:hr>159</ns3:hr>
            <ns3:cad>92</ns3:cad>
          </ns3:TrackPointExtension>
        </extensions>
      </trkpt>
      <trkpt lat="30.5460347793996334075927734375" lon="104.046433232724666595458984375">
        <ele>481.20001220703125</ele>
        <time>2026-09-19T12:58:14.000Z</time>
        <extensions>
          <ns3:TrackPointExtension>
            <ns3:hr>159</ns3:hr>
            <ns3:cad>92</ns3:cad>
          </ns3:TrackPointExtension>
        </extensions>
      </trkpt>
      <trkpt lat="30.54605682380497455596923828125" lon="104.04642485082149505615234375">
        <ele>481.20001220703125</ele>
        <time>2026-09-19T12:58:15.000Z</time>
        <extensions>
          <ns3:TrackPointExtension>
            <ns3:hr>159</ns3:hr>
            <ns3:cad>92</ns3:cad>
          </ns3:TrackPointExtension>
        </extensions>
      </trkpt>
      <trkpt lat="30.546085573732852935791015625" lon="104.04641814529895782470703125">
        <ele>481.20001220703125</ele>
        <time>2026-09-19T12:58:16.000Z</time>
        <extensions>
          <ns3:TrackPointExtension>
            <ns3:hr>158</ns3:hr>
            <ns3:cad>92</ns3:cad>
          </ns3:TrackPointExtension>
        </extensions>
      </trkpt>
      <trkpt lat="30.54611281491816043853759765625" lon="104.046407081186771392822265625">
        <ele>481.20001220703125</ele>
        <time>2026-09-19T12:58:17.000Z</time>
        <extensions>
          <ns3:TrackPointExtension>
            <ns3:hr>158</ns3:hr>
            <ns3:cad>92</ns3:cad>
          </ns3:TrackPointExtension>
        </extensions>
      </trkpt>
      <trkpt lat="30.54613930173218250274658203125" lon="104.04640096239745616912841796875">
        <ele>481.20001220703125</ele>
        <time>2026-09-19T12:58:18.000Z</time>
        <extensions>
          <ns3:TrackPointExtension>
            <ns3:hr>158</ns3:hr>
            <ns3:cad>93</ns3:cad>
          </ns3:TrackPointExtension>
        </extensions>
      </trkpt>
      <trkpt lat="30.5461695604026317596435546875" lon="104.04639132320880889892578125">
        <ele>481.20001220703125</ele>
        <time>2026-09-19T12:58:19.000Z</time>
        <extensions>
          <ns3:TrackPointExtension>
            <ns3:hr>159</ns3:hr>
            <ns3:cad>93</ns3:cad>
          </ns3:TrackPointExtension>
        </extensions>
      </trkpt>
      <trkpt lat="30.54619244299829006195068359375" lon="104.04638637788593769073486328125">
        <ele>481</ele>
        <time>2026-09-19T12:58:20.000Z</time>
        <extensions>
          <ns3:TrackPointExtension>
            <ns3:hr>159</ns3:hr>
            <ns3:cad>93</ns3:cad>
          </ns3:TrackPointExtension>
        </extensions>
      </trkpt>
      <trkpt lat="30.54622404277324676513671875" lon="104.04637866653501987457275390625">
        <ele>481</ele>
        <time>2026-09-19T12:58:21.000Z</time>
        <extensions>
          <ns3:TrackPointExtension>
            <ns3:hr>159</ns3:hr>
            <ns3:cad>93</ns3:cad>
          </ns3:TrackPointExtension>
        </extensions>
      </trkpt>
      <trkpt lat="30.54624960757791996002197265625" lon="104.04637162573635578155517578125">
        <ele>481</ele>
        <time>2026-09-19T12:58:22.000Z</time>
        <extensions>
          <ns3:TrackPointExtension>
            <ns3:hr>158</ns3:hr>
            <ns3:cad>93</ns3:cad>
          </ns3:TrackPointExtension>
        </extensions>
      </trkpt>
      <trkpt lat="30.54628078825771808624267578125" lon="104.04636056162416934967041015625">
        <ele>481</ele>
        <time>2026-09-19T12:58:23.000Z</time>
        <extensions>
          <ns3:TrackPointExtension>
            <ns3:hr>158</ns3:hr>
            <ns3:cad>93</ns3:cad>
          </ns3:TrackPointExtension>
        </extensions>
      </trkpt>
      <trkpt lat="30.54630710743367671966552734375" lon="104.04635586775839328765869140625">
        <ele>481</ele>
        <time>2026-09-19T12:58:24.000Z</time>
        <extensions>
          <ns3:TrackPointExtension>
            <ns3:hr>158</ns3:hr>
            <ns3:cad>93</ns3:cad>
          </ns3:TrackPointExtension>
        </extensions>
      </trkpt>
      <trkpt lat="30.5463385395705699920654296875" lon="104.0463505871593952178955078125">
        <ele>481</ele>
        <time>2026-09-19T12:58:25.000Z</time>
        <extensions>
          <ns3:TrackPointExtension>
            <ns3:hr>158</ns3:hr>
            <ns3:cad>93</ns3:cad>
          </ns3:TrackPointExtension>
        </extensions>
      </trkpt>
      <trkpt lat="30.54636351764202117919921875" lon="104.04633927159011363983154296875">
        <ele>481</ele>
        <time>2026-09-19T12:58:26.000Z</time>
        <extensions>
          <ns3:TrackPointExtension>
            <ns3:hr>158</ns3:hr>
            <ns3:cad>93</ns3:cad>
          </ns3:TrackPointExtension>
        </extensions>
      </trkpt>
      <trkpt lat="30.5463972128927707672119140625" lon="104.04633340425789356231689453125">
        <ele>480.79998779296875</ele>
        <time>2026-09-19T12:58:27.000Z</time>
        <extensions>
          <ns3:TrackPointExtension>
            <ns3:hr>158</ns3:hr>
            <ns3:cad>93</ns3:cad>
          </ns3:TrackPointExtension>
        </extensions>
      </trkpt>
      <trkpt lat="30.5464196763932704925537109375" lon="104.046325944364070892333984375">
        <ele>480.79998779296875</ele>
        <time>2026-09-19T12:58:28.000Z</time>
        <extensions>
          <ns3:TrackPointExtension>
            <ns3:hr>158</ns3:hr>
            <ns3:cad>93</ns3:cad>
          </ns3:TrackPointExtension>
        </extensions>
      </trkpt>
      <trkpt lat="30.5464511923491954803466796875" lon="104.046325944364070892333984375">
        <ele>481</ele>
        <time>2026-09-19T12:58:29.000Z</time>
        <extensions>
          <ns3:TrackPointExtension>
            <ns3:hr>158</ns3:hr>
            <ns3:cad>92</ns3:cad>
          </ns3:TrackPointExtension>
        </extensions>
      </trkpt>
      <trkpt lat="30.54647524841129779815673828125" lon="104.04632250778377056121826171875">
        <ele>480.79998779296875</ele>
        <time>2026-09-19T12:58:30.000Z</time>
        <extensions>
          <ns3:TrackPointExtension>
            <ns3:hr>158</ns3:hr>
            <ns3:cad>93</ns3:cad>
          </ns3:TrackPointExtension>
        </extensions>
      </trkpt>
      <trkpt lat="30.54651011712849140167236328125" lon="104.04632904566824436187744140625">
        <ele>480.79998779296875</ele>
        <time>2026-09-19T12:58:31.000Z</time>
        <extensions>
          <ns3:TrackPointExtension>
            <ns3:hr>158</ns3:hr>
            <ns3:cad>92</ns3:cad>
          </ns3:TrackPointExtension>
        </extensions>
      </trkpt>
      <trkpt lat="30.54653358645737171173095703125" lon="104.046331979334354400634765625">
        <ele>481</ele>
        <time>2026-09-19T12:58:32.000Z</time>
        <extensions>
          <ns3:TrackPointExtension>
            <ns3:hr>158</ns3:hr>
            <ns3:cad>92</ns3:cad>
          </ns3:TrackPointExtension>
        </extensions>
      </trkpt>
      <trkpt lat="30.54656174965202808380126953125" lon="104.046339355409145355224609375">
        <ele>481</ele>
        <time>2026-09-19T12:58:33.000Z</time>
        <extensions>
          <ns3:TrackPointExtension>
            <ns3:hr>158</ns3:hr>
            <ns3:cad>92</ns3:cad>
          </ns3:TrackPointExtension>
        </extensions>
      </trkpt>
      <trkpt lat="30.546583794057369232177734375" lon="104.04634497128427028656005859375">
        <ele>480.79998779296875</ele>
        <time>2026-09-19T12:58:34.000Z</time>
        <extensions>
          <ns3:TrackPointExtension>
            <ns3:hr>157</ns3:hr>
            <ns3:cad>92</ns3:cad>
          </ns3:TrackPointExtension>
        </extensions>
      </trkpt>
      <trkpt lat="30.54660684429109096527099609375" lon="104.0463544428348541259765625">
        <ele>480.79998779296875</ele>
        <time>2026-09-19T12:58:35.000Z</time>
        <extensions>
          <ns3:TrackPointExtension>
            <ns3:hr>158</ns3:hr>
            <ns3:cad>92</ns3:cad>
          </ns3:TrackPointExtension>
        </extensions>
      </trkpt>
      <trkpt lat="30.54663266055285930633544921875" lon="104.04636475257575511932373046875">
        <ele>480.79998779296875</ele>
        <time>2026-09-19T12:58:36.000Z</time>
        <extensions>
          <ns3:TrackPointExtension>
            <ns3:hr>158</ns3:hr>
            <ns3:cad>92</ns3:cad>
          </ns3:TrackPointExtension>
        </extensions>
      </trkpt>
      <trkpt lat="30.54665998555719852447509765625" lon="104.04637346975505352020263671875">
        <ele>480.79998779296875</ele>
        <time>2026-09-19T12:58:37.000Z</time>
        <extensions>
          <ns3:TrackPointExtension>
            <ns3:hr>157</ns3:hr>
            <ns3:cad>92</ns3:cad>
          </ns3:TrackPointExtension>
        </extensions>
      </trkpt>
      <trkpt lat="30.546690411865711212158203125" lon="104.0463821031153202056884765625">
        <ele>480.79998779296875</ele>
        <time>2026-09-19T12:58:38.000Z</time>
        <extensions>
          <ns3:TrackPointExtension>
            <ns3:hr>157</ns3:hr>
            <ns3:cad>93</ns3:cad>
          </ns3:TrackPointExtension>
        </extensions>
      </trkpt>
      <trkpt lat="30.54671430028975009918212890625" lon="104.04639375396072864532470703125">
        <ele>480.79998779296875</ele>
        <time>2026-09-19T12:58:39.000Z</time>
        <extensions>
          <ns3:TrackPointExtension>
            <ns3:hr>157</ns3:hr>
            <ns3:cad>93</ns3:cad>
          </ns3:TrackPointExtension>
        </extensions>
      </trkpt>
      <trkpt lat="30.5467445589601993560791015625" lon="104.046404398977756500244140625">
        <ele>480.79998779296875</ele>
        <time>2026-09-19T12:58:40.000Z</time>
        <extensions>
          <ns3:TrackPointExtension>
            <ns3:hr>158</ns3:hr>
            <ns3:cad>93</ns3:cad>
          </ns3:TrackPointExtension>
        </extensions>
      </trkpt>
      <trkpt lat="30.54677213542163372039794921875" lon="104.04640741646289825439453125">
        <ele>480.79998779296875</ele>
        <time>2026-09-19T12:58:41.000Z</time>
        <extensions>
          <ns3:TrackPointExtension>
            <ns3:hr>157</ns3:hr>
            <ns3:cad>93</ns3:cad>
          </ns3:TrackPointExtension>
        </extensions>
      </trkpt>
      <trkpt lat="30.54680608212947845458984375" lon="104.04642158187925815582275390625">
        <ele>480.79998779296875</ele>
        <time>2026-09-19T12:58:42.000Z</time>
        <extensions>
          <ns3:TrackPointExtension>
            <ns3:hr>157</ns3:hr>
            <ns3:cad>93</ns3:cad>
          </ns3:TrackPointExtension>
        </extensions>
      </trkpt>
      <trkpt lat="30.5468283779919147491455078125" lon="104.0464260242879390716552734375">
        <ele>480.79998779296875</ele>
        <time>2026-09-19T12:58:43.000Z</time>
        <extensions>
          <ns3:TrackPointExtension>
            <ns3:hr>158</ns3:hr>
            <ns3:cad>93</ns3:cad>
          </ns3:TrackPointExtension>
        </extensions>
      </trkpt>
      <trkpt lat="30.5468622408807277679443359375" lon="104.04643264599144458770751953125">
        <ele>480.79998779296875</ele>
        <time>2026-09-19T12:58:44.000Z</time>
        <extensions>
          <ns3:TrackPointExtension>
            <ns3:hr>157</ns3:hr>
            <ns3:cad>93</ns3:cad>
          </ns3:TrackPointExtension>
        </extensions>
      </trkpt>
      <trkpt lat="30.54688646458089351654052734375" lon="104.0464407764375209808349609375">
        <ele>480.79998779296875</ele>
        <time>2026-09-19T12:58:45.000Z</time>
        <extensions>
          <ns3:TrackPointExtension>
            <ns3:hr>157</ns3:hr>
            <ns3:cad>91</ns3:cad>
          </ns3:TrackPointExtension>
        </extensions>
      </trkpt>
      <trkpt lat="30.54691630415618419647216796875" lon="104.046457707881927490234375">
        <ele>481</ele>
        <time>2026-09-19T12:58:46.000Z</time>
        <extensions>
          <ns3:TrackPointExtension>
            <ns3:hr>158</ns3:hr>
            <ns3:cad>91</ns3:cad>
          </ns3:TrackPointExtension>
        </extensions>
      </trkpt>
      <trkpt lat="30.54693826474249362945556640625" lon="104.04646567068994045257568359375">
        <ele>481</ele>
        <time>2026-09-19T12:58:47.000Z</time>
        <extensions>
          <ns3:TrackPointExtension>
            <ns3:hr>158</ns3:hr>
            <ns3:cad>91</ns3:cad>
          </ns3:TrackPointExtension>
        </extensions>
      </trkpt>
      <trkpt lat="30.546967685222625732421875" lon="104.04648159630596637725830078125">
        <ele>481.20001220703125</ele>
        <time>2026-09-19T12:58:48.000Z</time>
        <extensions>
          <ns3:TrackPointExtension>
            <ns3:hr>158</ns3:hr>
            <ns3:cad>92</ns3:cad>
          </ns3:TrackPointExtension>
        </extensions>
      </trkpt>
      <trkpt lat="30.54698872379958629608154296875" lon="104.04648578725755214691162109375">
        <ele>481.20001220703125</ele>
        <time>2026-09-19T12:58:49.000Z</time>
        <extensions>
          <ns3:TrackPointExtension>
            <ns3:hr>158</ns3:hr>
            <ns3:cad>93</ns3:cad>
          </ns3:TrackPointExtension>
        </extensions>
      </trkpt>
      <trkpt lat="30.5470144562423229217529296875" lon="104.04649048112332820892333984375">
        <ele>481.20001220703125</ele>
        <time>2026-09-19T12:58:50.000Z</time>
        <extensions>
          <ns3:TrackPointExtension>
            <ns3:hr>159</ns3:hr>
            <ns3:cad>93</ns3:cad>
          </ns3:TrackPointExtension>
        </extensions>
      </trkpt>
      <trkpt lat="30.5470365844666957855224609375" lon="104.04649098403751850128173828125">
        <ele>481.399993896484375</ele>
        <time>2026-09-19T12:58:51.000Z</time>
        <extensions>
          <ns3:TrackPointExtension>
            <ns3:hr>159</ns3:hr>
            <ns3:cad>92</ns3:cad>
          </ns3:TrackPointExtension>
        </extensions>
      </trkpt>
      <trkpt lat="30.5470644123852252960205078125" lon="104.04649584554135799407958984375">
        <ele>481.600006103515625</ele>
        <time>2026-09-19T12:58:52.000Z</time>
        <extensions>
          <ns3:TrackPointExtension>
            <ns3:hr>159</ns3:hr>
            <ns3:cad>92</ns3:cad>
          </ns3:TrackPointExtension>
        </extensions>
      </trkpt>
      <trkpt lat="30.54709215648472309112548828125" lon="104.04649618081748485565185546875">
        <ele>481.600006103515625</ele>
        <time>2026-09-19T12:58:53.000Z</time>
        <extensions>
          <ns3:TrackPointExtension>
            <ns3:hr>159</ns3:hr>
            <ns3:cad>92</ns3:cad>
          </ns3:TrackPointExtension>
        </extensions>
      </trkpt>
      <trkpt lat="30.54711646400392055511474609375" lon="104.046491570770740509033203125">
        <ele>481.79998779296875</ele>
        <time>2026-09-19T12:58:54.000Z</time>
        <extensions>
          <ns3:TrackPointExtension>
            <ns3:hr>159</ns3:hr>
            <ns3:cad>92</ns3:cad>
          </ns3:TrackPointExtension>
        </extensions>
      </trkpt>
      <trkpt lat="30.5471468903124332427978515625" lon="104.0464843623340129852294921875">
        <ele>481.79998779296875</ele>
        <time>2026-09-19T12:58:55.000Z</time>
        <extensions>
          <ns3:TrackPointExtension>
            <ns3:hr>159</ns3:hr>
            <ns3:cad>92</ns3:cad>
          </ns3:TrackPointExtension>
        </extensions>
      </trkpt>
      <trkpt lat="30.54716038517653942108154296875" lon="104.0464857034385204315185546875">
        <ele>481.79998779296875</ele>
        <time>2026-09-19T12:58:56.000Z</time>
        <extensions>
          <ns3:TrackPointExtension>
            <ns3:hr>159</ns3:hr>
            <ns3:cad>92</ns3:cad>
          </ns3:TrackPointExtension>
        </extensions>
      </trkpt>
      <trkpt lat="30.54719089530408382415771484375" lon="104.046486876904964447021484375">
        <ele>481.79998779296875</ele>
        <time>2026-09-19T12:58:57.000Z</time>
        <extensions>
          <ns3:TrackPointExtension>
            <ns3:hr>159</ns3:hr>
            <ns3:cad>92</ns3:cad>
          </ns3:TrackPointExtension>
        </extensions>
      </trkpt>
      <trkpt lat="30.54720841348171234130859375" lon="104.04648595489561557769775390625">
        <ele>481.79998779296875</ele>
        <time>2026-09-19T12:58:58.000Z</time>
        <extensions>
          <ns3:TrackPointExtension>
            <ns3:hr>159</ns3:hr>
            <ns3:cad>92</ns3:cad>
          </ns3:TrackPointExtension>
        </extensions>
      </trkpt>
      <trkpt lat="30.54723431356251239776611328125" lon="104.04648595489561557769775390625">
        <ele>481.79998779296875</ele>
        <time>2026-09-19T12:58:59.000Z</time>
        <extensions>
          <ns3:TrackPointExtension>
            <ns3:hr>160</ns3:hr>
            <ns3:cad>92</ns3:cad>
          </ns3:TrackPointExtension>
        </extensions>
      </trkpt>
      <trkpt lat="30.547255687415599822998046875" lon="104.0464850328862667083740234375">
        <ele>481.79998779296875</ele>
        <time>2026-09-19T12:59:00.000Z</time>
        <extensions>
          <ns3:TrackPointExtension>
            <ns3:hr>160</ns3:hr>
            <ns3:cad>92</ns3:cad>
          </ns3:TrackPointExtension>
        </extensions>
      </trkpt>
      <trkpt lat="30.54728376679122447967529296875" lon="104.04649014584720134735107421875">
        <ele>481.79998779296875</ele>
        <time>2026-09-19T12:59:01.000Z</time>
        <extensions>
          <ns3:TrackPointExtension>
            <ns3:hr>160</ns3:hr>
            <ns3:cad>92</ns3:cad>
          </ns3:TrackPointExtension>
        </extensions>
      </trkpt>
      <trkpt lat="30.54730497300624847412109375" lon="104.046486206352710723876953125">
        <ele>481.600006103515625</ele>
        <time>2026-09-19T12:59:02.000Z</time>
        <extensions>
          <ns3:TrackPointExtension>
            <ns3:hr>159</ns3:hr>
            <ns3:cad>92</ns3:cad>
          </ns3:TrackPointExtension>
        </extensions>
      </trkpt>
      <trkpt lat="30.54732785560190677642822265625" lon="104.0464857034385204315185546875">
        <ele>481.600006103515625</ele>
        <time>2026-09-19T12:59:03.000Z</time>
        <extensions>
          <ns3:TrackPointExtension>
            <ns3:hr>159</ns3:hr>
            <ns3:cad>91</ns3:cad>
          </ns3:TrackPointExtension>
        </extensions>
      </trkpt>
      <trkpt lat="30.5473467148840427398681640625" lon="104.0464860387146472930908203125">
        <ele>481.600006103515625</ele>
        <time>2026-09-19T12:59:04.000Z</time>
        <extensions>
          <ns3:TrackPointExtension>
            <ns3:hr>159</ns3:hr>
            <ns3:cad>91</ns3:cad>
          </ns3:TrackPointExtension>
        </extensions>
      </trkpt>
      <trkpt lat="30.547373704612255096435546875" lon="104.0464826859533786773681640625">
        <ele>481.600006103515625</ele>
        <time>2026-09-19T12:59:05.000Z</time>
        <extensions>
          <ns3:TrackPointExtension>
            <ns3:hr>159</ns3:hr>
            <ns3:cad>92</ns3:cad>
          </ns3:TrackPointExtension>
        </extensions>
      </trkpt>
      <trkpt lat="30.54739482700824737548828125" lon="104.04647991992533206939697265625">
        <ele>481.600006103515625</ele>
        <time>2026-09-19T12:59:06.000Z</time>
        <extensions>
          <ns3:TrackPointExtension>
            <ns3:hr>159</ns3:hr>
            <ns3:cad>92</ns3:cad>
          </ns3:TrackPointExtension>
        </extensions>
      </trkpt>
      <trkpt lat="30.54743061773478984832763671875" lon="104.0464773215353488922119140625">
        <ele>481.600006103515625</ele>
        <time>2026-09-19T12:59:07.000Z</time>
        <extensions>
          <ns3:TrackPointExtension>
            <ns3:hr>159</ns3:hr>
            <ns3:cad>92</ns3:cad>
          </ns3:TrackPointExtension>
        </extensions>
      </trkpt>
      <trkpt lat="30.54745710454881191253662109375" lon="104.04647774063050746917724609375">
        <ele>481.600006103515625</ele>
        <time>2026-09-19T12:59:08.000Z</time>
        <extensions>
          <ns3:TrackPointExtension>
            <ns3:hr>159</ns3:hr>
            <ns3:cad>92</ns3:cad>
          </ns3:TrackPointExtension>
        </extensions>
      </trkpt>
      <trkpt lat="30.5474875308573246002197265625" lon="104.04647170566022396087646484375">
        <ele>481.399993896484375</ele>
        <time>2026-09-19T12:59:09.000Z</time>
        <extensions>
          <ns3:TrackPointExtension>
            <ns3:hr>159</ns3:hr>
            <ns3:cad>91</ns3:cad>
          </ns3:TrackPointExtension>
        </extensions>
      </trkpt>
      <trkpt lat="30.54751493968069553375244140625" lon="104.0464669279754161834716796875">
        <ele>481.399993896484375</ele>
        <time>2026-09-19T12:59:10.000Z</time>
        <extensions>
          <ns3:TrackPointExtension>
            <ns3:hr>159</ns3:hr>
            <ns3:cad>92</ns3:cad>
          </ns3:TrackPointExtension>
        </extensions>
      </trkpt>
      <trkpt lat="30.547539331018924713134765625" lon="104.04646282084286212921142578125">
        <ele>481.399993896484375</ele>
        <time>2026-09-19T12:59:11.000Z</time>
        <extensions>
          <ns3:TrackPointExtension>
            <ns3:hr>159</ns3:hr>
            <ns3:cad>92</ns3:cad>
          </ns3:TrackPointExtension>
        </extensions>
      </trkpt>
      <trkpt lat="30.54756254889070987701416015625" lon="104.046457372605800628662109375">
        <ele>481.399993896484375</ele>
        <time>2026-09-19T12:59:12.000Z</time>
        <extensions>
          <ns3:TrackPointExtension>
            <ns3:hr>159</ns3:hr>
            <ns3:cad>93</ns3:cad>
          </ns3:TrackPointExtension>
        </extensions>
      </trkpt>
      <trkpt lat="30.54758937098085880279541015625" lon="104.04645460657775402069091796875">
        <ele>481.399993896484375</ele>
        <time>2026-09-19T12:59:13.000Z</time>
        <extensions>
          <ns3:TrackPointExtension>
            <ns3:hr>160</ns3:hr>
            <ns3:cad>93</ns3:cad>
          </ns3:TrackPointExtension>
        </extensions>
      </trkpt>
      <trkpt lat="30.54761686362326145172119140625" lon="104.0464484877884387969970703125">
        <ele>481.20001220703125</ele>
        <time>2026-09-19T12:59:14.000Z</time>
        <extensions>
          <ns3:TrackPointExtension>
            <ns3:hr>159</ns3:hr>
            <ns3:cad>93</ns3:cad>
          </ns3:TrackPointExtension>
        </extensions>
      </trkpt>
      <trkpt lat="30.54764150641858577728271484375" lon="104.04644756577908992767333984375">
        <ele>481.20001220703125</ele>
        <time>2026-09-19T12:59:15.000Z</time>
        <extensions>
          <ns3:TrackPointExtension>
            <ns3:hr>159</ns3:hr>
            <ns3:cad>91</ns3:cad>
          </ns3:TrackPointExtension>
        </extensions>
      </trkpt>
      <trkpt lat="30.54767050780355930328369140625" lon="104.0464389324188232421875">
        <ele>481.20001220703125</ele>
        <time>2026-09-19T12:59:16.000Z</time>
        <extensions>
          <ns3:TrackPointExtension>
            <ns3:hr>159</ns3:hr>
            <ns3:cad>92</ns3:cad>
          </ns3:TrackPointExtension>
        </extensions>
      </trkpt>
      <trkpt lat="30.5476967431604862213134765625" lon="104.04642325825989246368408203125">
        <ele>481</ele>
        <time>2026-09-19T12:59:17.000Z</time>
        <extensions>
          <ns3:TrackPointExtension>
            <ns3:hr>159</ns3:hr>
            <ns3:cad>92</ns3:cad>
          </ns3:TrackPointExtension>
        </extensions>
      </trkpt>
      <trkpt lat="30.5477228946983814239501953125" lon="104.04641202650964260101318359375">
        <ele>481</ele>
        <time>2026-09-19T12:59:18.000Z</time>
        <extensions>
          <ns3:TrackPointExtension>
            <ns3:hr>159</ns3:hr>
            <ns3:cad>92</ns3:cad>
          </ns3:TrackPointExtension>
        </extensions>
      </trkpt>
      <trkpt lat="30.54774896241724491119384765625" lon="104.04640205204486846923828125">
        <ele>481</ele>
        <time>2026-09-19T12:59:19.000Z</time>
        <extensions>
          <ns3:TrackPointExtension>
            <ns3:hr>159</ns3:hr>
            <ns3:cad>93</ns3:cad>
          </ns3:TrackPointExtension>
        </extensions>
      </trkpt>
      <trkpt lat="30.547782070934772491455078125" lon="104.04639224521815776824951171875">
        <ele>480.79998779296875</ele>
        <time>2026-09-19T12:59:20.000Z</time>
        <extensions>
          <ns3:TrackPointExtension>
            <ns3:hr>158</ns3:hr>
            <ns3:cad>92</ns3:cad>
          </ns3:TrackPointExtension>
        </extensions>
      </trkpt>
      <trkpt lat="30.54780964739620685577392578125" lon="104.04638185165822505950927734375">
        <ele>480.79998779296875</ele>
        <time>2026-09-19T12:59:21.000Z</time>
        <extensions>
          <ns3:TrackPointExtension>
            <ns3:hr>158</ns3:hr>
            <ns3:cad>93</ns3:cad>
          </ns3:TrackPointExtension>
        </extensions>
      </trkpt>
      <trkpt lat="30.54784543812274932861328125" lon="104.04637120664119720458984375">
        <ele>480.79998779296875</ele>
        <time>2026-09-19T12:59:22.000Z</time>
        <extensions>
          <ns3:TrackPointExtension>
            <ns3:hr>158</ns3:hr>
            <ns3:cad>93</ns3:cad>
          </ns3:TrackPointExtension>
        </extensions>
      </trkpt>
      <trkpt lat="30.5478741042315959930419921875" lon="104.04636290855705738067626953125">
        <ele>480.600006103515625</ele>
        <time>2026-09-19T12:59:23.000Z</time>
        <extensions>
          <ns3:TrackPointExtension>
            <ns3:hr>158</ns3:hr>
            <ns3:cad>93</ns3:cad>
          </ns3:TrackPointExtension>
        </extensions>
      </trkpt>
      <trkpt lat="30.5479077994823455810546875" lon="104.0463532693684101104736328125">
        <ele>480.399993896484375</ele>
        <time>2026-09-19T12:59:24.000Z</time>
        <extensions>
          <ns3:TrackPointExtension>
            <ns3:hr>158</ns3:hr>
            <ns3:cad>92</ns3:cad>
          </ns3:TrackPointExtension>
        </extensions>
      </trkpt>
      <trkpt lat="30.5479347892105579376220703125" lon="104.04634715057909488677978515625">
        <ele>480.20001220703125</ele>
        <time>2026-09-19T12:59:25.000Z</time>
        <extensions>
          <ns3:TrackPointExtension>
            <ns3:hr>158</ns3:hr>
            <ns3:cad>91</ns3:cad>
          </ns3:TrackPointExtension>
        </extensions>
      </trkpt>
      <trkpt lat="30.54797259159386157989501953125" lon="104.0463468991219997406005859375">
        <ele>480</ele>
        <time>2026-09-19T12:59:26.000Z</time>
        <extensions>
          <ns3:TrackPointExtension>
            <ns3:hr>158</ns3:hr>
            <ns3:cad>91</ns3:cad>
          </ns3:TrackPointExtension>
        </extensions>
      </trkpt>
      <trkpt lat="30.5479989945888519287109375" lon="104.0463472343981266021728515625">
        <ele>480</ele>
        <time>2026-09-19T12:59:27.000Z</time>
        <extensions>
          <ns3:TrackPointExtension>
            <ns3:hr>157</ns3:hr>
            <ns3:cad>91</ns3:cad>
          </ns3:TrackPointExtension>
        </extensions>
      </trkpt>
      <trkpt lat="30.54802992381155490875244140625" lon="104.04634798876941204071044921875">
        <ele>479.79998779296875</ele>
        <time>2026-09-19T12:59:28.000Z</time>
        <extensions>
          <ns3:TrackPointExtension>
            <ns3:hr>157</ns3:hr>
            <ns3:cad>92</ns3:cad>
          </ns3:TrackPointExtension>
        </extensions>
      </trkpt>
      <trkpt lat="30.54805322550237178802490234375" lon="104.0463485755026340484619140625">
        <ele>479.399993896484375</ele>
        <time>2026-09-19T12:59:29.000Z</time>
        <extensions>
          <ns3:TrackPointExtension>
            <ns3:hr>157</ns3:hr>
            <ns3:cad>93</ns3:cad>
          </ns3:TrackPointExtension>
        </extensions>
      </trkpt>
      <trkpt lat="30.54807602427899837493896484375" lon="104.04634899459779262542724609375">
        <ele>479.399993896484375</ele>
        <time>2026-09-19T12:59:30.000Z</time>
        <extensions>
          <ns3:TrackPointExtension>
            <ns3:hr>157</ns3:hr>
            <ns3:cad>92</ns3:cad>
          </ns3:TrackPointExtension>
        </extensions>
      </trkpt>
      <trkpt lat="30.54810469038784503936767578125" lon="104.046350419521331787109375">
        <ele>479</ele>
        <time>2026-09-19T12:59:31.000Z</time>
        <extensions>
          <ns3:TrackPointExtension>
            <ns3:hr>156</ns3:hr>
            <ns3:cad>92</ns3:cad>
          </ns3:TrackPointExtension>
        </extensions>
      </trkpt>
      <trkpt lat="30.54812983609735965728759765625" lon="104.046354778110980987548828125">
        <ele>479</ele>
        <time>2026-09-19T12:59:32.000Z</time>
        <extensions>
          <ns3:TrackPointExtension>
            <ns3:hr>156</ns3:hr>
            <ns3:cad>92</ns3:cad>
          </ns3:TrackPointExtension>
        </extensions>
      </trkpt>
      <trkpt lat="30.548157580196857452392578125" lon="104.0463598072528839111328125">
        <ele>478.79998779296875</ele>
        <time>2026-09-19T12:59:33.000Z</time>
        <extensions>
          <ns3:TrackPointExtension>
            <ns3:hr>156</ns3:hr>
            <ns3:cad>92</ns3:cad>
          </ns3:TrackPointExtension>
        </extensions>
      </trkpt>
      <trkpt lat="30.54818079806864261627197265625" lon="104.04636173509061336517333984375">
        <ele>478.79998779296875</ele>
        <time>2026-09-19T12:59:34.000Z</time>
        <extensions>
          <ns3:TrackPointExtension>
            <ns3:hr>156</ns3:hr>
            <ns3:cad>93</ns3:cad>
          </ns3:TrackPointExtension>
        </extensions>
      </trkpt>
      <trkpt lat="30.548213236033916473388671875" lon="104.04635972343385219573974609375">
        <ele>478.79998779296875</ele>
        <time>2026-09-19T12:59:35.000Z</time>
        <extensions>
          <ns3:TrackPointExtension>
            <ns3:hr>156</ns3:hr>
            <ns3:cad>93</ns3:cad>
          </ns3:TrackPointExtension>
        </extensions>
      </trkpt>
      <trkpt lat="30.54823762737214565277099609375" lon="104.04635905288159847259521484375">
        <ele>478.79998779296875</ele>
        <time>2026-09-19T12:59:36.000Z</time>
        <extensions>
          <ns3:TrackPointExtension>
            <ns3:hr>156</ns3:hr>
            <ns3:cad>93</ns3:cad>
          </ns3:TrackPointExtension>
        </extensions>
      </trkpt>
      <trkpt lat="30.54826796986162662506103515625" lon="104.0463579632341861724853515625">
        <ele>478.79998779296875</ele>
        <time>2026-09-19T12:59:37.000Z</time>
        <extensions>
          <ns3:TrackPointExtension>
            <ns3:hr>156</ns3:hr>
            <ns3:cad>93</ns3:cad>
          </ns3:TrackPointExtension>
        </extensions>
      </trkpt>
      <trkpt lat="30.5482938699424266815185546875" lon="104.04635586775839328765869140625">
        <ele>478.79998779296875</ele>
        <time>2026-09-19T12:59:38.000Z</time>
        <extensions>
          <ns3:TrackPointExtension>
            <ns3:hr>156</ns3:hr>
            <ns3:cad>93</ns3:cad>
          </ns3:TrackPointExtension>
        </extensions>
      </trkpt>
      <trkpt lat="30.5483235418796539306640625" lon="104.0463646687567234039306640625">
        <ele>479</ele>
        <time>2026-09-19T12:59:39.000Z</time>
        <extensions>
          <ns3:TrackPointExtension>
            <ns3:hr>156</ns3:hr>
            <ns3:cad>93</ns3:cad>
          </ns3:TrackPointExtension>
        </extensions>
      </trkpt>
      <trkpt lat="30.54834625683724880218505859375" lon="104.04636760242283344268798828125">
        <ele>479</ele>
        <time>2026-09-19T12:59:40.000Z</time>
        <extensions>
          <ns3:TrackPointExtension>
            <ns3:hr>156</ns3:hr>
            <ns3:cad>93</ns3:cad>
          </ns3:TrackPointExtension>
        </extensions>
      </trkpt>
      <trkpt lat="30.5483823828399181365966796875" lon="104.046373553574085235595703125">
        <ele>479</ele>
        <time>2026-09-19T12:59:41.000Z</time>
        <extensions>
          <ns3:TrackPointExtension>
            <ns3:hr>156</ns3:hr>
            <ns3:cad>92</ns3:cad>
          </ns3:TrackPointExtension>
        </extensions>
      </trkpt>
      <trkpt lat="30.548411719501018524169921875" lon="104.04637330211699008941650390625">
        <ele>479</ele>
        <time>2026-09-19T12:59:42.000Z</time>
        <extensions>
          <ns3:TrackPointExtension>
            <ns3:hr>156</ns3:hr>
            <ns3:cad>92</ns3:cad>
          </ns3:TrackPointExtension>
        </extensions>
      </trkpt>
      <trkpt lat="30.54844197817146778106689453125" lon="104.04637648724019527435302734375">
        <ele>479</ele>
        <time>2026-09-19T12:59:43.000Z</time>
        <extensions>
          <ns3:TrackPointExtension>
            <ns3:hr>155</ns3:hr>
            <ns3:cad>92</ns3:cad>
          </ns3:TrackPointExtension>
        </extensions>
      </trkpt>
      <trkpt lat="30.54846947081387042999267578125" lon="104.04637799598276615142822265625">
        <ele>478.79998779296875</ele>
        <time>2026-09-19T12:59:44.000Z</time>
        <extensions>
          <ns3:TrackPointExtension>
            <ns3:hr>155</ns3:hr>
            <ns3:cad>92</ns3:cad>
          </ns3:TrackPointExtension>
        </extensions>
      </trkpt>
      <trkpt lat="30.54849696345627307891845703125" lon="104.04638486914336681365966796875">
        <ele>478.79998779296875</ele>
        <time>2026-09-19T12:59:45.000Z</time>
        <extensions>
          <ns3:TrackPointExtension>
            <ns3:hr>155</ns3:hr>
            <ns3:cad>92</ns3:cad>
          </ns3:TrackPointExtension>
        </extensions>
      </trkpt>
      <trkpt lat="30.54852537810802459716796875" lon="104.04638704843819141387939453125">
        <ele>478.79998779296875</ele>
        <time>2026-09-19T12:59:46.000Z</time>
        <extensions>
          <ns3:TrackPointExtension>
            <ns3:hr>155</ns3:hr>
            <ns3:cad>91</ns3:cad>
          </ns3:TrackPointExtension>
        </extensions>
      </trkpt>
      <trkpt lat="30.54855312220752239227294921875" lon="104.04638755135238170623779296875">
        <ele>478.600006103515625</ele>
        <time>2026-09-19T12:59:47.000Z</time>
        <extensions>
          <ns3:TrackPointExtension>
            <ns3:hr>155</ns3:hr>
            <ns3:cad>91</ns3:cad>
          </ns3:TrackPointExtension>
        </extensions>
      </trkpt>
      <trkpt lat="30.548584721982479095458984375" lon="104.04638956300914287567138671875">
        <ele>478.600006103515625</ele>
        <time>2026-09-19T12:59:48.000Z</time>
        <extensions>
          <ns3:TrackPointExtension>
            <ns3:hr>156</ns3:hr>
            <ns3:cad>91</ns3:cad>
          </ns3:TrackPointExtension>
        </extensions>
      </trkpt>
      <trkpt lat="30.5486103706061840057373046875" lon="104.04639006592333316802978515625">
        <ele>478.600006103515625</ele>
        <time>2026-09-19T12:59:49.000Z</time>
        <extensions>
          <ns3:TrackPointExtension>
            <ns3:hr>156</ns3:hr>
            <ns3:cad>92</ns3:cad>
          </ns3:TrackPointExtension>
        </extensions>
      </trkpt>
      <trkpt lat="30.54864046163856983184814453125" lon="104.04638939537107944488525390625">
        <ele>478.600006103515625</ele>
        <time>2026-09-19T12:59:50.000Z</time>
        <extensions>
          <ns3:TrackPointExtension>
            <ns3:hr>156</ns3:hr>
            <ns3:cad>92</ns3:cad>
          </ns3:TrackPointExtension>
        </extensions>
      </trkpt>
      <trkpt lat="30.54866527207195758819580078125" lon="104.0463760681450366973876953125">
        <ele>478.600006103515625</ele>
        <time>2026-09-19T12:59:51.000Z</time>
        <extensions>
          <ns3:TrackPointExtension>
            <ns3:hr>156</ns3:hr>
            <ns3:cad>92</ns3:cad>
          </ns3:TrackPointExtension>
        </extensions>
      </trkpt>
      <trkpt lat="30.54869762621819972991943359375" lon="104.0463656745851039886474609375">
        <ele>478.600006103515625</ele>
        <time>2026-09-19T12:59:52.000Z</time>
        <extensions>
          <ns3:TrackPointExtension>
            <ns3:hr>156</ns3:hr>
            <ns3:cad>93</ns3:cad>
          </ns3:TrackPointExtension>
        </extensions>
      </trkpt>
      <trkpt lat="30.54872310720384120941162109375" lon="104.04635201208293437957763671875">
        <ele>478.600006103515625</ele>
        <time>2026-09-19T12:59:53.000Z</time>
        <extensions>
          <ns3:TrackPointExtension>
            <ns3:hr>156</ns3:hr>
            <ns3:cad>92</ns3:cad>
          </ns3:TrackPointExtension>
        </extensions>
      </trkpt>
      <trkpt lat="30.54875160567462444305419921875" lon="104.04633256606757640838623046875">
        <ele>478.600006103515625</ele>
        <time>2026-09-19T12:59:54.000Z</time>
        <extensions>
          <ns3:TrackPointExtension>
            <ns3:hr>156</ns3:hr>
            <ns3:cad>93</ns3:cad>
          </ns3:TrackPointExtension>
        </extensions>
      </trkpt>
      <trkpt lat="30.54877406917512416839599609375" lon="104.046313203871250152587890625">
        <ele>478.600006103515625</ele>
        <time>2026-09-19T12:59:55.000Z</time>
        <extensions>
          <ns3:TrackPointExtension>
            <ns3:hr>156</ns3:hr>
            <ns3:cad>93</ns3:cad>
          </ns3:TrackPointExtension>
        </extensions>
      </trkpt>
      <trkpt lat="30.5487964488565921783447265625" lon="104.04629384167492389678955078125">
        <ele>478.600006103515625</ele>
        <time>2026-09-19T12:59:56.000Z</time>
        <extensions>
          <ns3:TrackPointExtension>
            <ns3:hr>156</ns3:hr>
            <ns3:cad>93</ns3:cad>
          </ns3:TrackPointExtension>
        </extensions>
      </trkpt>
      <trkpt lat="30.54881094954907894134521484375" lon="104.046273641288280487060546875">
        <ele>478.600006103515625</ele>
        <time>2026-09-19T12:59:57.000Z</time>
        <extensions>
          <ns3:TrackPointExtension>
            <ns3:hr>156</ns3:hr>
            <ns3:cad>92</ns3:cad>
          </ns3:TrackPointExtension>
        </extensions>
      </trkpt>
      <trkpt lat="30.548826120793819427490234375" lon="104.0462417900562286376953125">
        <ele>478.79998779296875</ele>
        <time>2026-09-19T12:59:58.000Z</time>
        <extensions>
          <ns3:TrackPointExtension>
            <ns3:hr>156</ns3:hr>
            <ns3:cad>92</ns3:cad>
          </ns3:TrackPointExtension>
        </extensions>
      </trkpt>
      <trkpt lat="30.5488339997828006744384765625" lon="104.046219997107982635498046875">
        <ele>478.79998779296875</ele>
        <time>2026-09-19T12:59:59.000Z</time>
        <extensions>
          <ns3:TrackPointExtension>
            <ns3:hr>156</ns3:hr>
            <ns3:cad>92</ns3:cad>
          </ns3:TrackPointExtension>
        </extensions>
      </trkpt>
      <trkpt lat="30.5488479137420654296875" lon="104.0461946837604045867919921875">
        <ele>478.79998779296875</ele>
        <time>2026-09-19T13:00:00.000Z</time>
        <extensions>
          <ns3:TrackPointExtension>
            <ns3:hr>156</ns3:hr>
            <ns3:cad>92</ns3:cad>
          </ns3:TrackPointExtension>
        </extensions>
      </trkpt>
      <trkpt lat="30.5488618277013301849365234375" lon="104.0461705438792705535888671875">
        <ele>479</ele>
        <time>2026-09-19T13:00:01.000Z</time>
        <extensions>
          <ns3:TrackPointExtension>
            <ns3:hr>156</ns3:hr>
            <ns3:cad>92</ns3:cad>
          </ns3:TrackPointExtension>
        </extensions>
      </trkpt>
      <trkpt lat="30.548878423869609832763671875" lon="104.04614598490297794342041015625">
        <ele>479</ele>
        <time>2026-09-19T13:00:02.000Z</time>
        <extensions>
          <ns3:TrackPointExtension>
            <ns3:hr>156</ns3:hr>
            <ns3:cad>92</ns3:cad>
          </ns3:TrackPointExtension>
        </extensions>
      </trkpt>
      <trkpt lat="30.54889845661818981170654296875" lon="104.04612653888761997222900390625">
        <ele>479.20001220703125</ele>
        <time>2026-09-19T13:00:03.000Z</time>
        <extensions>
          <ns3:TrackPointExtension>
            <ns3:hr>156</ns3:hr>
            <ns3:cad>92</ns3:cad>
          </ns3:TrackPointExtension>
        </extensions>
      </trkpt>
      <trkpt lat="30.54892159067094326019287109375" lon="104.04611103236675262451171875">
        <ele>479.399993896484375</ele>
        <time>2026-09-19T13:00:04.000Z</time>
        <extensions>
          <ns3:TrackPointExtension>
            <ns3:hr>156</ns3:hr>
            <ns3:cad>91</ns3:cad>
          </ns3:TrackPointExtension>
        </extensions>
      </trkpt>
      <trkpt lat="30.54894648492336273193359375" lon="104.046099968254566192626953125">
        <ele>479.399993896484375</ele>
        <time>2026-09-19T13:00:05.000Z</time>
        <extensions>
          <ns3:TrackPointExtension>
            <ns3:hr>156</ns3:hr>
            <ns3:cad>91</ns3:cad>
          </ns3:TrackPointExtension>
        </extensions>
      </trkpt>
      <trkpt lat="30.5489691160619258880615234375" lon="104.04609234072268009185791015625">
        <ele>479.600006103515625</ele>
        <time>2026-09-19T13:00:06.000Z</time>
        <extensions>
          <ns3:TrackPointExtension>
            <ns3:hr>156</ns3:hr>
            <ns3:cad>92</ns3:cad>
          </ns3:TrackPointExtension>
        </extensions>
      </trkpt>
      <trkpt lat="30.54899300448596477508544921875" lon="104.0460877306759357452392578125">
        <ele>479.79998779296875</ele>
        <time>2026-09-19T13:00:07.000Z</time>
        <extensions>
          <ns3:TrackPointExtension>
            <ns3:hr>156</ns3:hr>
            <ns3:cad>92</ns3:cad>
          </ns3:TrackPointExtension>
        </extensions>
      </trkpt>
      <trkpt lat="30.54901714436709880828857421875" lon="104.04608764685690402984619140625">
        <ele>480</ele>
        <time>2026-09-19T13:00:08.000Z</time>
        <extensions>
          <ns3:TrackPointExtension>
            <ns3:hr>157</ns3:hr>
            <ns3:cad>91</ns3:cad>
          </ns3:TrackPointExtension>
        </extensions>
      </trkpt>
      <trkpt lat="30.54904312826693058013916015625" lon="104.046086557209491729736328125">
        <ele>480.20001220703125</ele>
        <time>2026-09-19T13:00:09.000Z</time>
        <extensions>
          <ns3:TrackPointExtension>
            <ns3:hr>157</ns3:hr>
            <ns3:cad>91</ns3:cad>
          </ns3:TrackPointExtension>
        </extensions>
      </trkpt>
      <trkpt lat="30.549070537090301513671875" lon="104.04609267599880695343017578125">
        <ele>480.20001220703125</ele>
        <time>2026-09-19T13:00:10.000Z</time>
        <extensions>
          <ns3:TrackPointExtension>
            <ns3:hr>158</ns3:hr>
            <ns3:cad>90</ns3:cad>
          </ns3:TrackPointExtension>
        </extensions>
      </trkpt>
      <trkpt lat="30.5490961857140064239501953125" lon="104.04609351418912410736083984375">
        <ele>480.399993896484375</ele>
        <time>2026-09-19T13:00:11.000Z</time>
        <extensions>
          <ns3:TrackPointExtension>
            <ns3:hr>158</ns3:hr>
            <ns3:cad>90</ns3:cad>
          </ns3:TrackPointExtension>
        </extensions>
      </trkpt>
      <trkpt lat="30.54912082850933074951171875" lon="104.04609359800815582275390625">
        <ele>480.399993896484375</ele>
        <time>2026-09-19T13:00:12.000Z</time>
        <extensions>
          <ns3:TrackPointExtension>
            <ns3:hr>159</ns3:hr>
            <ns3:cad>90</ns3:cad>
          </ns3:TrackPointExtension>
        </extensions>
      </trkpt>
      <trkpt lat="30.54914605803787708282470703125" lon="104.04608865268528461456298828125">
        <ele>480.399993896484375</ele>
        <time>2026-09-19T13:00:13.000Z</time>
        <extensions>
          <ns3:TrackPointExtension>
            <ns3:hr>159</ns3:hr>
            <ns3:cad>90</ns3:cad>
          </ns3:TrackPointExtension>
        </extensions>
      </trkpt>
      <trkpt lat="30.5491709522902965545654296875" lon="104.0460884012281894683837890625">
        <ele>480.399993896484375</ele>
        <time>2026-09-19T13:00:14.000Z</time>
        <extensions>
          <ns3:TrackPointExtension>
            <ns3:hr>159</ns3:hr>
            <ns3:cad>90</ns3:cad>
          </ns3:TrackPointExtension>
        </extensions>
      </trkpt>
      <trkpt lat="30.54919668473303318023681640625" lon="104.0460877306759357452392578125">
        <ele>480.399993896484375</ele>
        <time>2026-09-19T13:00:15.000Z</time>
        <extensions>
          <ns3:TrackPointExtension>
            <ns3:hr>159</ns3:hr>
            <ns3:cad>90</ns3:cad>
          </ns3:TrackPointExtension>
        </extensions>
      </trkpt>
      <trkpt lat="30.549221076071262359619140625" lon="104.0460907481610774993896484375">
        <ele>480.399993896484375</ele>
        <time>2026-09-19T13:00:16.000Z</time>
        <extensions>
          <ns3:TrackPointExtension>
            <ns3:hr>159</ns3:hr>
            <ns3:cad>90</ns3:cad>
          </ns3:TrackPointExtension>
        </extensions>
      </trkpt>
      <trkpt lat="30.54925317876040935516357421875" lon="104.04609250836074352264404296875">
        <ele>480.399993896484375</ele>
        <time>2026-09-19T13:00:17.000Z</time>
        <extensions>
          <ns3:TrackPointExtension>
            <ns3:hr>159</ns3:hr>
            <ns3:cad>90</ns3:cad>
          </ns3:TrackPointExtension>
        </extensions>
      </trkpt>
      <trkpt lat="30.5492730438709259033203125" lon="104.04608965851366519927978515625">
        <ele>480.600006103515625</ele>
        <time>2026-09-19T13:00:18.000Z</time>
        <extensions>
          <ns3:TrackPointExtension>
            <ns3:hr>159</ns3:hr>
            <ns3:cad>90</ns3:cad>
          </ns3:TrackPointExtension>
        </extensions>
      </trkpt>
      <trkpt lat="30.54930196143686771392822265625" lon="104.04609083198010921478271484375">
        <ele>480.399993896484375</ele>
        <time>2026-09-19T13:00:19.000Z</time>
        <extensions>
          <ns3:TrackPointExtension>
            <ns3:hr>159</ns3:hr>
            <ns3:cad>90</ns3:cad>
          </ns3:TrackPointExtension>
        </extensions>
      </trkpt>
      <trkpt lat="30.54932895116508007049560546875" lon="104.04608982615172863006591796875">
        <ele>480.399993896484375</ele>
        <time>2026-09-19T13:00:20.000Z</time>
        <extensions>
          <ns3:TrackPointExtension>
            <ns3:hr>160</ns3:hr>
            <ns3:cad>90</ns3:cad>
          </ns3:TrackPointExtension>
        </extensions>
      </trkpt>
      <trkpt lat="30.5493627302348613739013671875" lon="104.046088568866252899169921875">
        <ele>480.399993896484375</ele>
        <time>2026-09-19T13:00:21.000Z</time>
        <extensions>
          <ns3:TrackPointExtension>
            <ns3:hr>160</ns3:hr>
            <ns3:cad>90</ns3:cad>
          </ns3:TrackPointExtension>
        </extensions>
      </trkpt>
      <trkpt lat="30.54938712157309055328369140625" lon="104.04608295299112796783447265625">
        <ele>480.20001220703125</ele>
        <time>2026-09-19T13:00:22.000Z</time>
        <extensions>
          <ns3:TrackPointExtension>
            <ns3:hr>160</ns3:hr>
            <ns3:cad>92</ns3:cad>
          </ns3:TrackPointExtension>
        </extensions>
      </trkpt>
      <trkpt lat="30.5494183860719203948974609375" lon="104.04608328826725482940673828125">
        <ele>480</ele>
        <time>2026-09-19T13:00:23.000Z</time>
        <extensions>
          <ns3:TrackPointExtension>
            <ns3:hr>160</ns3:hr>
            <ns3:cad>92</ns3:cad>
          </ns3:TrackPointExtension>
        </extensions>
      </trkpt>
      <trkpt lat="30.54944001138210296630859375" lon="104.04608027078211307525634765625">
        <ele>479.79998779296875</ele>
        <time>2026-09-19T13:00:24.000Z</time>
        <extensions>
          <ns3:TrackPointExtension>
            <ns3:hr>161</ns3:hr>
            <ns3:cad>92</ns3:cad>
          </ns3:TrackPointExtension>
        </extensions>
      </trkpt>
      <trkpt lat="30.54946859367191791534423828125" lon="104.04608379118144512176513671875">
        <ele>479.600006103515625</ele>
        <time>2026-09-19T13:00:25.000Z</time>
        <extensions>
          <ns3:TrackPointExtension>
            <ns3:hr>160</ns3:hr>
            <ns3:cad>92</ns3:cad>
          </ns3:TrackPointExtension>
        </extensions>
      </trkpt>
      <trkpt lat="30.5494901351630687713623046875" lon="104.04608462937176227569580078125">
        <ele>479.399993896484375</ele>
        <time>2026-09-19T13:00:26.000Z</time>
        <extensions>
          <ns3:TrackPointExtension>
            <ns3:hr>160</ns3:hr>
            <ns3:cad>92</ns3:cad>
          </ns3:TrackPointExtension>
        </extensions>
      </trkpt>
      <trkpt lat="30.5495203100144863128662109375" lon="104.04609049670398235321044921875">
        <ele>479.399993896484375</ele>
        <time>2026-09-19T13:00:27.000Z</time>
        <extensions>
          <ns3:TrackPointExtension>
            <ns3:hr>160</ns3:hr>
            <ns3:cad>92</ns3:cad>
          </ns3:TrackPointExtension>
        </extensions>
      </trkpt>
      <trkpt lat="30.54954729974269866943359375" lon="104.0460894070565700531005859375">
        <ele>479.20001220703125</ele>
        <time>2026-09-19T13:00:28.000Z</time>
        <extensions>
          <ns3:TrackPointExtension>
            <ns3:hr>159</ns3:hr>
            <ns3:cad>92</ns3:cad>
          </ns3:TrackPointExtension>
        </extensions>
      </trkpt>
      <trkpt lat="30.5495799891650676727294921875" lon="104.04609116725623607635498046875">
        <ele>479.20001220703125</ele>
        <time>2026-09-19T13:00:29.000Z</time>
        <extensions>
          <ns3:TrackPointExtension>
            <ns3:hr>159</ns3:hr>
            <ns3:cad>92</ns3:cad>
          </ns3:TrackPointExtension>
        </extensions>
      </trkpt>
      <trkpt lat="30.54960421286523342132568359375" lon="104.0460870601236820220947265625">
        <ele>479</ele>
        <time>2026-09-19T13:00:30.000Z</time>
        <extensions>
          <ns3:TrackPointExtension>
            <ns3:hr>159</ns3:hr>
            <ns3:cad>91</ns3:cad>
          </ns3:TrackPointExtension>
        </extensions>
      </trkpt>
      <trkpt lat="30.54963405244052410125732421875" lon="104.0460924245417118072509765625">
        <ele>479</ele>
        <time>2026-09-19T13:00:31.000Z</time>
        <extensions>
          <ns3:TrackPointExtension>
            <ns3:hr>159</ns3:hr>
            <ns3:cad>91</ns3:cad>
          </ns3:TrackPointExtension>
        </extensions>
      </trkpt>
      <trkpt lat="30.54966288618743419647216796875" lon="104.0460904128849506378173828125">
        <ele>479</ele>
        <time>2026-09-19T13:00:32.000Z</time>
        <extensions>
          <ns3:TrackPointExtension>
            <ns3:hr>159</ns3:hr>
            <ns3:cad>92</ns3:cad>
          </ns3:TrackPointExtension>
        </extensions>
      </trkpt>
      <trkpt lat="30.54968702606856822967529296875" lon="104.04608731158077716827392578125">
        <ele>478.79998779296875</ele>
        <time>2026-09-19T13:00:33.000Z</time>
        <extensions>
          <ns3:TrackPointExtension>
            <ns3:hr>159</ns3:hr>
            <ns3:cad>92</ns3:cad>
          </ns3:TrackPointExtension>
        </extensions>
      </trkpt>
      <trkpt lat="30.5497151054441928863525390625" lon="104.0460786782205104827880859375">
        <ele>478.79998779296875</ele>
        <time>2026-09-19T13:00:34.000Z</time>
        <extensions>
          <ns3:TrackPointExtension>
            <ns3:hr>158</ns3:hr>
            <ns3:cad>92</ns3:cad>
          </ns3:TrackPointExtension>
        </extensions>
      </trkpt>
      <trkpt lat="30.5497385747730731964111328125" lon="104.0460723079741001129150390625">
        <ele>478.600006103515625</ele>
        <time>2026-09-19T13:00:35.000Z</time>
        <extensions>
          <ns3:TrackPointExtension>
            <ns3:hr>159</ns3:hr>
            <ns3:cad>92</ns3:cad>
          </ns3:TrackPointExtension>
        </extensions>
      </trkpt>
      <trkpt lat="30.54976732470095157623291015625" lon="104.0460649318993091583251953125">
        <ele>478.399993896484375</ele>
        <time>2026-09-19T13:00:36.000Z</time>
        <extensions>
          <ns3:TrackPointExtension>
            <ns3:hr>158</ns3:hr>
            <ns3:cad>92</ns3:cad>
          </ns3:TrackPointExtension>
        </extensions>
      </trkpt>
      <trkpt lat="30.5497928895056247711181640625" lon="104.046051688492298126220703125">
        <ele>478.399993896484375</ele>
        <time>2026-09-19T13:00:37.000Z</time>
        <extensions>
          <ns3:TrackPointExtension>
            <ns3:hr>158</ns3:hr>
            <ns3:cad>92</ns3:cad>
          </ns3:TrackPointExtension>
        </extensions>
      </trkpt>
      <trkpt lat="30.54981878958642482757568359375" lon="104.04603886418044567108154296875">
        <ele>478.20001220703125</ele>
        <time>2026-09-19T13:00:38.000Z</time>
        <extensions>
          <ns3:TrackPointExtension>
            <ns3:hr>158</ns3:hr>
            <ns3:cad>92</ns3:cad>
          </ns3:TrackPointExtension>
        </extensions>
      </trkpt>
      <trkpt lat="30.5498384870588779449462890625" lon="104.0460218489170074462890625">
        <ele>478</ele>
        <time>2026-09-19T13:00:39.000Z</time>
        <extensions>
          <ns3:TrackPointExtension>
            <ns3:hr>159</ns3:hr>
            <ns3:cad>92</ns3:cad>
          </ns3:TrackPointExtension>
        </extensions>
      </trkpt>
      <trkpt lat="30.54986924864351749420166015625" lon="104.04600500129163265228271484375">
        <ele>477.79998779296875</ele>
        <time>2026-09-19T13:00:40.000Z</time>
        <extensions>
          <ns3:TrackPointExtension>
            <ns3:hr>159</ns3:hr>
            <ns3:cad>92</ns3:cad>
          </ns3:TrackPointExtension>
        </extensions>
      </trkpt>
      <trkpt lat="30.54989053867757320404052734375" lon="104.04598806984722614288330078125">
        <ele>477.600006103515625</ele>
        <time>2026-09-19T13:00:41.000Z</time>
        <extensions>
          <ns3:TrackPointExtension>
            <ns3:hr>159</ns3:hr>
            <ns3:cad>92</ns3:cad>
          </ns3:TrackPointExtension>
        </extensions>
      </trkpt>
      <trkpt lat="30.54992012679576873779296875" lon="104.04597449116408824920654296875">
        <ele>477.399993896484375</ele>
        <time>2026-09-19T13:00:42.000Z</time>
        <extensions>
          <ns3:TrackPointExtension>
            <ns3:hr>159</ns3:hr>
            <ns3:cad>93</ns3:cad>
          </ns3:TrackPointExtension>
        </extensions>
      </trkpt>
      <trkpt lat="30.54994217120110988616943359375" lon="104.0459626726806163787841796875">
        <ele>477</ele>
        <time>2026-09-19T13:00:43.000Z</time>
        <extensions>
          <ns3:TrackPointExtension>
            <ns3:hr>159</ns3:hr>
            <ns3:cad>93</ns3:cad>
          </ns3:TrackPointExtension>
        </extensions>
      </trkpt>
      <trkpt lat="30.54997335188090801239013671875" lon="104.04595269821584224700927734375">
        <ele>476.79998779296875</ele>
        <time>2026-09-19T13:00:44.000Z</time>
        <extensions>
          <ns3:TrackPointExtension>
            <ns3:hr>159</ns3:hr>
            <ns3:cad>92</ns3:cad>
          </ns3:TrackPointExtension>
        </extensions>
      </trkpt>
      <trkpt lat="30.54999849759042263031005859375" lon="104.0459449030458927154541015625">
        <ele>476.600006103515625</ele>
        <time>2026-09-19T13:00:45.000Z</time>
        <extensions>
          <ns3:TrackPointExtension>
            <ns3:hr>159</ns3:hr>
            <ns3:cad>92</ns3:cad>
          </ns3:TrackPointExtension>
        </extensions>
      </trkpt>
      <trkpt lat="30.55003420449793338775634765625" lon="104.04594431631267070770263671875">
        <ele>476.399993896484375</ele>
        <time>2026-09-19T13:00:46.000Z</time>
        <extensions>
          <ns3:TrackPointExtension>
            <ns3:hr>159</ns3:hr>
            <ns3:cad>92</ns3:cad>
          </ns3:TrackPointExtension>
        </extensions>
      </trkpt>
      <trkpt lat="30.55006270296871662139892578125" lon="104.0459462441504001617431640625">
        <ele>476.20001220703125</ele>
        <time>2026-09-19T13:00:47.000Z</time>
        <extensions>
          <ns3:TrackPointExtension>
            <ns3:hr>158</ns3:hr>
            <ns3:cad>92</ns3:cad>
          </ns3:TrackPointExtension>
        </extensions>
      </trkpt>
      <trkpt lat="30.5500969849526882171630859375" lon="104.04595739208161830902099609375">
        <ele>476</ele>
        <time>2026-09-19T13:00:48.000Z</time>
        <extensions>
          <ns3:TrackPointExtension>
            <ns3:hr>159</ns3:hr>
            <ns3:cad>92</ns3:cad>
          </ns3:TrackPointExtension>
        </extensions>
      </trkpt>
      <trkpt lat="30.550123639404773712158203125" lon="104.045963175594806671142578125">
        <ele>475.79998779296875</ele>
        <time>2026-09-19T13:00:49.000Z</time>
        <extensions>
          <ns3:TrackPointExtension>
            <ns3:hr>159</ns3:hr>
            <ns3:cad>92</ns3:cad>
          </ns3:TrackPointExtension>
        </extensions>
      </trkpt>
      <trkpt lat="30.55015289224684238433837890625" lon="104.04597734101116657257080078125">
        <ele>475.600006103515625</ele>
        <time>2026-09-19T13:00:50.000Z</time>
        <extensions>
          <ns3:TrackPointExtension>
            <ns3:hr>159</ns3:hr>
            <ns3:cad>90</ns3:cad>
          </ns3:TrackPointExtension>
        </extensions>
      </trkpt>
      <trkpt lat="30.5501804687082767486572265625" lon="104.04598454944789409637451171875">
        <ele>475.399993896484375</ele>
        <time>2026-09-19T13:00:51.000Z</time>
        <extensions>
          <ns3:TrackPointExtension>
            <ns3:hr>158</ns3:hr>
            <ns3:cad>91</ns3:cad>
          </ns3:TrackPointExtension>
        </extensions>
      </trkpt>
      <trkpt lat="30.550208128988742828369140625" lon="104.04599360190331935882568359375">
        <ele>475</ele>
        <time>2026-09-19T13:00:52.000Z</time>
        <extensions>
          <ns3:TrackPointExtension>
            <ns3:hr>159</ns3:hr>
            <ns3:cad>91</ns3:cad>
          </ns3:TrackPointExtension>
        </extensions>
      </trkpt>
      <trkpt lat="30.55023537017405033111572265625" lon="104.0460022352635860443115234375">
        <ele>474.79998779296875</ele>
        <time>2026-09-19T13:00:53.000Z</time>
        <extensions>
          <ns3:TrackPointExtension>
            <ns3:hr>159</ns3:hr>
            <ns3:cad>92</ns3:cad>
          </ns3:TrackPointExtension>
        </extensions>
      </trkpt>
      <trkpt lat="30.5502605997025966644287109375" lon="104.046014808118343353271484375">
        <ele>474.600006103515625</ele>
        <time>2026-09-19T13:00:54.000Z</time>
        <extensions>
          <ns3:TrackPointExtension>
            <ns3:hr>158</ns3:hr>
            <ns3:cad>93</ns3:cad>
          </ns3:TrackPointExtension>
        </extensions>
      </trkpt>
      <trkpt lat="30.550289936363697052001953125" lon="104.0460270456969738006591796875">
        <ele>474.20001220703125</ele>
        <time>2026-09-19T13:00:55.000Z</time>
        <extensions>
          <ns3:TrackPointExtension>
            <ns3:hr>158</ns3:hr>
            <ns3:cad>93</ns3:cad>
          </ns3:TrackPointExtension>
        </extensions>
      </trkpt>
      <trkpt lat="30.5503216199576854705810546875" lon="104.046034924685955047607421875">
        <ele>474</ele>
        <time>2026-09-19T13:00:56.000Z</time>
        <extensions>
          <ns3:TrackPointExtension>
            <ns3:hr>158</ns3:hr>
            <ns3:cad>93</ns3:cad>
          </ns3:TrackPointExtension>
        </extensions>
      </trkpt>
      <trkpt lat="30.55035355500876903533935546875" lon="104.046045653522014617919921875">
        <ele>473.79998779296875</ele>
        <time>2026-09-19T13:00:57.000Z</time>
        <extensions>
          <ns3:TrackPointExtension>
            <ns3:hr>158</ns3:hr>
            <ns3:cad>92</ns3:cad>
          </ns3:TrackPointExtension>
        </extensions>
      </trkpt>
      <trkpt lat="30.55037970654666423797607421875" lon="104.046046324074268341064453125">
        <ele>473.79998779296875</ele>
        <time>2026-09-19T13:00:58.000Z</time>
        <extensions>
          <ns3:TrackPointExtension>
            <ns3:hr>157</ns3:hr>
            <ns3:cad>92</ns3:cad>
          </ns3:TrackPointExtension>
        </extensions>
      </trkpt>
      <trkpt lat="30.55040904320776462554931640625" lon="104.04605328105390071868896484375">
        <ele>473.600006103515625</ele>
        <time>2026-09-19T13:00:59.000Z</time>
        <extensions>
          <ns3:TrackPointExtension>
            <ns3:hr>156</ns3:hr>
            <ns3:cad>95</ns3:cad>
          </ns3:TrackPointExtension>
        </extensions>
      </trkpt>
      <trkpt lat="30.5504349432885646820068359375" lon="104.04605529271066188812255859375">
        <ele>473.399993896484375</ele>
        <time>2026-09-19T13:01:00.000Z</time>
        <extensions>
          <ns3:TrackPointExtension>
            <ns3:hr>156</ns3:hr>
            <ns3:cad>95</ns3:cad>
          </ns3:TrackPointExtension>
        </extensions>
      </trkpt>
      <trkpt lat="30.5504624359309673309326171875" lon="104.04606535099446773529052734375">
        <ele>473.399993896484375</ele>
        <time>2026-09-19T13:01:01.000Z</time>
        <extensions>
          <ns3:TrackPointExtension>
            <ns3:hr>155</ns3:hr>
            <ns3:cad>95</ns3:cad>
          </ns3:TrackPointExtension>
        </extensions>
      </trkpt>
      <trkpt lat="30.5504880845546722412109375" lon="104.04606970958411693572998046875">
        <ele>473.20001220703125</ele>
        <time>2026-09-19T13:01:02.000Z</time>
        <extensions>
          <ns3:TrackPointExtension>
            <ns3:hr>155</ns3:hr>
            <ns3:cad>93</ns3:cad>
          </ns3:TrackPointExtension>
        </extensions>
      </trkpt>
      <trkpt lat="30.550510883331298828125" lon="104.04607473872601985931396484375">
        <ele>473.20001220703125</ele>
        <time>2026-09-19T13:01:03.000Z</time>
        <extensions>
          <ns3:TrackPointExtension>
            <ns3:hr>154</ns3:hr>
            <ns3:cad>93</ns3:cad>
          </ns3:TrackPointExtension>
        </extensions>
      </trkpt>
      <trkpt lat="30.550540387630462646484375" lon="104.0460780076682567596435546875">
        <ele>473.20001220703125</ele>
        <time>2026-09-19T13:01:04.000Z</time>
        <extensions>
          <ns3:TrackPointExtension>
            <ns3:hr>154</ns3:hr>
            <ns3:cad>91</ns3:cad>
          </ns3:TrackPointExtension>
        </extensions>
      </trkpt>
      <trkpt lat="30.55055983364582061767578125" lon="104.046080522239208221435546875">
        <ele>473.20001220703125</ele>
        <time>2026-09-19T13:01:05.000Z</time>
        <extensions>
          <ns3:TrackPointExtension>
            <ns3:hr>154</ns3:hr>
            <ns3:cad>91</ns3:cad>
          </ns3:TrackPointExtension>
        </extensions>
      </trkpt>
      <trkpt lat="30.55058774538338184356689453125" lon="104.04608764685690402984619140625">
        <ele>473.20001220703125</ele>
        <time>2026-09-19T13:01:06.000Z</time>
        <extensions>
          <ns3:TrackPointExtension>
            <ns3:hr>154</ns3:hr>
            <ns3:cad>91</ns3:cad>
          </ns3:TrackPointExtension>
        </extensions>
      </trkpt>
      <trkpt lat="30.55061222054064273834228515625" lon="104.04609099961817264556884765625">
        <ele>473.20001220703125</ele>
        <time>2026-09-19T13:01:07.000Z</time>
        <extensions>
          <ns3:TrackPointExtension>
            <ns3:hr>154</ns3:hr>
            <ns3:cad>92</ns3:cad>
          </ns3:TrackPointExtension>
        </extensions>
      </trkpt>
      <trkpt lat="30.55064356885850429534912109375" lon="104.0460850484669208526611328125">
        <ele>473</ele>
        <time>2026-09-19T13:01:08.000Z</time>
        <extensions>
          <ns3:TrackPointExtension>
            <ns3:hr>154</ns3:hr>
            <ns3:cad>92</ns3:cad>
          </ns3:TrackPointExtension>
        </extensions>
      </trkpt>
      <trkpt lat="30.55066888220608234405517578125" lon="104.0460853837430477142333984375">
        <ele>473.20001220703125</ele>
        <time>2026-09-19T13:01:09.000Z</time>
        <extensions>
          <ns3:TrackPointExtension>
            <ns3:hr>155</ns3:hr>
            <ns3:cad>93</ns3:cad>
          </ns3:TrackPointExtension>
        </extensions>
      </trkpt>
      <trkpt lat="30.55069671012461185455322265625" lon="104.04608479700982570648193359375">
        <ele>473.20001220703125</ele>
        <time>2026-09-19T13:01:10.000Z</time>
        <extensions>
          <ns3:TrackPointExtension>
            <ns3:hr>155</ns3:hr>
            <ns3:cad>92</ns3:cad>
          </ns3:TrackPointExtension>
        </extensions>
      </trkpt>
      <trkpt lat="30.5507219396531581878662109375" lon="104.04608161188662052154541015625">
        <ele>473.20001220703125</ele>
        <time>2026-09-19T13:01:11.000Z</time>
        <extensions>
          <ns3:TrackPointExtension>
            <ns3:hr>155</ns3:hr>
            <ns3:cad>92</ns3:cad>
          </ns3:TrackPointExtension>
        </extensions>
      </trkpt>
      <trkpt lat="30.550751946866512298583984375" lon="104.04608110897243022918701171875">
        <ele>473.20001220703125</ele>
        <time>2026-09-19T13:01:12.000Z</time>
        <extensions>
          <ns3:TrackPointExtension>
            <ns3:hr>154</ns3:hr>
            <ns3:cad>91</ns3:cad>
          </ns3:TrackPointExtension>
        </extensions>
      </trkpt>
      <trkpt lat="30.55077633820474147796630859375" lon="104.046079181134700775146484375">
        <ele>473.20001220703125</ele>
        <time>2026-09-19T13:01:13.000Z</time>
        <extensions>
          <ns3:TrackPointExtension>
            <ns3:hr>154</ns3:hr>
            <ns3:cad>91</ns3:cad>
          </ns3:TrackPointExtension>
        </extensions>
      </trkpt>
      <trkpt lat="30.55080316029489040374755859375" lon="104.04608110897243022918701171875">
        <ele>473.20001220703125</ele>
        <time>2026-09-19T13:01:14.000Z</time>
        <extensions>
          <ns3:TrackPointExtension>
            <ns3:hr>154</ns3:hr>
            <ns3:cad>92</ns3:cad>
          </ns3:TrackPointExtension>
        </extensions>
      </trkpt>
      <trkpt lat="30.55082269012928009033203125" lon="104.0460843779146671295166015625">
        <ele>473.20001220703125</ele>
        <time>2026-09-19T13:01:15.000Z</time>
        <extensions>
          <ns3:TrackPointExtension>
            <ns3:hr>155</ns3:hr>
            <ns3:cad>93</ns3:cad>
          </ns3:TrackPointExtension>
        </extensions>
      </trkpt>
      <trkpt lat="30.55084607563912868499755859375" lon="104.04608546756207942962646484375">
        <ele>473.20001220703125</ele>
        <time>2026-09-19T13:01:16.000Z</time>
        <extensions>
          <ns3:TrackPointExtension>
            <ns3:hr>154</ns3:hr>
            <ns3:cad>93</ns3:cad>
          </ns3:TrackPointExtension>
        </extensions>
      </trkpt>
      <trkpt lat="30.55087172426283359527587890625" lon="104.0460835397243499755859375">
        <ele>473.20001220703125</ele>
        <time>2026-09-19T13:01:17.000Z</time>
        <extensions>
          <ns3:TrackPointExtension>
            <ns3:hr>154</ns3:hr>
            <ns3:cad>93</ns3:cad>
          </ns3:TrackPointExtension>
        </extensions>
      </trkpt>
      <trkpt lat="30.55090307258069515228271484375" lon="104.046090580523014068603515625">
        <ele>473.20001220703125</ele>
        <time>2026-09-19T13:01:18.000Z</time>
        <extensions>
          <ns3:TrackPointExtension>
            <ns3:hr>155</ns3:hr>
            <ns3:cad>92</ns3:cad>
          </ns3:TrackPointExtension>
        </extensions>
      </trkpt>
      <trkpt lat="30.55093274451792240142822265625" lon="104.04609535820782184600830078125">
        <ele>473.20001220703125</ele>
        <time>2026-09-19T13:01:19.000Z</time>
        <extensions>
          <ns3:TrackPointExtension>
            <ns3:hr>154</ns3:hr>
            <ns3:cad>92</ns3:cad>
          </ns3:TrackPointExtension>
        </extensions>
      </trkpt>
      <trkpt lat="30.5509596504271030426025390625" lon="104.0461008064448833465576171875">
        <ele>473.20001220703125</ele>
        <time>2026-09-19T13:01:20.000Z</time>
        <extensions>
          <ns3:TrackPointExtension>
            <ns3:hr>154</ns3:hr>
            <ns3:cad>92</ns3:cad>
          </ns3:TrackPointExtension>
        </extensions>
      </trkpt>
      <trkpt lat="30.5509861372411251068115234375" lon="104.04609988443553447723388671875">
        <ele>473.20001220703125</ele>
        <time>2026-09-19T13:01:21.000Z</time>
        <extensions>
          <ns3:TrackPointExtension>
            <ns3:hr>155</ns3:hr>
            <ns3:cad>92</ns3:cad>
          </ns3:TrackPointExtension>
        </extensions>
      </trkpt>
      <trkpt lat="30.551007091999053955078125" lon="104.0460981242358684539794921875">
        <ele>473.20001220703125</ele>
        <time>2026-09-19T13:01:22.000Z</time>
        <extensions>
          <ns3:TrackPointExtension>
            <ns3:hr>155</ns3:hr>
            <ns3:cad>92</ns3:cad>
          </ns3:TrackPointExtension>
        </extensions>
      </trkpt>
      <trkpt lat="30.55104120634496212005615234375" lon="104.0460967831313610076904296875">
        <ele>473.20001220703125</ele>
        <time>2026-09-19T13:01:23.000Z</time>
        <extensions>
          <ns3:TrackPointExtension>
            <ns3:hr>155</ns3:hr>
            <ns3:cad>92</ns3:cad>
          </ns3:TrackPointExtension>
        </extensions>
      </trkpt>
      <trkpt lat="30.5510676093399524688720703125" lon="104.0460944361984729766845703125">
        <ele>473</ele>
        <time>2026-09-19T13:01:24.000Z</time>
        <extensions>
          <ns3:TrackPointExtension>
            <ns3:hr>154</ns3:hr>
            <ns3:cad>92</ns3:cad>
          </ns3:TrackPointExtension>
        </extensions>
      </trkpt>
      <trkpt lat="30.5511031486093997955322265625" lon="104.0460930950939655303955078125">
        <ele>473</ele>
        <time>2026-09-19T13:01:25.000Z</time>
        <extensions>
          <ns3:TrackPointExtension>
            <ns3:hr>154</ns3:hr>
            <ns3:cad>91</ns3:cad>
          </ns3:TrackPointExtension>
        </extensions>
      </trkpt>
      <trkpt lat="30.55112712085247039794921875" lon="104.0460884012281894683837890625">
        <ele>473</ele>
        <time>2026-09-19T13:01:26.000Z</time>
        <extensions>
          <ns3:TrackPointExtension>
            <ns3:hr>154</ns3:hr>
            <ns3:cad>91</ns3:cad>
          </ns3:TrackPointExtension>
        </extensions>
      </trkpt>
      <trkpt lat="30.551161654293537139892578125" lon="104.0460967831313610076904296875">
        <ele>473</ele>
        <time>2026-09-19T13:01:27.000Z</time>
        <extensions>
          <ns3:TrackPointExtension>
            <ns3:hr>155</ns3:hr>
            <ns3:cad>92</ns3:cad>
          </ns3:TrackPointExtension>
        </extensions>
      </trkpt>
      <trkpt lat="30.55118587799370288848876953125" lon="104.0460947714745998382568359375">
        <ele>473</ele>
        <time>2026-09-19T13:01:28.000Z</time>
        <extensions>
          <ns3:TrackPointExtension>
            <ns3:hr>154</ns3:hr>
            <ns3:cad>93</ns3:cad>
          </ns3:TrackPointExtension>
        </extensions>
      </trkpt>
      <trkpt lat="30.55121772922575473785400390625" lon="104.04609921388328075408935546875">
        <ele>473</ele>
        <time>2026-09-19T13:01:29.000Z</time>
        <extensions>
          <ns3:TrackPointExtension>
            <ns3:hr>154</ns3:hr>
            <ns3:cad>92</ns3:cad>
          </ns3:TrackPointExtension>
        </extensions>
      </trkpt>
      <trkpt lat="30.5512416176497936248779296875" lon="104.0460961125791072845458984375">
        <ele>473</ele>
        <time>2026-09-19T13:01:30.000Z</time>
        <extensions>
          <ns3:TrackPointExtension>
            <ns3:hr>155</ns3:hr>
            <ns3:cad>93</ns3:cad>
          </ns3:TrackPointExtension>
        </extensions>
      </trkpt>
      <trkpt lat="30.55127271451056003570556640625" lon="104.046097286045551300048828125">
        <ele>473</ele>
        <time>2026-09-19T13:01:31.000Z</time>
        <extensions>
          <ns3:TrackPointExtension>
            <ns3:hr>154</ns3:hr>
            <ns3:cad>93</ns3:cad>
          </ns3:TrackPointExtension>
        </extensions>
      </trkpt>
      <trkpt lat="30.55129266344010829925537109375" lon="104.04609519056975841522216796875">
        <ele>473</ele>
        <time>2026-09-19T13:01:32.000Z</time>
        <extensions>
          <ns3:TrackPointExtension>
            <ns3:hr>154</ns3:hr>
            <ns3:cad>93</ns3:cad>
          </ns3:TrackPointExtension>
        </extensions>
      </trkpt>
      <trkpt lat="30.55132099427282810211181640625" lon="104.046094603836536407470703125">
        <ele>473</ele>
        <time>2026-09-19T13:01:33.000Z</time>
        <extensions>
          <ns3:TrackPointExtension>
            <ns3:hr>155</ns3:hr>
            <ns3:cad>93</ns3:cad>
          </ns3:TrackPointExtension>
        </extensions>
      </trkpt>
      <trkpt lat="30.5513468943536281585693359375" lon="104.04609301127493381500244140625">
        <ele>473</ele>
        <time>2026-09-19T13:01:34.000Z</time>
        <extensions>
          <ns3:TrackPointExtension>
            <ns3:hr>155</ns3:hr>
            <ns3:cad>92</ns3:cad>
          </ns3:TrackPointExtension>
        </extensions>
      </trkpt>
      <trkpt lat="30.551372878253459930419921875" lon="104.04610072262585163116455078125">
        <ele>473</ele>
        <time>2026-09-19T13:01:35.000Z</time>
        <extensions>
          <ns3:TrackPointExtension>
            <ns3:hr>155</ns3:hr>
            <ns3:cad>92</ns3:cad>
          </ns3:TrackPointExtension>
        </extensions>
      </trkpt>
      <trkpt lat="30.5513975210487842559814453125" lon="104.046103321015834808349609375">
        <ele>473</ele>
        <time>2026-09-19T13:01:36.000Z</time>
        <extensions>
          <ns3:TrackPointExtension>
            <ns3:hr>154</ns3:hr>
            <ns3:cad>92</ns3:cad>
          </ns3:TrackPointExtension>
        </extensions>
      </trkpt>
      <trkpt lat="30.55142350494861602783203125" lon="104.0461075119674205780029296875">
        <ele>473</ele>
        <time>2026-09-19T13:01:37.000Z</time>
        <extensions>
          <ns3:TrackPointExtension>
            <ns3:hr>155</ns3:hr>
            <ns3:cad>92</ns3:cad>
          </ns3:TrackPointExtension>
        </extensions>
      </trkpt>
      <trkpt lat="30.55144898593425750732421875" lon="104.04610474593937397003173828125">
        <ele>473</ele>
        <time>2026-09-19T13:01:38.000Z</time>
        <extensions>
          <ns3:TrackPointExtension>
            <ns3:hr>155</ns3:hr>
            <ns3:cad>92</ns3:cad>
          </ns3:TrackPointExtension>
        </extensions>
      </trkpt>
      <trkpt lat="30.55147656239569187164306640625" lon="104.04609837569296360015869140625">
        <ele>472.79998779296875</ele>
        <time>2026-09-19T13:01:39.000Z</time>
        <extensions>
          <ns3:TrackPointExtension>
            <ns3:hr>155</ns3:hr>
            <ns3:cad>91</ns3:cad>
          </ns3:TrackPointExtension>
        </extensions>
      </trkpt>
      <trkpt lat="30.55151067674160003662109375" lon="104.046093933284282684326171875">
        <ele>472.79998779296875</ele>
        <time>2026-09-19T13:01:40.000Z</time>
        <extensions>
          <ns3:TrackPointExtension>
            <ns3:hr>155</ns3:hr>
            <ns3:cad>91</ns3:cad>
          </ns3:TrackPointExtension>
        </extensions>
      </trkpt>
      <trkpt lat="30.55153775028884410858154296875" lon="104.04608714394271373748779296875">
        <ele>472.79998779296875</ele>
        <time>2026-09-19T13:01:41.000Z</time>
        <extensions>
          <ns3:TrackPointExtension>
            <ns3:hr>155</ns3:hr>
            <ns3:cad>93</ns3:cad>
          </ns3:TrackPointExtension>
        </extensions>
      </trkpt>
      <trkpt lat="30.5515654943883419036865234375" lon="104.04608211480081081390380859375">
        <ele>472.79998779296875</ele>
        <time>2026-09-19T13:01:42.000Z</time>
        <extensions>
          <ns3:TrackPointExtension>
            <ns3:hr>155</ns3:hr>
            <ns3:cad>93</ns3:cad>
          </ns3:TrackPointExtension>
        </extensions>
      </trkpt>
      <trkpt lat="30.55159055627882480621337890625" lon="104.04608060605823993682861328125">
        <ele>472.79998779296875</ele>
        <time>2026-09-19T13:01:43.000Z</time>
        <extensions>
          <ns3:TrackPointExtension>
            <ns3:hr>156</ns3:hr>
            <ns3:cad>93</ns3:cad>
          </ns3:TrackPointExtension>
        </extensions>
      </trkpt>
      <trkpt lat="30.551620982587337493896484375" lon="104.04608194716274738311767578125">
        <ele>472.79998779296875</ele>
        <time>2026-09-19T13:01:44.000Z</time>
        <extensions>
          <ns3:TrackPointExtension>
            <ns3:hr>156</ns3:hr>
            <ns3:cad>92</ns3:cad>
          </ns3:TrackPointExtension>
        </extensions>
      </trkpt>
      <trkpt lat="30.55165057070553302764892578125" lon="104.04608228243887424468994140625">
        <ele>473</ele>
        <time>2026-09-19T13:01:45.000Z</time>
        <extensions>
          <ns3:TrackPointExtension>
            <ns3:hr>156</ns3:hr>
            <ns3:cad>93</ns3:cad>
          </ns3:TrackPointExtension>
        </extensions>
      </trkpt>
      <trkpt lat="30.5516875348985195159912109375" lon="104.0460796840488910675048828125">
        <ele>473</ele>
        <time>2026-09-19T13:01:46.000Z</time>
        <extensions>
          <ns3:TrackPointExtension>
            <ns3:hr>156</ns3:hr>
            <ns3:cad>92</ns3:cad>
          </ns3:TrackPointExtension>
        </extensions>
      </trkpt>
      <trkpt lat="30.551712177693843841552734375" lon="104.04607322998344898223876953125">
        <ele>472.79998779296875</ele>
        <time>2026-09-19T13:01:47.000Z</time>
        <extensions>
          <ns3:TrackPointExtension>
            <ns3:hr>156</ns3:hr>
            <ns3:cad>92</ns3:cad>
          </ns3:TrackPointExtension>
        </extensions>
      </trkpt>
      <trkpt lat="30.55174092762172222137451171875" lon="104.0460674464702606201171875">
        <ele>472.79998779296875</ele>
        <time>2026-09-19T13:01:48.000Z</time>
        <extensions>
          <ns3:TrackPointExtension>
            <ns3:hr>156</ns3:hr>
            <ns3:cad>91</ns3:cad>
          </ns3:TrackPointExtension>
        </extensions>
      </trkpt>
      <trkpt lat="30.55176406167447566986083984375" lon="104.04606216587126255035400390625">
        <ele>472.79998779296875</ele>
        <time>2026-09-19T13:01:49.000Z</time>
        <extensions>
          <ns3:TrackPointExtension>
            <ns3:hr>156</ns3:hr>
            <ns3:cad>91</ns3:cad>
          </ns3:TrackPointExtension>
        </extensions>
      </trkpt>
      <trkpt lat="30.551795661449432373046875" lon="104.046061076223850250244140625">
        <ele>472.79998779296875</ele>
        <time>2026-09-19T13:01:50.000Z</time>
        <extensions>
          <ns3:TrackPointExtension>
            <ns3:hr>156</ns3:hr>
            <ns3:cad>94</ns3:cad>
          </ns3:TrackPointExtension>
        </extensions>
      </trkpt>
      <trkpt lat="30.55181904695928096771240234375" lon="104.04605613090097904205322265625">
        <ele>472.79998779296875</ele>
        <time>2026-09-19T13:01:51.000Z</time>
        <extensions>
          <ns3:TrackPointExtension>
            <ns3:hr>156</ns3:hr>
            <ns3:cad>94</ns3:cad>
          </ns3:TrackPointExtension>
        </extensions>
      </trkpt>
      <trkpt lat="30.55184838362038135528564453125" lon="104.046054370701313018798828125">
        <ele>472.79998779296875</ele>
        <time>2026-09-19T13:01:52.000Z</time>
        <extensions>
          <ns3:TrackPointExtension>
            <ns3:hr>156</ns3:hr>
            <ns3:cad>94</ns3:cad>
          </ns3:TrackPointExtension>
        </extensions>
      </trkpt>
      <trkpt lat="30.55187411606311798095703125" lon="104.0460491739213466644287109375">
        <ele>472.79998779296875</ele>
        <time>2026-09-19T13:01:53.000Z</time>
        <extensions>
          <ns3:TrackPointExtension>
            <ns3:hr>156</ns3:hr>
            <ns3:cad>93</ns3:cad>
          </ns3:TrackPointExtension>
        </extensions>
      </trkpt>
      <trkpt lat="30.5518984235823154449462890625" lon="104.046042971312999725341796875">
        <ele>472.79998779296875</ele>
        <time>2026-09-19T13:01:54.000Z</time>
        <extensions>
          <ns3:TrackPointExtension>
            <ns3:hr>156</ns3:hr>
            <ns3:cad>92</ns3:cad>
          </ns3:TrackPointExtension>
        </extensions>
      </trkpt>
      <trkpt lat="30.55193169973790645599365234375" lon="104.04604171402752399444580078125">
        <ele>472.79998779296875</ele>
        <time>2026-09-19T13:01:55.000Z</time>
        <extensions>
          <ns3:TrackPointExtension>
            <ns3:hr>156</ns3:hr>
            <ns3:cad>92</ns3:cad>
          </ns3:TrackPointExtension>
        </extensions>
      </trkpt>
      <trkpt lat="30.551953576505184173583984375" lon="104.0460337512195110321044921875">
        <ele>472.79998779296875</ele>
        <time>2026-09-19T13:01:56.000Z</time>
        <extensions>
          <ns3:TrackPointExtension>
            <ns3:hr>156</ns3:hr>
            <ns3:cad>91</ns3:cad>
          </ns3:TrackPointExtension>
        </extensions>
      </trkpt>
      <trkpt lat="30.5519855953752994537353515625" lon="104.04602729715406894683837890625">
        <ele>472.79998779296875</ele>
        <time>2026-09-19T13:01:57.000Z</time>
        <extensions>
          <ns3:TrackPointExtension>
            <ns3:hr>156</ns3:hr>
            <ns3:cad>91</ns3:cad>
          </ns3:TrackPointExtension>
        </extensions>
      </trkpt>
      <trkpt lat="30.55201090872287750244140625" lon="104.04602193273603916168212890625">
        <ele>472.79998779296875</ele>
        <time>2026-09-19T13:01:58.000Z</time>
        <extensions>
          <ns3:TrackPointExtension>
            <ns3:hr>157</ns3:hr>
            <ns3:cad>92</ns3:cad>
          </ns3:TrackPointExtension>
        </extensions>
      </trkpt>
      <trkpt lat="30.55204619653522968292236328125" lon="104.04601975344121456146240234375">
        <ele>472.79998779296875</ele>
        <time>2026-09-19T13:01:59.000Z</time>
        <extensions>
          <ns3:TrackPointExtension>
            <ns3:hr>157</ns3:hr>
            <ns3:cad>92</ns3:cad>
          </ns3:TrackPointExtension>
        </extensions>
      </trkpt>
      <trkpt lat="30.552070923149585723876953125" lon="104.046012125909328460693359375">
        <ele>472.79998779296875</ele>
        <time>2026-09-19T13:02:00.000Z</time>
        <extensions>
          <ns3:TrackPointExtension>
            <ns3:hr>157</ns3:hr>
            <ns3:cad>92</ns3:cad>
          </ns3:TrackPointExtension>
        </extensions>
      </trkpt>
      <trkpt lat="30.5521054565906524658203125" lon="104.04600718058645725250244140625">
        <ele>472.79998779296875</ele>
        <time>2026-09-19T13:02:01.000Z</time>
        <extensions>
          <ns3:TrackPointExtension>
            <ns3:hr>157</ns3:hr>
            <ns3:cad>93</ns3:cad>
          </ns3:TrackPointExtension>
        </extensions>
      </trkpt>
      <trkpt lat="30.55213102139532566070556640625" lon="104.04600013978779315948486328125">
        <ele>472.79998779296875</ele>
        <time>2026-09-19T13:02:02.000Z</time>
        <extensions>
          <ns3:TrackPointExtension>
            <ns3:hr>157</ns3:hr>
            <ns3:cad>92</ns3:cad>
          </ns3:TrackPointExtension>
        </extensions>
      </trkpt>
      <trkpt lat="30.55216111242771148681640625" lon="104.045998044312000274658203125">
        <ele>472.79998779296875</ele>
        <time>2026-09-19T13:02:03.000Z</time>
        <extensions>
          <ns3:TrackPointExtension>
            <ns3:hr>157</ns3:hr>
            <ns3:cad>92</ns3:cad>
          </ns3:TrackPointExtension>
        </extensions>
      </trkpt>
      <trkpt lat="30.5521837435662746429443359375" lon="104.0459923446178436279296875">
        <ele>472.79998779296875</ele>
        <time>2026-09-19T13:02:04.000Z</time>
        <extensions>
          <ns3:TrackPointExtension>
            <ns3:hr>157</ns3:hr>
            <ns3:cad>92</ns3:cad>
          </ns3:TrackPointExtension>
        </extensions>
      </trkpt>
      <trkpt lat="30.55221098475158214569091796875" lon="104.045989327132701873779296875">
        <ele>472.600006103515625</ele>
        <time>2026-09-19T13:02:05.000Z</time>
        <extensions>
          <ns3:TrackPointExtension>
            <ns3:hr>156</ns3:hr>
            <ns3:cad>92</ns3:cad>
          </ns3:TrackPointExtension>
        </extensions>
      </trkpt>
      <trkpt lat="30.55223487317562103271484375" lon="104.04598253779113292694091796875">
        <ele>472.600006103515625</ele>
        <time>2026-09-19T13:02:06.000Z</time>
        <extensions>
          <ns3:TrackPointExtension>
            <ns3:hr>157</ns3:hr>
            <ns3:cad>93</ns3:cad>
          </ns3:TrackPointExtension>
        </extensions>
      </trkpt>
      <trkpt lat="30.55226345546543598175048828125" lon="104.04598119668662548065185546875">
        <ele>472.600006103515625</ele>
        <time>2026-09-19T13:02:07.000Z</time>
        <extensions>
          <ns3:TrackPointExtension>
            <ns3:hr>157</ns3:hr>
            <ns3:cad>92</ns3:cad>
          </ns3:TrackPointExtension>
        </extensions>
      </trkpt>
      <trkpt lat="30.5522930435836315155029296875" lon="104.04597834683954715728759765625">
        <ele>472.600006103515625</ele>
        <time>2026-09-19T13:02:08.000Z</time>
        <extensions>
          <ns3:TrackPointExtension>
            <ns3:hr>157</ns3:hr>
            <ns3:cad>92</ns3:cad>
          </ns3:TrackPointExtension>
        </extensions>
      </trkpt>
      <trkpt lat="30.55231424979865550994873046875" lon="104.04597599990665912628173828125">
        <ele>472.600006103515625</ele>
        <time>2026-09-19T13:02:09.000Z</time>
        <extensions>
          <ns3:TrackPointExtension>
            <ns3:hr>158</ns3:hr>
            <ns3:cad>92</ns3:cad>
          </ns3:TrackPointExtension>
        </extensions>
      </trkpt>
      <trkpt lat="30.55234006606042385101318359375" lon="104.0459713898599147796630859375">
        <ele>472.600006103515625</ele>
        <time>2026-09-19T13:02:10.000Z</time>
        <extensions>
          <ns3:TrackPointExtension>
            <ns3:hr>157</ns3:hr>
            <ns3:cad>92</ns3:cad>
          </ns3:TrackPointExtension>
        </extensions>
      </trkpt>
      <trkpt lat="30.55236227810382843017578125" lon="104.0459663607180118560791015625">
        <ele>472.600006103515625</ele>
        <time>2026-09-19T13:02:11.000Z</time>
        <extensions>
          <ns3:TrackPointExtension>
            <ns3:hr>157</ns3:hr>
            <ns3:cad>92</ns3:cad>
          </ns3:TrackPointExtension>
        </extensions>
      </trkpt>
      <trkpt lat="30.5523932911455631256103515625" lon="104.04596124775707721710205078125">
        <ele>472.600006103515625</ele>
        <time>2026-09-19T13:02:12.000Z</time>
        <extensions>
          <ns3:TrackPointExtension>
            <ns3:hr>157</ns3:hr>
            <ns3:cad>92</ns3:cad>
          </ns3:TrackPointExtension>
        </extensions>
      </trkpt>
      <trkpt lat="30.55242019705474376678466796875" lon="104.04595370404422283172607421875">
        <ele>472.600006103515625</ele>
        <time>2026-09-19T13:02:13.000Z</time>
        <extensions>
          <ns3:TrackPointExtension>
            <ns3:hr>157</ns3:hr>
            <ns3:cad>91</ns3:cad>
          </ns3:TrackPointExtension>
        </extensions>
      </trkpt>
      <trkpt lat="30.55244676768779754638671875" lon="104.0459462441504001617431640625">
        <ele>472.600006103515625</ele>
        <time>2026-09-19T13:02:14.000Z</time>
        <extensions>
          <ns3:TrackPointExtension>
            <ns3:hr>158</ns3:hr>
            <ns3:cad>91</ns3:cad>
          </ns3:TrackPointExtension>
        </extensions>
      </trkpt>
      <trkpt lat="30.55247216485440731048583984375" lon="104.04593911953270435333251953125">
        <ele>472.600006103515625</ele>
        <time>2026-09-19T13:02:15.000Z</time>
        <extensions>
          <ns3:TrackPointExtension>
            <ns3:hr>157</ns3:hr>
            <ns3:cad>91</ns3:cad>
          </ns3:TrackPointExtension>
        </extensions>
      </trkpt>
      <trkpt lat="30.55250401608645915985107421875" lon="104.0459405444562435150146484375">
        <ele>472.600006103515625</ele>
        <time>2026-09-19T13:02:16.000Z</time>
        <extensions>
          <ns3:TrackPointExtension>
            <ns3:hr>157</ns3:hr>
            <ns3:cad>92</ns3:cad>
          </ns3:TrackPointExtension>
        </extensions>
      </trkpt>
      <trkpt lat="30.5525280721485614776611328125" lon="104.045937359333038330078125">
        <ele>472.600006103515625</ele>
        <time>2026-09-19T13:02:17.000Z</time>
        <extensions>
          <ns3:TrackPointExtension>
            <ns3:hr>158</ns3:hr>
            <ns3:cad>93</ns3:cad>
          </ns3:TrackPointExtension>
        </extensions>
      </trkpt>
      <trkpt lat="30.55255807936191558837890625" lon="104.04593643732368946075439453125">
        <ele>472.399993896484375</ele>
        <time>2026-09-19T13:02:18.000Z</time>
        <extensions>
          <ns3:TrackPointExtension>
            <ns3:hr>157</ns3:hr>
            <ns3:cad>92</ns3:cad>
          </ns3:TrackPointExtension>
        </extensions>
      </trkpt>
      <trkpt lat="30.55258213542401790618896484375" lon="104.04593341983854770660400390625">
        <ele>472.399993896484375</ele>
        <time>2026-09-19T13:02:19.000Z</time>
        <extensions>
          <ns3:TrackPointExtension>
            <ns3:hr>157</ns3:hr>
            <ns3:cad>92</ns3:cad>
          </ns3:TrackPointExtension>
        </extensions>
      </trkpt>
      <trkpt lat="30.55261281318962574005126953125" lon="104.04593559913337230682373046875">
        <ele>472.399993896484375</ele>
        <time>2026-09-19T13:02:20.000Z</time>
        <extensions>
          <ns3:TrackPointExtension>
            <ns3:hr>158</ns3:hr>
            <ns3:cad>92</ns3:cad>
          </ns3:TrackPointExtension>
        </extensions>
      </trkpt>
      <trkpt lat="30.55263896472752094268798828125" lon="104.0459341742098331451416015625">
        <ele>472.399993896484375</ele>
        <time>2026-09-19T13:02:21.000Z</time>
        <extensions>
          <ns3:TrackPointExtension>
            <ns3:hr>157</ns3:hr>
            <ns3:cad>92</ns3:cad>
          </ns3:TrackPointExtension>
        </extensions>
      </trkpt>
      <trkpt lat="30.55267165414988994598388671875" lon="104.04593945480883121490478515625">
        <ele>472.399993896484375</ele>
        <time>2026-09-19T13:02:22.000Z</time>
        <extensions>
          <ns3:TrackPointExtension>
            <ns3:hr>158</ns3:hr>
            <ns3:cad>92</ns3:cad>
          </ns3:TrackPointExtension>
        </extensions>
      </trkpt>
      <trkpt lat="30.55270149372518062591552734375" lon="104.0459415502846240997314453125">
        <ele>472.399993896484375</ele>
        <time>2026-09-19T13:02:23.000Z</time>
        <extensions>
          <ns3:TrackPointExtension>
            <ns3:hr>158</ns3:hr>
            <ns3:cad>92</ns3:cad>
          </ns3:TrackPointExtension>
        </extensions>
      </trkpt>
      <trkpt lat="30.55273066274821758270263671875" lon="104.0459435619413852691650390625">
        <ele>472.399993896484375</ele>
        <time>2026-09-19T13:02:24.000Z</time>
        <extensions>
          <ns3:TrackPointExtension>
            <ns3:hr>157</ns3:hr>
            <ns3:cad>92</ns3:cad>
          </ns3:TrackPointExtension>
        </extensions>
      </trkpt>
      <trkpt lat="30.55275765247642993927001953125" lon="104.0459435619413852691650390625">
        <ele>472.399993896484375</ele>
        <time>2026-09-19T13:02:25.000Z</time>
        <extensions>
          <ns3:TrackPointExtension>
            <ns3:hr>157</ns3:hr>
            <ns3:cad>92</ns3:cad>
          </ns3:TrackPointExtension>
        </extensions>
      </trkpt>
      <trkpt lat="30.5527848936617374420166015625" lon="104.0459469147026538848876953125">
        <ele>472.399993896484375</ele>
        <time>2026-09-19T13:02:26.000Z</time>
        <extensions>
          <ns3:TrackPointExtension>
            <ns3:hr>157</ns3:hr>
            <ns3:cad>92</ns3:cad>
          </ns3:TrackPointExtension>
        </extensions>
      </trkpt>
      <trkpt lat="30.55280894972383975982666015625" lon="104.04594196937978267669677734375">
        <ele>472.600006103515625</ele>
        <time>2026-09-19T13:02:27.000Z</time>
        <extensions>
          <ns3:TrackPointExtension>
            <ns3:hr>157</ns3:hr>
            <ns3:cad>92</ns3:cad>
          </ns3:TrackPointExtension>
        </extensions>
      </trkpt>
      <trkpt lat="30.55283426307141780853271484375" lon="104.04593744315207004547119140625">
        <ele>472.600006103515625</ele>
        <time>2026-09-19T13:02:28.000Z</time>
        <extensions>
          <ns3:TrackPointExtension>
            <ns3:hr>158</ns3:hr>
            <ns3:cad>92</ns3:cad>
          </ns3:TrackPointExtension>
        </extensions>
      </trkpt>
      <trkpt lat="30.5528623424470424652099609375" lon="104.04593006707727909088134765625">
        <ele>472.600006103515625</ele>
        <time>2026-09-19T13:02:29.000Z</time>
        <extensions>
          <ns3:TrackPointExtension>
            <ns3:hr>157</ns3:hr>
            <ns3:cad>92</ns3:cad>
          </ns3:TrackPointExtension>
        </extensions>
      </trkpt>
      <trkpt lat="30.55288589559495449066162109375" lon="104.045923613011837005615234375">
        <ele>472.600006103515625</ele>
        <time>2026-09-19T13:02:30.000Z</time>
        <extensions>
          <ns3:TrackPointExtension>
            <ns3:hr>157</ns3:hr>
            <ns3:cad>92</ns3:cad>
          </ns3:TrackPointExtension>
        </extensions>
      </trkpt>
      <trkpt lat="30.55291841737926006317138671875" lon="104.04591984115540981292724609375">
        <ele>472.600006103515625</ele>
        <time>2026-09-19T13:02:31.000Z</time>
        <extensions>
          <ns3:TrackPointExtension>
            <ns3:hr>157</ns3:hr>
            <ns3:cad>92</ns3:cad>
          </ns3:TrackPointExtension>
        </extensions>
      </trkpt>
      <trkpt lat="30.5529438145458698272705078125" lon="104.04592327773571014404296875">
        <ele>472.600006103515625</ele>
        <time>2026-09-19T13:02:32.000Z</time>
        <extensions>
          <ns3:TrackPointExtension>
            <ns3:hr>158</ns3:hr>
            <ns3:cad>91</ns3:cad>
          </ns3:TrackPointExtension>
        </extensions>
      </trkpt>
      <trkpt lat="30.5529780127108097076416015625" lon="104.04592704959213733673095703125">
        <ele>472.79998779296875</ele>
        <time>2026-09-19T13:02:33.000Z</time>
        <extensions>
          <ns3:TrackPointExtension>
            <ns3:hr>157</ns3:hr>
            <ns3:cad>91</ns3:cad>
          </ns3:TrackPointExtension>
        </extensions>
      </trkpt>
      <trkpt lat="30.552999973297119140625" lon="104.0459226071834564208984375">
        <ele>472.79998779296875</ele>
        <time>2026-09-19T13:02:34.000Z</time>
        <extensions>
          <ns3:TrackPointExtension>
            <ns3:hr>157</ns3:hr>
            <ns3:cad>91</ns3:cad>
          </ns3:TrackPointExtension>
        </extensions>
      </trkpt>
      <trkpt lat="30.5530313216149806976318359375" lon="104.045922942459583282470703125">
        <ele>472.79998779296875</ele>
        <time>2026-09-19T13:02:35.000Z</time>
        <extensions>
          <ns3:TrackPointExtension>
            <ns3:hr>156</ns3:hr>
            <ns3:cad>92</ns3:cad>
          </ns3:TrackPointExtension>
        </extensions>
      </trkpt>
      <trkpt lat="30.55305319838225841522216796875" lon="104.04592285864055156707763671875">
        <ele>472.79998779296875</ele>
        <time>2026-09-19T13:02:36.000Z</time>
        <extensions>
          <ns3:TrackPointExtension>
            <ns3:hr>156</ns3:hr>
            <ns3:cad>92</ns3:cad>
          </ns3:TrackPointExtension>
        </extensions>
      </trkpt>
      <trkpt lat="30.5530853010714054107666015625" lon="104.04593274928629398345947265625">
        <ele>472.79998779296875</ele>
        <time>2026-09-19T13:02:37.000Z</time>
        <extensions>
          <ns3:TrackPointExtension>
            <ns3:hr>156</ns3:hr>
            <ns3:cad>92</ns3:cad>
          </ns3:TrackPointExtension>
        </extensions>
      </trkpt>
      <trkpt lat="30.55310868658125400543212890625" lon="104.04593593440949916839599609375">
        <ele>472.79998779296875</ele>
        <time>2026-09-19T13:02:38.000Z</time>
        <extensions>
          <ns3:TrackPointExtension>
            <ns3:hr>156</ns3:hr>
            <ns3:cad>92</ns3:cad>
          </ns3:TrackPointExtension>
        </extensions>
      </trkpt>
      <trkpt lat="30.5531409569084644317626953125" lon="104.045944400131702423095703125">
        <ele>472.79998779296875</ele>
        <time>2026-09-19T13:02:39.000Z</time>
        <extensions>
          <ns3:TrackPointExtension>
            <ns3:hr>156</ns3:hr>
            <ns3:cad>92</ns3:cad>
          </ns3:TrackPointExtension>
        </extensions>
      </trkpt>
      <trkpt lat="30.55316803045570850372314453125" lon="104.045944400131702423095703125">
        <ele>472.79998779296875</ele>
        <time>2026-09-19T13:02:40.000Z</time>
        <extensions>
          <ns3:TrackPointExtension>
            <ns3:hr>156</ns3:hr>
            <ns3:cad>91</ns3:cad>
          </ns3:TrackPointExtension>
        </extensions>
      </trkpt>
      <trkpt lat="30.55320155806839466094970703125" lon="104.04595420695841312408447265625">
        <ele>472.79998779296875</ele>
        <time>2026-09-19T13:02:41.000Z</time>
        <extensions>
          <ns3:TrackPointExtension>
            <ns3:hr>156</ns3:hr>
            <ns3:cad>91</ns3:cad>
          </ns3:TrackPointExtension>
        </extensions>
      </trkpt>
      <trkpt lat="30.55322553031146526336669921875" lon="104.045956134796142578125">
        <ele>472.79998779296875</ele>
        <time>2026-09-19T13:02:42.000Z</time>
        <extensions>
          <ns3:TrackPointExtension>
            <ns3:hr>156</ns3:hr>
            <ns3:cad>91</ns3:cad>
          </ns3:TrackPointExtension>
        </extensions>
      </trkpt>
      <trkpt lat="30.55325545370578765869140625" lon="104.04596351087093353271484375">
        <ele>472.79998779296875</ele>
        <time>2026-09-19T13:02:43.000Z</time>
        <extensions>
          <ns3:TrackPointExtension>
            <ns3:hr>156</ns3:hr>
            <ns3:cad>91</ns3:cad>
          </ns3:TrackPointExtension>
        </extensions>
      </trkpt>
      <trkpt lat="30.55327825248241424560546875" lon="104.045965187251567840576171875">
        <ele>472.79998779296875</ele>
        <time>2026-09-19T13:02:44.000Z</time>
        <extensions>
          <ns3:TrackPointExtension>
            <ns3:hr>156</ns3:hr>
            <ns3:cad>92</ns3:cad>
          </ns3:TrackPointExtension>
        </extensions>
      </trkpt>
      <trkpt lat="30.55330482311546802520751953125" lon="104.04597398824989795684814453125">
        <ele>473</ele>
        <time>2026-09-19T13:02:45.000Z</time>
        <extensions>
          <ns3:TrackPointExtension>
            <ns3:hr>156</ns3:hr>
            <ns3:cad>93</ns3:cad>
          </ns3:TrackPointExtension>
        </extensions>
      </trkpt>
      <trkpt lat="30.5533270351588726043701171875" lon="104.04597826302051544189453125">
        <ele>473</ele>
        <time>2026-09-19T13:02:46.000Z</time>
        <extensions>
          <ns3:TrackPointExtension>
            <ns3:hr>156</ns3:hr>
            <ns3:cad>92</ns3:cad>
          </ns3:TrackPointExtension>
        </extensions>
      </trkpt>
      <trkpt lat="30.5533500015735626220703125" lon="104.04598773457109928131103515625">
        <ele>473</ele>
        <time>2026-09-19T13:02:47.000Z</time>
        <extensions>
          <ns3:TrackPointExtension>
            <ns3:hr>156</ns3:hr>
            <ns3:cad>92</ns3:cad>
          </ns3:TrackPointExtension>
        </extensions>
      </trkpt>
      <trkpt lat="30.5533679388463497161865234375" lon="104.0459950268268585205078125">
        <ele>473</ele>
        <time>2026-09-19T13:02:48.000Z</time>
        <extensions>
          <ns3:TrackPointExtension>
            <ns3:hr>156</ns3:hr>
            <ns3:cad>92</ns3:cad>
          </ns3:TrackPointExtension>
        </extensions>
      </trkpt>
      <trkpt lat="30.5533950962126255035400390625" lon="104.046010784804821014404296875">
        <ele>473</ele>
        <time>2026-09-19T13:02:49.000Z</time>
        <extensions>
          <ns3:TrackPointExtension>
            <ns3:hr>156</ns3:hr>
            <ns3:cad>92</ns3:cad>
          </ns3:TrackPointExtension>
        </extensions>
      </trkpt>
      <trkpt lat="30.55341479368507862091064453125" lon="104.04602008871734142303466796875">
        <ele>473</ele>
        <time>2026-09-19T13:02:50.000Z</time>
        <extensions>
          <ns3:TrackPointExtension>
            <ns3:hr>156</ns3:hr>
            <ns3:cad>92</ns3:cad>
          </ns3:TrackPointExtension>
        </extensions>
      </trkpt>
      <trkpt lat="30.55343650281429290771484375" lon="104.04602712951600551605224609375">
        <ele>473</ele>
        <time>2026-09-19T13:02:51.000Z</time>
        <extensions>
          <ns3:TrackPointExtension>
            <ns3:hr>157</ns3:hr>
            <ns3:cad>92</ns3:cad>
          </ns3:TrackPointExtension>
        </extensions>
      </trkpt>
      <trkpt lat="30.55345955304801464080810546875" lon="104.04604129493236541748046875">
        <ele>473</ele>
        <time>2026-09-19T13:02:52.000Z</time>
        <extensions>
          <ns3:TrackPointExtension>
            <ns3:hr>156</ns3:hr>
            <ns3:cad>91</ns3:cad>
          </ns3:TrackPointExtension>
        </extensions>
      </trkpt>
      <trkpt lat="30.553481765091419219970703125" lon="104.04606007039546966552734375">
        <ele>473</ele>
        <time>2026-09-19T13:02:53.000Z</time>
        <extensions>
          <ns3:TrackPointExtension>
            <ns3:hr>156</ns3:hr>
            <ns3:cad>91</ns3:cad>
          </ns3:TrackPointExtension>
        </extensions>
      </trkpt>
      <trkpt lat="30.55350967682898044586181640625" lon="104.0460847131907939910888671875">
        <ele>473</ele>
        <time>2026-09-19T13:02:54.000Z</time>
        <extensions>
          <ns3:TrackPointExtension>
            <ns3:hr>156</ns3:hr>
            <ns3:cad>92</ns3:cad>
          </ns3:TrackPointExtension>
        </extensions>
      </trkpt>
      <trkpt lat="30.55352426134049892425537109375" lon="104.04611262492835521697998046875">
        <ele>473</ele>
        <time>2026-09-19T13:02:55.000Z</time>
        <extensions>
          <ns3:TrackPointExtension>
            <ns3:hr>156</ns3:hr>
            <ns3:cad>93</ns3:cad>
          </ns3:TrackPointExtension>
        </extensions>
      </trkpt>
      <trkpt lat="30.5535362474620342254638671875" lon="104.04614724218845367431640625">
        <ele>473</ele>
        <time>2026-09-19T13:02:56.000Z</time>
        <extensions>
          <ns3:TrackPointExtension>
            <ns3:hr>156</ns3:hr>
            <ns3:cad>92</ns3:cad>
          </ns3:TrackPointExtension>
        </extensions>
      </trkpt>
      <trkpt lat="30.5535516701638698577880859375" lon="104.04617381282150745391845703125">
        <ele>473.20001220703125</ele>
        <time>2026-09-19T13:02:57.000Z</time>
        <extensions>
          <ns3:TrackPointExtension>
            <ns3:hr>156</ns3:hr>
            <ns3:cad>92</ns3:cad>
          </ns3:TrackPointExtension>
        </extensions>
      </trkpt>
      <trkpt lat="30.5535617284476757049560546875" lon="104.04620599932968616485595703125">
        <ele>473.20001220703125</ele>
        <time>2026-09-19T13:02:58.000Z</time>
        <extensions>
          <ns3:TrackPointExtension>
            <ns3:hr>156</ns3:hr>
            <ns3:cad>92</ns3:cad>
          </ns3:TrackPointExtension>
        </extensions>
      </trkpt>
      <trkpt lat="30.55356516502797603607177734375" lon="104.04623365961015224456787109375">
        <ele>473.20001220703125</ele>
        <time>2026-09-19T13:02:59.000Z</time>
        <extensions>
          <ns3:TrackPointExtension>
            <ns3:hr>157</ns3:hr>
            <ns3:cad>92</ns3:cad>
          </ns3:TrackPointExtension>
        </extensions>
      </trkpt>
      <trkpt lat="30.55357170291244983673095703125" lon="104.0462672710418701171875">
        <ele>473.20001220703125</ele>
        <time>2026-09-19T13:03:00.000Z</time>
        <extensions>
          <ns3:TrackPointExtension>
            <ns3:hr>156</ns3:hr>
            <ns3:cad>90</ns3:cad>
          </ns3:TrackPointExtension>
        </extensions>
      </trkpt>
      <trkpt lat="30.553574971854686737060546875" lon="104.04629585333168506622314453125">
        <ele>473.399993896484375</ele>
        <time>2026-09-19T13:03:01.000Z</time>
        <extensions>
          <ns3:TrackPointExtension>
            <ns3:hr>156</ns3:hr>
            <ns3:cad>90</ns3:cad>
          </ns3:TrackPointExtension>
        </extensions>
      </trkpt>
      <trkpt lat="30.55357840843498706817626953125" lon="104.04633357189595699310302734375">
        <ele>473.399993896484375</ele>
        <time>2026-09-19T13:03:02.000Z</time>
        <extensions>
          <ns3:TrackPointExtension>
            <ns3:hr>156</ns3:hr>
            <ns3:cad>90</ns3:cad>
          </ns3:TrackPointExtension>
        </extensions>
      </trkpt>
      <trkpt lat="30.553578995168209075927734375" lon="104.04636307619512081146240234375">
        <ele>473.399993896484375</ele>
        <time>2026-09-19T13:03:03.000Z</time>
        <extensions>
          <ns3:TrackPointExtension>
            <ns3:hr>157</ns3:hr>
            <ns3:cad>90</ns3:cad>
          </ns3:TrackPointExtension>
        </extensions>
      </trkpt>
      <trkpt lat="30.5535734631121158599853515625" lon="104.04639576561748981475830078125">
        <ele>473.399993896484375</ele>
        <time>2026-09-19T13:03:04.000Z</time>
        <extensions>
          <ns3:TrackPointExtension>
            <ns3:hr>157</ns3:hr>
            <ns3:cad>90</ns3:cad>
          </ns3:TrackPointExtension>
        </extensions>
      </trkpt>
      <trkpt lat="30.5535573698580265045166015625" lon="104.0464250184595584869384765625">
        <ele>473.399993896484375</ele>
        <time>2026-09-19T13:03:05.000Z</time>
        <extensions>
          <ns3:TrackPointExtension>
            <ns3:hr>157</ns3:hr>
            <ns3:cad>90</ns3:cad>
          </ns3:TrackPointExtension>
        </extensions>
      </trkpt>
      <trkpt lat="30.5535362474620342254638671875" lon="104.04643884859979152679443359375">
        <ele>473.399993896484375</ele>
        <time>2026-09-19T13:03:06.000Z</time>
        <extensions>
          <ns3:TrackPointExtension>
            <ns3:hr>157</ns3:hr>
            <ns3:cad>90</ns3:cad>
          </ns3:TrackPointExtension>
        </extensions>
      </trkpt>
      <trkpt lat="30.5535151250660419464111328125" lon="104.04643683694303035736083984375">
        <ele>473.399993896484375</ele>
        <time>2026-09-19T13:03:07.000Z</time>
        <extensions>
          <ns3:TrackPointExtension>
            <ns3:hr>157</ns3:hr>
            <ns3:cad>90</ns3:cad>
          </ns3:TrackPointExtension>
        </extensions>
      </trkpt>
      <trkpt lat="30.5534913204610347747802734375" lon="104.04642862267792224884033203125">
        <ele>473.399993896484375</ele>
        <time>2026-09-19T13:03:08.000Z</time>
        <extensions>
          <ns3:TrackPointExtension>
            <ns3:hr>157</ns3:hr>
            <ns3:cad>90</ns3:cad>
          </ns3:TrackPointExtension>
        </extensions>
      </trkpt>
      <trkpt lat="30.55347598157823085784912109375" lon="104.0464188158512115478515625">
        <ele>473.399993896484375</ele>
        <time>2026-09-19T13:03:09.000Z</time>
        <extensions>
          <ns3:TrackPointExtension>
            <ns3:hr>158</ns3:hr>
            <ns3:cad>90</ns3:cad>
          </ns3:TrackPointExtension>
        </extensions>
      </trkpt>
      <trkpt lat="30.553454943001270294189453125" lon="104.04640146531164646148681640625">
        <ele>473.600006103515625</ele>
        <time>2026-09-19T13:03:10.000Z</time>
        <extensions>
          <ns3:TrackPointExtension>
            <ns3:hr>158</ns3:hr>
            <ns3:cad>90</ns3:cad>
          </ns3:TrackPointExtension>
        </extensions>
      </trkpt>
      <trkpt lat="30.55343650281429290771484375" lon="104.0463908202946186065673828125">
        <ele>473.600006103515625</ele>
        <time>2026-09-19T13:03:11.000Z</time>
        <extensions>
          <ns3:TrackPointExtension>
            <ns3:hr>158</ns3:hr>
            <ns3:cad>89</ns3:cad>
          </ns3:TrackPointExtension>
        </extensions>
      </trkpt>
      <trkpt lat="30.553415715694427490234375" lon="104.04638168402016162872314453125">
        <ele>473.79998779296875</ele>
        <time>2026-09-19T13:03:12.000Z</time>
        <extensions>
          <ns3:TrackPointExtension>
            <ns3:hr>158</ns3:hr>
            <ns3:cad>88</ns3:cad>
          </ns3:TrackPointExtension>
        </extensions>
      </trkpt>
      <trkpt lat="30.5533957667648792266845703125" lon="104.04637916944921016693115234375">
        <ele>473.79998779296875</ele>
        <time>2026-09-19T13:03:13.000Z</time>
        <extensions>
          <ns3:TrackPointExtension>
            <ns3:hr>157</ns3:hr>
            <ns3:cad>89</ns3:cad>
          </ns3:TrackPointExtension>
        </extensions>
      </trkpt>
      <trkpt lat="30.5533766560256481170654296875" lon="104.0463750623166561126708984375">
        <ele>473.79998779296875</ele>
        <time>2026-09-19T13:03:14.000Z</time>
        <extensions>
          <ns3:TrackPointExtension>
            <ns3:hr>158</ns3:hr>
            <ns3:cad>89</ns3:cad>
          </ns3:TrackPointExtension>
        </extensions>
      </trkpt>
      <trkpt lat="30.55335192941129207611083984375" lon="104.04636072926223278045654296875">
        <ele>474</ele>
        <time>2026-09-19T13:03:15.000Z</time>
        <extensions>
          <ns3:TrackPointExtension>
            <ns3:hr>158</ns3:hr>
            <ns3:cad>90</ns3:cad>
          </ns3:TrackPointExtension>
        </extensions>
      </trkpt>
      <trkpt lat="30.55333013646304607391357421875" lon="104.04635469429194927215576171875">
        <ele>474</ele>
        <time>2026-09-19T13:03:16.000Z</time>
        <extensions>
          <ns3:TrackPointExtension>
            <ns3:hr>159</ns3:hr>
            <ns3:cad>90</ns3:cad>
          </ns3:TrackPointExtension>
        </extensions>
      </trkpt>
      <trkpt lat="30.55330364964902400970458984375" lon="104.04634195379912853240966796875">
        <ele>474</ele>
        <time>2026-09-19T13:03:17.000Z</time>
        <extensions>
          <ns3:TrackPointExtension>
            <ns3:hr>159</ns3:hr>
            <ns3:cad>90</ns3:cad>
          </ns3:TrackPointExtension>
        </extensions>
      </trkpt>
      <trkpt lat="30.5532767437398433685302734375" lon="104.04632837511599063873291015625">
        <ele>474</ele>
        <time>2026-09-19T13:03:18.000Z</time>
        <extensions>
          <ns3:TrackPointExtension>
            <ns3:hr>159</ns3:hr>
            <ns3:cad>89</ns3:cad>
          </ns3:TrackPointExtension>
        </extensions>
      </trkpt>
      <trkpt lat="30.55325252003967761993408203125" lon="104.0463101863861083984375">
        <ele>474</ele>
        <time>2026-09-19T13:03:19.000Z</time>
        <extensions>
          <ns3:TrackPointExtension>
            <ns3:hr>159</ns3:hr>
            <ns3:cad>89</ns3:cad>
          </ns3:TrackPointExtension>
        </extensions>
      </trkpt>
      <trkpt lat="30.553227625787258148193359375" lon="104.04630406759679317474365234375">
        <ele>474</ele>
        <time>2026-09-19T13:03:20.000Z</time>
        <extensions>
          <ns3:TrackPointExtension>
            <ns3:hr>159</ns3:hr>
            <ns3:cad>89</ns3:cad>
          </ns3:TrackPointExtension>
        </extensions>
      </trkpt>
      <trkpt lat="30.55320155806839466094970703125" lon="104.046297781169414520263671875">
        <ele>473.79998779296875</ele>
        <time>2026-09-19T13:03:21.000Z</time>
        <extensions>
          <ns3:TrackPointExtension>
            <ns3:hr>159</ns3:hr>
            <ns3:cad>89</ns3:cad>
          </ns3:TrackPointExtension>
        </extensions>
      </trkpt>
      <trkpt lat="30.55317205376923084259033203125" lon="104.046297781169414520263671875">
        <ele>473.79998779296875</ele>
        <time>2026-09-19T13:03:22.000Z</time>
        <extensions>
          <ns3:TrackPointExtension>
            <ns3:hr>159</ns3:hr>
            <ns3:cad>90</ns3:cad>
          </ns3:TrackPointExtension>
        </extensions>
      </trkpt>
      <trkpt lat="30.5531463213264942169189453125" lon="104.0462949313223361968994140625">
        <ele>473.79998779296875</ele>
        <time>2026-09-19T13:03:23.000Z</time>
        <extensions>
          <ns3:TrackPointExtension>
            <ns3:hr>159</ns3:hr>
            <ns3:cad>90</ns3:cad>
          </ns3:TrackPointExtension>
        </extensions>
      </trkpt>
      <trkpt lat="30.55311773903667926788330078125" lon="104.0462939254939556121826171875">
        <ele>473.79998779296875</ele>
        <time>2026-09-19T13:03:24.000Z</time>
        <extensions>
          <ns3:TrackPointExtension>
            <ns3:hr>159</ns3:hr>
            <ns3:cad>91</ns3:cad>
          </ns3:TrackPointExtension>
        </extensions>
      </trkpt>
      <trkpt lat="30.55309309624135494232177734375" lon="104.04629199765622615814208984375">
        <ele>473.79998779296875</ele>
        <time>2026-09-19T13:03:25.000Z</time>
        <extensions>
          <ns3:TrackPointExtension>
            <ns3:hr>159</ns3:hr>
            <ns3:cad>92</ns3:cad>
          </ns3:TrackPointExtension>
        </extensions>
      </trkpt>
      <trkpt lat="30.5530641786754131317138671875" lon="104.04628881253302097320556640625">
        <ele>473.79998779296875</ele>
        <time>2026-09-19T13:03:26.000Z</time>
        <extensions>
          <ns3:TrackPointExtension>
            <ns3:hr>159</ns3:hr>
            <ns3:cad>92</ns3:cad>
          </ns3:TrackPointExtension>
        </extensions>
      </trkpt>
      <trkpt lat="30.55304297246038913726806640625" lon="104.046286381781101226806640625">
        <ele>473.79998779296875</ele>
        <time>2026-09-19T13:03:27.000Z</time>
        <extensions>
          <ns3:TrackPointExtension>
            <ns3:hr>159</ns3:hr>
            <ns3:cad>92</ns3:cad>
          </ns3:TrackPointExtension>
        </extensions>
      </trkpt>
      <trkpt lat="30.55301631800830364227294921875" lon="104.046285040676593780517578125">
        <ele>473.600006103515625</ele>
        <time>2026-09-19T13:03:28.000Z</time>
        <extensions>
          <ns3:TrackPointExtension>
            <ns3:hr>159</ns3:hr>
            <ns3:cad>92</ns3:cad>
          </ns3:TrackPointExtension>
        </extensions>
      </trkpt>
      <trkpt lat="30.55299930274486541748046875" lon="104.0462892316281795501708984375">
        <ele>473.600006103515625</ele>
        <time>2026-09-19T13:03:29.000Z</time>
        <extensions>
          <ns3:TrackPointExtension>
            <ns3:hr>158</ns3:hr>
            <ns3:cad>92</ns3:cad>
          </ns3:TrackPointExtension>
        </extensions>
      </trkpt>
      <trkpt lat="30.55297055281698703765869140625" lon="104.04629300348460674285888671875">
        <ele>473.600006103515625</ele>
        <time>2026-09-19T13:03:30.000Z</time>
        <extensions>
          <ns3:TrackPointExtension>
            <ns3:hr>159</ns3:hr>
            <ns3:cad>92</ns3:cad>
          </ns3:TrackPointExtension>
        </extensions>
      </trkpt>
      <trkpt lat="30.552949011325836181640625" lon="104.0462976135313510894775390625">
        <ele>473.600006103515625</ele>
        <time>2026-09-19T13:03:31.000Z</time>
        <extensions>
          <ns3:TrackPointExtension>
            <ns3:hr>159</ns3:hr>
            <ns3:cad>92</ns3:cad>
          </ns3:TrackPointExtension>
        </extensions>
      </trkpt>
      <trkpt lat="30.55291950702667236328125" lon="104.0462992899119853973388671875">
        <ele>473.600006103515625</ele>
        <time>2026-09-19T13:03:32.000Z</time>
        <extensions>
          <ns3:TrackPointExtension>
            <ns3:hr>159</ns3:hr>
            <ns3:cad>92</ns3:cad>
          </ns3:TrackPointExtension>
        </extensions>
      </trkpt>
      <trkpt lat="30.55289444513618946075439453125" lon="104.04630389995872974395751953125">
        <ele>473.600006103515625</ele>
        <time>2026-09-19T13:03:33.000Z</time>
        <extensions>
          <ns3:TrackPointExtension>
            <ns3:hr>159</ns3:hr>
            <ns3:cad>91</ns3:cad>
          </ns3:TrackPointExtension>
        </extensions>
      </trkpt>
      <trkpt lat="30.55286787450313568115234375" lon="104.04631027020514011383056640625">
        <ele>473.600006103515625</ele>
        <time>2026-09-19T13:03:34.000Z</time>
        <extensions>
          <ns3:TrackPointExtension>
            <ns3:hr>159</ns3:hr>
            <ns3:cad>91</ns3:cad>
          </ns3:TrackPointExtension>
        </extensions>
      </trkpt>
      <trkpt lat="30.55284683592617511749267578125" lon="104.0463220886886119842529296875">
        <ele>473.600006103515625</ele>
        <time>2026-09-19T13:03:35.000Z</time>
        <extensions>
          <ns3:TrackPointExtension>
            <ns3:hr>159</ns3:hr>
            <ns3:cad>92</ns3:cad>
          </ns3:TrackPointExtension>
        </extensions>
      </trkpt>
      <trkpt lat="30.55282093584537506103515625" lon="104.04633005149662494659423828125">
        <ele>473.600006103515625</ele>
        <time>2026-09-19T13:03:36.000Z</time>
        <extensions>
          <ns3:TrackPointExtension>
            <ns3:hr>159</ns3:hr>
            <ns3:cad>93</ns3:cad>
          </ns3:TrackPointExtension>
        </extensions>
      </trkpt>
      <trkpt lat="30.55279738269746303558349609375" lon="104.04634094797074794769287109375">
        <ele>473.600006103515625</ele>
        <time>2026-09-19T13:03:37.000Z</time>
        <extensions>
          <ns3:TrackPointExtension>
            <ns3:hr>159</ns3:hr>
            <ns3:cad>93</ns3:cad>
          </ns3:TrackPointExtension>
        </extensions>
      </trkpt>
      <trkpt lat="30.55277223698794841766357421875" lon="104.0463475696742534637451171875">
        <ele>473.79998779296875</ele>
        <time>2026-09-19T13:03:38.000Z</time>
        <extensions>
          <ns3:TrackPointExtension>
            <ns3:hr>159</ns3:hr>
            <ns3:cad>93</ns3:cad>
          </ns3:TrackPointExtension>
        </extensions>
      </trkpt>
      <trkpt lat="30.5527510307729244232177734375" lon="104.04636257328093051910400390625">
        <ele>473.79998779296875</ele>
        <time>2026-09-19T13:03:39.000Z</time>
        <extensions>
          <ns3:TrackPointExtension>
            <ns3:hr>159</ns3:hr>
            <ns3:cad>92</ns3:cad>
          </ns3:TrackPointExtension>
        </extensions>
      </trkpt>
      <trkpt lat="30.5527329258620738983154296875" lon="104.0463770739734172821044921875">
        <ele>473.79998779296875</ele>
        <time>2026-09-19T13:03:40.000Z</time>
        <extensions>
          <ns3:TrackPointExtension>
            <ns3:hr>159</ns3:hr>
            <ns3:cad>91</ns3:cad>
          </ns3:TrackPointExtension>
        </extensions>
      </trkpt>
      <trkpt lat="30.552712976932525634765625" lon="104.046395011246204376220703125">
        <ele>474</ele>
        <time>2026-09-19T13:03:41.000Z</time>
        <extensions>
          <ns3:TrackPointExtension>
            <ns3:hr>159</ns3:hr>
            <ns3:cad>92</ns3:cad>
          </ns3:TrackPointExtension>
        </extensions>
      </trkpt>
      <trkpt lat="30.55269889533519744873046875" lon="104.0464107692241668701171875">
        <ele>474</ele>
        <time>2026-09-19T13:03:42.000Z</time>
        <extensions>
          <ns3:TrackPointExtension>
            <ns3:hr>159</ns3:hr>
            <ns3:cad>92</ns3:cad>
          </ns3:TrackPointExtension>
        </extensions>
      </trkpt>
      <trkpt lat="30.55266813375055789947509765625" lon="104.0464303828775882720947265625">
        <ele>474</ele>
        <time>2026-09-19T13:03:43.000Z</time>
        <extensions>
          <ns3:TrackPointExtension>
            <ns3:hr>158</ns3:hr>
            <ns3:cad>92</ns3:cad>
          </ns3:TrackPointExtension>
        </extensions>
      </trkpt>
      <trkpt lat="30.552652962505817413330078125" lon="104.04644806869328022003173828125">
        <ele>474.20001220703125</ele>
        <time>2026-09-19T13:03:44.000Z</time>
        <extensions>
          <ns3:TrackPointExtension>
            <ns3:hr>158</ns3:hr>
            <ns3:cad>92</ns3:cad>
          </ns3:TrackPointExtension>
        </extensions>
      </trkpt>
      <trkpt lat="30.55262672714889049530029296875" lon="104.04646550305187702178955078125">
        <ele>474.20001220703125</ele>
        <time>2026-09-19T13:03:45.000Z</time>
        <extensions>
          <ns3:TrackPointExtension>
            <ns3:hr>158</ns3:hr>
            <ns3:cad>91</ns3:cad>
          </ns3:TrackPointExtension>
        </extensions>
      </trkpt>
      <trkpt lat="30.55261247791349887847900390625" lon="104.046484194695949554443359375">
        <ele>474.399993896484375</ele>
        <time>2026-09-19T13:03:46.000Z</time>
        <extensions>
          <ns3:TrackPointExtension>
            <ns3:hr>158</ns3:hr>
            <ns3:cad>92</ns3:cad>
          </ns3:TrackPointExtension>
        </extensions>
      </trkpt>
      <trkpt lat="30.5525850690901279449462890625" lon="104.046500958502292633056640625">
        <ele>474.399993896484375</ele>
        <time>2026-09-19T13:03:47.000Z</time>
        <extensions>
          <ns3:TrackPointExtension>
            <ns3:hr>158</ns3:hr>
            <ns3:cad>92</ns3:cad>
          </ns3:TrackPointExtension>
        </extensions>
      </trkpt>
      <trkpt lat="30.5525662936270236968994140625" lon="104.0465195663273334503173828125">
        <ele>474.399993896484375</ele>
        <time>2026-09-19T13:03:48.000Z</time>
        <extensions>
          <ns3:TrackPointExtension>
            <ns3:hr>158</ns3:hr>
            <ns3:cad>92</ns3:cad>
          </ns3:TrackPointExtension>
        </extensions>
      </trkpt>
      <trkpt lat="30.5525394715368747711181640625" lon="104.046527110040187835693359375">
        <ele>474.399993896484375</ele>
        <time>2026-09-19T13:03:49.000Z</time>
        <extensions>
          <ns3:TrackPointExtension>
            <ns3:hr>158</ns3:hr>
            <ns3:cad>92</ns3:cad>
          </ns3:TrackPointExtension>
        </extensions>
      </trkpt>
      <trkpt lat="30.55251843295991420745849609375" lon="104.0465380065143108367919921875">
        <ele>474.399993896484375</ele>
        <time>2026-09-19T13:03:50.000Z</time>
        <extensions>
          <ns3:TrackPointExtension>
            <ns3:hr>158</ns3:hr>
            <ns3:cad>92</ns3:cad>
          </ns3:TrackPointExtension>
        </extensions>
      </trkpt>
      <trkpt lat="30.552491359412670135498046875" lon="104.04654228128492832183837890625">
        <ele>474.399993896484375</ele>
        <time>2026-09-19T13:03:51.000Z</time>
        <extensions>
          <ns3:TrackPointExtension>
            <ns3:hr>158</ns3:hr>
            <ns3:cad>92</ns3:cad>
          </ns3:TrackPointExtension>
        </extensions>
      </trkpt>
      <trkpt lat="30.55246889591217041015625" lon="104.04655535705387592315673828125">
        <ele>474.399993896484375</ele>
        <time>2026-09-19T13:03:52.000Z</time>
        <extensions>
          <ns3:TrackPointExtension>
            <ns3:hr>158</ns3:hr>
            <ns3:cad>93</ns3:cad>
          </ns3:TrackPointExtension>
        </extensions>
      </trkpt>
      <trkpt lat="30.55244249291718006134033203125" lon="104.04655703343451023101806640625">
        <ele>474.399993896484375</ele>
        <time>2026-09-19T13:03:53.000Z</time>
        <extensions>
          <ns3:TrackPointExtension>
            <ns3:hr>158</ns3:hr>
            <ns3:cad>93</ns3:cad>
          </ns3:TrackPointExtension>
        </extensions>
      </trkpt>
      <trkpt lat="30.55242137052118778228759765625" lon="104.04656424187123775482177734375">
        <ele>474.600006103515625</ele>
        <time>2026-09-19T13:03:54.000Z</time>
        <extensions>
          <ns3:TrackPointExtension>
            <ns3:hr>158</ns3:hr>
            <ns3:cad>92</ns3:cad>
          </ns3:TrackPointExtension>
        </extensions>
      </trkpt>
      <trkpt lat="30.55239639244973659515380859375" lon="104.046564660966396331787109375">
        <ele>474.600006103515625</ele>
        <time>2026-09-19T13:03:55.000Z</time>
        <extensions>
          <ns3:TrackPointExtension>
            <ns3:hr>158</ns3:hr>
            <ns3:cad>92</ns3:cad>
          </ns3:TrackPointExtension>
        </extensions>
      </trkpt>
      <trkpt lat="30.552376694977283477783203125" lon="104.04656826518476009368896484375">
        <ele>474.600006103515625</ele>
        <time>2026-09-19T13:03:56.000Z</time>
        <extensions>
          <ns3:TrackPointExtension>
            <ns3:hr>158</ns3:hr>
            <ns3:cad>92</ns3:cad>
          </ns3:TrackPointExtension>
        </extensions>
      </trkpt>
      <trkpt lat="30.552352555096149444580078125" lon="104.0465690195560455322265625">
        <ele>474.79998779296875</ele>
        <time>2026-09-19T13:03:57.000Z</time>
        <extensions>
          <ns3:TrackPointExtension>
            <ns3:hr>157</ns3:hr>
            <ns3:cad>92</ns3:cad>
          </ns3:TrackPointExtension>
        </extensions>
      </trkpt>
      <trkpt lat="30.5523319356143474578857421875" lon="104.04657379724085330963134765625">
        <ele>474.79998779296875</ele>
        <time>2026-09-19T13:03:58.000Z</time>
        <extensions>
          <ns3:TrackPointExtension>
            <ns3:hr>157</ns3:hr>
            <ns3:cad>92</ns3:cad>
          </ns3:TrackPointExtension>
        </extensions>
      </trkpt>
      <trkpt lat="30.5523067899048328399658203125" lon="104.04656876809895038604736328125">
        <ele>474.79998779296875</ele>
        <time>2026-09-19T13:03:59.000Z</time>
        <extensions>
          <ns3:TrackPointExtension>
            <ns3:hr>157</ns3:hr>
            <ns3:cad>92</ns3:cad>
          </ns3:TrackPointExtension>
        </extensions>
      </trkpt>
      <trkpt lat="30.55228273384273052215576171875" lon="104.04657044447958469390869140625">
        <ele>474.79998779296875</ele>
        <time>2026-09-19T13:04:00.000Z</time>
        <extensions>
          <ns3:TrackPointExtension>
            <ns3:hr>157</ns3:hr>
            <ns3:cad>92</ns3:cad>
          </ns3:TrackPointExtension>
        </extensions>
      </trkpt>
      <trkpt lat="30.55226043798029422760009765625" lon="104.046572037041187286376953125">
        <ele>474.79998779296875</ele>
        <time>2026-09-19T13:04:01.000Z</time>
        <extensions>
          <ns3:TrackPointExtension>
            <ns3:hr>157</ns3:hr>
            <ns3:cad>92</ns3:cad>
          </ns3:TrackPointExtension>
        </extensions>
      </trkpt>
      <trkpt lat="30.552233196794986724853515625" lon="104.0465732105076313018798828125">
        <ele>474.79998779296875</ele>
        <time>2026-09-19T13:04:02.000Z</time>
        <extensions>
          <ns3:TrackPointExtension>
            <ns3:hr>157</ns3:hr>
            <ns3:cad>92</ns3:cad>
          </ns3:TrackPointExtension>
        </extensions>
      </trkpt>
      <trkpt lat="30.55220796726644039154052734375" lon="104.04657849110662937164306640625">
        <ele>474.600006103515625</ele>
        <time>2026-09-19T13:04:03.000Z</time>
        <extensions>
          <ns3:TrackPointExtension>
            <ns3:hr>157</ns3:hr>
            <ns3:cad>92</ns3:cad>
          </ns3:TrackPointExtension>
        </extensions>
      </trkpt>
      <trkpt lat="30.55217846296727657318115234375" lon="104.04657949693500995635986328125">
        <ele>474.600006103515625</ele>
        <time>2026-09-19T13:04:04.000Z</time>
        <extensions>
          <ns3:TrackPointExtension>
            <ns3:hr>156</ns3:hr>
            <ns3:cad>92</ns3:cad>
          </ns3:TrackPointExtension>
        </extensions>
      </trkpt>
      <trkpt lat="30.55215432308614253997802734375" lon="104.046581424772739410400390625">
        <ele>474.600006103515625</ele>
        <time>2026-09-19T13:04:05.000Z</time>
        <extensions>
          <ns3:TrackPointExtension>
            <ns3:hr>156</ns3:hr>
            <ns3:cad>92</ns3:cad>
          </ns3:TrackPointExtension>
        </extensions>
      </trkpt>
      <trkpt lat="30.55212263949215412139892578125" lon="104.0465825982391834259033203125">
        <ele>474.600006103515625</ele>
        <time>2026-09-19T13:04:06.000Z</time>
        <extensions>
          <ns3:TrackPointExtension>
            <ns3:hr>156</ns3:hr>
            <ns3:cad>92</ns3:cad>
          </ns3:TrackPointExtension>
        </extensions>
      </trkpt>
      <trkpt lat="30.55210051126778125762939453125" lon="104.0465943329036235809326171875">
        <ele>474.600006103515625</ele>
        <time>2026-09-19T13:04:07.000Z</time>
        <extensions>
          <ns3:TrackPointExtension>
            <ns3:hr>156</ns3:hr>
            <ns3:cad>93</ns3:cad>
          </ns3:TrackPointExtension>
        </extensions>
      </trkpt>
      <trkpt lat="30.5520707555115222930908203125" lon="104.04659290798008441925048828125">
        <ele>474.600006103515625</ele>
        <time>2026-09-19T13:04:08.000Z</time>
        <extensions>
          <ns3:TrackPointExtension>
            <ns3:hr>156</ns3:hr>
            <ns3:cad>92</ns3:cad>
          </ns3:TrackPointExtension>
        </extensions>
      </trkpt>
      <trkpt lat="30.5520516447722911834716796875" lon="104.0465983562171459197998046875">
        <ele>474.600006103515625</ele>
        <time>2026-09-19T13:04:09.000Z</time>
        <extensions>
          <ns3:TrackPointExtension>
            <ns3:hr>156</ns3:hr>
            <ns3:cad>93</ns3:cad>
          </ns3:TrackPointExtension>
        </extensions>
      </trkpt>
      <trkpt lat="30.55202390067279338836669921875" lon="104.046597182750701904296875">
        <ele>474.600006103515625</ele>
        <time>2026-09-19T13:04:10.000Z</time>
        <extensions>
          <ns3:TrackPointExtension>
            <ns3:hr>156</ns3:hr>
            <ns3:cad>93</ns3:cad>
          </ns3:TrackPointExtension>
        </extensions>
      </trkpt>
      <trkpt lat="30.55200495757162570953369140625" lon="104.04660196043550968170166015625">
        <ele>474.399993896484375</ele>
        <time>2026-09-19T13:04:11.000Z</time>
        <extensions>
          <ns3:TrackPointExtension>
            <ns3:hr>156</ns3:hr>
            <ns3:cad>93</ns3:cad>
          </ns3:TrackPointExtension>
        </extensions>
      </trkpt>
      <trkpt lat="30.55197729729115962982177734375" lon="104.04659517109394073486328125">
        <ele>474.600006103515625</ele>
        <time>2026-09-19T13:04:12.000Z</time>
        <extensions>
          <ns3:TrackPointExtension>
            <ns3:hr>156</ns3:hr>
            <ns3:cad>92</ns3:cad>
          </ns3:TrackPointExtension>
        </extensions>
      </trkpt>
      <trkpt lat="30.5519552528858184814453125" lon="104.04659642837941646575927734375">
        <ele>474.600006103515625</ele>
        <time>2026-09-19T13:04:13.000Z</time>
        <extensions>
          <ns3:TrackPointExtension>
            <ns3:hr>156</ns3:hr>
            <ns3:cad>91</ns3:cad>
          </ns3:TrackPointExtension>
        </extensions>
      </trkpt>
      <trkpt lat="30.5519249103963375091552734375" lon="104.046586118638515472412109375">
        <ele>474.600006103515625</ele>
        <time>2026-09-19T13:04:14.000Z</time>
        <extensions>
          <ns3:TrackPointExtension>
            <ns3:hr>156</ns3:hr>
            <ns3:cad>92</ns3:cad>
          </ns3:TrackPointExtension>
        </extensions>
      </trkpt>
      <trkpt lat="30.5519091524183750152587890625" lon="104.04658720828592777252197265625">
        <ele>474.399993896484375</ele>
        <time>2026-09-19T13:04:15.000Z</time>
        <extensions>
          <ns3:TrackPointExtension>
            <ns3:hr>156</ns3:hr>
            <ns3:cad>92</ns3:cad>
          </ns3:TrackPointExtension>
        </extensions>
      </trkpt>
      <trkpt lat="30.55188308469951152801513671875" lon="104.046575389802455902099609375">
        <ele>474.399993896484375</ele>
        <time>2026-09-19T13:04:16.000Z</time>
        <extensions>
          <ns3:TrackPointExtension>
            <ns3:hr>157</ns3:hr>
            <ns3:cad>92</ns3:cad>
          </ns3:TrackPointExtension>
        </extensions>
      </trkpt>
      <trkpt lat="30.55186129175126552581787109375" lon="104.04656977392733097076416015625">
        <ele>474.600006103515625</ele>
        <time>2026-09-19T13:04:17.000Z</time>
        <extensions>
          <ns3:TrackPointExtension>
            <ns3:hr>156</ns3:hr>
            <ns3:cad>92</ns3:cad>
          </ns3:TrackPointExtension>
        </extensions>
      </trkpt>
      <trkpt lat="30.5518394149839878082275390625" lon="104.04656290076673030853271484375">
        <ele>474.600006103515625</ele>
        <time>2026-09-19T13:04:18.000Z</time>
        <extensions>
          <ns3:TrackPointExtension>
            <ns3:hr>156</ns3:hr>
            <ns3:cad>92</ns3:cad>
          </ns3:TrackPointExtension>
        </extensions>
      </trkpt>
      <trkpt lat="30.5518135987222194671630859375" lon="104.0465534292161464691162109375">
        <ele>474.600006103515625</ele>
        <time>2026-09-19T13:04:19.000Z</time>
        <extensions>
          <ns3:TrackPointExtension>
            <ns3:hr>156</ns3:hr>
            <ns3:cad>92</ns3:cad>
          </ns3:TrackPointExtension>
        </extensions>
      </trkpt>
      <trkpt lat="30.55178468115627765655517578125" lon="104.0465447120368480682373046875">
        <ele>474.600006103515625</ele>
        <time>2026-09-19T13:04:20.000Z</time>
        <extensions>
          <ns3:TrackPointExtension>
            <ns3:hr>156</ns3:hr>
            <ns3:cad>92</ns3:cad>
          </ns3:TrackPointExtension>
        </extensions>
      </trkpt>
      <trkpt lat="30.5517566017806529998779296875" lon="104.04653406701982021331787109375">
        <ele>474.600006103515625</ele>
        <time>2026-09-19T13:04:21.000Z</time>
        <extensions>
          <ns3:TrackPointExtension>
            <ns3:hr>156</ns3:hr>
            <ns3:cad>92</ns3:cad>
          </ns3:TrackPointExtension>
        </extensions>
      </trkpt>
      <trkpt lat="30.55173137225210666656494140625" lon="104.046520404517650604248046875">
        <ele>474.600006103515625</ele>
        <time>2026-09-19T13:04:22.000Z</time>
        <extensions>
          <ns3:TrackPointExtension>
            <ns3:hr>156</ns3:hr>
            <ns3:cad>92</ns3:cad>
          </ns3:TrackPointExtension>
        </extensions>
      </trkpt>
      <trkpt lat="30.55170270614326000213623046875" lon="104.04650934040546417236328125">
        <ele>474.600006103515625</ele>
        <time>2026-09-19T13:04:23.000Z</time>
        <extensions>
          <ns3:TrackPointExtension>
            <ns3:hr>156</ns3:hr>
            <ns3:cad>92</ns3:cad>
          </ns3:TrackPointExtension>
        </extensions>
      </trkpt>
      <trkpt lat="30.5516811646521091461181640625" lon="104.04649995267391204833984375">
        <ele>474.600006103515625</ele>
        <time>2026-09-19T13:04:24.000Z</time>
        <extensions>
          <ns3:TrackPointExtension>
            <ns3:hr>156</ns3:hr>
            <ns3:cad>91</ns3:cad>
          </ns3:TrackPointExtension>
        </extensions>
      </trkpt>
      <trkpt lat="30.5516556836664676666259765625" lon="104.0464930795133113861083984375">
        <ele>474.600006103515625</ele>
        <time>2026-09-19T13:04:25.000Z</time>
        <extensions>
          <ns3:TrackPointExtension>
            <ns3:hr>156</ns3:hr>
            <ns3:cad>91</ns3:cad>
          </ns3:TrackPointExtension>
        </extensions>
      </trkpt>
      <trkpt lat="30.55163405835628509521484375" lon="104.04648595489561557769775390625">
        <ele>474.399993896484375</ele>
        <time>2026-09-19T13:04:26.000Z</time>
        <extensions>
          <ns3:TrackPointExtension>
            <ns3:hr>157</ns3:hr>
            <ns3:cad>92</ns3:cad>
          </ns3:TrackPointExtension>
        </extensions>
      </trkpt>
      <trkpt lat="30.5516090802848339080810546875" lon="104.04647723771631717681884765625">
        <ele>474.399993896484375</ele>
        <time>2026-09-19T13:04:27.000Z</time>
        <extensions>
          <ns3:TrackPointExtension>
            <ns3:hr>157</ns3:hr>
            <ns3:cad>92</ns3:cad>
          </ns3:TrackPointExtension>
        </extensions>
      </trkpt>
      <trkpt lat="30.551592148840427398681640625" lon="104.04646986164152622222900390625">
        <ele>474.600006103515625</ele>
        <time>2026-09-19T13:04:28.000Z</time>
        <extensions>
          <ns3:TrackPointExtension>
            <ns3:hr>157</ns3:hr>
            <ns3:cad>92</ns3:cad>
          </ns3:TrackPointExtension>
        </extensions>
      </trkpt>
      <trkpt lat="30.5515718646347522735595703125" lon="104.04646131210029125213623046875">
        <ele>474.399993896484375</ele>
        <time>2026-09-19T13:04:29.000Z</time>
        <extensions>
          <ns3:TrackPointExtension>
            <ns3:hr>158</ns3:hr>
            <ns3:cad>92</ns3:cad>
          </ns3:TrackPointExtension>
        </extensions>
      </trkpt>
      <trkpt lat="30.55155853740870952606201171875" lon="104.0464572049677371978759765625">
        <ele>474.399993896484375</ele>
        <time>2026-09-19T13:04:30.000Z</time>
        <extensions>
          <ns3:TrackPointExtension>
            <ns3:hr>158</ns3:hr>
            <ns3:cad>92</ns3:cad>
          </ns3:TrackPointExtension>
        </extensions>
      </trkpt>
      <trkpt lat="30.55153288878500461578369140625" lon="104.04644924215972423553466796875">
        <ele>474.600006103515625</ele>
        <time>2026-09-19T13:04:31.000Z</time>
        <extensions>
          <ns3:TrackPointExtension>
            <ns3:hr>158</ns3:hr>
            <ns3:cad>92</ns3:cad>
          </ns3:TrackPointExtension>
        </extensions>
      </trkpt>
      <trkpt lat="30.5515115149319171905517578125" lon="104.046447984874248504638671875">
        <ele>474.600006103515625</ele>
        <time>2026-09-19T13:04:32.000Z</time>
        <extensions>
          <ns3:TrackPointExtension>
            <ns3:hr>158</ns3:hr>
            <ns3:cad>92</ns3:cad>
          </ns3:TrackPointExtension>
        </extensions>
      </trkpt>
      <trkpt lat="30.55148511193692684173583984375" lon="104.0464464761316776275634765625">
        <ele>474.399993896484375</ele>
        <time>2026-09-19T13:04:33.000Z</time>
        <extensions>
          <ns3:TrackPointExtension>
            <ns3:hr>158</ns3:hr>
            <ns3:cad>92</ns3:cad>
          </ns3:TrackPointExtension>
        </extensions>
      </trkpt>
      <trkpt lat="30.55145644582808017730712890625" lon="104.0464456379413604736328125">
        <ele>474.399993896484375</ele>
        <time>2026-09-19T13:04:34.000Z</time>
        <extensions>
          <ns3:TrackPointExtension>
            <ns3:hr>157</ns3:hr>
            <ns3:cad>92</ns3:cad>
          </ns3:TrackPointExtension>
        </extensions>
      </trkpt>
      <trkpt lat="30.55142350494861602783203125" lon="104.04644119553267955780029296875">
        <ele>474.399993896484375</ele>
        <time>2026-09-19T13:04:35.000Z</time>
        <extensions>
          <ns3:TrackPointExtension>
            <ns3:hr>158</ns3:hr>
            <ns3:cad>92</ns3:cad>
          </ns3:TrackPointExtension>
        </extensions>
      </trkpt>
      <trkpt lat="30.55138989351689815521240234375" lon="104.04643817804753780364990234375">
        <ele>474.399993896484375</ele>
        <time>2026-09-19T13:04:36.000Z</time>
        <extensions>
          <ns3:TrackPointExtension>
            <ns3:hr>158</ns3:hr>
            <ns3:cad>92</ns3:cad>
          </ns3:TrackPointExtension>
        </extensions>
      </trkpt>
      <trkpt lat="30.55135720409452915191650390625" lon="104.04642778448760509490966796875">
        <ele>474.399993896484375</ele>
        <time>2026-09-19T13:04:37.000Z</time>
        <extensions>
          <ns3:TrackPointExtension>
            <ns3:hr>157</ns3:hr>
            <ns3:cad>92</ns3:cad>
          </ns3:TrackPointExtension>
        </extensions>
      </trkpt>
      <trkpt lat="30.551323592662811279296875" lon="104.0464243479073047637939453125">
        <ele>474.20001220703125</ele>
        <time>2026-09-19T13:04:38.000Z</time>
        <extensions>
          <ns3:TrackPointExtension>
            <ns3:hr>158</ns3:hr>
            <ns3:cad>93</ns3:cad>
          </ns3:TrackPointExtension>
        </extensions>
      </trkpt>
      <trkpt lat="30.5512945912778377532958984375" lon="104.046420492231845855712890625">
        <ele>474.20001220703125</ele>
        <time>2026-09-19T13:04:39.000Z</time>
        <extensions>
          <ns3:TrackPointExtension>
            <ns3:hr>157</ns3:hr>
            <ns3:cad>92</ns3:cad>
          </ns3:TrackPointExtension>
        </extensions>
      </trkpt>
      <trkpt lat="30.55126215331256389617919921875" lon="104.04641973786056041717529296875">
        <ele>474.20001220703125</ele>
        <time>2026-09-19T13:04:40.000Z</time>
        <extensions>
          <ns3:TrackPointExtension>
            <ns3:hr>157</ns3:hr>
            <ns3:cad>93</ns3:cad>
          </ns3:TrackPointExtension>
        </extensions>
      </trkpt>
      <trkpt lat="30.551236756145954132080078125" lon="104.0464193187654018402099609375">
        <ele>474</ele>
        <time>2026-09-19T13:04:41.000Z</time>
        <extensions>
          <ns3:TrackPointExtension>
            <ns3:hr>157</ns3:hr>
            <ns3:cad>92</ns3:cad>
          </ns3:TrackPointExtension>
        </extensions>
      </trkpt>
      <trkpt lat="30.55120834149420261383056640625" lon="104.04642292298376560211181640625">
        <ele>474</ele>
        <time>2026-09-19T13:04:42.000Z</time>
        <extensions>
          <ns3:TrackPointExtension>
            <ns3:hr>158</ns3:hr>
            <ns3:cad>92</ns3:cad>
          </ns3:TrackPointExtension>
        </extensions>
      </trkpt>
      <trkpt lat="30.55118705146014690399169921875" lon="104.04642443172633647918701171875">
        <ele>473.79998779296875</ele>
        <time>2026-09-19T13:04:43.000Z</time>
        <extensions>
          <ns3:TrackPointExtension>
            <ns3:hr>157</ns3:hr>
            <ns3:cad>92</ns3:cad>
          </ns3:TrackPointExtension>
        </extensions>
      </trkpt>
      <trkpt lat="30.55115436203777790069580078125" lon="104.04642795212566852569580078125">
        <ele>473.79998779296875</ele>
        <time>2026-09-19T13:04:44.000Z</time>
        <extensions>
          <ns3:TrackPointExtension>
            <ns3:hr>157</ns3:hr>
            <ns3:cad>92</ns3:cad>
          </ns3:TrackPointExtension>
        </extensions>
      </trkpt>
      <trkpt lat="30.55113206617534160614013671875" lon="104.046431891620159149169921875">
        <ele>473.79998779296875</ele>
        <time>2026-09-19T13:04:45.000Z</time>
        <extensions>
          <ns3:TrackPointExtension>
            <ns3:hr>158</ns3:hr>
            <ns3:cad>92</ns3:cad>
          </ns3:TrackPointExtension>
        </extensions>
      </trkpt>
      <trkpt lat="30.5511048249900341033935546875" lon="104.0464344061911106109619140625">
        <ele>473.600006103515625</ele>
        <time>2026-09-19T13:04:46.000Z</time>
        <extensions>
          <ns3:TrackPointExtension>
            <ns3:hr>158</ns3:hr>
            <ns3:cad>92</ns3:cad>
          </ns3:TrackPointExtension>
        </extensions>
      </trkpt>
      <trkpt lat="30.5510867200791835784912109375" lon="104.046438597142696380615234375">
        <ele>473.600006103515625</ele>
        <time>2026-09-19T13:04:47.000Z</time>
        <extensions>
          <ns3:TrackPointExtension>
            <ns3:hr>158</ns3:hr>
            <ns3:cad>92</ns3:cad>
          </ns3:TrackPointExtension>
        </extensions>
      </trkpt>
      <trkpt lat="30.551058389246463775634765625" lon="104.04644119553267955780029296875">
        <ele>473.600006103515625</ele>
        <time>2026-09-19T13:04:48.000Z</time>
        <extensions>
          <ns3:TrackPointExtension>
            <ns3:hr>158</ns3:hr>
            <ns3:cad>93</ns3:cad>
          </ns3:TrackPointExtension>
        </extensions>
      </trkpt>
      <trkpt lat="30.551032237708568572998046875" lon="104.0464421175420284271240234375">
        <ele>473.600006103515625</ele>
        <time>2026-09-19T13:04:49.000Z</time>
        <extensions>
          <ns3:TrackPointExtension>
            <ns3:hr>157</ns3:hr>
            <ns3:cad>93</ns3:cad>
          </ns3:TrackPointExtension>
        </extensions>
      </trkpt>
      <trkpt lat="30.55099778808653354644775390625" lon="104.04644555412232875823974609375">
        <ele>473.600006103515625</ele>
        <time>2026-09-19T13:04:50.000Z</time>
        <extensions>
          <ns3:TrackPointExtension>
            <ns3:hr>157</ns3:hr>
            <ns3:cad>93</ns3:cad>
          </ns3:TrackPointExtension>
        </extensions>
      </trkpt>
      <trkpt lat="30.5509722232818603515625" lon="104.04645527713000774383544921875">
        <ele>473.79998779296875</ele>
        <time>2026-09-19T13:04:51.000Z</time>
        <extensions>
          <ns3:TrackPointExtension>
            <ns3:hr>157</ns3:hr>
            <ns3:cad>93</ns3:cad>
          </ns3:TrackPointExtension>
        </extensions>
      </trkpt>
      <trkpt lat="30.550943054258823394775390625" lon="104.0464652515947818756103515625">
        <ele>473.79998779296875</ele>
        <time>2026-09-19T13:04:52.000Z</time>
        <extensions>
          <ns3:TrackPointExtension>
            <ns3:hr>157</ns3:hr>
            <ns3:cad>92</ns3:cad>
          </ns3:TrackPointExtension>
        </extensions>
      </trkpt>
      <trkpt lat="30.55091916583478450775146484375" lon="104.04647707007825374603271484375">
        <ele>473.79998779296875</ele>
        <time>2026-09-19T13:04:53.000Z</time>
        <extensions>
          <ns3:TrackPointExtension>
            <ns3:hr>157</ns3:hr>
            <ns3:cad>92</ns3:cad>
          </ns3:TrackPointExtension>
        </extensions>
      </trkpt>
      <trkpt lat="30.55089049972593784332275390625" lon="104.04648796655237674713134765625">
        <ele>473.79998779296875</ele>
        <time>2026-09-19T13:04:54.000Z</time>
        <extensions>
          <ns3:TrackPointExtension>
            <ns3:hr>157</ns3:hr>
            <ns3:cad>92</ns3:cad>
          </ns3:TrackPointExtension>
        </extensions>
      </trkpt>
      <trkpt lat="30.55086250416934490203857421875" lon="104.04650389216840267181396484375">
        <ele>474</ele>
        <time>2026-09-19T13:04:55.000Z</time>
        <extensions>
          <ns3:TrackPointExtension>
            <ns3:hr>157</ns3:hr>
            <ns3:cad>92</ns3:cad>
          </ns3:TrackPointExtension>
        </extensions>
      </trkpt>
      <trkpt lat="30.55083869956433773040771484375" lon="104.0465188957750797271728515625">
        <ele>474</ele>
        <time>2026-09-19T13:04:56.000Z</time>
        <extensions>
          <ns3:TrackPointExtension>
            <ns3:hr>157</ns3:hr>
            <ns3:cad>92</ns3:cad>
          </ns3:TrackPointExtension>
        </extensions>
      </trkpt>
      <trkpt lat="30.5508148111402988433837890625" lon="104.0465363301336765289306640625">
        <ele>474</ele>
        <time>2026-09-19T13:04:57.000Z</time>
        <extensions>
          <ns3:TrackPointExtension>
            <ns3:hr>157</ns3:hr>
            <ns3:cad>92</ns3:cad>
          </ns3:TrackPointExtension>
        </extensions>
      </trkpt>
      <trkpt lat="30.55079259909689426422119140625" lon="104.04655451886355876922607421875">
        <ele>474</ele>
        <time>2026-09-19T13:04:58.000Z</time>
        <extensions>
          <ns3:TrackPointExtension>
            <ns3:hr>157</ns3:hr>
            <ns3:cad>93</ns3:cad>
          </ns3:TrackPointExtension>
        </extensions>
      </trkpt>
      <trkpt lat="30.55076778866350650787353515625" lon="104.046573378145694732666015625">
        <ele>474</ele>
        <time>2026-09-19T13:04:59.000Z</time>
        <extensions>
          <ns3:TrackPointExtension>
            <ns3:hr>157</ns3:hr>
            <ns3:cad>92</ns3:cad>
          </ns3:TrackPointExtension>
        </extensions>
      </trkpt>
      <trkpt lat="30.5507470853626728057861328125" lon="104.0465906448662281036376953125">
        <ele>473.79998779296875</ele>
        <time>2026-09-19T13:05:00.000Z</time>
        <extensions>
          <ns3:TrackPointExtension>
            <ns3:hr>156</ns3:hr>
            <ns3:cad>92</ns3:cad>
          </ns3:TrackPointExtension>
        </extensions>
      </trkpt>
      <trkpt lat="30.5507219396531581878662109375" lon="104.04660900123417377471923828125">
        <ele>473.79998779296875</ele>
        <time>2026-09-19T13:05:01.000Z</time>
        <extensions>
          <ns3:TrackPointExtension>
            <ns3:hr>156</ns3:hr>
            <ns3:cad>91</ns3:cad>
          </ns3:TrackPointExtension>
        </extensions>
      </trkpt>
      <trkpt lat="30.55070090107619762420654296875" lon="104.04663096182048320770263671875">
        <ele>473.600006103515625</ele>
        <time>2026-09-19T13:05:02.000Z</time>
        <extensions>
          <ns3:TrackPointExtension>
            <ns3:hr>156</ns3:hr>
            <ns3:cad>91</ns3:cad>
          </ns3:TrackPointExtension>
        </extensions>
      </trkpt>
      <trkpt lat="30.5506736598908901214599609375" lon="104.04664588160812854766845703125">
        <ele>473.600006103515625</ele>
        <time>2026-09-19T13:05:03.000Z</time>
        <extensions>
          <ns3:TrackPointExtension>
            <ns3:hr>156</ns3:hr>
            <ns3:cad>92</ns3:cad>
          </ns3:TrackPointExtension>
        </extensions>
      </trkpt>
      <trkpt lat="30.55065278895199298858642578125" lon="104.046664573252201080322265625">
        <ele>473.600006103515625</ele>
        <time>2026-09-19T13:05:04.000Z</time>
        <extensions>
          <ns3:TrackPointExtension>
            <ns3:hr>156</ns3:hr>
            <ns3:cad>92</ns3:cad>
          </ns3:TrackPointExtension>
        </extensions>
      </trkpt>
      <trkpt lat="30.5506287328898906707763671875" lon="104.04668091796338558197021484375">
        <ele>473.600006103515625</ele>
        <time>2026-09-19T13:05:05.000Z</time>
        <extensions>
          <ns3:TrackPointExtension>
            <ns3:hr>157</ns3:hr>
            <ns3:cad>92</ns3:cad>
          </ns3:TrackPointExtension>
        </extensions>
      </trkpt>
      <trkpt lat="30.5506079457700252532958984375" lon="104.0466982685029506683349609375">
        <ele>473.79998779296875</ele>
        <time>2026-09-19T13:05:06.000Z</time>
        <extensions>
          <ns3:TrackPointExtension>
            <ns3:hr>156</ns3:hr>
            <ns3:cad>92</ns3:cad>
          </ns3:TrackPointExtension>
        </extensions>
      </trkpt>
      <trkpt lat="30.55058673955500125885009765625" lon="104.04671830125153064727783203125">
        <ele>473.79998779296875</ele>
        <time>2026-09-19T13:05:07.000Z</time>
        <extensions>
          <ns3:TrackPointExtension>
            <ns3:hr>156</ns3:hr>
            <ns3:cad>93</ns3:cad>
          </ns3:TrackPointExtension>
        </extensions>
      </trkpt>
      <trkpt lat="30.5505626834928989410400390625" lon="104.04673657380044460296630859375">
        <ele>473.79998779296875</ele>
        <time>2026-09-19T13:05:08.000Z</time>
        <extensions>
          <ns3:TrackPointExtension>
            <ns3:hr>156</ns3:hr>
            <ns3:cad>93</ns3:cad>
          </ns3:TrackPointExtension>
        </extensions>
      </trkpt>
      <trkpt lat="30.55054382421076297760009765625" lon="104.04675149358808994293212890625">
        <ele>473.79998779296875</ele>
        <time>2026-09-19T13:05:09.000Z</time>
        <extensions>
          <ns3:TrackPointExtension>
            <ns3:hr>156</ns3:hr>
            <ns3:cad>94</ns3:cad>
          </ns3:TrackPointExtension>
        </extensions>
      </trkpt>
      <trkpt lat="30.55051616393029689788818359375" lon="104.04676993377506732940673828125">
        <ele>473.79998779296875</ele>
        <time>2026-09-19T13:05:10.000Z</time>
        <extensions>
          <ns3:TrackPointExtension>
            <ns3:hr>157</ns3:hr>
            <ns3:cad>94</ns3:cad>
          </ns3:TrackPointExtension>
        </extensions>
      </trkpt>
      <trkpt lat="30.55049738846719264984130859375" lon="104.04678368009626865386962890625">
        <ele>473.79998779296875</ele>
        <time>2026-09-19T13:05:11.000Z</time>
        <extensions>
          <ns3:TrackPointExtension>
            <ns3:hr>156</ns3:hr>
            <ns3:cad>93</ns3:cad>
          </ns3:TrackPointExtension>
        </extensions>
      </trkpt>
      <trkpt lat="30.55046863853931427001953125" lon="104.0467971749603748321533203125">
        <ele>473.79998779296875</ele>
        <time>2026-09-19T13:05:12.000Z</time>
        <extensions>
          <ns3:TrackPointExtension>
            <ns3:hr>156</ns3:hr>
            <ns3:cad>92</ns3:cad>
          </ns3:TrackPointExtension>
        </extensions>
      </trkpt>
      <trkpt lat="30.55045162327587604522705078125" lon="104.04681351967155933380126953125">
        <ele>473.79998779296875</ele>
        <time>2026-09-19T13:05:13.000Z</time>
        <extensions>
          <ns3:TrackPointExtension>
            <ns3:hr>157</ns3:hr>
            <ns3:cad>92</ns3:cad>
          </ns3:TrackPointExtension>
        </extensions>
      </trkpt>
      <trkpt lat="30.55042438209056854248046875" lon="104.04682391323149204254150390625">
        <ele>473.79998779296875</ele>
        <time>2026-09-19T13:05:14.000Z</time>
        <extensions>
          <ns3:TrackPointExtension>
            <ns3:hr>157</ns3:hr>
            <ns3:cad>92</ns3:cad>
          </ns3:TrackPointExtension>
        </extensions>
      </trkpt>
      <trkpt lat="30.5504047684371471405029296875" lon="104.04684235341846942901611328125">
        <ele>473.79998779296875</ele>
        <time>2026-09-19T13:05:15.000Z</time>
        <extensions>
          <ns3:TrackPointExtension>
            <ns3:hr>157</ns3:hr>
            <ns3:cad>92</ns3:cad>
          </ns3:TrackPointExtension>
        </extensions>
      </trkpt>
      <trkpt lat="30.55037702433764934539794921875" lon="104.046858362853527069091796875">
        <ele>473.79998779296875</ele>
        <time>2026-09-19T13:05:16.000Z</time>
        <extensions>
          <ns3:TrackPointExtension>
            <ns3:hr>157</ns3:hr>
            <ns3:cad>92</ns3:cad>
          </ns3:TrackPointExtension>
        </extensions>
      </trkpt>
      <trkpt lat="30.55036076344549655914306640625" lon="104.04688292182981967926025390625">
        <ele>473.79998779296875</ele>
        <time>2026-09-19T13:05:17.000Z</time>
        <extensions>
          <ns3:TrackPointExtension>
            <ns3:hr>157</ns3:hr>
            <ns3:cad>92</ns3:cad>
          </ns3:TrackPointExtension>
        </extensions>
      </trkpt>
      <trkpt lat="30.55034249089658260345458984375" lon="104.04690689407289028167724609375">
        <ele>473.600006103515625</ele>
        <time>2026-09-19T13:05:18.000Z</time>
        <extensions>
          <ns3:TrackPointExtension>
            <ns3:hr>157</ns3:hr>
            <ns3:cad>92</ns3:cad>
          </ns3:TrackPointExtension>
        </extensions>
      </trkpt>
      <trkpt lat="30.5503244698047637939453125" lon="104.04692918993532657623291015625">
        <ele>473.600006103515625</ele>
        <time>2026-09-19T13:05:19.000Z</time>
        <extensions>
          <ns3:TrackPointExtension>
            <ns3:hr>157</ns3:hr>
            <ns3:cad>92</ns3:cad>
          </ns3:TrackPointExtension>
        </extensions>
      </trkpt>
      <trkpt lat="30.55030695162713527679443359375" lon="104.0469443611800670623779296875">
        <ele>473.600006103515625</ele>
        <time>2026-09-19T13:05:20.000Z</time>
        <extensions>
          <ns3:TrackPointExtension>
            <ns3:hr>157</ns3:hr>
            <ns3:cad>92</ns3:cad>
          </ns3:TrackPointExtension>
        </extensions>
      </trkpt>
      <trkpt lat="30.5502914451062679290771484375" lon="104.0469735302031040191650390625">
        <ele>473.600006103515625</ele>
        <time>2026-09-19T13:05:21.000Z</time>
        <extensions>
          <ns3:TrackPointExtension>
            <ns3:hr>158</ns3:hr>
            <ns3:cad>93</ns3:cad>
          </ns3:TrackPointExtension>
        </extensions>
      </trkpt>
      <trkpt lat="30.5502813868224620819091796875" lon="104.04699875973165035247802734375">
        <ele>473.79998779296875</ele>
        <time>2026-09-19T13:05:22.000Z</time>
        <extensions>
          <ns3:TrackPointExtension>
            <ns3:hr>158</ns3:hr>
            <ns3:cad>94</ns3:cad>
          </ns3:TrackPointExtension>
        </extensions>
      </trkpt>
      <trkpt lat="30.5502679757773876190185546875" lon="104.04702977277338504791259765625">
        <ele>474</ele>
        <time>2026-09-19T13:05:23.000Z</time>
        <extensions>
          <ns3:TrackPointExtension>
            <ns3:hr>158</ns3:hr>
            <ns3:cad>93</ns3:cad>
          </ns3:TrackPointExtension>
        </extensions>
      </trkpt>
      <trkpt lat="30.55025783367455005645751953125" lon="104.04704988934099674224853515625">
        <ele>474</ele>
        <time>2026-09-19T13:05:24.000Z</time>
        <extensions>
          <ns3:TrackPointExtension>
            <ns3:hr>157</ns3:hr>
            <ns3:cad>93</ns3:cad>
          </ns3:TrackPointExtension>
        </extensions>
      </trkpt>
      <trkpt lat="30.55024140514433383941650390625" lon="104.04707503505051136016845703125">
        <ele>474.20001220703125</ele>
        <time>2026-09-19T13:05:25.000Z</time>
        <extensions>
          <ns3:TrackPointExtension>
            <ns3:hr>157</ns3:hr>
            <ns3:cad>92</ns3:cad>
          </ns3:TrackPointExtension>
        </extensions>
      </trkpt>
      <trkpt lat="30.55022648535668849945068359375" lon="104.0470979176461696624755859375">
        <ele>474.20001220703125</ele>
        <time>2026-09-19T13:05:26.000Z</time>
        <extensions>
          <ns3:TrackPointExtension>
            <ns3:hr>157</ns3:hr>
            <ns3:cad>92</ns3:cad>
          </ns3:TrackPointExtension>
        </extensions>
      </trkpt>
      <trkpt lat="30.5502129904925823211669921875" lon="104.04712884686887264251708984375">
        <ele>474.20001220703125</ele>
        <time>2026-09-19T13:05:27.000Z</time>
        <extensions>
          <ns3:TrackPointExtension>
            <ns3:hr>157</ns3:hr>
            <ns3:cad>92</ns3:cad>
          </ns3:TrackPointExtension>
        </extensions>
      </trkpt>
      <trkpt lat="30.5502056144177913665771484375" lon="104.04715483076870441436767578125">
        <ele>474.20001220703125</ele>
        <time>2026-09-19T13:05:28.000Z</time>
        <extensions>
          <ns3:TrackPointExtension>
            <ns3:hr>157</ns3:hr>
            <ns3:cad>92</ns3:cad>
          </ns3:TrackPointExtension>
        </extensions>
      </trkpt>
      <trkpt lat="30.5501955561339855194091796875" lon="104.04718500562012195587158203125">
        <ele>474.20001220703125</ele>
        <time>2026-09-19T13:05:29.000Z</time>
        <extensions>
          <ns3:TrackPointExtension>
            <ns3:hr>156</ns3:hr>
            <ns3:cad>92</ns3:cad>
          </ns3:TrackPointExtension>
        </extensions>
      </trkpt>
      <trkpt lat="30.55019027553498744964599609375" lon="104.04720445163547992706298828125">
        <ele>474.20001220703125</ele>
        <time>2026-09-19T13:05:30.000Z</time>
        <extensions>
          <ns3:TrackPointExtension>
            <ns3:hr>157</ns3:hr>
            <ns3:cad>92</ns3:cad>
          </ns3:TrackPointExtension>
        </extensions>
      </trkpt>
      <trkpt lat="30.550178624689579010009765625" lon="104.04723345302045345306396484375">
        <ele>474.20001220703125</ele>
        <time>2026-09-19T13:05:31.000Z</time>
        <extensions>
          <ns3:TrackPointExtension>
            <ns3:hr>157</ns3:hr>
            <ns3:cad>92</ns3:cad>
          </ns3:TrackPointExtension>
        </extensions>
      </trkpt>
      <trkpt lat="30.5501734279096126556396484375" lon="104.0472561679780483245849609375">
        <ele>474.20001220703125</ele>
        <time>2026-09-19T13:05:32.000Z</time>
        <extensions>
          <ns3:TrackPointExtension>
            <ns3:hr>157</ns3:hr>
            <ns3:cad>92</ns3:cad>
          </ns3:TrackPointExtension>
        </extensions>
      </trkpt>
      <trkpt lat="30.55016412399709224700927734375" lon="104.047282151877880096435546875">
        <ele>474.20001220703125</ele>
        <time>2026-09-19T13:05:33.000Z</time>
        <extensions>
          <ns3:TrackPointExtension>
            <ns3:hr>156</ns3:hr>
            <ns3:cad>92</ns3:cad>
          </ns3:TrackPointExtension>
        </extensions>
      </trkpt>
      <trkpt lat="30.55016060359776020050048828125" lon="104.04731006361544132232666015625">
        <ele>474.20001220703125</ele>
        <time>2026-09-19T13:05:34.000Z</time>
        <extensions>
          <ns3:TrackPointExtension>
            <ns3:hr>157</ns3:hr>
            <ns3:cad>92</ns3:cad>
          </ns3:TrackPointExtension>
        </extensions>
      </trkpt>
      <trkpt lat="30.5501543171703815460205078125" lon="104.04734082520008087158203125">
        <ele>474.20001220703125</ele>
        <time>2026-09-19T13:05:35.000Z</time>
        <extensions>
          <ns3:TrackPointExtension>
            <ns3:hr>157</ns3:hr>
            <ns3:cad>92</ns3:cad>
          </ns3:TrackPointExtension>
        </extensions>
      </trkpt>
      <trkpt lat="30.55014819838106632232666015625" lon="104.04737477190792560577392578125">
        <ele>474</ele>
        <time>2026-09-19T13:05:36.000Z</time>
        <extensions>
          <ns3:TrackPointExtension>
            <ns3:hr>157</ns3:hr>
            <ns3:cad>92</ns3:cad>
          </ns3:TrackPointExtension>
        </extensions>
      </trkpt>
      <trkpt lat="30.55014316923916339874267578125" lon="104.04740662313997745513916015625">
        <ele>474</ele>
        <time>2026-09-19T13:05:37.000Z</time>
        <extensions>
          <ns3:TrackPointExtension>
            <ns3:hr>157</ns3:hr>
            <ns3:cad>92</ns3:cad>
          </ns3:TrackPointExtension>
        </extensions>
      </trkpt>
      <trkpt lat="30.550136379897594451904296875" lon="104.0474442578852176666259765625">
        <ele>474</ele>
        <time>2026-09-19T13:05:38.000Z</time>
        <extensions>
          <ns3:TrackPointExtension>
            <ns3:hr>157</ns3:hr>
            <ns3:cad>92</ns3:cad>
          </ns3:TrackPointExtension>
        </extensions>
      </trkpt>
      <trkpt lat="30.55013897828757762908935546875" lon="104.0474697388708591461181640625">
        <ele>474</ele>
        <time>2026-09-19T13:05:39.000Z</time>
        <extensions>
          <ns3:TrackPointExtension>
            <ns3:hr>157</ns3:hr>
            <ns3:cad>92</ns3:cad>
          </ns3:TrackPointExtension>
        </extensions>
      </trkpt>
      <trkpt lat="30.5501355417072772979736328125" lon="104.04750133864581584930419921875">
        <ele>474</ele>
        <time>2026-09-19T13:05:40.000Z</time>
        <extensions>
          <ns3:TrackPointExtension>
            <ns3:hr>157</ns3:hr>
            <ns3:cad>92</ns3:cad>
          </ns3:TrackPointExtension>
        </extensions>
      </trkpt>
      <trkpt lat="30.55013336241245269775390625" lon="104.04752455651760101318359375">
        <ele>474.20001220703125</ele>
        <time>2026-09-19T13:05:41.000Z</time>
        <extensions>
          <ns3:TrackPointExtension>
            <ns3:hr>157</ns3:hr>
            <ns3:cad>92</ns3:cad>
          </ns3:TrackPointExtension>
        </extensions>
      </trkpt>
      <trkpt lat="30.5501362122595310211181640625" lon="104.0475579164922237396240234375">
        <ele>474.20001220703125</ele>
        <time>2026-09-19T13:05:42.000Z</time>
        <extensions>
          <ns3:TrackPointExtension>
            <ns3:hr>156</ns3:hr>
            <ns3:cad>93</ns3:cad>
          </ns3:TrackPointExtension>
        </extensions>
      </trkpt>
      <trkpt lat="30.55013897828757762908935546875" lon="104.04757878743112087249755859375">
        <ele>474.20001220703125</ele>
        <time>2026-09-19T13:05:43.000Z</time>
        <extensions>
          <ns3:TrackPointExtension>
            <ns3:hr>157</ns3:hr>
            <ns3:cad>93</ns3:cad>
          </ns3:TrackPointExtension>
        </extensions>
      </trkpt>
      <trkpt lat="30.550141744315624237060546875" lon="104.04761030338704586029052734375">
        <ele>474.20001220703125</ele>
        <time>2026-09-19T13:05:44.000Z</time>
        <extensions>
          <ns3:TrackPointExtension>
            <ns3:hr>157</ns3:hr>
            <ns3:cad>93</ns3:cad>
          </ns3:TrackPointExtension>
        </extensions>
      </trkpt>
      <trkpt lat="30.55014300160109996795654296875" lon="104.04763746075332164764404296875">
        <ele>474.20001220703125</ele>
        <time>2026-09-19T13:05:45.000Z</time>
        <extensions>
          <ns3:TrackPointExtension>
            <ns3:hr>157</ns3:hr>
            <ns3:cad>92</ns3:cad>
          </ns3:TrackPointExtension>
        </extensions>
      </trkpt>
      <trkpt lat="30.55014098994433879852294921875" lon="104.0476682223379611968994140625">
        <ele>474.20001220703125</ele>
        <time>2026-09-19T13:05:46.000Z</time>
        <extensions>
          <ns3:TrackPointExtension>
            <ns3:hr>157</ns3:hr>
            <ns3:cad>92</ns3:cad>
          </ns3:TrackPointExtension>
        </extensions>
      </trkpt>
      <trkpt lat="30.5501419119536876678466796875" lon="104.04769487679004669189453125">
        <ele>474.20001220703125</ele>
        <time>2026-09-19T13:05:47.000Z</time>
        <extensions>
          <ns3:TrackPointExtension>
            <ns3:hr>157</ns3:hr>
            <ns3:cad>91</ns3:cad>
          </ns3:TrackPointExtension>
        </extensions>
      </trkpt>
      <trkpt lat="30.55014350451529026031494140625" lon="104.04772999696433544158935546875">
        <ele>474.20001220703125</ele>
        <time>2026-09-19T13:05:48.000Z</time>
        <extensions>
          <ns3:TrackPointExtension>
            <ns3:hr>157</ns3:hr>
            <ns3:cad>91</ns3:cad>
          </ns3:TrackPointExtension>
        </extensions>
      </trkpt>
      <trkpt lat="30.5501479469239711761474609375" lon="104.04776000417768955230712890625">
        <ele>474.20001220703125</ele>
        <time>2026-09-19T13:05:49.000Z</time>
        <extensions>
          <ns3:TrackPointExtension>
            <ns3:hr>157</ns3:hr>
            <ns3:cad>92</ns3:cad>
          </ns3:TrackPointExtension>
        </extensions>
      </trkpt>
      <trkpt lat="30.55014543235301971435546875" lon="104.047789759933948516845703125">
        <ele>474</ele>
        <time>2026-09-19T13:05:50.000Z</time>
        <extensions>
          <ns3:TrackPointExtension>
            <ns3:hr>157</ns3:hr>
            <ns3:cad>92</ns3:cad>
          </ns3:TrackPointExtension>
        </extensions>
      </trkpt>
      <trkpt lat="30.55014652200043201446533203125" lon="104.04781750403344631195068359375">
        <ele>474</ele>
        <time>2026-09-19T13:05:51.000Z</time>
        <extensions>
          <ns3:TrackPointExtension>
            <ns3:hr>157</ns3:hr>
            <ns3:cad>92</ns3:cad>
          </ns3:TrackPointExtension>
        </extensions>
      </trkpt>
      <trkpt lat="30.5501435883343219757080078125" lon="104.0478499419987201690673828125">
        <ele>474</ele>
        <time>2026-09-19T13:05:52.000Z</time>
        <extensions>
          <ns3:TrackPointExtension>
            <ns3:hr>157</ns3:hr>
            <ns3:cad>93</ns3:cad>
          </ns3:TrackPointExtension>
        </extensions>
      </trkpt>
      <trkpt lat="30.55014275014400482177734375" lon="104.04788305051624774932861328125">
        <ele>474</ele>
        <time>2026-09-19T13:05:53.000Z</time>
        <extensions>
          <ns3:TrackPointExtension>
            <ns3:hr>157</ns3:hr>
            <ns3:cad>92</ns3:cad>
          </ns3:TrackPointExtension>
        </extensions>
      </trkpt>
      <trkpt lat="30.5501439236104488372802734375" lon="104.0479086153209209442138671875">
        <ele>474.20001220703125</ele>
        <time>2026-09-19T13:05:54.000Z</time>
        <extensions>
          <ns3:TrackPointExtension>
            <ns3:hr>157</ns3:hr>
            <ns3:cad>92</ns3:cad>
          </ns3:TrackPointExtension>
        </extensions>
      </trkpt>
      <trkpt lat="30.550145097076892852783203125" lon="104.0479418076574802398681640625">
        <ele>474.20001220703125</ele>
        <time>2026-09-19T13:05:55.000Z</time>
        <extensions>
          <ns3:TrackPointExtension>
            <ns3:hr>157</ns3:hr>
            <ns3:cad>92</ns3:cad>
          </ns3:TrackPointExtension>
        </extensions>
      </trkpt>
      <trkpt lat="30.5501442588865756988525390625" lon="104.04796854592859745025634765625">
        <ele>474.20001220703125</ele>
        <time>2026-09-19T13:05:56.000Z</time>
        <extensions>
          <ns3:TrackPointExtension>
            <ns3:hr>157</ns3:hr>
            <ns3:cad>92</ns3:cad>
          </ns3:TrackPointExtension>
        </extensions>
      </trkpt>
      <trkpt lat="30.5501462705433368682861328125" lon="104.048002995550632476806640625">
        <ele>474.20001220703125</ele>
        <time>2026-09-19T13:05:57.000Z</time>
        <extensions>
          <ns3:TrackPointExtension>
            <ns3:hr>157</ns3:hr>
            <ns3:cad>93</ns3:cad>
          </ns3:TrackPointExtension>
        </extensions>
      </trkpt>
      <trkpt lat="30.550153143703937530517578125" lon="104.048033170402050018310546875">
        <ele>474</ele>
        <time>2026-09-19T13:05:58.000Z</time>
        <extensions>
          <ns3:TrackPointExtension>
            <ns3:hr>156</ns3:hr>
            <ns3:cad>92</ns3:cad>
          </ns3:TrackPointExtension>
        </extensions>
      </trkpt>
      <trkpt lat="30.550156496465206146240234375" lon="104.0480692125856876373291015625">
        <ele>474.20001220703125</ele>
        <time>2026-09-19T13:05:59.000Z</time>
        <extensions>
          <ns3:TrackPointExtension>
            <ns3:hr>156</ns3:hr>
            <ns3:cad>92</ns3:cad>
          </ns3:TrackPointExtension>
        </extensions>
      </trkpt>
      <trkpt lat="30.5501616932451725006103515625" lon="104.0480940230190753936767578125">
        <ele>474.20001220703125</ele>
        <time>2026-09-19T13:06:00.000Z</time>
        <extensions>
          <ns3:TrackPointExtension>
            <ns3:hr>156</ns3:hr>
            <ns3:cad>92</ns3:cad>
          </ns3:TrackPointExtension>
        </extensions>
      </trkpt>
      <trkpt lat="30.55016445927321910858154296875" lon="104.0481282211840152740478515625">
        <ele>474.20001220703125</ele>
        <time>2026-09-19T13:06:01.000Z</time>
        <extensions>
          <ns3:TrackPointExtension>
            <ns3:hr>156</ns3:hr>
            <ns3:cad>92</ns3:cad>
          </ns3:TrackPointExtension>
        </extensions>
      </trkpt>
      <trkpt lat="30.55016689002513885498046875" lon="104.048153869807720184326171875">
        <ele>474.20001220703125</ele>
        <time>2026-09-19T13:06:02.000Z</time>
        <extensions>
          <ns3:TrackPointExtension>
            <ns3:hr>156</ns3:hr>
            <ns3:cad>92</ns3:cad>
          </ns3:TrackPointExtension>
        </extensions>
      </trkpt>
      <trkpt lat="30.55016529746353626251220703125" lon="104.04818748123943805694580078125">
        <ele>474.20001220703125</ele>
        <time>2026-09-19T13:06:03.000Z</time>
        <extensions>
          <ns3:TrackPointExtension>
            <ns3:hr>156</ns3:hr>
            <ns3:cad>91</ns3:cad>
          </ns3:TrackPointExtension>
        </extensions>
      </trkpt>
      <trkpt lat="30.55016647092998027801513671875" lon="104.04821346513926982879638671875">
        <ele>474.20001220703125</ele>
        <time>2026-09-19T13:06:04.000Z</time>
        <extensions>
          <ns3:TrackPointExtension>
            <ns3:hr>156</ns3:hr>
            <ns3:cad>91</ns3:cad>
          </ns3:TrackPointExtension>
        </extensions>
      </trkpt>
      <trkpt lat="30.5501590110361576080322265625" lon="104.04824514873325824737548828125">
        <ele>474.20001220703125</ele>
        <time>2026-09-19T13:06:05.000Z</time>
        <extensions>
          <ns3:TrackPointExtension>
            <ns3:hr>156</ns3:hr>
            <ns3:cad>93</ns3:cad>
          </ns3:TrackPointExtension>
        </extensions>
      </trkpt>
      <trkpt lat="30.5501606874167919158935546875" lon="104.04827532358467578887939453125">
        <ele>474.20001220703125</ele>
        <time>2026-09-19T13:06:06.000Z</time>
        <extensions>
          <ns3:TrackPointExtension>
            <ns3:hr>155</ns3:hr>
            <ns3:cad>93</ns3:cad>
          </ns3:TrackPointExtension>
        </extensions>
      </trkpt>
      <trkpt lat="30.55015406571328639984130859375" lon="104.04830968938767910003662109375">
        <ele>474.20001220703125</ele>
        <time>2026-09-19T13:06:07.000Z</time>
        <extensions>
          <ns3:TrackPointExtension>
            <ns3:hr>155</ns3:hr>
            <ns3:cad>92</ns3:cad>
          </ns3:TrackPointExtension>
        </extensions>
      </trkpt>
      <trkpt lat="30.55015590973198413848876953125" lon="104.04834137298166751861572265625">
        <ele>474.20001220703125</ele>
        <time>2026-09-19T13:06:08.000Z</time>
        <extensions>
          <ns3:TrackPointExtension>
            <ns3:hr>155</ns3:hr>
            <ns3:cad>92</ns3:cad>
          </ns3:TrackPointExtension>
        </extensions>
      </trkpt>
      <trkpt lat="30.550163872539997100830078125" lon="104.04837221838533878326416015625">
        <ele>474.20001220703125</ele>
        <time>2026-09-19T13:06:09.000Z</time>
        <extensions>
          <ns3:TrackPointExtension>
            <ns3:hr>155</ns3:hr>
            <ns3:cad>93</ns3:cad>
          </ns3:TrackPointExtension>
        </extensions>
      </trkpt>
      <trkpt lat="30.55017066188156604766845703125" lon="104.048397950828075408935546875">
        <ele>474.20001220703125</ele>
        <time>2026-09-19T13:06:10.000Z</time>
        <extensions>
          <ns3:TrackPointExtension>
            <ns3:hr>156</ns3:hr>
            <ns3:cad>93</ns3:cad>
          </ns3:TrackPointExtension>
        </extensions>
      </trkpt>
      <trkpt lat="30.55017552338540554046630859375" lon="104.04842200689017772674560546875">
        <ele>474.20001220703125</ele>
        <time>2026-09-19T13:06:11.000Z</time>
        <extensions>
          <ns3:TrackPointExtension>
            <ns3:hr>155</ns3:hr>
            <ns3:cad>94</ns3:cad>
          </ns3:TrackPointExtension>
        </extensions>
      </trkpt>
      <trkpt lat="30.55018390528857707977294921875" lon="104.04845285229384899139404296875">
        <ele>474</ele>
        <time>2026-09-19T13:06:12.000Z</time>
        <extensions>
          <ns3:TrackPointExtension>
            <ns3:hr>155</ns3:hr>
            <ns3:cad>94</ns3:cad>
          </ns3:TrackPointExtension>
        </extensions>
      </trkpt>
      <trkpt lat="30.5501955561339855194091796875" lon="104.0484715439379215240478515625">
        <ele>474</ele>
        <time>2026-09-19T13:06:13.000Z</time>
        <extensions>
          <ns3:TrackPointExtension>
            <ns3:hr>156</ns3:hr>
            <ns3:cad>93</ns3:cad>
          </ns3:TrackPointExtension>
        </extensions>
      </trkpt>
      <trkpt lat="30.5502126552164554595947265625" lon="104.048498533666133880615234375">
        <ele>474</ele>
        <time>2026-09-19T13:06:14.000Z</time>
        <extensions>
          <ns3:TrackPointExtension>
            <ns3:hr>156</ns3:hr>
            <ns3:cad>92</ns3:cad>
          </ns3:TrackPointExtension>
        </extensions>
      </trkpt>
      <trkpt lat="30.55021977983415126800537109375" lon="104.0485188178718090057373046875">
        <ele>474</ele>
        <time>2026-09-19T13:06:15.000Z</time>
        <extensions>
          <ns3:TrackPointExtension>
            <ns3:hr>156</ns3:hr>
            <ns3:cad>92</ns3:cad>
          </ns3:TrackPointExtension>
        </extensions>
      </trkpt>
      <trkpt lat="30.550230257213115692138671875" lon="104.048548154532909393310546875">
        <ele>474</ele>
        <time>2026-09-19T13:06:16.000Z</time>
        <extensions>
          <ns3:TrackPointExtension>
            <ns3:hr>156</ns3:hr>
            <ns3:cad>92</ns3:cad>
          </ns3:TrackPointExtension>
        </extensions>
      </trkpt>
      <trkpt lat="30.55024065077304840087890625" lon="104.04857120476663112640380859375">
        <ele>474</ele>
        <time>2026-09-19T13:06:17.000Z</time>
        <extensions>
          <ns3:TrackPointExtension>
            <ns3:hr>155</ns3:hr>
            <ns3:cad>91</ns3:cad>
          </ns3:TrackPointExtension>
        </extensions>
      </trkpt>
      <trkpt lat="30.55025230161845684051513671875" lon="104.0485989488661289215087890625">
        <ele>474</ele>
        <time>2026-09-19T13:06:18.000Z</time>
        <extensions>
          <ns3:TrackPointExtension>
            <ns3:hr>156</ns3:hr>
            <ns3:cad>92</ns3:cad>
          </ns3:TrackPointExtension>
        </extensions>
      </trkpt>
      <trkpt lat="30.55026152171194553375244140625" lon="104.04861965216696262359619140625">
        <ele>474</ele>
        <time>2026-09-19T13:06:19.000Z</time>
        <extensions>
          <ns3:TrackPointExtension>
            <ns3:hr>155</ns3:hr>
            <ns3:cad>91</ns3:cad>
          </ns3:TrackPointExtension>
        </extensions>
      </trkpt>
      <trkpt lat="30.55026755668222904205322265625" lon="104.0486519224941730499267578125">
        <ele>474</ele>
        <time>2026-09-19T13:06:20.000Z</time>
        <extensions>
          <ns3:TrackPointExtension>
            <ns3:hr>156</ns3:hr>
            <ns3:cad>93</ns3:cad>
          </ns3:TrackPointExtension>
        </extensions>
      </trkpt>
      <trkpt lat="30.550272166728973388671875" lon="104.04867832548916339874267578125">
        <ele>474</ele>
        <time>2026-09-19T13:06:21.000Z</time>
        <extensions>
          <ns3:TrackPointExtension>
            <ns3:hr>156</ns3:hr>
            <ns3:cad>92</ns3:cad>
          </ns3:TrackPointExtension>
        </extensions>
      </trkpt>
      <trkpt lat="30.5502735078334808349609375" lon="104.04871067963540554046630859375">
        <ele>474.20001220703125</ele>
        <time>2026-09-19T13:06:22.000Z</time>
        <extensions>
          <ns3:TrackPointExtension>
            <ns3:hr>156</ns3:hr>
            <ns3:cad>92</ns3:cad>
          </ns3:TrackPointExtension>
        </extensions>
      </trkpt>
      <trkpt lat="30.5502753518521785736083984375" lon="104.04873557388782501220703125">
        <ele>474.20001220703125</ele>
        <time>2026-09-19T13:06:23.000Z</time>
        <extensions>
          <ns3:TrackPointExtension>
            <ns3:hr>156</ns3:hr>
            <ns3:cad>92</ns3:cad>
          </ns3:TrackPointExtension>
        </extensions>
      </trkpt>
      <trkpt lat="30.5502788722515106201171875" lon="104.04876851476728916168212890625">
        <ele>474.20001220703125</ele>
        <time>2026-09-19T13:06:24.000Z</time>
        <extensions>
          <ns3:TrackPointExtension>
            <ns3:hr>155</ns3:hr>
            <ns3:cad>92</ns3:cad>
          </ns3:TrackPointExtension>
        </extensions>
      </trkpt>
      <trkpt lat="30.55028222501277923583984375" lon="104.04879902489483356475830078125">
        <ele>474.20001220703125</ele>
        <time>2026-09-19T13:06:25.000Z</time>
        <extensions>
          <ns3:TrackPointExtension>
            <ns3:hr>156</ns3:hr>
            <ns3:cad>92</ns3:cad>
          </ns3:TrackPointExtension>
        </extensions>
      </trkpt>
      <trkpt lat="30.5502840690314769744873046875" lon="104.048829115927219390869140625">
        <ele>474.20001220703125</ele>
        <time>2026-09-19T13:06:26.000Z</time>
        <extensions>
          <ns3:TrackPointExtension>
            <ns3:hr>156</ns3:hr>
            <ns3:cad>91</ns3:cad>
          </ns3:TrackPointExtension>
        </extensions>
      </trkpt>
      <trkpt lat="30.55028364993631839752197265625" lon="104.0488550998270511627197265625">
        <ele>474.20001220703125</ele>
        <time>2026-09-19T13:06:27.000Z</time>
        <extensions>
          <ns3:TrackPointExtension>
            <ns3:hr>155</ns3:hr>
            <ns3:cad>91</ns3:cad>
          </ns3:TrackPointExtension>
        </extensions>
      </trkpt>
      <trkpt lat="30.55028222501277923583984375" lon="104.0488852746784687042236328125">
        <ele>474.20001220703125</ele>
        <time>2026-09-19T13:06:28.000Z</time>
        <extensions>
          <ns3:TrackPointExtension>
            <ns3:hr>155</ns3:hr>
            <ns3:cad>91</ns3:cad>
          </ns3:TrackPointExtension>
        </extensions>
      </trkpt>
      <trkpt lat="30.55028063245117664337158203125" lon="104.048914946615695953369140625">
        <ele>474.20001220703125</ele>
        <time>2026-09-19T13:06:29.000Z</time>
        <extensions>
          <ns3:TrackPointExtension>
            <ns3:hr>155</ns3:hr>
            <ns3:cad>92</ns3:cad>
          </ns3:TrackPointExtension>
        </extensions>
      </trkpt>
      <trkpt lat="30.55028029717504978179931640625" lon="104.04894470237195491790771484375">
        <ele>474</ele>
        <time>2026-09-19T13:06:30.000Z</time>
        <extensions>
          <ns3:TrackPointExtension>
            <ns3:hr>155</ns3:hr>
            <ns3:cad>93</ns3:cad>
          </ns3:TrackPointExtension>
        </extensions>
      </trkpt>
      <trkpt lat="30.55027644149959087371826171875" lon="104.0489794872701168060302734375">
        <ele>474</ele>
        <time>2026-09-19T13:06:31.000Z</time>
        <extensions>
          <ns3:TrackPointExtension>
            <ns3:hr>155</ns3:hr>
            <ns3:cad>93</ns3:cad>
          </ns3:TrackPointExtension>
        </extensions>
      </trkpt>
      <trkpt lat="30.55027191527187824249267578125" lon="104.04900857247412204742431640625">
        <ele>473.79998779296875</ele>
        <time>2026-09-19T13:06:32.000Z</time>
        <extensions>
          <ns3:TrackPointExtension>
            <ns3:hr>155</ns3:hr>
            <ns3:cad>93</ns3:cad>
          </ns3:TrackPointExtension>
        </extensions>
      </trkpt>
      <trkpt lat="30.55025498382747173309326171875" lon="104.049045033752918243408203125">
        <ele>473.79998779296875</ele>
        <time>2026-09-19T13:06:33.000Z</time>
        <extensions>
          <ns3:TrackPointExtension>
            <ns3:hr>154</ns3:hr>
            <ns3:cad>93</ns3:cad>
          </ns3:TrackPointExtension>
        </extensions>
      </trkpt>
      <trkpt lat="30.55024961940944194793701171875" lon="104.04907529242336750030517578125">
        <ele>473.79998779296875</ele>
        <time>2026-09-19T13:06:34.000Z</time>
        <extensions>
          <ns3:TrackPointExtension>
            <ns3:hr>154</ns3:hr>
            <ns3:cad>93</ns3:cad>
          </ns3:TrackPointExtension>
        </extensions>
      </trkpt>
      <trkpt lat="30.55023453198373317718505859375" lon="104.0491072274744510650634765625">
        <ele>473.79998779296875</ele>
        <time>2026-09-19T13:06:35.000Z</time>
        <extensions>
          <ns3:TrackPointExtension>
            <ns3:hr>153</ns3:hr>
            <ns3:cad>92</ns3:cad>
          </ns3:TrackPointExtension>
        </extensions>
      </trkpt>
      <trkpt lat="30.55022455751895904541015625" lon="104.0491353906691074371337890625">
        <ele>473.79998779296875</ele>
        <time>2026-09-19T13:06:36.000Z</time>
        <extensions>
          <ns3:TrackPointExtension>
            <ns3:hr>153</ns3:hr>
            <ns3:cad>92</ns3:cad>
          </ns3:TrackPointExtension>
        </extensions>
      </trkpt>
      <trkpt lat="30.550210140645503997802734375" lon="104.04916263185441493988037109375">
        <ele>473.79998779296875</ele>
        <time>2026-09-19T13:06:37.000Z</time>
        <extensions>
          <ns3:TrackPointExtension>
            <ns3:hr>153</ns3:hr>
            <ns3:cad>92</ns3:cad>
          </ns3:TrackPointExtension>
        </extensions>
      </trkpt>
      <trkpt lat="30.55019237101078033447265625" lon="104.04918995685875415802001953125">
        <ele>473.79998779296875</ele>
        <time>2026-09-19T13:06:38.000Z</time>
        <extensions>
          <ns3:TrackPointExtension>
            <ns3:hr>153</ns3:hr>
            <ns3:cad>93</ns3:cad>
          </ns3:TrackPointExtension>
        </extensions>
      </trkpt>
      <trkpt lat="30.550177954137325286865234375" lon="104.04921434819698333740234375">
        <ele>473.79998779296875</ele>
        <time>2026-09-19T13:06:39.000Z</time>
        <extensions>
          <ns3:TrackPointExtension>
            <ns3:hr>153</ns3:hr>
            <ns3:cad>93</ns3:cad>
          </ns3:TrackPointExtension>
        </extensions>
      </trkpt>
      <trkpt lat="30.55016152560710906982421875" lon="104.04924544505774974822998046875">
        <ele>473.79998779296875</ele>
        <time>2026-09-19T13:06:40.000Z</time>
        <extensions>
          <ns3:TrackPointExtension>
            <ns3:hr>154</ns3:hr>
            <ns3:cad>93</ns3:cad>
          </ns3:TrackPointExtension>
        </extensions>
      </trkpt>
      <trkpt lat="30.55014803074300289154052734375" lon="104.049264304339885711669921875">
        <ele>473.79998779296875</ele>
        <time>2026-09-19T13:06:41.000Z</time>
        <extensions>
          <ns3:TrackPointExtension>
            <ns3:hr>154</ns3:hr>
            <ns3:cad>93</ns3:cad>
          </ns3:TrackPointExtension>
        </extensions>
      </trkpt>
      <trkpt lat="30.5501318536698818206787109375" lon="104.04929020442068576812744140625">
        <ele>473.79998779296875</ele>
        <time>2026-09-19T13:06:42.000Z</time>
        <extensions>
          <ns3:TrackPointExtension>
            <ns3:hr>154</ns3:hr>
            <ns3:cad>93</ns3:cad>
          </ns3:TrackPointExtension>
        </extensions>
      </trkpt>
      <trkpt lat="30.550116263329982757568359375" lon="104.0493124164640903472900390625">
        <ele>473.600006103515625</ele>
        <time>2026-09-19T13:06:43.000Z</time>
        <extensions>
          <ns3:TrackPointExtension>
            <ns3:hr>154</ns3:hr>
            <ns3:cad>92</ns3:cad>
          </ns3:TrackPointExtension>
        </extensions>
      </trkpt>
      <trkpt lat="30.55009187199175357818603515625" lon="104.04933379031717777252197265625">
        <ele>473.600006103515625</ele>
        <time>2026-09-19T13:06:44.000Z</time>
        <extensions>
          <ns3:TrackPointExtension>
            <ns3:hr>155</ns3:hr>
            <ns3:cad>92</ns3:cad>
          </ns3:TrackPointExtension>
        </extensions>
      </trkpt>
      <trkpt lat="30.55007661692798137664794921875" lon="104.049351476132869720458984375">
        <ele>473.600006103515625</ele>
        <time>2026-09-19T13:06:45.000Z</time>
        <extensions>
          <ns3:TrackPointExtension>
            <ns3:hr>154</ns3:hr>
            <ns3:cad>92</ns3:cad>
          </ns3:TrackPointExtension>
        </extensions>
      </trkpt>
      <trkpt lat="30.55005163885653018951416015625" lon="104.04937687329947948455810546875">
        <ele>473.399993896484375</ele>
        <time>2026-09-19T13:06:46.000Z</time>
        <extensions>
          <ns3:TrackPointExtension>
            <ns3:hr>154</ns3:hr>
            <ns3:cad>93</ns3:cad>
          </ns3:TrackPointExtension>
        </extensions>
      </trkpt>
      <trkpt lat="30.550040490925312042236328125" lon="104.0493925474584102630615234375">
        <ele>473.399993896484375</ele>
        <time>2026-09-19T13:06:47.000Z</time>
        <extensions>
          <ns3:TrackPointExtension>
            <ns3:hr>154</ns3:hr>
            <ns3:cad>92</ns3:cad>
          </ns3:TrackPointExtension>
        </extensions>
      </trkpt>
      <trkpt lat="30.55001542903482913970947265625" lon="104.0494089759886264801025390625">
        <ele>473.20001220703125</ele>
        <time>2026-09-19T13:06:48.000Z</time>
        <extensions>
          <ns3:TrackPointExtension>
            <ns3:hr>153</ns3:hr>
            <ns3:cad>93</ns3:cad>
          </ns3:TrackPointExtension>
        </extensions>
      </trkpt>
      <trkpt lat="30.549994222819805145263671875" lon="104.04942716471850872039794921875">
        <ele>473.20001220703125</ele>
        <time>2026-09-19T13:06:49.000Z</time>
        <extensions>
          <ns3:TrackPointExtension>
            <ns3:hr>154</ns3:hr>
            <ns3:cad>92</ns3:cad>
          </ns3:TrackPointExtension>
        </extensions>
      </trkpt>
      <trkpt lat="30.54997100494801998138427734375" lon="104.0494438447058200836181640625">
        <ele>473.20001220703125</ele>
        <time>2026-09-19T13:06:50.000Z</time>
        <extensions>
          <ns3:TrackPointExtension>
            <ns3:hr>154</ns3:hr>
            <ns3:cad>92</ns3:cad>
          </ns3:TrackPointExtension>
        </extensions>
      </trkpt>
      <trkpt lat="30.5499508045613765716552734375" lon="104.04946488328278064727783203125">
        <ele>473.20001220703125</ele>
        <time>2026-09-19T13:06:51.000Z</time>
        <extensions>
          <ns3:TrackPointExtension>
            <ns3:hr>154</ns3:hr>
            <ns3:cad>92</ns3:cad>
          </ns3:TrackPointExtension>
        </extensions>
      </trkpt>
      <trkpt lat="30.5499283410608768463134765625" lon="104.0494813956320285797119140625">
        <ele>473.20001220703125</ele>
        <time>2026-09-19T13:06:52.000Z</time>
        <extensions>
          <ns3:TrackPointExtension>
            <ns3:hr>155</ns3:hr>
            <ns3:cad>92</ns3:cad>
          </ns3:TrackPointExtension>
        </extensions>
      </trkpt>
      <trkpt lat="30.5499006807804107666015625" lon="104.0494971536099910736083984375">
        <ele>473</ele>
        <time>2026-09-19T13:06:53.000Z</time>
        <extensions>
          <ns3:TrackPointExtension>
            <ns3:hr>155</ns3:hr>
            <ns3:cad>92</ns3:cad>
          </ns3:TrackPointExtension>
        </extensions>
      </trkpt>
      <trkpt lat="30.54988324642181396484375" lon="104.04951819218695163726806640625">
        <ele>472.79998779296875</ele>
        <time>2026-09-19T13:06:54.000Z</time>
        <extensions>
          <ns3:TrackPointExtension>
            <ns3:hr>155</ns3:hr>
            <ns3:cad>92</ns3:cad>
          </ns3:TrackPointExtension>
        </extensions>
      </trkpt>
      <trkpt lat="30.54985709488391876220703125" lon="104.0495410747826099395751953125">
        <ele>472.79998779296875</ele>
        <time>2026-09-19T13:06:55.000Z</time>
        <extensions>
          <ns3:TrackPointExtension>
            <ns3:hr>155</ns3:hr>
            <ns3:cad>92</ns3:cad>
          </ns3:TrackPointExtension>
        </extensions>
      </trkpt>
      <trkpt lat="30.5498391576111316680908203125" lon="104.049554653465747833251953125">
        <ele>472.79998779296875</ele>
        <time>2026-09-19T13:06:56.000Z</time>
        <extensions>
          <ns3:TrackPointExtension>
            <ns3:hr>155</ns3:hr>
            <ns3:cad>92</ns3:cad>
          </ns3:TrackPointExtension>
        </extensions>
      </trkpt>
      <trkpt lat="30.54980940185487270355224609375" lon="104.04957200400531291961669921875">
        <ele>472.600006103515625</ele>
        <time>2026-09-19T13:06:57.000Z</time>
        <extensions>
          <ns3:TrackPointExtension>
            <ns3:hr>156</ns3:hr>
            <ns3:cad>92</ns3:cad>
          </ns3:TrackPointExtension>
        </extensions>
      </trkpt>
      <trkpt lat="30.5497912131249904632568359375" lon="104.04959111474454402923583984375">
        <ele>472.600006103515625</ele>
        <time>2026-09-19T13:06:58.000Z</time>
        <extensions>
          <ns3:TrackPointExtension>
            <ns3:hr>156</ns3:hr>
            <ns3:cad>93</ns3:cad>
          </ns3:TrackPointExtension>
        </extensions>
      </trkpt>
      <trkpt lat="30.5497643910348415374755859375" lon="104.0496054477989673614501953125">
        <ele>472.600006103515625</ele>
        <time>2026-09-19T13:06:59.000Z</time>
        <extensions>
          <ns3:TrackPointExtension>
            <ns3:hr>156</ns3:hr>
            <ns3:cad>92</ns3:cad>
          </ns3:TrackPointExtension>
        </extensions>
      </trkpt>
      <trkpt lat="30.54974921979010105133056640625" lon="104.0496155060827732086181640625">
        <ele>472.399993896484375</ele>
        <time>2026-09-19T13:07:00.000Z</time>
        <extensions>
          <ns3:TrackPointExtension>
            <ns3:hr>156</ns3:hr>
            <ns3:cad>93</ns3:cad>
          </ns3:TrackPointExtension>
        </extensions>
      </trkpt>
      <trkpt lat="30.54972474463284015655517578125" lon="104.0496255643665790557861328125">
        <ele>472.399993896484375</ele>
        <time>2026-09-19T13:07:01.000Z</time>
        <extensions>
          <ns3:TrackPointExtension>
            <ns3:hr>156</ns3:hr>
            <ns3:cad>93</ns3:cad>
          </ns3:TrackPointExtension>
        </extensions>
      </trkpt>
      <trkpt lat="30.5497057177126407623291015625" lon="104.04963486827909946441650390625">
        <ele>472.20001220703125</ele>
        <time>2026-09-19T13:07:02.000Z</time>
        <extensions>
          <ns3:TrackPointExtension>
            <ns3:hr>156</ns3:hr>
            <ns3:cad>93</ns3:cad>
          </ns3:TrackPointExtension>
        </extensions>
      </trkpt>
      <trkpt lat="30.5496832542121410369873046875" lon="104.04964375309646129608154296875">
        <ele>472.20001220703125</ele>
        <time>2026-09-19T13:07:03.000Z</time>
        <extensions>
          <ns3:TrackPointExtension>
            <ns3:hr>156</ns3:hr>
            <ns3:cad>93</ns3:cad>
          </ns3:TrackPointExtension>
        </extensions>
      </trkpt>
      <trkpt lat="30.5496587790548801422119140625" lon="104.04965615831315517425537109375">
        <ele>472.20001220703125</ele>
        <time>2026-09-19T13:07:04.000Z</time>
        <extensions>
          <ns3:TrackPointExtension>
            <ns3:hr>156</ns3:hr>
            <ns3:cad>92</ns3:cad>
          </ns3:TrackPointExtension>
        </extensions>
      </trkpt>
      <trkpt lat="30.54963472299277782440185546875" lon="104.049669988453388214111328125">
        <ele>472</ele>
        <time>2026-09-19T13:07:05.000Z</time>
        <extensions>
          <ns3:TrackPointExtension>
            <ns3:hr>156</ns3:hr>
            <ns3:cad>91</ns3:cad>
          </ns3:TrackPointExtension>
        </extensions>
      </trkpt>
      <trkpt lat="30.549612343311309814453125" lon="104.04968063347041606903076171875">
        <ele>472</ele>
        <time>2026-09-19T13:07:06.000Z</time>
        <extensions>
          <ns3:TrackPointExtension>
            <ns3:hr>156</ns3:hr>
            <ns3:cad>91</ns3:cad>
          </ns3:TrackPointExtension>
        </extensions>
      </trkpt>
      <trkpt lat="30.54958912543952465057373046875" lon="104.04969848692417144775390625">
        <ele>472</ele>
        <time>2026-09-19T13:07:07.000Z</time>
        <extensions>
          <ns3:TrackPointExtension>
            <ns3:hr>156</ns3:hr>
            <ns3:cad>91</ns3:cad>
          </ns3:TrackPointExtension>
        </extensions>
      </trkpt>
      <trkpt lat="30.54956012405455112457275390625" lon="104.04971483163535594940185546875">
        <ele>472</ele>
        <time>2026-09-19T13:07:08.000Z</time>
        <extensions>
          <ns3:TrackPointExtension>
            <ns3:hr>156</ns3:hr>
            <ns3:cad>92</ns3:cad>
          </ns3:TrackPointExtension>
        </extensions>
      </trkpt>
      <trkpt lat="30.54953414015471935272216796875" lon="104.0497278235852718353271484375">
        <ele>471.79998779296875</ele>
        <time>2026-09-19T13:07:09.000Z</time>
        <extensions>
          <ns3:TrackPointExtension>
            <ns3:hr>156</ns3:hr>
            <ns3:cad>92</ns3:cad>
          </ns3:TrackPointExtension>
        </extensions>
      </trkpt>
      <trkpt lat="30.54950480349361896514892578125" lon="104.0497452579438686370849609375">
        <ele>471.79998779296875</ele>
        <time>2026-09-19T13:07:10.000Z</time>
        <extensions>
          <ns3:TrackPointExtension>
            <ns3:hr>156</ns3:hr>
            <ns3:cad>92</ns3:cad>
          </ns3:TrackPointExtension>
        </extensions>
      </trkpt>
      <trkpt lat="30.5494767241179943084716796875" lon="104.049761854112148284912109375">
        <ele>471.79998779296875</ele>
        <time>2026-09-19T13:07:11.000Z</time>
        <extensions>
          <ns3:TrackPointExtension>
            <ns3:hr>156</ns3:hr>
            <ns3:cad>93</ns3:cad>
          </ns3:TrackPointExtension>
        </extensions>
      </trkpt>
      <trkpt lat="30.5494505725800991058349609375" lon="104.0497895143926143646240234375">
        <ele>471.79998779296875</ele>
        <time>2026-09-19T13:07:12.000Z</time>
        <extensions>
          <ns3:TrackPointExtension>
            <ns3:hr>156</ns3:hr>
            <ns3:cad>92</ns3:cad>
          </ns3:TrackPointExtension>
        </extensions>
      </trkpt>
      <trkpt lat="30.54943858645856380462646484375" lon="104.04981642030179500579833984375">
        <ele>471.600006103515625</ele>
        <time>2026-09-19T13:07:13.000Z</time>
        <extensions>
          <ns3:TrackPointExtension>
            <ns3:hr>156</ns3:hr>
            <ns3:cad>92</ns3:cad>
          </ns3:TrackPointExtension>
        </extensions>
      </trkpt>
      <trkpt lat="30.54943137802183628082275390625" lon="104.0498522110283374786376953125">
        <ele>471.600006103515625</ele>
        <time>2026-09-19T13:07:14.000Z</time>
        <extensions>
          <ns3:TrackPointExtension>
            <ns3:hr>156</ns3:hr>
            <ns3:cad>92</ns3:cad>
          </ns3:TrackPointExtension>
        </extensions>
      </trkpt>
      <trkpt lat="30.54943104274570941925048828125" lon="104.04987844638526439666748046875">
        <ele>471.600006103515625</ele>
        <time>2026-09-19T13:07:15.000Z</time>
        <extensions>
          <ns3:TrackPointExtension>
            <ns3:hr>156</ns3:hr>
            <ns3:cad>92</ns3:cad>
          </ns3:TrackPointExtension>
        </extensions>
      </trkpt>
      <trkpt lat="30.54943070746958255767822265625" lon="104.0499155782163143157958984375">
        <ele>471.600006103515625</ele>
        <time>2026-09-19T13:07:16.000Z</time>
        <extensions>
          <ns3:TrackPointExtension>
            <ns3:hr>156</ns3:hr>
            <ns3:cad>92</ns3:cad>
          </ns3:TrackPointExtension>
        </extensions>
      </trkpt>
      <trkpt lat="30.54943355731666088104248046875" lon="104.0499450825154781341552734375">
        <ele>471.600006103515625</ele>
        <time>2026-09-19T13:07:17.000Z</time>
        <extensions>
          <ns3:TrackPointExtension>
            <ns3:hr>156</ns3:hr>
            <ns3:cad>92</ns3:cad>
          </ns3:TrackPointExtension>
        </extensions>
      </trkpt>
      <trkpt lat="30.54944277741014957427978515625" lon="104.04997467063367366790771484375">
        <ele>471.600006103515625</ele>
        <time>2026-09-19T13:07:18.000Z</time>
        <extensions>
          <ns3:TrackPointExtension>
            <ns3:hr>155</ns3:hr>
            <ns3:cad>92</ns3:cad>
          </ns3:TrackPointExtension>
        </extensions>
      </trkpt>
      <trkpt lat="30.549456439912319183349609375" lon="104.0499995648860931396484375">
        <ele>471.600006103515625</ele>
        <time>2026-09-19T13:07:19.000Z</time>
        <extensions>
          <ns3:TrackPointExtension>
            <ns3:hr>156</ns3:hr>
            <ns3:cad>92</ns3:cad>
          </ns3:TrackPointExtension>
        </extensions>
      </trkpt>
      <trkpt lat="30.5494797416031360626220703125" lon="104.05001699924468994140625">
        <ele>471.600006103515625</ele>
        <time>2026-09-19T13:07:20.000Z</time>
        <extensions>
          <ns3:TrackPointExtension>
            <ns3:hr>155</ns3:hr>
            <ns3:cad>93</ns3:cad>
          </ns3:TrackPointExtension>
        </extensions>
      </trkpt>
      <trkpt lat="30.54950446821749210357666015625" lon="104.05002429150044918060302734375">
        <ele>471.600006103515625</ele>
        <time>2026-09-19T13:07:21.000Z</time>
        <extensions>
          <ns3:TrackPointExtension>
            <ns3:hr>155</ns3:hr>
            <ns3:cad>94</ns3:cad>
          </ns3:TrackPointExtension>
        </extensions>
      </trkpt>
      <trkpt lat="30.54952743463218212127685546875" lon="104.05002479441463947296142578125">
        <ele>471.600006103515625</ele>
        <time>2026-09-19T13:07:22.000Z</time>
        <extensions>
          <ns3:TrackPointExtension>
            <ns3:hr>155</ns3:hr>
            <ns3:cad>94</ns3:cad>
          </ns3:TrackPointExtension>
        </extensions>
      </trkpt>
      <trkpt lat="30.54954956285655498504638671875" lon="104.05002144165337085723876953125">
        <ele>471.600006103515625</ele>
        <time>2026-09-19T13:07:23.000Z</time>
        <extensions>
          <ns3:TrackPointExtension>
            <ns3:hr>156</ns3:hr>
            <ns3:cad>94</ns3:cad>
          </ns3:TrackPointExtension>
        </extensions>
      </trkpt>
      <trkpt lat="30.5495692603290081024169921875" lon="104.05001205392181873321533203125">
        <ele>471.600006103515625</ele>
        <time>2026-09-19T13:07:24.000Z</time>
        <extensions>
          <ns3:TrackPointExtension>
            <ns3:hr>156</ns3:hr>
            <ns3:cad>93</ns3:cad>
          </ns3:TrackPointExtension>
        </extensions>
      </trkpt>
      <trkpt lat="30.5495940707623958587646484375" lon="104.0500020794570446014404296875">
        <ele>471.600006103515625</ele>
        <time>2026-09-19T13:07:25.000Z</time>
        <extensions>
          <ns3:TrackPointExtension>
            <ns3:hr>156</ns3:hr>
            <ns3:cad>92</ns3:cad>
          </ns3:TrackPointExtension>
        </extensions>
      </trkpt>
      <trkpt lat="30.54961427114903926849365234375" lon="104.049992524087429046630859375">
        <ele>471.600006103515625</ele>
        <time>2026-09-19T13:07:26.000Z</time>
        <extensions>
          <ns3:TrackPointExtension>
            <ns3:hr>156</ns3:hr>
            <ns3:cad>92</ns3:cad>
          </ns3:TrackPointExtension>
        </extensions>
      </trkpt>
      <trkpt lat="30.54964209906756877899169921875" lon="104.04998254962265491485595703125">
        <ele>471.600006103515625</ele>
        <time>2026-09-19T13:07:27.000Z</time>
        <extensions>
          <ns3:TrackPointExtension>
            <ns3:hr>155</ns3:hr>
            <ns3:cad>92</ns3:cad>
          </ns3:TrackPointExtension>
        </extensions>
      </trkpt>
      <trkpt lat="30.54965886287391185760498046875" lon="104.04997215606272220611572265625">
        <ele>471.600006103515625</ele>
        <time>2026-09-19T13:07:28.000Z</time>
        <extensions>
          <ns3:TrackPointExtension>
            <ns3:hr>156</ns3:hr>
            <ns3:cad>92</ns3:cad>
          </ns3:TrackPointExtension>
        </extensions>
      </trkpt>
      <trkpt lat="30.54968367330729961395263671875" lon="104.0499618463218212127685546875">
        <ele>471.600006103515625</ele>
        <time>2026-09-19T13:07:29.000Z</time>
        <extensions>
          <ns3:TrackPointExtension>
            <ns3:hr>156</ns3:hr>
            <ns3:cad>92</ns3:cad>
          </ns3:TrackPointExtension>
        </extensions>
      </trkpt>
      <trkpt lat="30.54970286786556243896484375" lon="104.04995321296155452728271484375">
        <ele>471.399993896484375</ele>
        <time>2026-09-19T13:07:30.000Z</time>
        <extensions>
          <ns3:TrackPointExtension>
            <ns3:hr>156</ns3:hr>
            <ns3:cad>92</ns3:cad>
          </ns3:TrackPointExtension>
        </extensions>
      </trkpt>
      <trkpt lat="30.54972692392766475677490234375" lon="104.04994566924870014190673828125">
        <ele>471.399993896484375</ele>
        <time>2026-09-19T13:07:31.000Z</time>
        <extensions>
          <ns3:TrackPointExtension>
            <ns3:hr>156</ns3:hr>
            <ns3:cad>92</ns3:cad>
          </ns3:TrackPointExtension>
        </extensions>
      </trkpt>
      <trkpt lat="30.54974989034235477447509765625" lon="104.0499325096607208251953125">
        <ele>471.399993896484375</ele>
        <time>2026-09-19T13:07:32.000Z</time>
        <extensions>
          <ns3:TrackPointExtension>
            <ns3:hr>156</ns3:hr>
            <ns3:cad>93</ns3:cad>
          </ns3:TrackPointExtension>
        </extensions>
      </trkpt>
      <trkpt lat="30.54977419786155223846435546875" lon="104.04992236755788326263427734375">
        <ele>471.399993896484375</ele>
        <time>2026-09-19T13:07:33.000Z</time>
        <extensions>
          <ns3:TrackPointExtension>
            <ns3:hr>156</ns3:hr>
            <ns3:cad>93</ns3:cad>
          </ns3:TrackPointExtension>
        </extensions>
      </trkpt>
      <trkpt lat="30.5497952364385128021240234375" lon="104.049910716712474822998046875">
        <ele>471.399993896484375</ele>
        <time>2026-09-19T13:07:34.000Z</time>
        <extensions>
          <ns3:TrackPointExtension>
            <ns3:hr>156</ns3:hr>
            <ns3:cad>93</ns3:cad>
          </ns3:TrackPointExtension>
        </extensions>
      </trkpt>
      <trkpt lat="30.54982013069093227386474609375" lon="104.04990560375154018402099609375">
        <ele>471.399993896484375</ele>
        <time>2026-09-19T13:07:35.000Z</time>
        <extensions>
          <ns3:TrackPointExtension>
            <ns3:hr>155</ns3:hr>
            <ns3:cad>92</ns3:cad>
          </ns3:TrackPointExtension>
        </extensions>
      </trkpt>
      <trkpt lat="30.5498401634395122528076171875" lon="104.0498957969248294830322265625">
        <ele>471.399993896484375</ele>
        <time>2026-09-19T13:07:36.000Z</time>
        <extensions>
          <ns3:TrackPointExtension>
            <ns3:hr>156</ns3:hr>
            <ns3:cad>92</ns3:cad>
          </ns3:TrackPointExtension>
        </extensions>
      </trkpt>
      <trkpt lat="30.5498612858355045318603515625" lon="104.04988582246005535125732421875">
        <ele>471.399993896484375</ele>
        <time>2026-09-19T13:07:37.000Z</time>
        <extensions>
          <ns3:TrackPointExtension>
            <ns3:hr>156</ns3:hr>
            <ns3:cad>92</ns3:cad>
          </ns3:TrackPointExtension>
        </extensions>
      </trkpt>
      <trkpt lat="30.54988366551697254180908203125" lon="104.04987090267241001129150390625">
        <ele>471.399993896484375</ele>
        <time>2026-09-19T13:07:38.000Z</time>
        <extensions>
          <ns3:TrackPointExtension>
            <ns3:hr>156</ns3:hr>
            <ns3:cad>92</ns3:cad>
          </ns3:TrackPointExtension>
        </extensions>
      </trkpt>
      <trkpt lat="30.54990763776004314422607421875" lon="104.04985263012349605560302734375">
        <ele>471.399993896484375</ele>
        <time>2026-09-19T13:07:39.000Z</time>
        <extensions>
          <ns3:TrackPointExtension>
            <ns3:hr>156</ns3:hr>
            <ns3:cad>92</ns3:cad>
          </ns3:TrackPointExtension>
        </extensions>
      </trkpt>
      <trkpt lat="30.54992909543216228485107421875" lon="104.04983586631715297698974609375">
        <ele>471.399993896484375</ele>
        <time>2026-09-19T13:07:40.000Z</time>
        <extensions>
          <ns3:TrackPointExtension>
            <ns3:hr>156</ns3:hr>
            <ns3:cad>92</ns3:cad>
          </ns3:TrackPointExtension>
        </extensions>
      </trkpt>
      <trkpt lat="30.54995373822748661041259765625" lon="104.0498217009007930755615234375">
        <ele>471.600006103515625</ele>
        <time>2026-09-19T13:07:41.000Z</time>
        <extensions>
          <ns3:TrackPointExtension>
            <ns3:hr>156</ns3:hr>
            <ns3:cad>92</ns3:cad>
          </ns3:TrackPointExtension>
        </extensions>
      </trkpt>
      <trkpt lat="30.54997787810862064361572265625" lon="104.0498066134750843048095703125">
        <ele>471.600006103515625</ele>
        <time>2026-09-19T13:07:42.000Z</time>
        <extensions>
          <ns3:TrackPointExtension>
            <ns3:hr>156</ns3:hr>
            <ns3:cad>92</ns3:cad>
          </ns3:TrackPointExtension>
        </extensions>
      </trkpt>
      <trkpt lat="30.5499984137713909149169921875" lon="104.0497901849448680877685546875">
        <ele>471.600006103515625</ele>
        <time>2026-09-19T13:07:43.000Z</time>
        <extensions>
          <ns3:TrackPointExtension>
            <ns3:hr>156</ns3:hr>
            <ns3:cad>92</ns3:cad>
          </ns3:TrackPointExtension>
        </extensions>
      </trkpt>
      <trkpt lat="30.55002733133733272552490234375" lon="104.04977870173752307891845703125">
        <ele>471.600006103515625</ele>
        <time>2026-09-19T13:07:44.000Z</time>
        <extensions>
          <ns3:TrackPointExtension>
            <ns3:hr>156</ns3:hr>
            <ns3:cad>91</ns3:cad>
          </ns3:TrackPointExtension>
        </extensions>
      </trkpt>
      <trkpt lat="30.5500495433807373046875" lon="104.04976579360663890838623046875">
        <ele>471.600006103515625</ele>
        <time>2026-09-19T13:07:45.000Z</time>
        <extensions>
          <ns3:TrackPointExtension>
            <ns3:hr>156</ns3:hr>
            <ns3:cad>91</ns3:cad>
          </ns3:TrackPointExtension>
        </extensions>
      </trkpt>
      <trkpt lat="30.55007929913699626922607421875" lon="104.04975347220897674560546875">
        <ele>471.600006103515625</ele>
        <time>2026-09-19T13:07:46.000Z</time>
        <extensions>
          <ns3:TrackPointExtension>
            <ns3:hr>156</ns3:hr>
            <ns3:cad>92</ns3:cad>
          </ns3:TrackPointExtension>
        </extensions>
      </trkpt>
      <trkpt lat="30.55010260082781314849853515625" lon="104.04974299483001232147216796875">
        <ele>471.79998779296875</ele>
        <time>2026-09-19T13:07:47.000Z</time>
        <extensions>
          <ns3:TrackPointExtension>
            <ns3:hr>156</ns3:hr>
            <ns3:cad>93</ns3:cad>
          </ns3:TrackPointExtension>
        </extensions>
      </trkpt>
      <trkpt lat="30.55013470351696014404296875" lon="104.04973159544169902801513671875">
        <ele>471.600006103515625</ele>
        <time>2026-09-19T13:07:48.000Z</time>
        <extensions>
          <ns3:TrackPointExtension>
            <ns3:hr>156</ns3:hr>
            <ns3:cad>93</ns3:cad>
          </ns3:TrackPointExtension>
        </extensions>
      </trkpt>
      <trkpt lat="30.5501593463122844696044921875" lon="104.04972371645271778106689453125">
        <ele>471.600006103515625</ele>
        <time>2026-09-19T13:07:49.000Z</time>
        <extensions>
          <ns3:TrackPointExtension>
            <ns3:hr>156</ns3:hr>
            <ns3:cad>93</ns3:cad>
          </ns3:TrackPointExtension>
        </extensions>
      </trkpt>
      <trkpt lat="30.55018424056470394134521484375" lon="104.04971131123602390289306640625">
        <ele>471.600006103515625</ele>
        <time>2026-09-19T13:07:50.000Z</time>
        <extensions>
          <ns3:TrackPointExtension>
            <ns3:hr>156</ns3:hr>
            <ns3:cad>93</ns3:cad>
          </ns3:TrackPointExtension>
        </extensions>
      </trkpt>
      <trkpt lat="30.55020821280777454376220703125" lon="104.04969773255288600921630859375">
        <ele>471.79998779296875</ele>
        <time>2026-09-19T13:07:51.000Z</time>
        <extensions>
          <ns3:TrackPointExtension>
            <ns3:hr>157</ns3:hr>
            <ns3:cad>93</ns3:cad>
          </ns3:TrackPointExtension>
        </extensions>
      </trkpt>
      <trkpt lat="30.55023034103214740753173828125" lon="104.0496852435171604156494140625">
        <ele>471.79998779296875</ele>
        <time>2026-09-19T13:07:52.000Z</time>
        <extensions>
          <ns3:TrackPointExtension>
            <ns3:hr>156</ns3:hr>
            <ns3:cad>92</ns3:cad>
          </ns3:TrackPointExtension>
        </extensions>
      </trkpt>
      <trkpt lat="30.55024744011461734771728515625" lon="104.0496694855391979217529296875">
        <ele>471.79998779296875</ele>
        <time>2026-09-19T13:07:53.000Z</time>
        <extensions>
          <ns3:TrackPointExtension>
            <ns3:hr>156</ns3:hr>
            <ns3:cad>92</ns3:cad>
          </ns3:TrackPointExtension>
        </extensions>
      </trkpt>
      <trkpt lat="30.5502708256244659423828125" lon="104.049651212990283966064453125">
        <ele>471.79998779296875</ele>
        <time>2026-09-19T13:07:54.000Z</time>
        <extensions>
          <ns3:TrackPointExtension>
            <ns3:hr>156</ns3:hr>
            <ns3:cad>92</ns3:cad>
          </ns3:TrackPointExtension>
        </extensions>
      </trkpt>
      <trkpt lat="30.55029102601110935211181640625" lon="104.049630425870418548583984375">
        <ele>472</ele>
        <time>2026-09-19T13:07:55.000Z</time>
        <extensions>
          <ns3:TrackPointExtension>
            <ns3:hr>156</ns3:hr>
            <ns3:cad>93</ns3:cad>
          </ns3:TrackPointExtension>
        </extensions>
      </trkpt>
      <trkpt lat="30.55031038820743560791015625" lon="104.04961206950247287750244140625">
        <ele>472</ele>
        <time>2026-09-19T13:07:56.000Z</time>
        <extensions>
          <ns3:TrackPointExtension>
            <ns3:hr>157</ns3:hr>
            <ns3:cad>93</ns3:cad>
          </ns3:TrackPointExtension>
        </extensions>
      </trkpt>
      <trkpt lat="30.550331175327301025390625" lon="104.04958876781165599822998046875">
        <ele>472.20001220703125</ele>
        <time>2026-09-19T13:07:57.000Z</time>
        <extensions>
          <ns3:TrackPointExtension>
            <ns3:hr>157</ns3:hr>
            <ns3:cad>93</ns3:cad>
          </ns3:TrackPointExtension>
        </extensions>
      </trkpt>
      <trkpt lat="30.550347603857517242431640625" lon="104.0495650470256805419921875">
        <ele>472.20001220703125</ele>
        <time>2026-09-19T13:07:58.000Z</time>
        <extensions>
          <ns3:TrackPointExtension>
            <ns3:hr>157</ns3:hr>
            <ns3:cad>91</ns3:cad>
          </ns3:TrackPointExtension>
        </extensions>
      </trkpt>
      <trkpt lat="30.5503739230334758758544921875" lon="104.04954317025840282440185546875">
        <ele>472.20001220703125</ele>
        <time>2026-09-19T13:07:59.000Z</time>
        <extensions>
          <ns3:TrackPointExtension>
            <ns3:hr>157</ns3:hr>
            <ns3:cad>91</ns3:cad>
          </ns3:TrackPointExtension>
        </extensions>
      </trkpt>
      <trkpt lat="30.55038951337337493896484375" lon="104.0495219640433788299560546875">
        <ele>472.399993896484375</ele>
        <time>2026-09-19T13:08:00.000Z</time>
        <extensions>
          <ns3:TrackPointExtension>
            <ns3:hr>158</ns3:hr>
            <ns3:cad>91</ns3:cad>
          </ns3:TrackPointExtension>
        </extensions>
      </trkpt>
      <trkpt lat="30.5504094623029232025146484375" lon="104.04950126074254512786865234375">
        <ele>472.399993896484375</ele>
        <time>2026-09-19T13:08:01.000Z</time>
        <extensions>
          <ns3:TrackPointExtension>
            <ns3:hr>157</ns3:hr>
            <ns3:cad>91</ns3:cad>
          </ns3:TrackPointExtension>
        </extensions>
      </trkpt>
      <trkpt lat="30.550426058471202850341796875" lon="104.04947997070848941802978515625">
        <ele>472.399993896484375</ele>
        <time>2026-09-19T13:08:02.000Z</time>
        <extensions>
          <ns3:TrackPointExtension>
            <ns3:hr>158</ns3:hr>
            <ns3:cad>92</ns3:cad>
          </ns3:TrackPointExtension>
        </extensions>
      </trkpt>
      <trkpt lat="30.55044709704816341400146484375" lon="104.0494589321315288543701171875">
        <ele>472.399993896484375</ele>
        <time>2026-09-19T13:08:03.000Z</time>
        <extensions>
          <ns3:TrackPointExtension>
            <ns3:hr>158</ns3:hr>
            <ns3:cad>93</ns3:cad>
          </ns3:TrackPointExtension>
        </extensions>
      </trkpt>
      <trkpt lat="30.55046218447387218475341796875" lon="104.04944309033453464508056640625">
        <ele>472.600006103515625</ele>
        <time>2026-09-19T13:08:04.000Z</time>
        <extensions>
          <ns3:TrackPointExtension>
            <ns3:hr>158</ns3:hr>
            <ns3:cad>92</ns3:cad>
          </ns3:TrackPointExtension>
        </extensions>
      </trkpt>
      <trkpt lat="30.55048079229891300201416015625" lon="104.04941878281533718109130859375">
        <ele>472.600006103515625</ele>
        <time>2026-09-19T13:08:05.000Z</time>
        <extensions>
          <ns3:TrackPointExtension>
            <ns3:hr>158</ns3:hr>
            <ns3:cad>93</ns3:cad>
          </ns3:TrackPointExtension>
        </extensions>
      </trkpt>
      <trkpt lat="30.55049152113497257232666015625" lon="104.04939698986709117889404296875">
        <ele>472.79998779296875</ele>
        <time>2026-09-19T13:08:06.000Z</time>
        <extensions>
          <ns3:TrackPointExtension>
            <ns3:hr>159</ns3:hr>
            <ns3:cad>93</ns3:cad>
          </ns3:TrackPointExtension>
        </extensions>
      </trkpt>
      <trkpt lat="30.55050828494131565093994140625" lon="104.04937502928078174591064453125">
        <ele>473</ele>
        <time>2026-09-19T13:08:07.000Z</time>
        <extensions>
          <ns3:TrackPointExtension>
            <ns3:hr>159</ns3:hr>
            <ns3:cad>93</ns3:cad>
          </ns3:TrackPointExtension>
        </extensions>
      </trkpt>
      <trkpt lat="30.55052471347153186798095703125" lon="104.0493516437709331512451171875">
        <ele>473</ele>
        <time>2026-09-19T13:08:08.000Z</time>
        <extensions>
          <ns3:TrackPointExtension>
            <ns3:hr>159</ns3:hr>
            <ns3:cad>93</ns3:cad>
          </ns3:TrackPointExtension>
        </extensions>
      </trkpt>
      <trkpt lat="30.550540052354335784912109375" lon="104.049328006803989410400390625">
        <ele>473.20001220703125</ele>
        <time>2026-09-19T13:08:09.000Z</time>
        <extensions>
          <ns3:TrackPointExtension>
            <ns3:hr>159</ns3:hr>
            <ns3:cad>92</ns3:cad>
          </ns3:TrackPointExtension>
        </extensions>
      </trkpt>
      <trkpt lat="30.55056695826351642608642578125" lon="104.04929925687611103057861328125">
        <ele>473.20001220703125</ele>
        <time>2026-09-19T13:08:10.000Z</time>
        <extensions>
          <ns3:TrackPointExtension>
            <ns3:hr>159</ns3:hr>
            <ns3:cad>93</ns3:cad>
          </ns3:TrackPointExtension>
        </extensions>
      </trkpt>
      <trkpt lat="30.5505767650902271270751953125" lon="104.0492782182991504669189453125">
        <ele>473.20001220703125</ele>
        <time>2026-09-19T13:08:11.000Z</time>
        <extensions>
          <ns3:TrackPointExtension>
            <ns3:hr>160</ns3:hr>
            <ns3:cad>92</ns3:cad>
          </ns3:TrackPointExtension>
        </extensions>
      </trkpt>
      <trkpt lat="30.5505928583443164825439453125" lon="104.049249552190303802490234375">
        <ele>473.399993896484375</ele>
        <time>2026-09-19T13:08:12.000Z</time>
        <extensions>
          <ns3:TrackPointExtension>
            <ns3:hr>160</ns3:hr>
            <ns3:cad>92</ns3:cad>
          </ns3:TrackPointExtension>
        </extensions>
      </trkpt>
      <trkpt lat="30.5506019107997417449951171875" lon="104.04922868125140666961669921875">
        <ele>473.399993896484375</ele>
        <time>2026-09-19T13:08:13.000Z</time>
        <extensions>
          <ns3:TrackPointExtension>
            <ns3:hr>160</ns3:hr>
            <ns3:cad>92</ns3:cad>
          </ns3:TrackPointExtension>
        </extensions>
      </trkpt>
      <trkpt lat="30.550615824759006500244140625" lon="104.04920437373220920562744140625">
        <ele>473.600006103515625</ele>
        <time>2026-09-19T13:08:14.000Z</time>
        <extensions>
          <ns3:TrackPointExtension>
            <ns3:hr>160</ns3:hr>
            <ns3:cad>92</ns3:cad>
          </ns3:TrackPointExtension>
        </extensions>
      </trkpt>
      <trkpt lat="30.55062512867152690887451171875" lon="104.0491814911365509033203125">
        <ele>473.600006103515625</ele>
        <time>2026-09-19T13:08:15.000Z</time>
        <extensions>
          <ns3:TrackPointExtension>
            <ns3:hr>160</ns3:hr>
            <ns3:cad>93</ns3:cad>
          </ns3:TrackPointExtension>
        </extensions>
      </trkpt>
      <trkpt lat="30.550641305744647979736328125" lon="104.04915693216025829315185546875">
        <ele>473.79998779296875</ele>
        <time>2026-09-19T13:08:16.000Z</time>
        <extensions>
          <ns3:TrackPointExtension>
            <ns3:hr>160</ns3:hr>
            <ns3:cad>92</ns3:cad>
          </ns3:TrackPointExtension>
        </extensions>
      </trkpt>
      <trkpt lat="30.55065697990357875823974609375" lon="104.04913597740232944488525390625">
        <ele>473.79998779296875</ele>
        <time>2026-09-19T13:08:17.000Z</time>
        <extensions>
          <ns3:TrackPointExtension>
            <ns3:hr>161</ns3:hr>
            <ns3:cad>92</ns3:cad>
          </ns3:TrackPointExtension>
        </extensions>
      </trkpt>
      <trkpt lat="30.55067324079573154449462890625" lon="104.04911041259765625">
        <ele>473.79998779296875</ele>
        <time>2026-09-19T13:08:18.000Z</time>
        <extensions>
          <ns3:TrackPointExtension>
            <ns3:hr>161</ns3:hr>
            <ns3:cad>92</ns3:cad>
          </ns3:TrackPointExtension>
        </extensions>
      </trkpt>
      <trkpt lat="30.5506890825927257537841796875" lon="104.04909356497228145599365234375">
        <ele>473.79998779296875</ele>
        <time>2026-09-19T13:08:19.000Z</time>
        <extensions>
          <ns3:TrackPointExtension>
            <ns3:hr>161</ns3:hr>
            <ns3:cad>92</ns3:cad>
          </ns3:TrackPointExtension>
        </extensions>
      </trkpt>
      <trkpt lat="30.550705008208751678466796875" lon="104.049064815044403076171875">
        <ele>473.600006103515625</ele>
        <time>2026-09-19T13:08:20.000Z</time>
        <extensions>
          <ns3:TrackPointExtension>
            <ns3:hr>162</ns3:hr>
            <ns3:cad>92</ns3:cad>
          </ns3:TrackPointExtension>
        </extensions>
      </trkpt>
      <trkpt lat="30.55072168819606304168701171875" lon="104.04904226772487163543701171875">
        <ele>473.600006103515625</ele>
        <time>2026-09-19T13:08:21.000Z</time>
        <extensions>
          <ns3:TrackPointExtension>
            <ns3:hr>162</ns3:hr>
            <ns3:cad>93</ns3:cad>
          </ns3:TrackPointExtension>
        </extensions>
      </trkpt>
      <trkpt lat="30.55074180476367473602294921875" lon="104.0490180440247058868408203125">
        <ele>473.399993896484375</ele>
        <time>2026-09-19T13:08:22.000Z</time>
        <extensions>
          <ns3:TrackPointExtension>
            <ns3:hr>162</ns3:hr>
            <ns3:cad>92</ns3:cad>
          </ns3:TrackPointExtension>
        </extensions>
      </trkpt>
      <trkpt lat="30.5507601611316204071044921875" lon="104.04899583198130130767822265625">
        <ele>473.20001220703125</ele>
        <time>2026-09-19T13:08:23.000Z</time>
        <extensions>
          <ns3:TrackPointExtension>
            <ns3:hr>162</ns3:hr>
            <ns3:cad>91</ns3:cad>
          </ns3:TrackPointExtension>
        </extensions>
      </trkpt>
      <trkpt lat="30.55077918805181980133056640625" lon="104.0489734522998332977294921875">
        <ele>473.20001220703125</ele>
        <time>2026-09-19T13:08:24.000Z</time>
        <extensions>
          <ns3:TrackPointExtension>
            <ns3:hr>161</ns3:hr>
            <ns3:cad>91</ns3:cad>
          </ns3:TrackPointExtension>
        </extensions>
      </trkpt>
      <trkpt lat="30.550801567733287811279296875" lon="104.048953838646411895751953125">
        <ele>473</ele>
        <time>2026-09-19T13:08:25.000Z</time>
        <extensions>
          <ns3:TrackPointExtension>
            <ns3:hr>162</ns3:hr>
            <ns3:cad>91</ns3:cad>
          </ns3:TrackPointExtension>
        </extensions>
      </trkpt>
      <trkpt lat="30.5508248694241046905517578125" lon="104.048936404287815093994140625">
        <ele>472.79998779296875</ele>
        <time>2026-09-19T13:08:26.000Z</time>
        <extensions>
          <ns3:TrackPointExtension>
            <ns3:hr>162</ns3:hr>
            <ns3:cad>91</ns3:cad>
          </ns3:TrackPointExtension>
        </extensions>
      </trkpt>
      <trkpt lat="30.550851188600063323974609375" lon="104.04891754500567913055419921875">
        <ele>472.600006103515625</ele>
        <time>2026-09-19T13:08:27.000Z</time>
        <extensions>
          <ns3:TrackPointExtension>
            <ns3:hr>162</ns3:hr>
            <ns3:cad>91</ns3:cad>
          </ns3:TrackPointExtension>
        </extensions>
      </trkpt>
      <trkpt lat="30.5508758313953876495361328125" lon="104.04890111647546291351318359375">
        <ele>472.399993896484375</ele>
        <time>2026-09-19T13:08:28.000Z</time>
        <extensions>
          <ns3:TrackPointExtension>
            <ns3:hr>161</ns3:hr>
            <ns3:cad>91</ns3:cad>
          </ns3:TrackPointExtension>
        </extensions>
      </trkpt>
      <trkpt lat="30.5509046651422977447509765625" lon="104.04888099990785121917724609375">
        <ele>472.399993896484375</ele>
        <time>2026-09-19T13:08:29.000Z</time>
        <extensions>
          <ns3:TrackPointExtension>
            <ns3:hr>162</ns3:hr>
            <ns3:cad>92</ns3:cad>
          </ns3:TrackPointExtension>
        </extensions>
      </trkpt>
      <trkpt lat="30.5509279668331146240234375" lon="104.04886222444474697113037109375">
        <ele>472.399993896484375</ele>
        <time>2026-09-19T13:08:30.000Z</time>
        <extensions>
          <ns3:TrackPointExtension>
            <ns3:hr>161</ns3:hr>
            <ns3:cad>92</ns3:cad>
          </ns3:TrackPointExtension>
        </extensions>
      </trkpt>
      <trkpt lat="30.550949759781360626220703125" lon="104.048842526972293853759765625">
        <ele>472.399993896484375</ele>
        <time>2026-09-19T13:08:31.000Z</time>
        <extensions>
          <ns3:TrackPointExtension>
            <ns3:hr>161</ns3:hr>
            <ns3:cad>93</ns3:cad>
          </ns3:TrackPointExtension>
        </extensions>
      </trkpt>
      <trkpt lat="30.55097314529120922088623046875" lon="104.04882350005209445953369140625">
        <ele>472.600006103515625</ele>
        <time>2026-09-19T13:08:32.000Z</time>
        <extensions>
          <ns3:TrackPointExtension>
            <ns3:hr>161</ns3:hr>
            <ns3:cad>93</ns3:cad>
          </ns3:TrackPointExtension>
        </extensions>
      </trkpt>
      <trkpt lat="30.5509977042675018310546875" lon="104.04881193302571773529052734375">
        <ele>472.79998779296875</ele>
        <time>2026-09-19T13:08:33.000Z</time>
        <extensions>
          <ns3:TrackPointExtension>
            <ns3:hr>161</ns3:hr>
            <ns3:cad>94</ns3:cad>
          </ns3:TrackPointExtension>
        </extensions>
      </trkpt>
      <trkpt lat="30.55101907812058925628662109375" lon="104.04879969544708728790283203125">
        <ele>473</ele>
        <time>2026-09-19T13:08:34.000Z</time>
        <extensions>
          <ns3:TrackPointExtension>
            <ns3:hr>162</ns3:hr>
            <ns3:cad>93</ns3:cad>
          </ns3:TrackPointExtension>
        </extensions>
      </trkpt>
      <trkpt lat="30.5510381050407886505126953125" lon="104.0487903915345668792724609375">
        <ele>473.20001220703125</ele>
        <time>2026-09-19T13:08:35.000Z</time>
        <extensions>
          <ns3:TrackPointExtension>
            <ns3:hr>162</ns3:hr>
            <ns3:cad>93</ns3:cad>
          </ns3:TrackPointExtension>
        </extensions>
      </trkpt>
      <trkpt lat="30.55106316693127155303955078125" lon="104.04877857305109500885009765625">
        <ele>473.600006103515625</ele>
        <time>2026-09-19T13:08:36.000Z</time>
        <extensions>
          <ns3:TrackPointExtension>
            <ns3:hr>162</ns3:hr>
            <ns3:cad>93</ns3:cad>
          </ns3:TrackPointExtension>
        </extensions>
      </trkpt>
      <trkpt lat="30.55108378641307353973388671875" lon="104.048772789537906646728515625">
        <ele>473.79998779296875</ele>
        <time>2026-09-19T13:08:37.000Z</time>
        <extensions>
          <ns3:TrackPointExtension>
            <ns3:hr>162</ns3:hr>
            <ns3:cad>92</ns3:cad>
          </ns3:TrackPointExtension>
        </extensions>
      </trkpt>
      <trkpt lat="30.55110926739871501922607421875" lon="104.048759378492832183837890625">
        <ele>473.79998779296875</ele>
        <time>2026-09-19T13:08:38.000Z</time>
        <extensions>
          <ns3:TrackPointExtension>
            <ns3:hr>162</ns3:hr>
            <ns3:cad>92</ns3:cad>
          </ns3:TrackPointExtension>
        </extensions>
      </trkpt>
      <trkpt lat="30.55112888105213642120361328125" lon="104.04874890111386775970458984375">
        <ele>474</ele>
        <time>2026-09-19T13:08:39.000Z</time>
        <extensions>
          <ns3:TrackPointExtension>
            <ns3:hr>162</ns3:hr>
            <ns3:cad>92</ns3:cad>
          </ns3:TrackPointExtension>
        </extensions>
      </trkpt>
      <trkpt lat="30.5511524342000484466552734375" lon="104.04873632825911045074462890625">
        <ele>474.20001220703125</ele>
        <time>2026-09-19T13:08:40.000Z</time>
        <extensions>
          <ns3:TrackPointExtension>
            <ns3:hr>162</ns3:hr>
            <ns3:cad>92</ns3:cad>
          </ns3:TrackPointExtension>
        </extensions>
      </trkpt>
      <trkpt lat="30.5511702038347721099853515625" lon="104.04872618615627288818359375">
        <ele>474.20001220703125</ele>
        <time>2026-09-19T13:08:41.000Z</time>
        <extensions>
          <ns3:TrackPointExtension>
            <ns3:hr>161</ns3:hr>
            <ns3:cad>92</ns3:cad>
          </ns3:TrackPointExtension>
        </extensions>
      </trkpt>
      <trkpt lat="30.551194846630096435546875" lon="104.0487169660627841949462890625">
        <ele>474.20001220703125</ele>
        <time>2026-09-19T13:08:42.000Z</time>
        <extensions>
          <ns3:TrackPointExtension>
            <ns3:hr>162</ns3:hr>
            <ns3:cad>92</ns3:cad>
          </ns3:TrackPointExtension>
        </extensions>
      </trkpt>
      <trkpt lat="30.55121823213994503021240234375" lon="104.04871143400669097900390625">
        <ele>474.20001220703125</ele>
        <time>2026-09-19T13:08:43.000Z</time>
        <extensions>
          <ns3:TrackPointExtension>
            <ns3:hr>163</ns3:hr>
            <ns3:cad>92</ns3:cad>
          </ns3:TrackPointExtension>
        </extensions>
      </trkpt>
      <trkpt lat="30.55124790407717227935791015625" lon="104.04871118254959583282470703125">
        <ele>473.79998779296875</ele>
        <time>2026-09-19T13:08:44.000Z</time>
        <extensions>
          <ns3:TrackPointExtension>
            <ns3:hr>163</ns3:hr>
            <ns3:cad>92</ns3:cad>
          </ns3:TrackPointExtension>
        </extensions>
      </trkpt>
      <trkpt lat="30.55127464234828948974609375" lon="104.048707745969295501708984375">
        <ele>473.600006103515625</ele>
        <time>2026-09-19T13:08:45.000Z</time>
        <extensions>
          <ns3:TrackPointExtension>
            <ns3:hr>163</ns3:hr>
            <ns3:cad>92</ns3:cad>
          </ns3:TrackPointExtension>
        </extensions>
      </trkpt>
      <trkpt lat="30.55130171589553356170654296875" lon="104.048709757626056671142578125">
        <ele>473.20001220703125</ele>
        <time>2026-09-19T13:08:46.000Z</time>
        <extensions>
          <ns3:TrackPointExtension>
            <ns3:hr>164</ns3:hr>
            <ns3:cad>91</ns3:cad>
          </ns3:TrackPointExtension>
        </extensions>
      </trkpt>
      <trkpt lat="30.55133054964244365692138671875" lon="104.04871202073991298675537109375">
        <ele>472.79998779296875</ele>
        <time>2026-09-19T13:08:47.000Z</time>
        <extensions>
          <ns3:TrackPointExtension>
            <ns3:hr>164</ns3:hr>
            <ns3:cad>91</ns3:cad>
          </ns3:TrackPointExtension>
        </extensions>
      </trkpt>
      <trkpt lat="30.5513596348464488983154296875" lon="104.0487174689769744873046875">
        <ele>472.600006103515625</ele>
        <time>2026-09-19T13:08:48.000Z</time>
        <extensions>
          <ns3:TrackPointExtension>
            <ns3:hr>164</ns3:hr>
            <ns3:cad>92</ns3:cad>
          </ns3:TrackPointExtension>
        </extensions>
      </trkpt>
      <trkpt lat="30.551389642059803009033203125" lon="104.04872727580368518829345703125">
        <ele>472.600006103515625</ele>
        <time>2026-09-19T13:08:49.000Z</time>
        <extensions>
          <ns3:TrackPointExtension>
            <ns3:hr>163</ns3:hr>
            <ns3:cad>92</ns3:cad>
          </ns3:TrackPointExtension>
        </extensions>
      </trkpt>
      <trkpt lat="30.5514129437506198883056640625" lon="104.04873699881136417388916015625">
        <ele>472.600006103515625</ele>
        <time>2026-09-19T13:08:50.000Z</time>
        <extensions>
          <ns3:TrackPointExtension>
            <ns3:hr>163</ns3:hr>
            <ns3:cad>92</ns3:cad>
          </ns3:TrackPointExtension>
        </extensions>
      </trkpt>
      <trkpt lat="30.55144236423075199127197265625" lon="104.04874722473323345184326171875">
        <ele>472.600006103515625</ele>
        <time>2026-09-19T13:08:51.000Z</time>
        <extensions>
          <ns3:TrackPointExtension>
            <ns3:hr>163</ns3:hr>
            <ns3:cad>93</ns3:cad>
          </ns3:TrackPointExtension>
        </extensions>
      </trkpt>
      <trkpt lat="30.551464073359966278076171875" lon="104.04874789528548717498779296875">
        <ele>472.600006103515625</ele>
        <time>2026-09-19T13:08:52.000Z</time>
        <extensions>
          <ns3:TrackPointExtension>
            <ns3:hr>163</ns3:hr>
            <ns3:cad>93</ns3:cad>
          </ns3:TrackPointExtension>
        </extensions>
      </trkpt>
      <trkpt lat="30.55148980580270290374755859375" lon="104.0487447939813137054443359375">
        <ele>472.600006103515625</ele>
        <time>2026-09-19T13:08:53.000Z</time>
        <extensions>
          <ns3:TrackPointExtension>
            <ns3:hr>163</ns3:hr>
            <ns3:cad>93</ns3:cad>
          </ns3:TrackPointExtension>
        </extensions>
      </trkpt>
      <trkpt lat="30.55151310749351978302001953125" lon="104.048743285238742828369140625">
        <ele>472.600006103515625</ele>
        <time>2026-09-19T13:08:54.000Z</time>
        <extensions>
          <ns3:TrackPointExtension>
            <ns3:hr>163</ns3:hr>
            <ns3:cad>93</ns3:cad>
          </ns3:TrackPointExtension>
        </extensions>
      </trkpt>
      <trkpt lat="30.55153892375528812408447265625" lon="104.04874227941036224365234375">
        <ele>472.600006103515625</ele>
        <time>2026-09-19T13:08:55.000Z</time>
        <extensions>
          <ns3:TrackPointExtension>
            <ns3:hr>163</ns3:hr>
            <ns3:cad>93</ns3:cad>
          </ns3:TrackPointExtension>
        </extensions>
      </trkpt>
      <trkpt lat="30.55155937559902667999267578125" lon="104.0487374179065227508544921875">
        <ele>472.600006103515625</ele>
        <time>2026-09-19T13:08:56.000Z</time>
        <extensions>
          <ns3:TrackPointExtension>
            <ns3:hr>163</ns3:hr>
            <ns3:cad>92</ns3:cad>
          </ns3:TrackPointExtension>
        </extensions>
      </trkpt>
      <trkpt lat="30.55158670060336589813232421875" lon="104.0487364120781421661376953125">
        <ele>472.600006103515625</ele>
        <time>2026-09-19T13:08:57.000Z</time>
        <extensions>
          <ns3:TrackPointExtension>
            <ns3:hr>163</ns3:hr>
            <ns3:cad>92</ns3:cad>
          </ns3:TrackPointExtension>
        </extensions>
      </trkpt>
      <trkpt lat="30.55161167867481708526611328125" lon="104.04873247258365154266357421875">
        <ele>472.600006103515625</ele>
        <time>2026-09-19T13:08:58.000Z</time>
        <extensions>
          <ns3:TrackPointExtension>
            <ns3:hr>163</ns3:hr>
            <ns3:cad>92</ns3:cad>
          </ns3:TrackPointExtension>
        </extensions>
      </trkpt>
      <trkpt lat="30.55164453573524951934814453125" lon="104.0487330593168735504150390625">
        <ele>472.399993896484375</ele>
        <time>2026-09-19T13:08:59.000Z</time>
        <extensions>
          <ns3:TrackPointExtension>
            <ns3:hr>163</ns3:hr>
            <ns3:cad>93</ns3:cad>
          </ns3:TrackPointExtension>
        </extensions>
      </trkpt>
      <trkpt lat="30.5516761355102062225341796875" lon="104.04873264022171497344970703125">
        <ele>472.399993896484375</ele>
        <time>2026-09-19T13:09:00.000Z</time>
        <extensions>
          <ns3:TrackPointExtension>
            <ns3:hr>163</ns3:hr>
            <ns3:cad>92</ns3:cad>
          </ns3:TrackPointExtension>
        </extensions>
      </trkpt>
      <trkpt lat="30.551704466342926025390625" lon="104.0487283654510974884033203125">
        <ele>472.399993896484375</ele>
        <time>2026-09-19T13:09:01.000Z</time>
        <extensions>
          <ns3:TrackPointExtension>
            <ns3:hr>162</ns3:hr>
            <ns3:cad>92</ns3:cad>
          </ns3:TrackPointExtension>
        </extensions>
      </trkpt>
      <trkpt lat="30.55173732340335845947265625" lon="104.0487226657569408416748046875">
        <ele>472.20001220703125</ele>
        <time>2026-09-19T13:09:02.000Z</time>
        <extensions>
          <ns3:TrackPointExtension>
            <ns3:hr>162</ns3:hr>
            <ns3:cad>92</ns3:cad>
          </ns3:TrackPointExtension>
        </extensions>
      </trkpt>
      <trkpt lat="30.55176842026412487030029296875" lon="104.04871688224375247955322265625">
        <ele>472.20001220703125</ele>
        <time>2026-09-19T13:09:03.000Z</time>
        <extensions>
          <ns3:TrackPointExtension>
            <ns3:hr>162</ns3:hr>
            <ns3:cad>92</ns3:cad>
          </ns3:TrackPointExtension>
        </extensions>
      </trkpt>
      <trkpt lat="30.55180295370519161224365234375" lon="104.0487069077789783477783203125">
        <ele>472</ele>
        <time>2026-09-19T13:09:04.000Z</time>
        <extensions>
          <ns3:TrackPointExtension>
            <ns3:hr>162</ns3:hr>
            <ns3:cad>92</ns3:cad>
          </ns3:TrackPointExtension>
        </extensions>
      </trkpt>
      <trkpt lat="30.55182516574859619140625" lon="104.04869827441871166229248046875">
        <ele>472</ele>
        <time>2026-09-19T13:09:05.000Z</time>
        <extensions>
          <ns3:TrackPointExtension>
            <ns3:hr>162</ns3:hr>
            <ns3:cad>92</ns3:cad>
          </ns3:TrackPointExtension>
        </extensions>
      </trkpt>
      <trkpt lat="30.55185374803841114044189453125" lon="104.04868972487747669219970703125">
        <ele>472</ele>
        <time>2026-09-19T13:09:06.000Z</time>
        <extensions>
          <ns3:TrackPointExtension>
            <ns3:hr>162</ns3:hr>
            <ns3:cad>92</ns3:cad>
          </ns3:TrackPointExtension>
        </extensions>
      </trkpt>
      <trkpt lat="30.55187989957630634307861328125" lon="104.04868167825043201446533203125">
        <ele>472</ele>
        <time>2026-09-19T13:09:07.000Z</time>
        <extensions>
          <ns3:TrackPointExtension>
            <ns3:hr>162</ns3:hr>
            <ns3:cad>92</ns3:cad>
          </ns3:TrackPointExtension>
        </extensions>
      </trkpt>
      <trkpt lat="30.5519069731235504150390625" lon="104.048670865595340728759765625">
        <ele>471.79998779296875</ele>
        <time>2026-09-19T13:09:08.000Z</time>
        <extensions>
          <ns3:TrackPointExtension>
            <ns3:hr>161</ns3:hr>
            <ns3:cad>92</ns3:cad>
          </ns3:TrackPointExtension>
        </extensions>
      </trkpt>
      <trkpt lat="30.5519336275756359100341796875" lon="104.04865502379834651947021484375">
        <ele>471.79998779296875</ele>
        <time>2026-09-19T13:09:09.000Z</time>
        <extensions>
          <ns3:TrackPointExtension>
            <ns3:hr>161</ns3:hr>
            <ns3:cad>93</ns3:cad>
          </ns3:TrackPointExtension>
        </extensions>
      </trkpt>
      <trkpt lat="30.5519624613225460052490234375" lon="104.04864496551454067230224609375">
        <ele>471.79998779296875</ele>
        <time>2026-09-19T13:09:10.000Z</time>
        <extensions>
          <ns3:TrackPointExtension>
            <ns3:hr>160</ns3:hr>
            <ns3:cad>93</ns3:cad>
          </ns3:TrackPointExtension>
        </extensions>
      </trkpt>
      <trkpt lat="30.5519983358681201934814453125" lon="104.04863960109651088714599609375">
        <ele>471.79998779296875</ele>
        <time>2026-09-19T13:09:11.000Z</time>
        <extensions>
          <ns3:TrackPointExtension>
            <ns3:hr>160</ns3:hr>
            <ns3:cad>93</ns3:cad>
          </ns3:TrackPointExtension>
        </extensions>
      </trkpt>
      <trkpt lat="30.55202121846377849578857421875" lon="104.04863633215427398681640625">
        <ele>471.79998779296875</ele>
        <time>2026-09-19T13:09:12.000Z</time>
        <extensions>
          <ns3:TrackPointExtension>
            <ns3:hr>160</ns3:hr>
            <ns3:cad>93</ns3:cad>
          </ns3:TrackPointExtension>
        </extensions>
      </trkpt>
      <trkpt lat="30.55205223150551319122314453125" lon="104.04864144511520862579345703125">
        <ele>471.79998779296875</ele>
        <time>2026-09-19T13:09:13.000Z</time>
        <extensions>
          <ns3:TrackPointExtension>
            <ns3:hr>161</ns3:hr>
            <ns3:cad>94</ns3:cad>
          </ns3:TrackPointExtension>
        </extensions>
      </trkpt>
      <trkpt lat="30.5520764552056789398193359375" lon="104.0486391820013523101806640625">
        <ele>471.79998779296875</ele>
        <time>2026-09-19T13:09:14.000Z</time>
        <extensions>
          <ns3:TrackPointExtension>
            <ns3:hr>160</ns3:hr>
            <ns3:cad>94</ns3:cad>
          </ns3:TrackPointExtension>
        </extensions>
      </trkpt>
      <trkpt lat="30.5520962364971637725830078125" lon="104.04865016229450702667236328125">
        <ele>471.79998779296875</ele>
        <time>2026-09-19T13:09:15.000Z</time>
        <extensions>
          <ns3:TrackPointExtension>
            <ns3:hr>161</ns3:hr>
            <ns3:cad>94</ns3:cad>
          </ns3:TrackPointExtension>
        </extensions>
      </trkpt>
      <trkpt lat="30.55212146602571010589599609375" lon="104.0486646629869937896728515625">
        <ele>471.600006103515625</ele>
        <time>2026-09-19T13:09:16.000Z</time>
        <extensions>
          <ns3:TrackPointExtension>
            <ns3:hr>160</ns3:hr>
            <ns3:cad>93</ns3:cad>
          </ns3:TrackPointExtension>
        </extensions>
      </trkpt>
      <trkpt lat="30.5521425046026706695556640625" lon="104.048680923879146575927734375">
        <ele>471.600006103515625</ele>
        <time>2026-09-19T13:09:17.000Z</time>
        <extensions>
          <ns3:TrackPointExtension>
            <ns3:hr>160</ns3:hr>
            <ns3:cad>94</ns3:cad>
          </ns3:TrackPointExtension>
        </extensions>
      </trkpt>
      <trkpt lat="30.55216471664607524871826171875" lon="104.04869492165744304656982421875">
        <ele>471.79998779296875</ele>
        <time>2026-09-19T13:09:18.000Z</time>
        <extensions>
          <ns3:TrackPointExtension>
            <ns3:hr>160</ns3:hr>
            <ns3:cad>93</ns3:cad>
          </ns3:TrackPointExtension>
        </extensions>
      </trkpt>
      <trkpt lat="30.55218525230884552001953125" lon="104.0487072430551052093505859375">
        <ele>471.79998779296875</ele>
        <time>2026-09-19T13:09:19.000Z</time>
        <extensions>
          <ns3:TrackPointExtension>
            <ns3:hr>160</ns3:hr>
            <ns3:cad>93</ns3:cad>
          </ns3:TrackPointExtension>
        </extensions>
      </trkpt>
      <trkpt lat="30.552209727466106414794921875" lon="104.04872274957597255706787109375">
        <ele>471.79998779296875</ele>
        <time>2026-09-19T13:09:20.000Z</time>
        <extensions>
          <ns3:TrackPointExtension>
            <ns3:hr>160</ns3:hr>
            <ns3:cad>93</ns3:cad>
          </ns3:TrackPointExtension>
        </extensions>
      </trkpt>
      <trkpt lat="30.55223696865141391754150390625" lon="104.04873297549784183502197265625">
        <ele>471.79998779296875</ele>
        <time>2026-09-19T13:09:21.000Z</time>
        <extensions>
          <ns3:TrackPointExtension>
            <ns3:hr>161</ns3:hr>
            <ns3:cad>93</ns3:cad>
          </ns3:TrackPointExtension>
        </extensions>
      </trkpt>
      <trkpt lat="30.5522690713405609130859375" lon="104.04874303378164768218994140625">
        <ele>471.79998779296875</ele>
        <time>2026-09-19T13:09:22.000Z</time>
        <extensions>
          <ns3:TrackPointExtension>
            <ns3:hr>160</ns3:hr>
            <ns3:cad>94</ns3:cad>
          </ns3:TrackPointExtension>
        </extensions>
      </trkpt>
      <trkpt lat="30.55229899473488330841064453125" lon="104.0487531758844852447509765625">
        <ele>471.600006103515625</ele>
        <time>2026-09-19T13:09:23.000Z</time>
        <extensions>
          <ns3:TrackPointExtension>
            <ns3:hr>160</ns3:hr>
            <ns3:cad>93</ns3:cad>
          </ns3:TrackPointExtension>
        </extensions>
      </trkpt>
      <trkpt lat="30.5523295886814594268798828125" lon="104.0487618930637836456298828125">
        <ele>471.600006103515625</ele>
        <time>2026-09-19T13:09:24.000Z</time>
        <extensions>
          <ns3:TrackPointExtension>
            <ns3:hr>160</ns3:hr>
            <ns3:cad>93</ns3:cad>
          </ns3:TrackPointExtension>
        </extensions>
      </trkpt>
      <trkpt lat="30.55235532112419605255126953125" lon="104.048762731254100799560546875">
        <ele>471.600006103515625</ele>
        <time>2026-09-19T13:09:25.000Z</time>
        <extensions>
          <ns3:TrackPointExtension>
            <ns3:hr>160</ns3:hr>
            <ns3:cad>93</ns3:cad>
          </ns3:TrackPointExtension>
        </extensions>
      </trkpt>
      <trkpt lat="30.55238449014723300933837890625" lon="104.04876030050218105316162109375">
        <ele>471.600006103515625</ele>
        <time>2026-09-19T13:09:26.000Z</time>
        <extensions>
          <ns3:TrackPointExtension>
            <ns3:hr>159</ns3:hr>
            <ns3:cad>93</ns3:cad>
          </ns3:TrackPointExtension>
        </extensions>
      </trkpt>
      <trkpt lat="30.5524120666086673736572265625" lon="104.04875845648348331451416015625">
        <ele>471.600006103515625</ele>
        <time>2026-09-19T13:09:27.000Z</time>
        <extensions>
          <ns3:TrackPointExtension>
            <ns3:hr>159</ns3:hr>
            <ns3:cad>93</ns3:cad>
          </ns3:TrackPointExtension>
        </extensions>
      </trkpt>
      <trkpt lat="30.5524402298033237457275390625" lon="104.0487603843212127685546875">
        <ele>471.600006103515625</ele>
        <time>2026-09-19T13:09:28.000Z</time>
        <extensions>
          <ns3:TrackPointExtension>
            <ns3:hr>159</ns3:hr>
            <ns3:cad>92</ns3:cad>
          </ns3:TrackPointExtension>
        </extensions>
      </trkpt>
      <trkpt lat="30.55246612988412380218505859375" lon="104.048758037388324737548828125">
        <ele>471.600006103515625</ele>
        <time>2026-09-19T13:09:29.000Z</time>
        <extensions>
          <ns3:TrackPointExtension>
            <ns3:hr>159</ns3:hr>
            <ns3:cad>92</ns3:cad>
          </ns3:TrackPointExtension>
        </extensions>
      </trkpt>
      <trkpt lat="30.55249110795557498931884765625" lon="104.04875476844608783721923828125">
        <ele>471.600006103515625</ele>
        <time>2026-09-19T13:09:30.000Z</time>
        <extensions>
          <ns3:TrackPointExtension>
            <ns3:hr>160</ns3:hr>
            <ns3:cad>92</ns3:cad>
          </ns3:TrackPointExtension>
        </extensions>
      </trkpt>
      <trkpt lat="30.55251608602702617645263671875" lon="104.04874739237129688262939453125">
        <ele>471.600006103515625</ele>
        <time>2026-09-19T13:09:31.000Z</time>
        <extensions>
          <ns3:TrackPointExtension>
            <ns3:hr>159</ns3:hr>
            <ns3:cad>93</ns3:cad>
          </ns3:TrackPointExtension>
        </extensions>
      </trkpt>
      <trkpt lat="30.5525414831936359405517578125" lon="104.048738591372966766357421875">
        <ele>471.399993896484375</ele>
        <time>2026-09-19T13:09:32.000Z</time>
        <extensions>
          <ns3:TrackPointExtension>
            <ns3:hr>159</ns3:hr>
            <ns3:cad>94</ns3:cad>
          </ns3:TrackPointExtension>
        </extensions>
      </trkpt>
      <trkpt lat="30.5525703169405460357666015625" lon="104.04872258193790912628173828125">
        <ele>471.399993896484375</ele>
        <time>2026-09-19T13:09:33.000Z</time>
        <extensions>
          <ns3:TrackPointExtension>
            <ns3:hr>159</ns3:hr>
            <ns3:cad>93</ns3:cad>
          </ns3:TrackPointExtension>
        </extensions>
      </trkpt>
      <trkpt lat="30.55259537883102893829345703125" lon="104.04871017672121524810791015625">
        <ele>471.20001220703125</ele>
        <time>2026-09-19T13:09:34.000Z</time>
        <extensions>
          <ns3:TrackPointExtension>
            <ns3:hr>160</ns3:hr>
            <ns3:cad>92</ns3:cad>
          </ns3:TrackPointExtension>
        </extensions>
      </trkpt>
      <trkpt lat="30.55262655951082706451416015625" lon="104.0486986935138702392578125">
        <ele>471</ele>
        <time>2026-09-19T13:09:35.000Z</time>
        <extensions>
          <ns3:TrackPointExtension>
            <ns3:hr>160</ns3:hr>
            <ns3:cad>92</ns3:cad>
          </ns3:TrackPointExtension>
        </extensions>
      </trkpt>
      <trkpt lat="30.55265774019062519073486328125" lon="104.0486908145248889923095703125">
        <ele>471</ele>
        <time>2026-09-19T13:09:36.000Z</time>
        <extensions>
          <ns3:TrackPointExtension>
            <ns3:hr>160</ns3:hr>
            <ns3:cad>92</ns3:cad>
          </ns3:TrackPointExtension>
        </extensions>
      </trkpt>
      <trkpt lat="30.5526829697191715240478515625" lon="104.04868461191654205322265625">
        <ele>470.79998779296875</ele>
        <time>2026-09-19T13:09:37.000Z</time>
        <extensions>
          <ns3:TrackPointExtension>
            <ns3:hr>159</ns3:hr>
            <ns3:cad>93</ns3:cad>
          </ns3:TrackPointExtension>
        </extensions>
      </trkpt>
      <trkpt lat="30.55270819924771785736083984375" lon="104.04867983423173427581787109375">
        <ele>470.79998779296875</ele>
        <time>2026-09-19T13:09:38.000Z</time>
        <extensions>
          <ns3:TrackPointExtension>
            <ns3:hr>160</ns3:hr>
            <ns3:cad>93</ns3:cad>
          </ns3:TrackPointExtension>
        </extensions>
      </trkpt>
      <trkpt lat="30.5527322553098201751708984375" lon="104.04867748729884624481201171875">
        <ele>470.79998779296875</ele>
        <time>2026-09-19T13:09:39.000Z</time>
        <extensions>
          <ns3:TrackPointExtension>
            <ns3:hr>160</ns3:hr>
            <ns3:cad>93</ns3:cad>
          </ns3:TrackPointExtension>
        </extensions>
      </trkpt>
      <trkpt lat="30.5527610890567302703857421875" lon="104.0486693568527698516845703125">
        <ele>470.79998779296875</ele>
        <time>2026-09-19T13:09:40.000Z</time>
        <extensions>
          <ns3:TrackPointExtension>
            <ns3:hr>160</ns3:hr>
            <ns3:cad>93</ns3:cad>
          </ns3:TrackPointExtension>
        </extensions>
      </trkpt>
      <trkpt lat="30.55278447456657886505126953125" lon="104.0486643277108669281005859375">
        <ele>470.79998779296875</ele>
        <time>2026-09-19T13:09:41.000Z</time>
        <extensions>
          <ns3:TrackPointExtension>
            <ns3:hr>160</ns3:hr>
            <ns3:cad>93</ns3:cad>
          </ns3:TrackPointExtension>
        </extensions>
      </trkpt>
      <trkpt lat="30.55281800217926502227783203125" lon="104.0486592985689640045166015625">
        <ele>470.79998779296875</ele>
        <time>2026-09-19T13:09:42.000Z</time>
        <extensions>
          <ns3:TrackPointExtension>
            <ns3:hr>159</ns3:hr>
            <ns3:cad>92</ns3:cad>
          </ns3:TrackPointExtension>
        </extensions>
      </trkpt>
      <trkpt lat="30.55284113623201847076416015625" lon="104.04865720309317111968994140625">
        <ele>470.79998779296875</ele>
        <time>2026-09-19T13:09:43.000Z</time>
        <extensions>
          <ns3:TrackPointExtension>
            <ns3:hr>159</ns3:hr>
            <ns3:cad>93</ns3:cad>
          </ns3:TrackPointExtension>
        </extensions>
      </trkpt>
      <trkpt lat="30.5528734065592288970947265625" lon="104.04865569435060024261474609375">
        <ele>470.79998779296875</ele>
        <time>2026-09-19T13:09:44.000Z</time>
        <extensions>
          <ns3:TrackPointExtension>
            <ns3:hr>159</ns3:hr>
            <ns3:cad>92</ns3:cad>
          </ns3:TrackPointExtension>
        </extensions>
      </trkpt>
      <trkpt lat="30.5528965406119823455810546875" lon="104.04865267686545848846435546875">
        <ele>470.79998779296875</ele>
        <time>2026-09-19T13:09:45.000Z</time>
        <extensions>
          <ns3:TrackPointExtension>
            <ns3:hr>159</ns3:hr>
            <ns3:cad>92</ns3:cad>
          </ns3:TrackPointExtension>
        </extensions>
      </trkpt>
      <trkpt lat="30.55291992612183094024658203125" lon="104.0486489050090312957763671875">
        <ele>471</ele>
        <time>2026-09-19T13:09:46.000Z</time>
        <extensions>
          <ns3:TrackPointExtension>
            <ns3:hr>160</ns3:hr>
            <ns3:cad>92</ns3:cad>
          </ns3:TrackPointExtension>
        </extensions>
      </trkpt>
      <trkpt lat="30.55294473655521869659423828125" lon="104.048640690743923187255859375">
        <ele>471</ele>
        <time>2026-09-19T13:09:47.000Z</time>
        <extensions>
          <ns3:TrackPointExtension>
            <ns3:hr>159</ns3:hr>
            <ns3:cad>92</ns3:cad>
          </ns3:TrackPointExtension>
        </extensions>
      </trkpt>
      <trkpt lat="30.55297273211181163787841796875" lon="104.0486328117549419403076171875">
        <ele>471</ele>
        <time>2026-09-19T13:09:48.000Z</time>
        <extensions>
          <ns3:TrackPointExtension>
            <ns3:hr>159</ns3:hr>
            <ns3:cad>93</ns3:cad>
          </ns3:TrackPointExtension>
        </extensions>
      </trkpt>
      <trkpt lat="30.55299670435488224029541015625" lon="104.0486214123666286468505859375">
        <ele>471</ele>
        <time>2026-09-19T13:09:49.000Z</time>
        <extensions>
          <ns3:TrackPointExtension>
            <ns3:hr>159</ns3:hr>
            <ns3:cad>93</ns3:cad>
          </ns3:TrackPointExtension>
        </extensions>
      </trkpt>
      <trkpt lat="30.55302101187407970428466796875" lon="104.04860758222639560699462890625">
        <ele>471</ele>
        <time>2026-09-19T13:09:50.000Z</time>
        <extensions>
          <ns3:TrackPointExtension>
            <ns3:hr>159</ns3:hr>
            <ns3:cad>93</ns3:cad>
          </ns3:TrackPointExtension>
        </extensions>
      </trkpt>
      <trkpt lat="30.55304615758359432220458984375" lon="104.04858713038265705108642578125">
        <ele>471</ele>
        <time>2026-09-19T13:09:51.000Z</time>
        <extensions>
          <ns3:TrackPointExtension>
            <ns3:hr>160</ns3:hr>
            <ns3:cad>93</ns3:cad>
          </ns3:TrackPointExtension>
        </extensions>
      </trkpt>
      <trkpt lat="30.553066022694110870361328125" lon="104.0485677681863307952880859375">
        <ele>471</ele>
        <time>2026-09-19T13:09:52.000Z</time>
        <extensions>
          <ns3:TrackPointExtension>
            <ns3:hr>159</ns3:hr>
            <ns3:cad>93</ns3:cad>
          </ns3:TrackPointExtension>
        </extensions>
      </trkpt>
      <trkpt lat="30.55308974348008632659912109375" lon="104.0485458076000213623046875">
        <ele>471.20001220703125</ele>
        <time>2026-09-19T13:09:53.000Z</time>
        <extensions>
          <ns3:TrackPointExtension>
            <ns3:hr>159</ns3:hr>
            <ns3:cad>93</ns3:cad>
          </ns3:TrackPointExtension>
        </extensions>
      </trkpt>
      <trkpt lat="30.5531074292957782745361328125" lon="104.04852460138499736785888671875">
        <ele>471.20001220703125</ele>
        <time>2026-09-19T13:09:54.000Z</time>
        <extensions>
          <ns3:TrackPointExtension>
            <ns3:hr>159</ns3:hr>
            <ns3:cad>93</ns3:cad>
          </ns3:TrackPointExtension>
        </extensions>
      </trkpt>
      <trkpt lat="30.55313567630946636199951171875" lon="104.04850549064576625823974609375">
        <ele>471.20001220703125</ele>
        <time>2026-09-19T13:09:55.000Z</time>
        <extensions>
          <ns3:TrackPointExtension>
            <ns3:hr>160</ns3:hr>
            <ns3:cad>93</ns3:cad>
          </ns3:TrackPointExtension>
        </extensions>
      </trkpt>
      <trkpt lat="30.55315696634352207183837890625" lon="104.0484866313636302947998046875">
        <ele>471.20001220703125</ele>
        <time>2026-09-19T13:09:56.000Z</time>
        <extensions>
          <ns3:TrackPointExtension>
            <ns3:hr>159</ns3:hr>
            <ns3:cad>93</ns3:cad>
          </ns3:TrackPointExtension>
        </extensions>
      </trkpt>
      <trkpt lat="30.5531895719468593597412109375" lon="104.04847347177565097808837890625">
        <ele>471.20001220703125</ele>
        <time>2026-09-19T13:09:57.000Z</time>
        <extensions>
          <ns3:TrackPointExtension>
            <ns3:hr>159</ns3:hr>
            <ns3:cad>93</ns3:cad>
          </ns3:TrackPointExtension>
        </extensions>
      </trkpt>
      <trkpt lat="30.5532137118279933929443359375" lon="104.0484567917883396148681640625">
        <ele>471.20001220703125</ele>
        <time>2026-09-19T13:09:58.000Z</time>
        <extensions>
          <ns3:TrackPointExtension>
            <ns3:hr>159</ns3:hr>
            <ns3:cad>93</ns3:cad>
          </ns3:TrackPointExtension>
        </extensions>
      </trkpt>
      <trkpt lat="30.5532408691942691802978515625" lon="104.0484393574297428131103515625">
        <ele>471.20001220703125</ele>
        <time>2026-09-19T13:09:59.000Z</time>
        <extensions>
          <ns3:TrackPointExtension>
            <ns3:hr>160</ns3:hr>
            <ns3:cad>93</ns3:cad>
          </ns3:TrackPointExtension>
        </extensions>
      </trkpt>
      <trkpt lat="30.55326794274151325225830078125" lon="104.0484219230711460113525390625">
        <ele>471.20001220703125</ele>
        <time>2026-09-19T13:10:00.000Z</time>
        <extensions>
          <ns3:TrackPointExtension>
            <ns3:hr>159</ns3:hr>
            <ns3:cad>92</ns3:cad>
          </ns3:TrackPointExtension>
        </extensions>
      </trkpt>
      <trkpt lat="30.55328822694718837738037109375" lon="104.04840993694961071014404296875">
        <ele>471.20001220703125</ele>
        <time>2026-09-19T13:10:01.000Z</time>
        <extensions>
          <ns3:TrackPointExtension>
            <ns3:hr>159</ns3:hr>
            <ns3:cad>92</ns3:cad>
          </ns3:TrackPointExtension>
        </extensions>
      </trkpt>
      <trkpt lat="30.553310103714466094970703125" lon="104.04839652590453624725341796875">
        <ele>471.20001220703125</ele>
        <time>2026-09-19T13:10:02.000Z</time>
        <extensions>
          <ns3:TrackPointExtension>
            <ns3:hr>160</ns3:hr>
            <ns3:cad>92</ns3:cad>
          </ns3:TrackPointExtension>
        </extensions>
      </trkpt>
      <trkpt lat="30.55333198048174381256103515625" lon="104.04838395304977893829345703125">
        <ele>471.399993896484375</ele>
        <time>2026-09-19T13:10:03.000Z</time>
        <extensions>
          <ns3:TrackPointExtension>
            <ns3:hr>160</ns3:hr>
            <ns3:cad>92</ns3:cad>
          </ns3:TrackPointExtension>
        </extensions>
      </trkpt>
      <trkpt lat="30.5533548630774021148681640625" lon="104.048372469842433929443359375">
        <ele>471.399993896484375</ele>
        <time>2026-09-19T13:10:04.000Z</time>
        <extensions>
          <ns3:TrackPointExtension>
            <ns3:hr>160</ns3:hr>
            <ns3:cad>93</ns3:cad>
          </ns3:TrackPointExtension>
        </extensions>
      </trkpt>
      <trkpt lat="30.553355701267719268798828125" lon="104.04837087728083133697509765625">
        <ele>471.399993896484375</ele>
        <time>2026-09-19T13:10:05.000Z</time>
        <extensions>
          <ns3:TrackPointExtension>
            <ns3:hr>160</ns3:hr>
            <ns3:cad>93</ns3:cad>
          </ns3:TrackPointExtension>
        </extensions>
      </trkpt>
      <trkpt lat="30.553383193910121917724609375" lon="104.04835679568350315093994140625">
        <ele>471.600006103515625</ele>
        <time>2026-09-19T13:10:06.000Z</time>
        <extensions>
          <ns3:TrackPointExtension>
            <ns3:hr>160</ns3:hr>
            <ns3:cad>92</ns3:cad>
          </ns3:TrackPointExtension>
        </extensions>
      </trkpt>
      <trkpt lat="30.55341328494250774383544921875" lon="104.0483446419239044189453125">
        <ele>471.600006103515625</ele>
        <time>2026-09-19T13:10:07.000Z</time>
        <extensions>
          <ns3:TrackPointExtension>
            <ns3:hr>160</ns3:hr>
            <ns3:cad>92</ns3:cad>
          </ns3:TrackPointExtension>
        </extensions>
      </trkpt>
      <trkpt lat="30.5534450523555278778076171875" lon="104.04832930304110050201416015625">
        <ele>471.600006103515625</ele>
        <time>2026-09-19T13:10:08.000Z</time>
        <extensions>
          <ns3:TrackPointExtension>
            <ns3:hr>160</ns3:hr>
            <ns3:cad>92</ns3:cad>
          </ns3:TrackPointExtension>
        </extensions>
      </trkpt>
      <trkpt lat="30.5534691922366619110107421875" lon="104.0483132936060428619384765625">
        <ele>471.600006103515625</ele>
        <time>2026-09-19T13:10:09.000Z</time>
        <extensions>
          <ns3:TrackPointExtension>
            <ns3:hr>161</ns3:hr>
            <ns3:cad>93</ns3:cad>
          </ns3:TrackPointExtension>
        </extensions>
      </trkpt>
      <trkpt lat="30.55350045673549175262451171875" lon="104.0482898242771625518798828125">
        <ele>471.399993896484375</ele>
        <time>2026-09-19T13:10:10.000Z</time>
        <extensions>
          <ns3:TrackPointExtension>
            <ns3:hr>161</ns3:hr>
            <ns3:cad>91</ns3:cad>
          </ns3:TrackPointExtension>
        </extensions>
      </trkpt>
      <trkpt lat="30.55351738817989826202392578125" lon="104.04826174490153789520263671875">
        <ele>471.399993896484375</ele>
        <time>2026-09-19T13:10:11.000Z</time>
        <extensions>
          <ns3:TrackPointExtension>
            <ns3:hr>161</ns3:hr>
            <ns3:cad>91</ns3:cad>
          </ns3:TrackPointExtension>
        </extensions>
      </trkpt>
      <trkpt lat="30.55353230796754360198974609375" lon="104.04822737909853458404541015625">
        <ele>471.399993896484375</ele>
        <time>2026-09-19T13:10:12.000Z</time>
        <extensions>
          <ns3:TrackPointExtension>
            <ns3:hr>161</ns3:hr>
            <ns3:cad>91</ns3:cad>
          </ns3:TrackPointExtension>
        </extensions>
      </trkpt>
      <trkpt lat="30.5535412766039371490478515625" lon="104.04819251038134098052978515625">
        <ele>471.600006103515625</ele>
        <time>2026-09-19T13:10:13.000Z</time>
        <extensions>
          <ns3:TrackPointExtension>
            <ns3:hr>161</ns3:hr>
            <ns3:cad>92</ns3:cad>
          </ns3:TrackPointExtension>
        </extensions>
      </trkpt>
      <trkpt lat="30.553548820316791534423828125" lon="104.0481600724160671234130859375">
        <ele>471.399993896484375</ele>
        <time>2026-09-19T13:10:14.000Z</time>
        <extensions>
          <ns3:TrackPointExtension>
            <ns3:hr>161</ns3:hr>
            <ns3:cad>92</ns3:cad>
          </ns3:TrackPointExtension>
        </extensions>
      </trkpt>
      <trkpt lat="30.5535546876490116119384765625" lon="104.048121683299541473388671875">
        <ele>471.399993896484375</ele>
        <time>2026-09-19T13:10:15.000Z</time>
        <extensions>
          <ns3:TrackPointExtension>
            <ns3:hr>162</ns3:hr>
            <ns3:cad>92</ns3:cad>
          </ns3:TrackPointExtension>
        </extensions>
      </trkpt>
      <trkpt lat="30.55355795659124851226806640625" lon="104.04809192754328250885009765625">
        <ele>471.399993896484375</ele>
        <time>2026-09-19T13:10:16.000Z</time>
        <extensions>
          <ns3:TrackPointExtension>
            <ns3:hr>162</ns3:hr>
            <ns3:cad>93</ns3:cad>
          </ns3:TrackPointExtension>
        </extensions>
      </trkpt>
      <trkpt lat="30.55356231518089771270751953125" lon="104.04805387370288372039794921875">
        <ele>471.399993896484375</ele>
        <time>2026-09-19T13:10:17.000Z</time>
        <extensions>
          <ns3:TrackPointExtension>
            <ns3:hr>162</ns3:hr>
            <ns3:cad>92</ns3:cad>
          </ns3:TrackPointExtension>
        </extensions>
      </trkpt>
      <trkpt lat="30.55355946533381938934326171875" lon="104.04802219010889530181884765625">
        <ele>471.399993896484375</ele>
        <time>2026-09-19T13:10:18.000Z</time>
        <extensions>
          <ns3:TrackPointExtension>
            <ns3:hr>162</ns3:hr>
            <ns3:cad>93</ns3:cad>
          </ns3:TrackPointExtension>
        </extensions>
      </trkpt>
      <trkpt lat="30.553558878600597381591796875" lon="104.047988913953304290771484375">
        <ele>471.399993896484375</ele>
        <time>2026-09-19T13:10:19.000Z</time>
        <extensions>
          <ns3:TrackPointExtension>
            <ns3:hr>162</ns3:hr>
            <ns3:cad>93</ns3:cad>
          </ns3:TrackPointExtension>
        </extensions>
      </trkpt>
      <trkpt lat="30.5535560287535190582275390625" lon="104.04796033166348934173583984375">
        <ele>471.600006103515625</ele>
        <time>2026-09-19T13:10:20.000Z</time>
        <extensions>
          <ns3:TrackPointExtension>
            <ns3:hr>162</ns3:hr>
            <ns3:cad>93</ns3:cad>
          </ns3:TrackPointExtension>
        </extensions>
      </trkpt>
      <trkpt lat="30.55355477146804332733154296875" lon="104.04792395420372486114501953125">
        <ele>471.600006103515625</ele>
        <time>2026-09-19T13:10:21.000Z</time>
        <extensions>
          <ns3:TrackPointExtension>
            <ns3:hr>162</ns3:hr>
            <ns3:cad>93</ns3:cad>
          </ns3:TrackPointExtension>
        </extensions>
      </trkpt>
      <trkpt lat="30.55355359800159931182861328125" lon="104.0478908456861972808837890625">
        <ele>471.600006103515625</ele>
        <time>2026-09-19T13:10:22.000Z</time>
        <extensions>
          <ns3:TrackPointExtension>
            <ns3:hr>162</ns3:hr>
            <ns3:cad>93</ns3:cad>
          </ns3:TrackPointExtension>
        </extensions>
      </trkpt>
      <trkpt lat="30.55355359800159931182861328125" lon="104.04786108992993831634521484375">
        <ele>471.600006103515625</ele>
        <time>2026-09-19T13:10:23.000Z</time>
        <extensions>
          <ns3:TrackPointExtension>
            <ns3:hr>162</ns3:hr>
            <ns3:cad>93</ns3:cad>
          </ns3:TrackPointExtension>
        </extensions>
      </trkpt>
      <trkpt lat="30.5535543523728847503662109375" lon="104.0478281490504741668701171875">
        <ele>471.399993896484375</ele>
        <time>2026-09-19T13:10:24.000Z</time>
        <extensions>
          <ns3:TrackPointExtension>
            <ns3:hr>162</ns3:hr>
            <ns3:cad>93</ns3:cad>
          </ns3:TrackPointExtension>
        </extensions>
      </trkpt>
      <trkpt lat="30.5535526759922504425048828125" lon="104.04779923148453235626220703125">
        <ele>471.399993896484375</ele>
        <time>2026-09-19T13:10:25.000Z</time>
        <extensions>
          <ns3:TrackPointExtension>
            <ns3:hr>162</ns3:hr>
            <ns3:cad>92</ns3:cad>
          </ns3:TrackPointExtension>
        </extensions>
      </trkpt>
      <trkpt lat="30.55355292744934558868408203125" lon="104.047766290605068206787109375">
        <ele>471.399993896484375</ele>
        <time>2026-09-19T13:10:26.000Z</time>
        <extensions>
          <ns3:TrackPointExtension>
            <ns3:hr>162</ns3:hr>
            <ns3:cad>93</ns3:cad>
          </ns3:TrackPointExtension>
        </extensions>
      </trkpt>
      <trkpt lat="30.55354957468807697296142578125" lon="104.04773469083011150360107421875">
        <ele>471.399993896484375</ele>
        <time>2026-09-19T13:10:27.000Z</time>
        <extensions>
          <ns3:TrackPointExtension>
            <ns3:hr>162</ns3:hr>
            <ns3:cad>92</ns3:cad>
          </ns3:TrackPointExtension>
        </extensions>
      </trkpt>
      <trkpt lat="30.55355024524033069610595703125" lon="104.04770351015031337738037109375">
        <ele>471.399993896484375</ele>
        <time>2026-09-19T13:10:28.000Z</time>
        <extensions>
          <ns3:TrackPointExtension>
            <ns3:hr>162</ns3:hr>
            <ns3:cad>92</ns3:cad>
          </ns3:TrackPointExtension>
        </extensions>
      </trkpt>
      <trkpt lat="30.55355049669742584228515625" lon="104.047675766050815582275390625">
        <ele>471.399993896484375</ele>
        <time>2026-09-19T13:10:29.000Z</time>
        <extensions>
          <ns3:TrackPointExtension>
            <ns3:hr>162</ns3:hr>
            <ns3:cad>92</ns3:cad>
          </ns3:TrackPointExtension>
        </extensions>
      </trkpt>
      <trkpt lat="30.55355275981128215789794921875" lon="104.04764383099973201751708984375">
        <ele>471.399993896484375</ele>
        <time>2026-09-19T13:10:30.000Z</time>
        <extensions>
          <ns3:TrackPointExtension>
            <ns3:hr>162</ns3:hr>
            <ns3:cad>92</ns3:cad>
          </ns3:TrackPointExtension>
        </extensions>
      </trkpt>
      <trkpt lat="30.55354990996420383453369140625" lon="104.0476219542324542999267578125">
        <ele>471.399993896484375</ele>
        <time>2026-09-19T13:10:31.000Z</time>
        <extensions>
          <ns3:TrackPointExtension>
            <ns3:hr>161</ns3:hr>
            <ns3:cad>91</ns3:cad>
          </ns3:TrackPointExtension>
        </extensions>
      </trkpt>
      <trkpt lat="30.55355158634483814239501953125" lon="104.04758918099105358123779296875">
        <ele>471.399993896484375</ele>
        <time>2026-09-19T13:10:32.000Z</time>
        <extensions>
          <ns3:TrackPointExtension>
            <ns3:hr>162</ns3:hr>
            <ns3:cad>91</ns3:cad>
          </ns3:TrackPointExtension>
        </extensions>
      </trkpt>
      <trkpt lat="30.55354957468807697296142578125" lon="104.04756571166217327117919921875">
        <ele>471.399993896484375</ele>
        <time>2026-09-19T13:10:33.000Z</time>
        <extensions>
          <ns3:TrackPointExtension>
            <ns3:hr>161</ns3:hr>
            <ns3:cad>91</ns3:cad>
          </ns3:TrackPointExtension>
        </extensions>
      </trkpt>
      <trkpt lat="30.5535509996116161346435546875" lon="104.04753235168755054473876953125">
        <ele>471.20001220703125</ele>
        <time>2026-09-19T13:10:34.000Z</time>
        <extensions>
          <ns3:TrackPointExtension>
            <ns3:hr>161</ns3:hr>
            <ns3:cad>91</ns3:cad>
          </ns3:TrackPointExtension>
        </extensions>
      </trkpt>
      <trkpt lat="30.55354873649775981903076171875" lon="104.0475062839686870574951171875">
        <ele>471.20001220703125</ele>
        <time>2026-09-19T13:10:35.000Z</time>
        <extensions>
          <ns3:TrackPointExtension>
            <ns3:hr>161</ns3:hr>
            <ns3:cad>92</ns3:cad>
          </ns3:TrackPointExtension>
        </extensions>
      </trkpt>
      <trkpt lat="30.553552843630313873291015625" lon="104.0474730916321277618408203125">
        <ele>471.20001220703125</ele>
        <time>2026-09-19T13:10:36.000Z</time>
        <extensions>
          <ns3:TrackPointExtension>
            <ns3:hr>161</ns3:hr>
            <ns3:cad>92</ns3:cad>
          </ns3:TrackPointExtension>
        </extensions>
      </trkpt>
      <trkpt lat="30.553551502525806427001953125" lon="104.0474459342658519744873046875">
        <ele>471.20001220703125</ele>
        <time>2026-09-19T13:10:37.000Z</time>
        <extensions>
          <ns3:TrackPointExtension>
            <ns3:hr>161</ns3:hr>
            <ns3:cad>92</ns3:cad>
          </ns3:TrackPointExtension>
        </extensions>
      </trkpt>
      <trkpt lat="30.55355141870677471160888671875" lon="104.047411568462848663330078125">
        <ele>471.20001220703125</ele>
        <time>2026-09-19T13:10:38.000Z</time>
        <extensions>
          <ns3:TrackPointExtension>
            <ns3:hr>161</ns3:hr>
            <ns3:cad>92</ns3:cad>
          </ns3:TrackPointExtension>
        </extensions>
      </trkpt>
      <trkpt lat="30.5535493232309818267822265625" lon="104.04738063924014568328857421875">
        <ele>471.20001220703125</ele>
        <time>2026-09-19T13:10:39.000Z</time>
        <extensions>
          <ns3:TrackPointExtension>
            <ns3:hr>161</ns3:hr>
            <ns3:cad>92</ns3:cad>
          </ns3:TrackPointExtension>
        </extensions>
      </trkpt>
      <trkpt lat="30.55355049669742584228515625" lon="104.04735012911260128021240234375">
        <ele>471.20001220703125</ele>
        <time>2026-09-19T13:10:40.000Z</time>
        <extensions>
          <ns3:TrackPointExtension>
            <ns3:hr>161</ns3:hr>
            <ns3:cad>91</ns3:cad>
          </ns3:TrackPointExtension>
        </extensions>
      </trkpt>
      <trkpt lat="30.55355225689709186553955078125" lon="104.04732070863246917724609375">
        <ele>471.20001220703125</ele>
        <time>2026-09-19T13:10:41.000Z</time>
        <extensions>
          <ns3:TrackPointExtension>
            <ns3:hr>161</ns3:hr>
            <ns3:cad>91</ns3:cad>
          </ns3:TrackPointExtension>
        </extensions>
      </trkpt>
      <trkpt lat="30.5535573698580265045166015625" lon="104.0472923777997493743896484375">
        <ele>471.20001220703125</ele>
        <time>2026-09-19T13:10:42.000Z</time>
        <extensions>
          <ns3:TrackPointExtension>
            <ns3:hr>161</ns3:hr>
            <ns3:cad>91</ns3:cad>
          </ns3:TrackPointExtension>
        </extensions>
      </trkpt>
      <trkpt lat="30.55355493910610675811767578125" lon="104.047260023653507232666015625">
        <ele>471.20001220703125</ele>
        <time>2026-09-19T13:10:43.000Z</time>
        <extensions>
          <ns3:TrackPointExtension>
            <ns3:hr>161</ns3:hr>
            <ns3:cad>91</ns3:cad>
          </ns3:TrackPointExtension>
        </extensions>
      </trkpt>
      <trkpt lat="30.55355250835418701171875" lon="104.047233201563358306884765625">
        <ele>471</ele>
        <time>2026-09-19T13:10:44.000Z</time>
        <extensions>
          <ns3:TrackPointExtension>
            <ns3:hr>161</ns3:hr>
            <ns3:cad>91</ns3:cad>
          </ns3:TrackPointExtension>
        </extensions>
      </trkpt>
      <trkpt lat="30.55355452001094818115234375" lon="104.04719598591327667236328125">
        <ele>471</ele>
        <time>2026-09-19T13:10:45.000Z</time>
        <extensions>
          <ns3:TrackPointExtension>
            <ns3:hr>158</ns3:hr>
            <ns3:cad>91</ns3:cad>
          </ns3:TrackPointExtension>
        </extensions>
      </trkpt>
      <trkpt lat="30.55355359800159931182861328125" lon="104.047168157994747161865234375">
        <ele>471</ele>
        <time>2026-09-19T13:10:46.000Z</time>
        <extensions>
          <ns3:TrackPointExtension>
            <ns3:hr>157</ns3:hr>
            <ns3:cad>91</ns3:cad>
          </ns3:TrackPointExtension>
        </extensions>
      </trkpt>
      <trkpt lat="30.55355091579258441925048828125" lon="104.047133289277553558349609375">
        <ele>471</ele>
        <time>2026-09-19T13:10:47.000Z</time>
        <extensions>
          <ns3:TrackPointExtension>
            <ns3:hr>157</ns3:hr>
            <ns3:cad>91</ns3:cad>
          </ns3:TrackPointExtension>
        </extensions>
      </trkpt>
      <trkpt lat="30.55354840122163295745849609375" lon="104.04710479080677032470703125">
        <ele>471</ele>
        <time>2026-09-19T13:10:48.000Z</time>
        <extensions>
          <ns3:TrackPointExtension>
            <ns3:hr>158</ns3:hr>
            <ns3:cad>91</ns3:cad>
          </ns3:TrackPointExtension>
        </extensions>
      </trkpt>
      <trkpt lat="30.55355393327772617340087890625" lon="104.0470759570598602294921875">
        <ele>471</ele>
        <time>2026-09-19T13:10:49.000Z</time>
        <extensions>
          <ns3:TrackPointExtension>
            <ns3:hr>159</ns3:hr>
            <ns3:cad>91</ns3:cad>
          </ns3:TrackPointExtension>
        </extensions>
      </trkpt>
      <trkpt lat="30.55355477146804332733154296875" lon="104.047046788036823272705078125">
        <ele>471</ele>
        <time>2026-09-19T13:10:50.000Z</time>
        <extensions>
          <ns3:TrackPointExtension>
            <ns3:hr>159</ns3:hr>
            <ns3:cad>91</ns3:cad>
          </ns3:TrackPointExtension>
        </extensions>
      </trkpt>
      <trkpt lat="30.5535550229251384735107421875" lon="104.04701770283281803131103515625">
        <ele>471</ele>
        <time>2026-09-19T13:10:51.000Z</time>
        <extensions>
          <ns3:TrackPointExtension>
            <ns3:hr>159</ns3:hr>
            <ns3:cad>93</ns3:cad>
          </ns3:TrackPointExtension>
        </extensions>
      </trkpt>
      <trkpt lat="30.55355410091578960418701171875" lon="104.0469872765243053436279296875">
        <ele>470.79998779296875</ele>
        <time>2026-09-19T13:10:52.000Z</time>
        <extensions>
          <ns3:TrackPointExtension>
            <ns3:hr>160</ns3:hr>
            <ns3:cad>94</ns3:cad>
          </ns3:TrackPointExtension>
        </extensions>
      </trkpt>
      <trkpt lat="30.5535540170967578887939453125" lon="104.04695500619709491729736328125">
        <ele>470.79998779296875</ele>
        <time>2026-09-19T13:10:53.000Z</time>
        <extensions>
          <ns3:TrackPointExtension>
            <ns3:hr>160</ns3:hr>
            <ns3:cad>94</ns3:cad>
          </ns3:TrackPointExtension>
        </extensions>
      </trkpt>
      <trkpt lat="30.55355426855385303497314453125" lon="104.0469282679259777069091796875">
        <ele>470.79998779296875</ele>
        <time>2026-09-19T13:10:54.000Z</time>
        <extensions>
          <ns3:TrackPointExtension>
            <ns3:hr>160</ns3:hr>
            <ns3:cad>92</ns3:cad>
          </ns3:TrackPointExtension>
        </extensions>
      </trkpt>
      <trkpt lat="30.55355854332447052001953125" lon="104.0468980930745601654052734375">
        <ele>470.79998779296875</ele>
        <time>2026-09-19T13:10:55.000Z</time>
        <extensions>
          <ns3:TrackPointExtension>
            <ns3:hr>159</ns3:hr>
            <ns3:cad>92</ns3:cad>
          </ns3:TrackPointExtension>
        </extensions>
      </trkpt>
      <trkpt lat="30.55356147699058055877685546875" lon="104.04686381109058856964111328125">
        <ele>470.79998779296875</ele>
        <time>2026-09-19T13:10:56.000Z</time>
        <extensions>
          <ns3:TrackPointExtension>
            <ns3:hr>159</ns3:hr>
            <ns3:cad>92</ns3:cad>
          </ns3:TrackPointExtension>
        </extensions>
      </trkpt>
      <trkpt lat="30.5535607226192951202392578125" lon="104.04683363623917102813720703125">
        <ele>470.79998779296875</ele>
        <time>2026-09-19T13:10:57.000Z</time>
        <extensions>
          <ns3:TrackPointExtension>
            <ns3:hr>158</ns3:hr>
            <ns3:cad>93</ns3:cad>
          </ns3:TrackPointExtension>
        </extensions>
      </trkpt>
      <trkpt lat="30.553563572466373443603515625" lon="104.04679910279810428619384765625">
        <ele>470.600006103515625</ele>
        <time>2026-09-19T13:10:58.000Z</time>
        <extensions>
          <ns3:TrackPointExtension>
            <ns3:hr>157</ns3:hr>
            <ns3:cad>93</ns3:cad>
          </ns3:TrackPointExtension>
        </extensions>
      </trkpt>
      <trkpt lat="30.55356432683765888214111328125" lon="104.04676708392798900604248046875">
        <ele>470.600006103515625</ele>
        <time>2026-09-19T13:10:59.000Z</time>
        <extensions>
          <ns3:TrackPointExtension>
            <ns3:hr>157</ns3:hr>
            <ns3:cad>93</ns3:cad>
          </ns3:TrackPointExtension>
        </extensions>
      </trkpt>
      <trkpt lat="30.553565919399261474609375" lon="104.04673271812498569488525390625">
        <ele>470.600006103515625</ele>
        <time>2026-09-19T13:11:00.000Z</time>
        <extensions>
          <ns3:TrackPointExtension>
            <ns3:hr>157</ns3:hr>
            <ns3:cad>93</ns3:cad>
          </ns3:TrackPointExtension>
        </extensions>
      </trkpt>
      <trkpt lat="30.553566925227642059326171875" lon="104.04670069925487041473388671875">
        <ele>470.600006103515625</ele>
        <time>2026-09-19T13:11:01.000Z</time>
        <extensions>
          <ns3:TrackPointExtension>
            <ns3:hr>158</ns3:hr>
            <ns3:cad>92</ns3:cad>
          </ns3:TrackPointExtension>
        </extensions>
      </trkpt>
      <trkpt lat="30.5535714514553546905517578125" lon="104.04666197486221790313720703125">
        <ele>470.600006103515625</ele>
        <time>2026-09-19T13:11:02.000Z</time>
        <extensions>
          <ns3:TrackPointExtension>
            <ns3:hr>158</ns3:hr>
            <ns3:cad>91</ns3:cad>
          </ns3:TrackPointExtension>
        </extensions>
      </trkpt>
      <trkpt lat="30.55357052944600582122802734375" lon="104.046633727848529815673828125">
        <ele>470.399993896484375</ele>
        <time>2026-09-19T13:11:03.000Z</time>
        <extensions>
          <ns3:TrackPointExtension>
            <ns3:hr>158</ns3:hr>
            <ns3:cad>91</ns3:cad>
          </ns3:TrackPointExtension>
        </extensions>
      </trkpt>
      <trkpt lat="30.55356466211378574371337890625" lon="104.046599529683589935302734375">
        <ele>470.399993896484375</ele>
        <time>2026-09-19T13:11:04.000Z</time>
        <extensions>
          <ns3:TrackPointExtension>
            <ns3:hr>158</ns3:hr>
            <ns3:cad>92</ns3:cad>
          </ns3:TrackPointExtension>
        </extensions>
      </trkpt>
      <trkpt lat="30.5535520054399967193603515625" lon="104.04657027684152126312255859375">
        <ele>470.399993896484375</ele>
        <time>2026-09-19T13:11:05.000Z</time>
        <extensions>
          <ns3:TrackPointExtension>
            <ns3:hr>159</ns3:hr>
            <ns3:cad>92</ns3:cad>
          </ns3:TrackPointExtension>
        </extensions>
      </trkpt>
      <trkpt lat="30.5535377562046051025390625" lon="104.04654026962816715240478515625">
        <ele>470.399993896484375</ele>
        <time>2026-09-19T13:11:06.000Z</time>
        <extensions>
          <ns3:TrackPointExtension>
            <ns3:hr>159</ns3:hr>
            <ns3:cad>92</ns3:cad>
          </ns3:TrackPointExtension>
        </extensions>
      </trkpt>
      <trkpt lat="30.55352157913148403167724609375" lon="104.046517051756381988525390625">
        <ele>470.399993896484375</ele>
        <time>2026-09-19T13:11:07.000Z</time>
        <extensions>
          <ns3:TrackPointExtension>
            <ns3:hr>159</ns3:hr>
            <ns3:cad>92</ns3:cad>
          </ns3:TrackPointExtension>
        </extensions>
      </trkpt>
      <trkpt lat="30.5535017140209674835205078125" lon="104.0464903973042964935302734375">
        <ele>470.399993896484375</ele>
        <time>2026-09-19T13:11:08.000Z</time>
        <extensions>
          <ns3:TrackPointExtension>
            <ns3:hr>160</ns3:hr>
            <ns3:cad>92</ns3:cad>
          </ns3:TrackPointExtension>
        </extensions>
      </trkpt>
      <trkpt lat="30.55348486639559268951416015625" lon="104.04646910727024078369140625">
        <ele>470.600006103515625</ele>
        <time>2026-09-19T13:11:09.000Z</time>
        <extensions>
          <ns3:TrackPointExtension>
            <ns3:hr>160</ns3:hr>
            <ns3:cad>92</ns3:cad>
          </ns3:TrackPointExtension>
        </extensions>
      </trkpt>
      <trkpt lat="30.55346659384667873382568359375" lon="104.04645033180713653564453125">
        <ele>470.600006103515625</ele>
        <time>2026-09-19T13:11:10.000Z</time>
        <extensions>
          <ns3:TrackPointExtension>
            <ns3:hr>160</ns3:hr>
            <ns3:cad>93</ns3:cad>
          </ns3:TrackPointExtension>
        </extensions>
      </trkpt>
      <trkpt lat="30.55344614200294017791748046875" lon="104.04643692076206207275390625">
        <ele>470.79998779296875</ele>
        <time>2026-09-19T13:11:11.000Z</time>
        <extensions>
          <ns3:TrackPointExtension>
            <ns3:hr>160</ns3:hr>
            <ns3:cad>93</ns3:cad>
          </ns3:TrackPointExtension>
        </extensions>
      </trkpt>
      <trkpt lat="30.55342300795018672943115234375" lon="104.04642392881214618682861328125">
        <ele>470.79998779296875</ele>
        <time>2026-09-19T13:11:12.000Z</time>
        <extensions>
          <ns3:TrackPointExtension>
            <ns3:hr>160</ns3:hr>
            <ns3:cad>92</ns3:cad>
          </ns3:TrackPointExtension>
        </extensions>
      </trkpt>
      <trkpt lat="30.55340004153549671173095703125" lon="104.04641169123351573944091796875">
        <ele>471</ele>
        <time>2026-09-19T13:11:13.000Z</time>
        <extensions>
          <ns3:TrackPointExtension>
            <ns3:hr>161</ns3:hr>
            <ns3:cad>92</ns3:cad>
          </ns3:TrackPointExtension>
        </extensions>
      </trkpt>
      <trkpt lat="30.55337690748274326324462890625" lon="104.04640481807291507720947265625">
        <ele>471</ele>
        <time>2026-09-19T13:11:14.000Z</time>
        <extensions>
          <ns3:TrackPointExtension>
            <ns3:hr>161</ns3:hr>
            <ns3:cad>92</ns3:cad>
          </ns3:TrackPointExtension>
        </extensions>
      </trkpt>
      <trkpt lat="30.553351677954196929931640625" lon="104.04639157466590404510498046875">
        <ele>471</ele>
        <time>2026-09-19T13:11:15.000Z</time>
        <extensions>
          <ns3:TrackPointExtension>
            <ns3:hr>161</ns3:hr>
            <ns3:cad>92</ns3:cad>
          </ns3:TrackPointExtension>
        </extensions>
      </trkpt>
      <trkpt lat="30.55332711897790431976318359375" lon="104.04637816362082958221435546875">
        <ele>471</ele>
        <time>2026-09-19T13:11:16.000Z</time>
        <extensions>
          <ns3:TrackPointExtension>
            <ns3:hr>161</ns3:hr>
            <ns3:cad>92</ns3:cad>
          </ns3:TrackPointExtension>
        </extensions>
      </trkpt>
      <trkpt lat="30.55329778231680393218994140625" lon="104.04636089690029621124267578125">
        <ele>471</ele>
        <time>2026-09-19T13:11:17.000Z</time>
        <extensions>
          <ns3:TrackPointExtension>
            <ns3:hr>161</ns3:hr>
            <ns3:cad>92</ns3:cad>
          </ns3:TrackPointExtension>
        </extensions>
      </trkpt>
      <trkpt lat="30.55327288806438446044921875" lon="104.04634840786457061767578125">
        <ele>471.20001220703125</ele>
        <time>2026-09-19T13:11:18.000Z</time>
        <extensions>
          <ns3:TrackPointExtension>
            <ns3:hr>161</ns3:hr>
            <ns3:cad>92</ns3:cad>
          </ns3:TrackPointExtension>
        </extensions>
      </trkpt>
      <trkpt lat="30.55324430577456951141357421875" lon="104.04633256606757640838623046875">
        <ele>471.20001220703125</ele>
        <time>2026-09-19T13:11:19.000Z</time>
        <extensions>
          <ns3:TrackPointExtension>
            <ns3:hr>160</ns3:hr>
            <ns3:cad>93</ns3:cad>
          </ns3:TrackPointExtension>
        </extensions>
      </trkpt>
      <trkpt lat="30.5532187409698963165283203125" lon="104.0463237650692462921142578125">
        <ele>471.20001220703125</ele>
        <time>2026-09-19T13:11:20.000Z</time>
        <extensions>
          <ns3:TrackPointExtension>
            <ns3:hr>161</ns3:hr>
            <ns3:cad>92</ns3:cad>
          </ns3:TrackPointExtension>
        </extensions>
      </trkpt>
      <trkpt lat="30.5531899072229862213134765625" lon="104.04631462879478931427001953125">
        <ele>471.20001220703125</ele>
        <time>2026-09-19T13:11:21.000Z</time>
        <extensions>
          <ns3:TrackPointExtension>
            <ns3:hr>161</ns3:hr>
            <ns3:cad>93</ns3:cad>
          </ns3:TrackPointExtension>
        </extensions>
      </trkpt>
      <trkpt lat="30.55316291749477386474609375" lon="104.0463088452816009521484375">
        <ele>471.20001220703125</ele>
        <time>2026-09-19T13:11:22.000Z</time>
        <extensions>
          <ns3:TrackPointExtension>
            <ns3:hr>161</ns3:hr>
            <ns3:cad>92</ns3:cad>
          </ns3:TrackPointExtension>
        </extensions>
      </trkpt>
      <trkpt lat="30.55313198827207088470458984375" lon="104.0462992899119853973388671875">
        <ele>471.20001220703125</ele>
        <time>2026-09-19T13:11:23.000Z</time>
        <extensions>
          <ns3:TrackPointExtension>
            <ns3:hr>162</ns3:hr>
            <ns3:cad>93</ns3:cad>
          </ns3:TrackPointExtension>
        </extensions>
      </trkpt>
      <trkpt lat="30.55310214869678020477294921875" lon="104.04629115946590900421142578125">
        <ele>471.20001220703125</ele>
        <time>2026-09-19T13:11:24.000Z</time>
        <extensions>
          <ns3:TrackPointExtension>
            <ns3:hr>161</ns3:hr>
            <ns3:cad>93</ns3:cad>
          </ns3:TrackPointExtension>
        </extensions>
      </trkpt>
      <trkpt lat="30.55307163856923580169677734375" lon="104.04628579504787921905517578125">
        <ele>471.20001220703125</ele>
        <time>2026-09-19T13:11:25.000Z</time>
        <extensions>
          <ns3:TrackPointExtension>
            <ns3:hr>161</ns3:hr>
            <ns3:cad>93</ns3:cad>
          </ns3:TrackPointExtension>
        </extensions>
      </trkpt>
      <trkpt lat="30.55304263718426227569580078125" lon="104.04628336429595947265625">
        <ele>471.20001220703125</ele>
        <time>2026-09-19T13:11:26.000Z</time>
        <extensions>
          <ns3:TrackPointExtension>
            <ns3:hr>162</ns3:hr>
            <ns3:cad>93</ns3:cad>
          </ns3:TrackPointExtension>
        </extensions>
      </trkpt>
      <trkpt lat="30.5530165694653987884521484375" lon="104.0462818555533885955810546875">
        <ele>471</ele>
        <time>2026-09-19T13:11:27.000Z</time>
        <extensions>
          <ns3:TrackPointExtension>
            <ns3:hr>162</ns3:hr>
            <ns3:cad>92</ns3:cad>
          </ns3:TrackPointExtension>
        </extensions>
      </trkpt>
      <trkpt lat="30.5529863946139812469482421875" lon="104.04628227464854717254638671875">
        <ele>471</ele>
        <time>2026-09-19T13:11:28.000Z</time>
        <extensions>
          <ns3:TrackPointExtension>
            <ns3:hr>162</ns3:hr>
            <ns3:cad>93</ns3:cad>
          </ns3:TrackPointExtension>
        </extensions>
      </trkpt>
      <trkpt lat="30.552962757647037506103515625" lon="104.04628847725689411163330078125">
        <ele>471</ele>
        <time>2026-09-19T13:11:29.000Z</time>
        <extensions>
          <ns3:TrackPointExtension>
            <ns3:hr>162</ns3:hr>
            <ns3:cad>93</ns3:cad>
          </ns3:TrackPointExtension>
        </extensions>
      </trkpt>
      <trkpt lat="30.55293065495789051055908203125" lon="104.04629367403686046600341796875">
        <ele>471</ele>
        <time>2026-09-19T13:11:30.000Z</time>
        <extensions>
          <ns3:TrackPointExtension>
            <ns3:hr>162</ns3:hr>
            <ns3:cad>93</ns3:cad>
          </ns3:TrackPointExtension>
        </extensions>
      </trkpt>
      <trkpt lat="30.55291204713284969329833984375" lon="104.04630926437675952911376953125">
        <ele>471</ele>
        <time>2026-09-19T13:11:31.000Z</time>
        <extensions>
          <ns3:TrackPointExtension>
            <ns3:hr>161</ns3:hr>
            <ns3:cad>93</ns3:cad>
          </ns3:TrackPointExtension>
        </extensions>
      </trkpt>
      <trkpt lat="30.55288371630012989044189453125" lon="104.04632083140313625335693359375">
        <ele>471</ele>
        <time>2026-09-19T13:11:32.000Z</time>
        <extensions>
          <ns3:TrackPointExtension>
            <ns3:hr>162</ns3:hr>
            <ns3:cad>92</ns3:cad>
          </ns3:TrackPointExtension>
        </extensions>
      </trkpt>
      <trkpt lat="30.5528683774173259735107421875" lon="104.04633323661983013153076171875">
        <ele>471</ele>
        <time>2026-09-19T13:11:33.000Z</time>
        <extensions>
          <ns3:TrackPointExtension>
            <ns3:hr>162</ns3:hr>
            <ns3:cad>91</ns3:cad>
          </ns3:TrackPointExtension>
        </extensions>
      </trkpt>
      <trkpt lat="30.55284063331782817840576171875" lon="104.04634430073201656341552734375">
        <ele>471</ele>
        <time>2026-09-19T13:11:34.000Z</time>
        <extensions>
          <ns3:TrackPointExtension>
            <ns3:hr>162</ns3:hr>
            <ns3:cad>91</ns3:cad>
          </ns3:TrackPointExtension>
        </extensions>
      </trkpt>
      <trkpt lat="30.55281816981732845306396484375" lon="104.04635553248226642608642578125">
        <ele>471</ele>
        <time>2026-09-19T13:11:35.000Z</time>
        <extensions>
          <ns3:TrackPointExtension>
            <ns3:hr>162</ns3:hr>
            <ns3:cad>92</ns3:cad>
          </ns3:TrackPointExtension>
        </extensions>
      </trkpt>
      <trkpt lat="30.55279185064136981964111328125" lon="104.0463651716709136962890625">
        <ele>471</ele>
        <time>2026-09-19T13:11:36.000Z</time>
        <extensions>
          <ns3:TrackPointExtension>
            <ns3:hr>162</ns3:hr>
            <ns3:cad>92</ns3:cad>
          </ns3:TrackPointExtension>
        </extensions>
      </trkpt>
      <trkpt lat="30.55276854895055294036865234375" lon="104.04638000763952732086181640625">
        <ele>471.20001220703125</ele>
        <time>2026-09-19T13:11:37.000Z</time>
        <extensions>
          <ns3:TrackPointExtension>
            <ns3:hr>161</ns3:hr>
            <ns3:cad>92</ns3:cad>
          </ns3:TrackPointExtension>
        </extensions>
      </trkpt>
      <trkpt lat="30.55274591781198978424072265625" lon="104.0463961847126483917236328125">
        <ele>471.20001220703125</ele>
        <time>2026-09-19T13:11:38.000Z</time>
        <extensions>
          <ns3:TrackPointExtension>
            <ns3:hr>161</ns3:hr>
            <ns3:cad>93</ns3:cad>
          </ns3:TrackPointExtension>
        </extensions>
      </trkpt>
      <trkpt lat="30.5527201853692531585693359375" lon="104.04641211032867431640625">
        <ele>471.399993896484375</ele>
        <time>2026-09-19T13:11:39.000Z</time>
        <extensions>
          <ns3:TrackPointExtension>
            <ns3:hr>162</ns3:hr>
            <ns3:cad>93</ns3:cad>
          </ns3:TrackPointExtension>
        </extensions>
      </trkpt>
      <trkpt lat="30.55269730277359485626220703125" lon="104.04643113724887371063232421875">
        <ele>471.399993896484375</ele>
        <time>2026-09-19T13:11:40.000Z</time>
        <extensions>
          <ns3:TrackPointExtension>
            <ns3:hr>162</ns3:hr>
            <ns3:cad>93</ns3:cad>
          </ns3:TrackPointExtension>
        </extensions>
      </trkpt>
      <trkpt lat="30.5526687204837799072265625" lon="104.04644974507391452789306640625">
        <ele>471.399993896484375</ele>
        <time>2026-09-19T13:11:41.000Z</time>
        <extensions>
          <ns3:TrackPointExtension>
            <ns3:hr>162</ns3:hr>
            <ns3:cad>93</ns3:cad>
          </ns3:TrackPointExtension>
        </extensions>
      </trkpt>
      <trkpt lat="30.55265220813453197479248046875" lon="104.04646784998476505279541015625">
        <ele>471.399993896484375</ele>
        <time>2026-09-19T13:11:42.000Z</time>
        <extensions>
          <ns3:TrackPointExtension>
            <ns3:hr>161</ns3:hr>
            <ns3:cad>92</ns3:cad>
          </ns3:TrackPointExtension>
        </extensions>
      </trkpt>
      <trkpt lat="30.5526229552924633026123046875" lon="104.0464810095727443695068359375">
        <ele>471.399993896484375</ele>
        <time>2026-09-19T13:11:43.000Z</time>
        <extensions>
          <ns3:TrackPointExtension>
            <ns3:hr>161</ns3:hr>
            <ns3:cad>93</ns3:cad>
          </ns3:TrackPointExtension>
        </extensions>
      </trkpt>
      <trkpt lat="30.5526041798293590545654296875" lon="104.04649701900780200958251953125">
        <ele>471.600006103515625</ele>
        <time>2026-09-19T13:11:44.000Z</time>
        <extensions>
          <ns3:TrackPointExtension>
            <ns3:hr>161</ns3:hr>
            <ns3:cad>92</ns3:cad>
          </ns3:TrackPointExtension>
        </extensions>
      </trkpt>
      <trkpt lat="30.552572496235370635986328125" lon="104.04650858603417873382568359375">
        <ele>471.600006103515625</ele>
        <time>2026-09-19T13:11:45.000Z</time>
        <extensions>
          <ns3:TrackPointExtension>
            <ns3:hr>161</ns3:hr>
            <ns3:cad>92</ns3:cad>
          </ns3:TrackPointExtension>
        </extensions>
      </trkpt>
      <trkpt lat="30.55255179293453693389892578125" lon="104.04652182944118976593017578125">
        <ele>471.600006103515625</ele>
        <time>2026-09-19T13:11:46.000Z</time>
        <extensions>
          <ns3:TrackPointExtension>
            <ns3:hr>161</ns3:hr>
            <ns3:cad>92</ns3:cad>
          </ns3:TrackPointExtension>
        </extensions>
      </trkpt>
      <trkpt lat="30.55252362973988056182861328125" lon="104.04653071425855159759521484375">
        <ele>471.79998779296875</ele>
        <time>2026-09-19T13:11:47.000Z</time>
        <extensions>
          <ns3:TrackPointExtension>
            <ns3:hr>162</ns3:hr>
            <ns3:cad>92</ns3:cad>
          </ns3:TrackPointExtension>
        </extensions>
      </trkpt>
      <trkpt lat="30.55249814875423908233642578125" lon="104.04654286801815032958984375">
        <ele>471.79998779296875</ele>
        <time>2026-09-19T13:11:48.000Z</time>
        <extensions>
          <ns3:TrackPointExtension>
            <ns3:hr>162</ns3:hr>
            <ns3:cad>93</ns3:cad>
          </ns3:TrackPointExtension>
        </extensions>
      </trkpt>
      <trkpt lat="30.55246931500732898712158203125" lon="104.0465470589697360992431640625">
        <ele>471.79998779296875</ele>
        <time>2026-09-19T13:11:49.000Z</time>
        <extensions>
          <ns3:TrackPointExtension>
            <ns3:hr>162</ns3:hr>
            <ns3:cad>93</ns3:cad>
          </ns3:TrackPointExtension>
        </extensions>
      </trkpt>
      <trkpt lat="30.55244483985006809234619140625" lon="104.0465557761490345001220703125">
        <ele>471.79998779296875</ele>
        <time>2026-09-19T13:11:50.000Z</time>
        <extensions>
          <ns3:TrackPointExtension>
            <ns3:hr>162</ns3:hr>
            <ns3:cad>93</ns3:cad>
          </ns3:TrackPointExtension>
        </extensions>
      </trkpt>
      <trkpt lat="30.55241919122636318206787109375" lon="104.04655803926289081573486328125">
        <ele>471.79998779296875</ele>
        <time>2026-09-19T13:11:51.000Z</time>
        <extensions>
          <ns3:TrackPointExtension>
            <ns3:hr>162</ns3:hr>
            <ns3:cad>92</ns3:cad>
          </ns3:TrackPointExtension>
        </extensions>
      </trkpt>
      <trkpt lat="30.5523929558694362640380859375" lon="104.04656206257641315460205078125">
        <ele>471.79998779296875</ele>
        <time>2026-09-19T13:11:52.000Z</time>
        <extensions>
          <ns3:TrackPointExtension>
            <ns3:hr>162</ns3:hr>
            <ns3:cad>92</ns3:cad>
          </ns3:TrackPointExtension>
        </extensions>
      </trkpt>
      <trkpt lat="30.5523671396076679229736328125" lon="104.046563990414142608642578125">
        <ele>472</ele>
        <time>2026-09-19T13:11:53.000Z</time>
        <extensions>
          <ns3:TrackPointExtension>
            <ns3:hr>162</ns3:hr>
            <ns3:cad>92</ns3:cad>
          </ns3:TrackPointExtension>
        </extensions>
      </trkpt>
      <trkpt lat="30.552336461842060089111328125" lon="104.0465587936341762542724609375">
        <ele>472</ele>
        <time>2026-09-19T13:11:54.000Z</time>
        <extensions>
          <ns3:TrackPointExtension>
            <ns3:hr>162</ns3:hr>
            <ns3:cad>92</ns3:cad>
          </ns3:TrackPointExtension>
        </extensions>
      </trkpt>
      <trkpt lat="30.552313327789306640625" lon="104.04655938036739826202392578125">
        <ele>472</ele>
        <time>2026-09-19T13:11:55.000Z</time>
        <extensions>
          <ns3:TrackPointExtension>
            <ns3:hr>162</ns3:hr>
            <ns3:cad>92</ns3:cad>
          </ns3:TrackPointExtension>
        </extensions>
      </trkpt>
      <trkpt lat="30.5522829852998256683349609375" lon="104.0465604700148105621337890625">
        <ele>472</ele>
        <time>2026-09-19T13:11:56.000Z</time>
        <extensions>
          <ns3:TrackPointExtension>
            <ns3:hr>162</ns3:hr>
            <ns3:cad>93</ns3:cad>
          </ns3:TrackPointExtension>
        </extensions>
      </trkpt>
      <trkpt lat="30.5522648803889751434326171875" lon="104.04656407423317432403564453125">
        <ele>472</ele>
        <time>2026-09-19T13:11:57.000Z</time>
        <extensions>
          <ns3:TrackPointExtension>
            <ns3:hr>163</ns3:hr>
            <ns3:cad>92</ns3:cad>
          </ns3:TrackPointExtension>
        </extensions>
      </trkpt>
      <trkpt lat="30.55223353207111358642578125" lon="104.046566002070903778076171875">
        <ele>472</ele>
        <time>2026-09-19T13:11:58.000Z</time>
        <extensions>
          <ns3:TrackPointExtension>
            <ns3:hr>162</ns3:hr>
            <ns3:cad>92</ns3:cad>
          </ns3:TrackPointExtension>
        </extensions>
      </trkpt>
      <trkpt lat="30.5522149242460727691650390625" lon="104.04656969010829925537109375">
        <ele>472</ele>
        <time>2026-09-19T13:11:59.000Z</time>
        <extensions>
          <ns3:TrackPointExtension>
            <ns3:hr>162</ns3:hr>
            <ns3:cad>92</ns3:cad>
          </ns3:TrackPointExtension>
        </extensions>
      </trkpt>
      <trkpt lat="30.55218659341335296630859375" lon="104.04657262377440929412841796875">
        <ele>472</ele>
        <time>2026-09-19T13:12:00.000Z</time>
        <extensions>
          <ns3:TrackPointExtension>
            <ns3:hr>162</ns3:hr>
            <ns3:cad>92</ns3:cad>
          </ns3:TrackPointExtension>
        </extensions>
      </trkpt>
      <trkpt lat="30.55216513574123382568359375" lon="104.04657580889761447906494140625">
        <ele>472</ele>
        <time>2026-09-19T13:12:01.000Z</time>
        <extensions>
          <ns3:TrackPointExtension>
            <ns3:hr>163</ns3:hr>
            <ns3:cad>92</ns3:cad>
          </ns3:TrackPointExtension>
        </extensions>
      </trkpt>
      <trkpt lat="30.55213035084307193756103515625" lon="104.04657010920345783233642578125">
        <ele>472</ele>
        <time>2026-09-19T13:12:02.000Z</time>
        <extensions>
          <ns3:TrackPointExtension>
            <ns3:hr>162</ns3:hr>
            <ns3:cad>91</ns3:cad>
          </ns3:TrackPointExtension>
        </extensions>
      </trkpt>
      <trkpt lat="30.552106797695159912109375" lon="104.0465728752315044403076171875">
        <ele>472</ele>
        <time>2026-09-19T13:12:03.000Z</time>
        <extensions>
          <ns3:TrackPointExtension>
            <ns3:hr>162</ns3:hr>
            <ns3:cad>92</ns3:cad>
          </ns3:TrackPointExtension>
        </extensions>
      </trkpt>
      <trkpt lat="30.55207620374858379364013671875" lon="104.04656709171831607818603515625">
        <ele>471.79998779296875</ele>
        <time>2026-09-19T13:12:04.000Z</time>
        <extensions>
          <ns3:TrackPointExtension>
            <ns3:hr>162</ns3:hr>
            <ns3:cad>92</ns3:cad>
          </ns3:TrackPointExtension>
        </extensions>
      </trkpt>
      <trkpt lat="30.5520536564290523529052734375" lon="104.046565331518650054931640625">
        <ele>471.79998779296875</ele>
        <time>2026-09-19T13:12:05.000Z</time>
        <extensions>
          <ns3:TrackPointExtension>
            <ns3:hr>162</ns3:hr>
            <ns3:cad>92</ns3:cad>
          </ns3:TrackPointExtension>
        </extensions>
      </trkpt>
      <trkpt lat="30.55202691815793514251708984375" lon="104.0465591289103031158447265625">
        <ele>471.600006103515625</ele>
        <time>2026-09-19T13:12:06.000Z</time>
        <extensions>
          <ns3:TrackPointExtension>
            <ns3:hr>162</ns3:hr>
            <ns3:cad>92</ns3:cad>
          </ns3:TrackPointExtension>
        </extensions>
      </trkpt>
      <trkpt lat="30.5520057119429111480712890625" lon="104.046561978757381439208984375">
        <ele>471.79998779296875</ele>
        <time>2026-09-19T13:12:07.000Z</time>
        <extensions>
          <ns3:TrackPointExtension>
            <ns3:hr>162</ns3:hr>
            <ns3:cad>92</ns3:cad>
          </ns3:TrackPointExtension>
        </extensions>
      </trkpt>
      <trkpt lat="30.55197872221469879150390625" lon="104.04655627906322479248046875">
        <ele>471.79998779296875</ele>
        <time>2026-09-19T13:12:08.000Z</time>
        <extensions>
          <ns3:TrackPointExtension>
            <ns3:hr>162</ns3:hr>
            <ns3:cad>91</ns3:cad>
          </ns3:TrackPointExtension>
        </extensions>
      </trkpt>
      <trkpt lat="30.55195332504808902740478515625" lon="104.0465554408729076385498046875">
        <ele>471.79998779296875</ele>
        <time>2026-09-19T13:12:09.000Z</time>
        <extensions>
          <ns3:TrackPointExtension>
            <ns3:hr>162</ns3:hr>
            <ns3:cad>91</ns3:cad>
          </ns3:TrackPointExtension>
        </extensions>
      </trkpt>
      <trkpt lat="30.55192868225276470184326171875" lon="104.04654965735971927642822265625">
        <ele>471.79998779296875</ele>
        <time>2026-09-19T13:12:10.000Z</time>
        <extensions>
          <ns3:TrackPointExtension>
            <ns3:hr>162</ns3:hr>
            <ns3:cad>91</ns3:cad>
          </ns3:TrackPointExtension>
        </extensions>
      </trkpt>
      <trkpt lat="30.5519016087055206298828125" lon="104.0465416945517063140869140625">
        <ele>471.79998779296875</ele>
        <time>2026-09-19T13:12:11.000Z</time>
        <extensions>
          <ns3:TrackPointExtension>
            <ns3:hr>162</ns3:hr>
            <ns3:cad>91</ns3:cad>
          </ns3:TrackPointExtension>
        </extensions>
      </trkpt>
      <trkpt lat="30.5518816597759723663330078125" lon="104.04653540812432765960693359375">
        <ele>471.79998779296875</ele>
        <time>2026-09-19T13:12:12.000Z</time>
        <extensions>
          <ns3:TrackPointExtension>
            <ns3:hr>163</ns3:hr>
            <ns3:cad>91</ns3:cad>
          </ns3:TrackPointExtension>
        </extensions>
      </trkpt>
      <trkpt lat="30.55185936391353607177734375" lon="104.04652484692633152008056640625">
        <ele>471.600006103515625</ele>
        <time>2026-09-19T13:12:13.000Z</time>
        <extensions>
          <ns3:TrackPointExtension>
            <ns3:hr>162</ns3:hr>
            <ns3:cad>92</ns3:cad>
          </ns3:TrackPointExtension>
        </extensions>
      </trkpt>
      <trkpt lat="30.55184201337397098541259765625" lon="104.04652451165020465850830078125">
        <ele>471.600006103515625</ele>
        <time>2026-09-19T13:12:14.000Z</time>
        <extensions>
          <ns3:TrackPointExtension>
            <ns3:hr>162</ns3:hr>
            <ns3:cad>93</ns3:cad>
          </ns3:TrackPointExtension>
        </extensions>
      </trkpt>
      <trkpt lat="30.55181468836963176727294921875" lon="104.046514034271240234375">
        <ele>471.600006103515625</ele>
        <time>2026-09-19T13:12:15.000Z</time>
        <extensions>
          <ns3:TrackPointExtension>
            <ns3:hr>162</ns3:hr>
            <ns3:cad>93</ns3:cad>
          </ns3:TrackPointExtension>
        </extensions>
      </trkpt>
      <trkpt lat="30.5517943203449249267578125" lon="104.0465185604989528656005859375">
        <ele>471.79998779296875</ele>
        <time>2026-09-19T13:12:16.000Z</time>
        <extensions>
          <ns3:TrackPointExtension>
            <ns3:hr>162</ns3:hr>
            <ns3:cad>93</ns3:cad>
          </ns3:TrackPointExtension>
        </extensions>
      </trkpt>
      <trkpt lat="30.5517612956464290618896484375" lon="104.04651294462382793426513671875">
        <ele>471.79998779296875</ele>
        <time>2026-09-19T13:12:17.000Z</time>
        <extensions>
          <ns3:TrackPointExtension>
            <ns3:hr>162</ns3:hr>
            <ns3:cad>93</ns3:cad>
          </ns3:TrackPointExtension>
        </extensions>
      </trkpt>
      <trkpt lat="30.55174000561237335205078125" lon="104.04651529155671596527099609375">
        <ele>471.600006103515625</ele>
        <time>2026-09-19T13:12:18.000Z</time>
        <extensions>
          <ns3:TrackPointExtension>
            <ns3:hr>162</ns3:hr>
            <ns3:cad>92</ns3:cad>
          </ns3:TrackPointExtension>
        </extensions>
      </trkpt>
      <trkpt lat="30.55171041749417781829833984375" lon="104.04650799930095672607421875">
        <ele>471.600006103515625</ele>
        <time>2026-09-19T13:12:19.000Z</time>
        <extensions>
          <ns3:TrackPointExtension>
            <ns3:hr>162</ns3:hr>
            <ns3:cad>93</ns3:cad>
          </ns3:TrackPointExtension>
        </extensions>
      </trkpt>
      <trkpt lat="30.5516912229359149932861328125" lon="104.04650825075805187225341796875">
        <ele>471.600006103515625</ele>
        <time>2026-09-19T13:12:20.000Z</time>
        <extensions>
          <ns3:TrackPointExtension>
            <ns3:hr>162</ns3:hr>
            <ns3:cad>92</ns3:cad>
          </ns3:TrackPointExtension>
        </extensions>
      </trkpt>
      <trkpt lat="30.5516628921031951904296875" lon="104.0464987792074680328369140625">
        <ele>471.79998779296875</ele>
        <time>2026-09-19T13:12:21.000Z</time>
        <extensions>
          <ns3:TrackPointExtension>
            <ns3:hr>163</ns3:hr>
            <ns3:cad>92</ns3:cad>
          </ns3:TrackPointExtension>
        </extensions>
      </trkpt>
      <trkpt lat="30.5516441166400909423828125" lon="104.046491570770740509033203125">
        <ele>471.79998779296875</ele>
        <time>2026-09-19T13:12:22.000Z</time>
        <extensions>
          <ns3:TrackPointExtension>
            <ns3:hr>163</ns3:hr>
            <ns3:cad>92</ns3:cad>
          </ns3:TrackPointExtension>
        </extensions>
      </trkpt>
      <trkpt lat="30.55161930620670318603515625" lon="104.04648109339177608489990234375">
        <ele>471.79998779296875</ele>
        <time>2026-09-19T13:12:23.000Z</time>
        <extensions>
          <ns3:TrackPointExtension>
            <ns3:hr>163</ns3:hr>
            <ns3:cad>92</ns3:cad>
          </ns3:TrackPointExtension>
        </extensions>
      </trkpt>
      <trkpt lat="30.55160011164844036102294921875" lon="104.04647908173501491546630859375">
        <ele>471.79998779296875</ele>
        <time>2026-09-19T13:12:24.000Z</time>
        <extensions>
          <ns3:TrackPointExtension>
            <ns3:hr>163</ns3:hr>
            <ns3:cad>93</ns3:cad>
          </ns3:TrackPointExtension>
        </extensions>
      </trkpt>
      <trkpt lat="30.55157647468149662017822265625" lon="104.046470113098621368408203125">
        <ele>471.79998779296875</ele>
        <time>2026-09-19T13:12:25.000Z</time>
        <extensions>
          <ns3:TrackPointExtension>
            <ns3:hr>163</ns3:hr>
            <ns3:cad>92</ns3:cad>
          </ns3:TrackPointExtension>
        </extensions>
      </trkpt>
      <trkpt lat="30.5515540950000286102294921875" lon="104.04646466486155986785888671875">
        <ele>471.79998779296875</ele>
        <time>2026-09-19T13:12:26.000Z</time>
        <extensions>
          <ns3:TrackPointExtension>
            <ns3:hr>163</ns3:hr>
            <ns3:cad>92</ns3:cad>
          </ns3:TrackPointExtension>
        </extensions>
      </trkpt>
      <trkpt lat="30.5515255965292453765869140625" lon="104.0464578755199909210205078125">
        <ele>471.600006103515625</ele>
        <time>2026-09-19T13:12:27.000Z</time>
        <extensions>
          <ns3:TrackPointExtension>
            <ns3:hr>163</ns3:hr>
            <ns3:cad>92</ns3:cad>
          </ns3:TrackPointExtension>
        </extensions>
      </trkpt>
      <trkpt lat="30.55150455795228481292724609375" lon="104.04645427130162715911865234375">
        <ele>471.79998779296875</ele>
        <time>2026-09-19T13:12:28.000Z</time>
        <extensions>
          <ns3:TrackPointExtension>
            <ns3:hr>163</ns3:hr>
            <ns3:cad>92</ns3:cad>
          </ns3:TrackPointExtension>
        </extensions>
      </trkpt>
      <trkpt lat="30.5514732934534549713134765625" lon="104.046446979045867919921875">
        <ele>471.79998779296875</ele>
        <time>2026-09-19T13:12:29.000Z</time>
        <extensions>
          <ns3:TrackPointExtension>
            <ns3:hr>163</ns3:hr>
            <ns3:cad>92</ns3:cad>
          </ns3:TrackPointExtension>
        </extensions>
      </trkpt>
      <trkpt lat="30.551441609859466552734375" lon="104.04644228518009185791015625">
        <ele>471.79998779296875</ele>
        <time>2026-09-19T13:12:30.000Z</time>
        <extensions>
          <ns3:TrackPointExtension>
            <ns3:hr>163</ns3:hr>
            <ns3:cad>92</ns3:cad>
          </ns3:TrackPointExtension>
        </extensions>
      </trkpt>
      <trkpt lat="30.5514102615416049957275390625" lon="104.0464340709149837493896484375">
        <ele>471.79998779296875</ele>
        <time>2026-09-19T13:12:31.000Z</time>
        <extensions>
          <ns3:TrackPointExtension>
            <ns3:hr>163</ns3:hr>
            <ns3:cad>92</ns3:cad>
          </ns3:TrackPointExtension>
        </extensions>
      </trkpt>
      <trkpt lat="30.55137698538601398468017578125" lon="104.04642778448760509490966796875">
        <ele>471.79998779296875</ele>
        <time>2026-09-19T13:12:32.000Z</time>
        <extensions>
          <ns3:TrackPointExtension>
            <ns3:hr>162</ns3:hr>
            <ns3:cad>92</ns3:cad>
          </ns3:TrackPointExtension>
        </extensions>
      </trkpt>
      <trkpt lat="30.55134572088718414306640625" lon="104.04642493464052677154541015625">
        <ele>471.79998779296875</ele>
        <time>2026-09-19T13:12:33.000Z</time>
        <extensions>
          <ns3:TrackPointExtension>
            <ns3:hr>162</ns3:hr>
            <ns3:cad>92</ns3:cad>
          </ns3:TrackPointExtension>
        </extensions>
      </trkpt>
      <trkpt lat="30.5513155460357666015625" lon="104.04642007313668727874755859375">
        <ele>471.79998779296875</ele>
        <time>2026-09-19T13:12:34.000Z</time>
        <extensions>
          <ns3:TrackPointExtension>
            <ns3:hr>162</ns3:hr>
            <ns3:cad>92</ns3:cad>
          </ns3:TrackPointExtension>
        </extensions>
      </trkpt>
      <trkpt lat="30.55128646083176136016845703125" lon="104.046415127813816070556640625">
        <ele>471.79998779296875</ele>
        <time>2026-09-19T13:12:35.000Z</time>
        <extensions>
          <ns3:TrackPointExtension>
            <ns3:hr>162</ns3:hr>
            <ns3:cad>92</ns3:cad>
          </ns3:TrackPointExtension>
        </extensions>
      </trkpt>
      <trkpt lat="30.5512567050755023956298828125" lon="104.04640817083418369293212890625">
        <ele>471.79998779296875</ele>
        <time>2026-09-19T13:12:36.000Z</time>
        <extensions>
          <ns3:TrackPointExtension>
            <ns3:hr>162</ns3:hr>
            <ns3:cad>92</ns3:cad>
          </ns3:TrackPointExtension>
        </extensions>
      </trkpt>
      <trkpt lat="30.5512322299182415008544921875" lon="104.04640917666256427764892578125">
        <ele>471.600006103515625</ele>
        <time>2026-09-19T13:12:37.000Z</time>
        <extensions>
          <ns3:TrackPointExtension>
            <ns3:hr>162</ns3:hr>
            <ns3:cad>92</ns3:cad>
          </ns3:TrackPointExtension>
        </extensions>
      </trkpt>
      <trkpt lat="30.55120415054261684417724609375" lon="104.0464126132428646087646484375">
        <ele>471.399993896484375</ele>
        <time>2026-09-19T13:12:38.000Z</time>
        <extensions>
          <ns3:TrackPointExtension>
            <ns3:hr>162</ns3:hr>
            <ns3:cad>92</ns3:cad>
          </ns3:TrackPointExtension>
        </extensions>
      </trkpt>
      <trkpt lat="30.5511799268424510955810546875" lon="104.04641806147992610931396484375">
        <ele>471.20001220703125</ele>
        <time>2026-09-19T13:12:39.000Z</time>
        <extensions>
          <ns3:TrackPointExtension>
            <ns3:hr>162</ns3:hr>
            <ns3:cad>92</ns3:cad>
          </ns3:TrackPointExtension>
        </extensions>
      </trkpt>
      <trkpt lat="30.5511505901813507080078125" lon="104.04642007313668727874755859375">
        <ele>471</ele>
        <time>2026-09-19T13:12:40.000Z</time>
        <extensions>
          <ns3:TrackPointExtension>
            <ns3:hr>162</ns3:hr>
            <ns3:cad>92</ns3:cad>
          </ns3:TrackPointExtension>
        </extensions>
      </trkpt>
      <trkpt lat="30.55112452246248722076416015625" lon="104.046421162784099578857421875">
        <ele>471</ele>
        <time>2026-09-19T13:12:41.000Z</time>
        <extensions>
          <ns3:TrackPointExtension>
            <ns3:hr>162</ns3:hr>
            <ns3:cad>92</ns3:cad>
          </ns3:TrackPointExtension>
        </extensions>
      </trkpt>
      <trkpt lat="30.55109635926783084869384765625" lon="104.0464243479073047637939453125">
        <ele>471</ele>
        <time>2026-09-19T13:12:42.000Z</time>
        <extensions>
          <ns3:TrackPointExtension>
            <ns3:hr>162</ns3:hr>
            <ns3:cad>92</ns3:cad>
          </ns3:TrackPointExtension>
        </extensions>
      </trkpt>
      <trkpt lat="30.55107389576733112335205078125" lon="104.04642761684954166412353515625">
        <ele>471</ele>
        <time>2026-09-19T13:12:43.000Z</time>
        <extensions>
          <ns3:TrackPointExtension>
            <ns3:hr>162</ns3:hr>
            <ns3:cad>92</ns3:cad>
          </ns3:TrackPointExtension>
        </extensions>
      </trkpt>
      <trkpt lat="30.5510491691529750823974609375" lon="104.04643147252500057220458984375">
        <ele>471</ele>
        <time>2026-09-19T13:12:44.000Z</time>
        <extensions>
          <ns3:TrackPointExtension>
            <ns3:hr>162</ns3:hr>
            <ns3:cad>92</ns3:cad>
          </ns3:TrackPointExtension>
        </extensions>
      </trkpt>
      <trkpt lat="30.5510246939957141876220703125" lon="104.04643482528626918792724609375">
        <ele>471.20001220703125</ele>
        <time>2026-09-19T13:12:45.000Z</time>
        <extensions>
          <ns3:TrackPointExtension>
            <ns3:hr>162</ns3:hr>
            <ns3:cad>93</ns3:cad>
          </ns3:TrackPointExtension>
        </extensions>
      </trkpt>
      <trkpt lat="30.5509998835623264312744140625" lon="104.0464417822659015655517578125">
        <ele>471.20001220703125</ele>
        <time>2026-09-19T13:12:46.000Z</time>
        <extensions>
          <ns3:TrackPointExtension>
            <ns3:hr>162</ns3:hr>
            <ns3:cad>93</ns3:cad>
          </ns3:TrackPointExtension>
        </extensions>
      </trkpt>
      <trkpt lat="30.5509697087109088897705078125" lon="104.046449325978755950927734375">
        <ele>471.20001220703125</ele>
        <time>2026-09-19T13:12:47.000Z</time>
        <extensions>
          <ns3:TrackPointExtension>
            <ns3:hr>162</ns3:hr>
            <ns3:cad>93</ns3:cad>
          </ns3:TrackPointExtension>
        </extensions>
      </trkpt>
      <trkpt lat="30.5509479157626628875732421875" lon="104.04646198265254497528076171875">
        <ele>471.399993896484375</ele>
        <time>2026-09-19T13:12:48.000Z</time>
        <extensions>
          <ns3:TrackPointExtension>
            <ns3:hr>162</ns3:hr>
            <ns3:cad>93</ns3:cad>
          </ns3:TrackPointExtension>
        </extensions>
      </trkpt>
      <trkpt lat="30.55091388523578643798828125" lon="104.04647539369761943817138671875">
        <ele>471.399993896484375</ele>
        <time>2026-09-19T13:12:49.000Z</time>
        <extensions>
          <ns3:TrackPointExtension>
            <ns3:hr>162</ns3:hr>
            <ns3:cad>93</ns3:cad>
          </ns3:TrackPointExtension>
        </extensions>
      </trkpt>
      <trkpt lat="30.55088899098336696624755859375" lon="104.04648679308593273162841796875">
        <ele>471.399993896484375</ele>
        <time>2026-09-19T13:12:50.000Z</time>
        <extensions>
          <ns3:TrackPointExtension>
            <ns3:hr>163</ns3:hr>
            <ns3:cad>93</ns3:cad>
          </ns3:TrackPointExtension>
        </extensions>
      </trkpt>
      <trkpt lat="30.55085160769522190093994140625" lon="104.04650456272065639495849609375">
        <ele>471.399993896484375</ele>
        <time>2026-09-19T13:12:51.000Z</time>
        <extensions>
          <ns3:TrackPointExtension>
            <ns3:hr>163</ns3:hr>
            <ns3:cad>92</ns3:cad>
          </ns3:TrackPointExtension>
        </extensions>
      </trkpt>
      <trkpt lat="30.5508275516331195831298828125" lon="104.0465219132602214813232421875">
        <ele>471.20001220703125</ele>
        <time>2026-09-19T13:12:52.000Z</time>
        <extensions>
          <ns3:TrackPointExtension>
            <ns3:hr>163</ns3:hr>
            <ns3:cad>92</ns3:cad>
          </ns3:TrackPointExtension>
        </extensions>
      </trkpt>
      <trkpt lat="30.5507977120578289031982421875" lon="104.04653926379978656768798828125">
        <ele>471.20001220703125</ele>
        <time>2026-09-19T13:12:53.000Z</time>
        <extensions>
          <ns3:TrackPointExtension>
            <ns3:hr>163</ns3:hr>
            <ns3:cad>92</ns3:cad>
          </ns3:TrackPointExtension>
        </extensions>
      </trkpt>
      <trkpt lat="30.5507777631282806396484375" lon="104.04655468650162220001220703125">
        <ele>471.20001220703125</ele>
        <time>2026-09-19T13:12:54.000Z</time>
        <extensions>
          <ns3:TrackPointExtension>
            <ns3:hr>162</ns3:hr>
            <ns3:cad>93</ns3:cad>
          </ns3:TrackPointExtension>
        </extensions>
      </trkpt>
      <trkpt lat="30.55075161159038543701171875" lon="104.04656893573701381683349609375">
        <ele>471.20001220703125</ele>
        <time>2026-09-19T13:12:55.000Z</time>
        <extensions>
          <ns3:TrackPointExtension>
            <ns3:hr>162</ns3:hr>
            <ns3:cad>93</ns3:cad>
          </ns3:TrackPointExtension>
        </extensions>
      </trkpt>
      <trkpt lat="30.55073224939405918121337890625" lon="104.04658452607691287994384765625">
        <ele>471.399993896484375</ele>
        <time>2026-09-19T13:12:56.000Z</time>
        <extensions>
          <ns3:TrackPointExtension>
            <ns3:hr>163</ns3:hr>
            <ns3:cad>93</ns3:cad>
          </ns3:TrackPointExtension>
        </extensions>
      </trkpt>
      <trkpt lat="30.55071137845516204833984375" lon="104.04659919440746307373046875">
        <ele>471.399993896484375</ele>
        <time>2026-09-19T13:12:57.000Z</time>
        <extensions>
          <ns3:TrackPointExtension>
            <ns3:hr>162</ns3:hr>
            <ns3:cad>93</ns3:cad>
          </ns3:TrackPointExtension>
        </extensions>
      </trkpt>
      <trkpt lat="30.5506919324398040771484375" lon="104.04661889187991619110107421875">
        <ele>471.399993896484375</ele>
        <time>2026-09-19T13:12:58.000Z</time>
        <extensions>
          <ns3:TrackPointExtension>
            <ns3:hr>163</ns3:hr>
            <ns3:cad>92</ns3:cad>
          </ns3:TrackPointExtension>
        </extensions>
      </trkpt>
      <trkpt lat="30.55067072622478008270263671875" lon="104.046637080609798431396484375">
        <ele>471.399993896484375</ele>
        <time>2026-09-19T13:12:59.000Z</time>
        <extensions>
          <ns3:TrackPointExtension>
            <ns3:hr>163</ns3:hr>
            <ns3:cad>93</ns3:cad>
          </ns3:TrackPointExtension>
        </extensions>
      </trkpt>
      <trkpt lat="30.55064625106751918792724609375" lon="104.04665711335837841033935546875">
        <ele>471.399993896484375</ele>
        <time>2026-09-19T13:13:00.000Z</time>
        <extensions>
          <ns3:TrackPointExtension>
            <ns3:hr>163</ns3:hr>
            <ns3:cad>92</ns3:cad>
          </ns3:TrackPointExtension>
        </extensions>
      </trkpt>
      <trkpt lat="30.55063015781342983245849609375" lon="104.0466734580695629119873046875">
        <ele>471.20001220703125</ele>
        <time>2026-09-19T13:13:01.000Z</time>
        <extensions>
          <ns3:TrackPointExtension>
            <ns3:hr>163</ns3:hr>
            <ns3:cad>92</ns3:cad>
          </ns3:TrackPointExtension>
        </extensions>
      </trkpt>
      <trkpt lat="30.55060409009456634521484375" lon="104.04669064097106456756591796875">
        <ele>471.20001220703125</ele>
        <time>2026-09-19T13:13:02.000Z</time>
        <extensions>
          <ns3:TrackPointExtension>
            <ns3:hr>163</ns3:hr>
            <ns3:cad>92</ns3:cad>
          </ns3:TrackPointExtension>
        </extensions>
      </trkpt>
      <trkpt lat="30.5505874939262866973876953125" lon="104.0467053093016147613525390625">
        <ele>471.399993896484375</ele>
        <time>2026-09-19T13:13:03.000Z</time>
        <extensions>
          <ns3:TrackPointExtension>
            <ns3:hr>163</ns3:hr>
            <ns3:cad>92</ns3:cad>
          </ns3:TrackPointExtension>
        </extensions>
      </trkpt>
      <trkpt lat="30.55056293494999408721923828125" lon="104.04671997763216495513916015625">
        <ele>471.399993896484375</ele>
        <time>2026-09-19T13:13:04.000Z</time>
        <extensions>
          <ns3:TrackPointExtension>
            <ns3:hr>163</ns3:hr>
            <ns3:cad>93</ns3:cad>
          </ns3:TrackPointExtension>
        </extensions>
      </trkpt>
      <trkpt lat="30.5505449138581752777099609375" lon="104.04673841781914234161376953125">
        <ele>471.399993896484375</ele>
        <time>2026-09-19T13:13:05.000Z</time>
        <extensions>
          <ns3:TrackPointExtension>
            <ns3:hr>163</ns3:hr>
            <ns3:cad>93</ns3:cad>
          </ns3:TrackPointExtension>
        </extensions>
      </trkpt>
      <trkpt lat="30.5505202710628509521484375" lon="104.04675115831196308135986328125">
        <ele>471.399993896484375</ele>
        <time>2026-09-19T13:13:06.000Z</time>
        <extensions>
          <ns3:TrackPointExtension>
            <ns3:hr>162</ns3:hr>
            <ns3:cad>93</ns3:cad>
          </ns3:TrackPointExtension>
        </extensions>
      </trkpt>
      <trkpt lat="30.55050241760909557342529296875" lon="104.04676808975636959075927734375">
        <ele>471.399993896484375</ele>
        <time>2026-09-19T13:13:07.000Z</time>
        <extensions>
          <ns3:TrackPointExtension>
            <ns3:hr>162</ns3:hr>
            <ns3:cad>93</ns3:cad>
          </ns3:TrackPointExtension>
        </extensions>
      </trkpt>
      <trkpt lat="30.550479032099246978759765625" lon="104.046782590448856353759765625">
        <ele>471.399993896484375</ele>
        <time>2026-09-19T13:13:08.000Z</time>
        <extensions>
          <ns3:TrackPointExtension>
            <ns3:hr>162</ns3:hr>
            <ns3:cad>92</ns3:cad>
          </ns3:TrackPointExtension>
        </extensions>
      </trkpt>
      <trkpt lat="30.5504594184458255767822265625" lon="104.04679901897907257080078125">
        <ele>471.399993896484375</ele>
        <time>2026-09-19T13:13:09.000Z</time>
        <extensions>
          <ns3:TrackPointExtension>
            <ns3:hr>162</ns3:hr>
            <ns3:cad>92</ns3:cad>
          </ns3:TrackPointExtension>
        </extensions>
      </trkpt>
      <trkpt lat="30.550435446202754974365234375" lon="104.0468095801770687103271484375">
        <ele>471.399993896484375</ele>
        <time>2026-09-19T13:13:10.000Z</time>
        <extensions>
          <ns3:TrackPointExtension>
            <ns3:hr>162</ns3:hr>
            <ns3:cad>92</ns3:cad>
          </ns3:TrackPointExtension>
        </extensions>
      </trkpt>
      <trkpt lat="30.5504101328551769256591796875" lon="104.04682827182114124298095703125">
        <ele>471.399993896484375</ele>
        <time>2026-09-19T13:13:11.000Z</time>
        <extensions>
          <ns3:TrackPointExtension>
            <ns3:hr>162</ns3:hr>
            <ns3:cad>93</ns3:cad>
          </ns3:TrackPointExtension>
        </extensions>
      </trkpt>
      <trkpt lat="30.55038942955434322357177734375" lon="104.04683866538107395172119140625">
        <ele>471.399993896484375</ele>
        <time>2026-09-19T13:13:12.000Z</time>
        <extensions>
          <ns3:TrackPointExtension>
            <ns3:hr>162</ns3:hr>
            <ns3:cad>93</ns3:cad>
          </ns3:TrackPointExtension>
        </extensions>
      </trkpt>
      <trkpt lat="30.5503642000257968902587890625" lon="104.04685400426387786865234375">
        <ele>471.20001220703125</ele>
        <time>2026-09-19T13:13:13.000Z</time>
        <extensions>
          <ns3:TrackPointExtension>
            <ns3:hr>162</ns3:hr>
            <ns3:cad>93</ns3:cad>
          </ns3:TrackPointExtension>
        </extensions>
      </trkpt>
      <trkpt lat="30.55034567601978778839111328125" lon="104.04687101952731609344482421875">
        <ele>471.20001220703125</ele>
        <time>2026-09-19T13:13:14.000Z</time>
        <extensions>
          <ns3:TrackPointExtension>
            <ns3:hr>162</ns3:hr>
            <ns3:cad>92</ns3:cad>
          </ns3:TrackPointExtension>
        </extensions>
      </trkpt>
      <trkpt lat="30.5503219552338123321533203125" lon="104.04690069146454334259033203125">
        <ele>471.20001220703125</ele>
        <time>2026-09-19T13:13:15.000Z</time>
        <extensions>
          <ns3:TrackPointExtension>
            <ns3:hr>162</ns3:hr>
            <ns3:cad>93</ns3:cad>
          </ns3:TrackPointExtension>
        </extensions>
      </trkpt>
      <trkpt lat="30.55031214840710163116455078125" lon="104.04692365787923336029052734375">
        <ele>471.20001220703125</ele>
        <time>2026-09-19T13:13:16.000Z</time>
        <extensions>
          <ns3:TrackPointExtension>
            <ns3:hr>161</ns3:hr>
            <ns3:cad>92</ns3:cad>
          </ns3:TrackPointExtension>
        </extensions>
      </trkpt>
      <trkpt lat="30.55029387585818767547607421875" lon="104.04695031233131885528564453125">
        <ele>471.399993896484375</ele>
        <time>2026-09-19T13:13:17.000Z</time>
        <extensions>
          <ns3:TrackPointExtension>
            <ns3:hr>162</ns3:hr>
            <ns3:cad>92</ns3:cad>
          </ns3:TrackPointExtension>
        </extensions>
      </trkpt>
      <trkpt lat="30.55027979426085948944091796875" lon="104.04697545804083347320556640625">
        <ele>471.600006103515625</ele>
        <time>2026-09-19T13:13:18.000Z</time>
        <extensions>
          <ns3:TrackPointExtension>
            <ns3:hr>162</ns3:hr>
            <ns3:cad>92</ns3:cad>
          </ns3:TrackPointExtension>
        </extensions>
      </trkpt>
      <trkpt lat="30.55026235990226268768310546875" lon="104.04700563289225101470947265625">
        <ele>471.79998779296875</ele>
        <time>2026-09-19T13:13:19.000Z</time>
        <extensions>
          <ns3:TrackPointExtension>
            <ns3:hr>162</ns3:hr>
            <ns3:cad>92</ns3:cad>
          </ns3:TrackPointExtension>
        </extensions>
      </trkpt>
      <trkpt lat="30.55025833658874034881591796875" lon="104.04702055267989635467529296875">
        <ele>472</ele>
        <time>2026-09-19T13:13:20.000Z</time>
        <extensions>
          <ns3:TrackPointExtension>
            <ns3:hr>161</ns3:hr>
            <ns3:cad>91</ns3:cad>
          </ns3:TrackPointExtension>
        </extensions>
      </trkpt>
      <trkpt lat="30.55024492554366588592529296875" lon="104.0470509789884090423583984375">
        <ele>472.20001220703125</ele>
        <time>2026-09-19T13:13:21.000Z</time>
        <extensions>
          <ns3:TrackPointExtension>
            <ns3:hr>161</ns3:hr>
            <ns3:cad>91</ns3:cad>
          </ns3:TrackPointExtension>
        </extensions>
      </trkpt>
      <trkpt lat="30.55023662745952606201171875" lon="104.047076962888240814208984375">
        <ele>472.20001220703125</ele>
        <time>2026-09-19T13:13:22.000Z</time>
        <extensions>
          <ns3:TrackPointExtension>
            <ns3:hr>162</ns3:hr>
            <ns3:cad>91</ns3:cad>
          </ns3:TrackPointExtension>
        </extensions>
      </trkpt>
      <trkpt lat="30.55022564716637134552001953125" lon="104.0471056289970874786376953125">
        <ele>472.20001220703125</ele>
        <time>2026-09-19T13:13:23.000Z</time>
        <extensions>
          <ns3:TrackPointExtension>
            <ns3:hr>162</ns3:hr>
            <ns3:cad>91</ns3:cad>
          </ns3:TrackPointExtension>
        </extensions>
      </trkpt>
      <trkpt lat="30.550220198929309844970703125" lon="104.0471284277737140655517578125">
        <ele>472.20001220703125</ele>
        <time>2026-09-19T13:13:24.000Z</time>
        <extensions>
          <ns3:TrackPointExtension>
            <ns3:hr>162</ns3:hr>
            <ns3:cad>91</ns3:cad>
          </ns3:TrackPointExtension>
        </extensions>
      </trkpt>
      <trkpt lat="30.550202429294586181640625" lon="104.04715801589190959930419921875">
        <ele>472.20001220703125</ele>
        <time>2026-09-19T13:13:25.000Z</time>
        <extensions>
          <ns3:TrackPointExtension>
            <ns3:hr>162</ns3:hr>
            <ns3:cad>91</ns3:cad>
          </ns3:TrackPointExtension>
        </extensions>
      </trkpt>
      <trkpt lat="30.55019429884850978851318359375" lon="104.0471891127526760101318359375">
        <ele>472.20001220703125</ele>
        <time>2026-09-19T13:13:26.000Z</time>
        <extensions>
          <ns3:TrackPointExtension>
            <ns3:hr>162</ns3:hr>
            <ns3:cad>91</ns3:cad>
          </ns3:TrackPointExtension>
        </extensions>
      </trkpt>
      <trkpt lat="30.5501885153353214263916015625" lon="104.04721803031861782073974609375">
        <ele>472.20001220703125</ele>
        <time>2026-09-19T13:13:27.000Z</time>
        <extensions>
          <ns3:TrackPointExtension>
            <ns3:hr>162</ns3:hr>
            <ns3:cad>91</ns3:cad>
          </ns3:TrackPointExtension>
        </extensions>
      </trkpt>
      <trkpt lat="30.55018055252730846405029296875" lon="104.0472474507987499237060546875">
        <ele>472</ele>
        <time>2026-09-19T13:13:28.000Z</time>
        <extensions>
          <ns3:TrackPointExtension>
            <ns3:hr>161</ns3:hr>
            <ns3:cad>91</ns3:cad>
          </ns3:TrackPointExtension>
        </extensions>
      </trkpt>
      <trkpt lat="30.5501717515289783477783203125" lon="104.04727150686085224151611328125">
        <ele>472</ele>
        <time>2026-09-19T13:13:29.000Z</time>
        <extensions>
          <ns3:TrackPointExtension>
            <ns3:hr>161</ns3:hr>
            <ns3:cad>91</ns3:cad>
          </ns3:TrackPointExtension>
        </extensions>
      </trkpt>
      <trkpt lat="30.55016680620610713958740234375" lon="104.04729816131293773651123046875">
        <ele>471.79998779296875</ele>
        <time>2026-09-19T13:13:30.000Z</time>
        <extensions>
          <ns3:TrackPointExtension>
            <ns3:hr>161</ns3:hr>
            <ns3:cad>91</ns3:cad>
          </ns3:TrackPointExtension>
        </extensions>
      </trkpt>
      <trkpt lat="30.55016479454934597015380859375" lon="104.04732163064181804656982421875">
        <ele>471.79998779296875</ele>
        <time>2026-09-19T13:13:31.000Z</time>
        <extensions>
          <ns3:TrackPointExtension>
            <ns3:hr>161</ns3:hr>
            <ns3:cad>92</ns3:cad>
          </ns3:TrackPointExtension>
        </extensions>
      </trkpt>
      <trkpt lat="30.55015792138874530792236328125" lon="104.04735784046351909637451171875">
        <ele>472</ele>
        <time>2026-09-19T13:13:32.000Z</time>
        <extensions>
          <ns3:TrackPointExtension>
            <ns3:hr>161</ns3:hr>
            <ns3:cad>92</ns3:cad>
          </ns3:TrackPointExtension>
        </extensions>
      </trkpt>
      <trkpt lat="30.55015708319842815399169921875" lon="104.0473845787346363067626953125">
        <ele>472</ele>
        <time>2026-09-19T13:13:33.000Z</time>
        <extensions>
          <ns3:TrackPointExtension>
            <ns3:hr>161</ns3:hr>
            <ns3:cad>92</ns3:cad>
          </ns3:TrackPointExtension>
        </extensions>
      </trkpt>
      <trkpt lat="30.5501492880284786224365234375" lon="104.047424308955669403076171875">
        <ele>472</ele>
        <time>2026-09-19T13:13:34.000Z</time>
        <extensions>
          <ns3:TrackPointExtension>
            <ns3:hr>162</ns3:hr>
            <ns3:cad>92</ns3:cad>
          </ns3:TrackPointExtension>
        </extensions>
      </trkpt>
      <trkpt lat="30.5501489527523517608642578125" lon="104.047452472150325775146484375">
        <ele>472</ele>
        <time>2026-09-19T13:13:35.000Z</time>
        <extensions>
          <ns3:TrackPointExtension>
            <ns3:hr>162</ns3:hr>
            <ns3:cad>93</ns3:cad>
          </ns3:TrackPointExtension>
        </extensions>
      </trkpt>
      <trkpt lat="30.55014409124851226806640625" lon="104.047486670315265655517578125">
        <ele>472</ele>
        <time>2026-09-19T13:13:36.000Z</time>
        <extensions>
          <ns3:TrackPointExtension>
            <ns3:hr>162</ns3:hr>
            <ns3:cad>93</ns3:cad>
          </ns3:TrackPointExtension>
        </extensions>
      </trkpt>
      <trkpt lat="30.55014132522046566009521484375" lon="104.04751106165349483489990234375">
        <ele>472</ele>
        <time>2026-09-19T13:13:37.000Z</time>
        <extensions>
          <ns3:TrackPointExtension>
            <ns3:hr>161</ns3:hr>
            <ns3:cad>93</ns3:cad>
          </ns3:TrackPointExtension>
        </extensions>
      </trkpt>
      <trkpt lat="30.55013394914567470550537109375" lon="104.04753939248621463775634765625">
        <ele>472</ele>
        <time>2026-09-19T13:13:38.000Z</time>
        <extensions>
          <ns3:TrackPointExtension>
            <ns3:hr>161</ns3:hr>
            <ns3:cad>93</ns3:cad>
          </ns3:TrackPointExtension>
        </extensions>
      </trkpt>
      <trkpt lat="30.5501338653266429901123046875" lon="104.04756772331893444061279296875">
        <ele>471.79998779296875</ele>
        <time>2026-09-19T13:13:39.000Z</time>
        <extensions>
          <ns3:TrackPointExtension>
            <ns3:hr>161</ns3:hr>
            <ns3:cad>93</ns3:cad>
          </ns3:TrackPointExtension>
        </extensions>
      </trkpt>
      <trkpt lat="30.55013478733599185943603515625" lon="104.04759119264781475067138671875">
        <ele>471.79998779296875</ele>
        <time>2026-09-19T13:13:40.000Z</time>
        <extensions>
          <ns3:TrackPointExtension>
            <ns3:hr>160</ns3:hr>
            <ns3:cad>93</ns3:cad>
          </ns3:TrackPointExtension>
        </extensions>
      </trkpt>
      <trkpt lat="30.5501382239162921905517578125" lon="104.04761667363345623016357421875">
        <ele>471.79998779296875</ele>
        <time>2026-09-19T13:13:41.000Z</time>
        <extensions>
          <ns3:TrackPointExtension>
            <ns3:hr>160</ns3:hr>
            <ns3:cad>93</ns3:cad>
          </ns3:TrackPointExtension>
        </extensions>
      </trkpt>
      <trkpt lat="30.55014006793498992919921875" lon="104.04764257371425628662109375">
        <ele>471.79998779296875</ele>
        <time>2026-09-19T13:13:42.000Z</time>
        <extensions>
          <ns3:TrackPointExtension>
            <ns3:hr>160</ns3:hr>
            <ns3:cad>92</ns3:cad>
          </ns3:TrackPointExtension>
        </extensions>
      </trkpt>
      <trkpt lat="30.55014367215335369110107421875" lon="104.04767199419438838958740234375">
        <ele>471.79998779296875</ele>
        <time>2026-09-19T13:13:43.000Z</time>
        <extensions>
          <ns3:TrackPointExtension>
            <ns3:hr>161</ns3:hr>
            <ns3:cad>93</ns3:cad>
          </ns3:TrackPointExtension>
        </extensions>
      </trkpt>
      <trkpt lat="30.5501449294388294219970703125" lon="104.04770183376967906951904296875">
        <ele>471.79998779296875</ele>
        <time>2026-09-19T13:13:44.000Z</time>
        <extensions>
          <ns3:TrackPointExtension>
            <ns3:hr>160</ns3:hr>
            <ns3:cad>94</ns3:cad>
          </ns3:TrackPointExtension>
        </extensions>
      </trkpt>
      <trkpt lat="30.55014006793498992919921875" lon="104.0477352775633335113525390625">
        <ele>471.79998779296875</ele>
        <time>2026-09-19T13:13:45.000Z</time>
        <extensions>
          <ns3:TrackPointExtension>
            <ns3:hr>160</ns3:hr>
            <ns3:cad>94</ns3:cad>
          </ns3:TrackPointExtension>
        </extensions>
      </trkpt>
      <trkpt lat="30.550141744315624237060546875" lon="104.04776000417768955230712890625">
        <ele>471.79998779296875</ele>
        <time>2026-09-19T13:13:46.000Z</time>
        <extensions>
          <ns3:TrackPointExtension>
            <ns3:hr>161</ns3:hr>
            <ns3:cad>93</ns3:cad>
          </ns3:TrackPointExtension>
        </extensions>
      </trkpt>
      <trkpt lat="30.550143085420131683349609375" lon="104.04778883792459964752197265625">
        <ele>471.79998779296875</ele>
        <time>2026-09-19T13:13:47.000Z</time>
        <extensions>
          <ns3:TrackPointExtension>
            <ns3:hr>160</ns3:hr>
            <ns3:cad>92</ns3:cad>
          </ns3:TrackPointExtension>
        </extensions>
      </trkpt>
      <trkpt lat="30.55014543235301971435546875" lon="104.04781750403344631195068359375">
        <ele>471.79998779296875</ele>
        <time>2026-09-19T13:13:48.000Z</time>
        <extensions>
          <ns3:TrackPointExtension>
            <ns3:hr>160</ns3:hr>
            <ns3:cad>92</ns3:cad>
          </ns3:TrackPointExtension>
        </extensions>
      </trkpt>
      <trkpt lat="30.55014417506754398345947265625" lon="104.04785270802676677703857421875">
        <ele>471.79998779296875</ele>
        <time>2026-09-19T13:13:49.000Z</time>
        <extensions>
          <ns3:TrackPointExtension>
            <ns3:hr>161</ns3:hr>
            <ns3:cad>92</ns3:cad>
          </ns3:TrackPointExtension>
        </extensions>
      </trkpt>
      <trkpt lat="30.5501452647149562835693359375" lon="104.04788196086883544921875">
        <ele>471.79998779296875</ele>
        <time>2026-09-19T13:13:50.000Z</time>
        <extensions>
          <ns3:TrackPointExtension>
            <ns3:hr>160</ns3:hr>
            <ns3:cad>91</ns3:cad>
          </ns3:TrackPointExtension>
        </extensions>
      </trkpt>
      <trkpt lat="30.550141744315624237060546875" lon="104.0479102917015552520751953125">
        <ele>471.79998779296875</ele>
        <time>2026-09-19T13:13:51.000Z</time>
        <extensions>
          <ns3:TrackPointExtension>
            <ns3:hr>160</ns3:hr>
            <ns3:cad>92</ns3:cad>
          </ns3:TrackPointExtension>
        </extensions>
      </trkpt>
      <trkpt lat="30.5501409061253070831298828125" lon="104.0479381196200847625732421875">
        <ele>471.79998779296875</ele>
        <time>2026-09-19T13:13:52.000Z</time>
        <extensions>
          <ns3:TrackPointExtension>
            <ns3:hr>161</ns3:hr>
            <ns3:cad>93</ns3:cad>
          </ns3:TrackPointExtension>
        </extensions>
      </trkpt>
      <trkpt lat="30.55013579316437244415283203125" lon="104.047970138490200042724609375">
        <ele>471.79998779296875</ele>
        <time>2026-09-19T13:13:53.000Z</time>
        <extensions>
          <ns3:TrackPointExtension>
            <ns3:hr>160</ns3:hr>
            <ns3:cad>93</ns3:cad>
          </ns3:TrackPointExtension>
        </extensions>
      </trkpt>
      <trkpt lat="30.55013461969792842864990234375" lon="104.04800458811223506927490234375">
        <ele>471.79998779296875</ele>
        <time>2026-09-19T13:13:54.000Z</time>
        <extensions>
          <ns3:TrackPointExtension>
            <ns3:hr>160</ns3:hr>
            <ns3:cad>93</ns3:cad>
          </ns3:TrackPointExtension>
        </extensions>
      </trkpt>
      <trkpt lat="30.550131686031818389892578125" lon="104.04803778044879436492919921875">
        <ele>471.79998779296875</ele>
        <time>2026-09-19T13:13:55.000Z</time>
        <extensions>
          <ns3:TrackPointExtension>
            <ns3:hr>161</ns3:hr>
            <ns3:cad>92</ns3:cad>
          </ns3:TrackPointExtension>
        </extensions>
      </trkpt>
      <trkpt lat="30.55012858472764492034912109375" lon="104.04807633720338344573974609375">
        <ele>471.79998779296875</ele>
        <time>2026-09-19T13:13:56.000Z</time>
        <extensions>
          <ns3:TrackPointExtension>
            <ns3:hr>161</ns3:hr>
            <ns3:cad>92</ns3:cad>
          </ns3:TrackPointExtension>
        </extensions>
      </trkpt>
      <trkpt lat="30.55012908764183521270751953125" lon="104.048102907836437225341796875">
        <ele>471.79998779296875</ele>
        <time>2026-09-19T13:13:57.000Z</time>
        <extensions>
          <ns3:TrackPointExtension>
            <ns3:hr>161</ns3:hr>
            <ns3:cad>92</ns3:cad>
          </ns3:TrackPointExtension>
        </extensions>
      </trkpt>
      <trkpt lat="30.55012841708958148956298828125" lon="104.0481359325349330902099609375">
        <ele>471.79998779296875</ele>
        <time>2026-09-19T13:13:58.000Z</time>
        <extensions>
          <ns3:TrackPointExtension>
            <ns3:hr>161</ns3:hr>
            <ns3:cad>92</ns3:cad>
          </ns3:TrackPointExtension>
        </extensions>
      </trkpt>
      <trkpt lat="30.550131015479564666748046875" lon="104.0481677837669849395751953125">
        <ele>471.79998779296875</ele>
        <time>2026-09-19T13:13:59.000Z</time>
        <extensions>
          <ns3:TrackPointExtension>
            <ns3:hr>161</ns3:hr>
            <ns3:cad>93</ns3:cad>
          </ns3:TrackPointExtension>
        </extensions>
      </trkpt>
      <trkpt lat="30.55013612844049930572509765625" lon="104.0482019819319248199462890625">
        <ele>471.79998779296875</ele>
        <time>2026-09-19T13:14:00.000Z</time>
        <extensions>
          <ns3:TrackPointExtension>
            <ns3:hr>161</ns3:hr>
            <ns3:cad>92</ns3:cad>
          </ns3:TrackPointExtension>
        </extensions>
      </trkpt>
      <trkpt lat="30.55014266632497310638427734375" lon="104.04822838492691516876220703125">
        <ele>471.79998779296875</ele>
        <time>2026-09-19T13:14:01.000Z</time>
        <extensions>
          <ns3:TrackPointExtension>
            <ns3:hr>160</ns3:hr>
            <ns3:cad>91</ns3:cad>
          </ns3:TrackPointExtension>
        </extensions>
      </trkpt>
      <trkpt lat="30.55014233104884624481201171875" lon="104.0482660196721553802490234375">
        <ele>471.79998779296875</ele>
        <time>2026-09-19T13:14:02.000Z</time>
        <extensions>
          <ns3:TrackPointExtension>
            <ns3:hr>160</ns3:hr>
            <ns3:cad>91</ns3:cad>
          </ns3:TrackPointExtension>
        </extensions>
      </trkpt>
      <trkpt lat="30.55015004239976406097412109375" lon="104.04829502105712890625">
        <ele>472</ele>
        <time>2026-09-19T13:14:03.000Z</time>
        <extensions>
          <ns3:TrackPointExtension>
            <ns3:hr>160</ns3:hr>
            <ns3:cad>92</ns3:cad>
          </ns3:TrackPointExtension>
        </extensions>
      </trkpt>
      <trkpt lat="30.5501613579690456390380859375" lon="104.048330895602703094482421875">
        <ele>472</ele>
        <time>2026-09-19T13:14:04.000Z</time>
        <extensions>
          <ns3:TrackPointExtension>
            <ns3:hr>160</ns3:hr>
            <ns3:cad>93</ns3:cad>
          </ns3:TrackPointExtension>
        </extensions>
      </trkpt>
      <trkpt lat="30.55016965605318546295166015625" lon="104.0483575500547885894775390625">
        <ele>472</ele>
        <time>2026-09-19T13:14:05.000Z</time>
        <extensions>
          <ns3:TrackPointExtension>
            <ns3:hr>160</ns3:hr>
            <ns3:cad>92</ns3:cad>
          </ns3:TrackPointExtension>
        </extensions>
      </trkpt>
      <trkpt lat="30.55018222890794277191162109375" lon="104.04838931746780872344970703125">
        <ele>472.20001220703125</ele>
        <time>2026-09-19T13:14:06.000Z</time>
        <extensions>
          <ns3:TrackPointExtension>
            <ns3:hr>160</ns3:hr>
            <ns3:cad>91</ns3:cad>
          </ns3:TrackPointExtension>
        </extensions>
      </trkpt>
      <trkpt lat="30.55018943734467029571533203125" lon="104.04841630719602108001708984375">
        <ele>472.20001220703125</ele>
        <time>2026-09-19T13:14:07.000Z</time>
        <extensions>
          <ns3:TrackPointExtension>
            <ns3:hr>160</ns3:hr>
            <ns3:cad>91</ns3:cad>
          </ns3:TrackPointExtension>
        </extensions>
      </trkpt>
      <trkpt lat="30.550195388495922088623046875" lon="104.04844698496162891387939453125">
        <ele>472.20001220703125</ele>
        <time>2026-09-19T13:14:08.000Z</time>
        <extensions>
          <ns3:TrackPointExtension>
            <ns3:hr>161</ns3:hr>
            <ns3:cad>91</ns3:cad>
          </ns3:TrackPointExtension>
        </extensions>
      </trkpt>
      <trkpt lat="30.5502025969326496124267578125" lon="104.048475734889507293701171875">
        <ele>472.20001220703125</ele>
        <time>2026-09-19T13:14:09.000Z</time>
        <extensions>
          <ns3:TrackPointExtension>
            <ns3:hr>161</ns3:hr>
            <ns3:cad>91</ns3:cad>
          </ns3:TrackPointExtension>
        </extensions>
      </trkpt>
      <trkpt lat="30.5502089671790599822998046875" lon="104.04849912039935588836669921875">
        <ele>472.20001220703125</ele>
        <time>2026-09-19T13:14:10.000Z</time>
        <extensions>
          <ns3:TrackPointExtension>
            <ns3:hr>161</ns3:hr>
            <ns3:cad>91</ns3:cad>
          </ns3:TrackPointExtension>
        </extensions>
      </trkpt>
      <trkpt lat="30.55022195912897586822509765625" lon="104.0485308878123760223388671875">
        <ele>472</ele>
        <time>2026-09-19T13:14:11.000Z</time>
        <extensions>
          <ns3:TrackPointExtension>
            <ns3:hr>160</ns3:hr>
            <ns3:cad>91</ns3:cad>
          </ns3:TrackPointExtension>
        </extensions>
      </trkpt>
      <trkpt lat="30.5502347834408283233642578125" lon="104.04854790307581424713134765625">
        <ele>472</ele>
        <time>2026-09-19T13:14:12.000Z</time>
        <extensions>
          <ns3:TrackPointExtension>
            <ns3:hr>160</ns3:hr>
            <ns3:cad>91</ns3:cad>
          </ns3:TrackPointExtension>
        </extensions>
      </trkpt>
      <trkpt lat="30.5502488650381565093994140625" lon="104.0485744737088680267333984375">
        <ele>472</ele>
        <time>2026-09-19T13:14:13.000Z</time>
        <extensions>
          <ns3:TrackPointExtension>
            <ns3:hr>160</ns3:hr>
            <ns3:cad>91</ns3:cad>
          </ns3:TrackPointExtension>
        </extensions>
      </trkpt>
      <trkpt lat="30.55026001296937465667724609375" lon="104.0485959313809871673583984375">
        <ele>472</ele>
        <time>2026-09-19T13:14:14.000Z</time>
        <extensions>
          <ns3:TrackPointExtension>
            <ns3:hr>161</ns3:hr>
            <ns3:cad>91</ns3:cad>
          </ns3:TrackPointExtension>
        </extensions>
      </trkpt>
      <trkpt lat="30.55026889778673648834228515625" lon="104.0486204065382480621337890625">
        <ele>472</ele>
        <time>2026-09-19T13:14:15.000Z</time>
        <extensions>
          <ns3:TrackPointExtension>
            <ns3:hr>161</ns3:hr>
            <ns3:cad>92</ns3:cad>
          </ns3:TrackPointExtension>
        </extensions>
      </trkpt>
      <trkpt lat="30.5502788722515106201171875" lon="104.0486450493335723876953125">
        <ele>472</ele>
        <time>2026-09-19T13:14:16.000Z</time>
        <extensions>
          <ns3:TrackPointExtension>
            <ns3:hr>161</ns3:hr>
            <ns3:cad>93</ns3:cad>
          </ns3:TrackPointExtension>
        </extensions>
      </trkpt>
      <trkpt lat="30.5502842366695404052734375" lon="104.0486730448901653289794921875">
        <ele>472</ele>
        <time>2026-09-19T13:14:17.000Z</time>
        <extensions>
          <ns3:TrackPointExtension>
            <ns3:hr>161</ns3:hr>
            <ns3:cad>92</ns3:cad>
          </ns3:TrackPointExtension>
        </extensions>
      </trkpt>
      <trkpt lat="30.550287254154682159423828125" lon="104.0487032197415828704833984375">
        <ele>471.79998779296875</ele>
        <time>2026-09-19T13:14:18.000Z</time>
        <extensions>
          <ns3:TrackPointExtension>
            <ns3:hr>162</ns3:hr>
            <ns3:cad>92</ns3:cad>
          </ns3:TrackPointExtension>
        </extensions>
      </trkpt>
      <trkpt lat="30.55029119364917278289794921875" lon="104.0487367473542690277099609375">
        <ele>471.79998779296875</ele>
        <time>2026-09-19T13:14:19.000Z</time>
        <extensions>
          <ns3:TrackPointExtension>
            <ns3:hr>162</ns3:hr>
            <ns3:cad>92</ns3:cad>
          </ns3:TrackPointExtension>
        </extensions>
      </trkpt>
      <trkpt lat="30.5502954684197902679443359375" lon="104.0487684309482574462890625">
        <ele>471.79998779296875</ele>
        <time>2026-09-19T13:14:20.000Z</time>
        <extensions>
          <ns3:TrackPointExtension>
            <ns3:hr>162</ns3:hr>
            <ns3:cad>92</ns3:cad>
          </ns3:TrackPointExtension>
        </extensions>
      </trkpt>
      <trkpt lat="30.55029404349625110626220703125" lon="104.04880187474191188812255859375">
        <ele>471.79998779296875</ele>
        <time>2026-09-19T13:14:21.000Z</time>
        <extensions>
          <ns3:TrackPointExtension>
            <ns3:hr>162</ns3:hr>
            <ns3:cad>92</ns3:cad>
          </ns3:TrackPointExtension>
        </extensions>
      </trkpt>
      <trkpt lat="30.5502944625914096832275390625" lon="104.04883238486945629119873046875">
        <ele>471.79998779296875</ele>
        <time>2026-09-19T13:14:22.000Z</time>
        <extensions>
          <ns3:TrackPointExtension>
            <ns3:hr>161</ns3:hr>
            <ns3:cad>93</ns3:cad>
          </ns3:TrackPointExtension>
        </extensions>
      </trkpt>
      <trkpt lat="30.55028666742146015167236328125" lon="104.04886968433856964111328125">
        <ele>471.79998779296875</ele>
        <time>2026-09-19T13:14:23.000Z</time>
        <extensions>
          <ns3:TrackPointExtension>
            <ns3:hr>162</ns3:hr>
            <ns3:cad>93</ns3:cad>
          </ns3:TrackPointExtension>
        </extensions>
      </trkpt>
      <trkpt lat="30.550285913050174713134765625" lon="104.04889382421970367431640625">
        <ele>471.79998779296875</ele>
        <time>2026-09-19T13:14:24.000Z</time>
        <extensions>
          <ns3:TrackPointExtension>
            <ns3:hr>162</ns3:hr>
            <ns3:cad>92</ns3:cad>
          </ns3:TrackPointExtension>
        </extensions>
      </trkpt>
      <trkpt lat="30.55028147064149379730224609375" lon="104.0489238314330577850341796875">
        <ele>471.79998779296875</ele>
        <time>2026-09-19T13:14:25.000Z</time>
        <extensions>
          <ns3:TrackPointExtension>
            <ns3:hr>162</ns3:hr>
            <ns3:cad>92</ns3:cad>
          </ns3:TrackPointExtension>
        </extensions>
      </trkpt>
      <trkpt lat="30.55027778260409832000732421875" lon="104.0489536710083484649658203125">
        <ele>471.600006103515625</ele>
        <time>2026-09-19T13:14:26.000Z</time>
        <extensions>
          <ns3:TrackPointExtension>
            <ns3:hr>162</ns3:hr>
            <ns3:cad>92</ns3:cad>
          </ns3:TrackPointExtension>
        </extensions>
      </trkpt>
      <trkpt lat="30.5502706579864025115966796875" lon="104.0489818342030048370361328125">
        <ele>471.600006103515625</ele>
        <time>2026-09-19T13:14:27.000Z</time>
        <extensions>
          <ns3:TrackPointExtension>
            <ns3:hr>161</ns3:hr>
            <ns3:cad>92</ns3:cad>
          </ns3:TrackPointExtension>
        </extensions>
      </trkpt>
      <trkpt lat="30.550263114273548126220703125" lon="104.049014858901500701904296875">
        <ele>471.600006103515625</ele>
        <time>2026-09-19T13:14:28.000Z</time>
        <extensions>
          <ns3:TrackPointExtension>
            <ns3:hr>161</ns3:hr>
            <ns3:cad>92</ns3:cad>
          </ns3:TrackPointExtension>
        </extensions>
      </trkpt>
      <trkpt lat="30.55025431327521800994873046875" lon="104.0490420162677764892578125">
        <ele>471.600006103515625</ele>
        <time>2026-09-19T13:14:29.000Z</time>
        <extensions>
          <ns3:TrackPointExtension>
            <ns3:hr>160</ns3:hr>
            <ns3:cad>93</ns3:cad>
          </ns3:TrackPointExtension>
        </extensions>
      </trkpt>
      <trkpt lat="30.5502411536872386932373046875" lon="104.04907311312854290008544921875">
        <ele>471.600006103515625</ele>
        <time>2026-09-19T13:14:30.000Z</time>
        <extensions>
          <ns3:TrackPointExtension>
            <ns3:hr>160</ns3:hr>
            <ns3:cad>93</ns3:cad>
          </ns3:TrackPointExtension>
        </extensions>
      </trkpt>
      <trkpt lat="30.55022589862346649169921875" lon="104.04909959994256496429443359375">
        <ele>471.399993896484375</ele>
        <time>2026-09-19T13:14:31.000Z</time>
        <extensions>
          <ns3:TrackPointExtension>
            <ns3:hr>160</ns3:hr>
            <ns3:cad>93</ns3:cad>
          </ns3:TrackPointExtension>
        </extensions>
      </trkpt>
      <trkpt lat="30.55020511150360107421875" lon="104.04912910424172878265380859375">
        <ele>471.399993896484375</ele>
        <time>2026-09-19T13:14:32.000Z</time>
        <extensions>
          <ns3:TrackPointExtension>
            <ns3:hr>160</ns3:hr>
            <ns3:cad>93</ns3:cad>
          </ns3:TrackPointExtension>
        </extensions>
      </trkpt>
      <trkpt lat="30.55019480176270008087158203125" lon="104.04915458522737026214599609375">
        <ele>471.399993896484375</ele>
        <time>2026-09-19T13:14:33.000Z</time>
        <extensions>
          <ns3:TrackPointExtension>
            <ns3:hr>159</ns3:hr>
            <ns3:cad>92</ns3:cad>
          </ns3:TrackPointExtension>
        </extensions>
      </trkpt>
      <trkpt lat="30.55017904378473758697509765625" lon="104.049181826412677764892578125">
        <ele>471.399993896484375</ele>
        <time>2026-09-19T13:14:34.000Z</time>
        <extensions>
          <ns3:TrackPointExtension>
            <ns3:hr>159</ns3:hr>
            <ns3:cad>93</ns3:cad>
          </ns3:TrackPointExtension>
        </extensions>
      </trkpt>
      <trkpt lat="30.550170578062534332275390625" lon="104.04920722357928752899169921875">
        <ele>471.399993896484375</ele>
        <time>2026-09-19T13:14:35.000Z</time>
        <extensions>
          <ns3:TrackPointExtension>
            <ns3:hr>159</ns3:hr>
            <ns3:cad>92</ns3:cad>
          </ns3:TrackPointExtension>
        </extensions>
      </trkpt>
      <trkpt lat="30.55015155114233493804931640625" lon="104.049236811697483062744140625">
        <ele>471.399993896484375</ele>
        <time>2026-09-19T13:14:36.000Z</time>
        <extensions>
          <ns3:TrackPointExtension>
            <ns3:hr>159</ns3:hr>
            <ns3:cad>92</ns3:cad>
          </ns3:TrackPointExtension>
        </extensions>
      </trkpt>
      <trkpt lat="30.5501399002969264984130859375" lon="104.04926690272986888885498046875">
        <ele>471.399993896484375</ele>
        <time>2026-09-19T13:14:37.000Z</time>
        <extensions>
          <ns3:TrackPointExtension>
            <ns3:hr>160</ns3:hr>
            <ns3:cad>92</ns3:cad>
          </ns3:TrackPointExtension>
        </extensions>
      </trkpt>
      <trkpt lat="30.55012171156704425811767578125" lon="104.04929657466709613800048828125">
        <ele>471.399993896484375</ele>
        <time>2026-09-19T13:14:38.000Z</time>
        <extensions>
          <ns3:TrackPointExtension>
            <ns3:hr>159</ns3:hr>
            <ns3:cad>92</ns3:cad>
          </ns3:TrackPointExtension>
        </extensions>
      </trkpt>
      <trkpt lat="30.5501083843410015106201171875" lon="104.04931970871984958648681640625">
        <ele>471.399993896484375</ele>
        <time>2026-09-19T13:14:39.000Z</time>
        <extensions>
          <ns3:TrackPointExtension>
            <ns3:hr>159</ns3:hr>
            <ns3:cad>92</ns3:cad>
          </ns3:TrackPointExtension>
        </extensions>
      </trkpt>
      <trkpt lat="30.55009312927722930908203125" lon="104.04933781363070011138916015625">
        <ele>471.399993896484375</ele>
        <time>2026-09-19T13:14:40.000Z</time>
        <extensions>
          <ns3:TrackPointExtension>
            <ns3:hr>159</ns3:hr>
            <ns3:cad>92</ns3:cad>
          </ns3:TrackPointExtension>
        </extensions>
      </trkpt>
      <trkpt lat="30.55007946677505970001220703125" lon="104.04935960657894611358642578125">
        <ele>471.20001220703125</ele>
        <time>2026-09-19T13:14:41.000Z</time>
        <extensions>
          <ns3:TrackPointExtension>
            <ns3:hr>159</ns3:hr>
            <ns3:cad>92</ns3:cad>
          </ns3:TrackPointExtension>
        </extensions>
      </trkpt>
      <trkpt lat="30.55006228387355804443359375" lon="104.049381650984287261962890625">
        <ele>471.20001220703125</ele>
        <time>2026-09-19T13:14:42.000Z</time>
        <extensions>
          <ns3:TrackPointExtension>
            <ns3:hr>159</ns3:hr>
            <ns3:cad>92</ns3:cad>
          </ns3:TrackPointExtension>
        </extensions>
      </trkpt>
      <trkpt lat="30.55004627443850040435791015625" lon="104.049397744238376617431640625">
        <ele>471.20001220703125</ele>
        <time>2026-09-19T13:14:43.000Z</time>
        <extensions>
          <ns3:TrackPointExtension>
            <ns3:hr>159</ns3:hr>
            <ns3:cad>92</ns3:cad>
          </ns3:TrackPointExtension>
        </extensions>
      </trkpt>
      <trkpt lat="30.55002397857606410980224609375" lon="104.04941861517727375030517578125">
        <ele>471.20001220703125</ele>
        <time>2026-09-19T13:14:44.000Z</time>
        <extensions>
          <ns3:TrackPointExtension>
            <ns3:hr>159</ns3:hr>
            <ns3:cad>92</ns3:cad>
          </ns3:TrackPointExtension>
        </extensions>
      </trkpt>
      <trkpt lat="30.550006292760372161865234375" lon="104.04943965375423431396484375">
        <ele>471</ele>
        <time>2026-09-19T13:14:45.000Z</time>
        <extensions>
          <ns3:TrackPointExtension>
            <ns3:hr>159</ns3:hr>
            <ns3:cad>92</ns3:cad>
          </ns3:TrackPointExtension>
        </extensions>
      </trkpt>
      <trkpt lat="30.54998223669826984405517578125" lon="104.04945767484605312347412109375">
        <ele>471</ele>
        <time>2026-09-19T13:14:46.000Z</time>
        <extensions>
          <ns3:TrackPointExtension>
            <ns3:hr>159</ns3:hr>
            <ns3:cad>92</ns3:cad>
          </ns3:TrackPointExtension>
        </extensions>
      </trkpt>
      <trkpt lat="30.54995826445519924163818359375" lon="104.04948055744171142578125">
        <ele>471</ele>
        <time>2026-09-19T13:14:47.000Z</time>
        <extensions>
          <ns3:TrackPointExtension>
            <ns3:hr>159</ns3:hr>
            <ns3:cad>92</ns3:cad>
          </ns3:TrackPointExtension>
        </extensions>
      </trkpt>
      <trkpt lat="30.54993244819343090057373046875" lon="104.04949757270514965057373046875">
        <ele>471</ele>
        <time>2026-09-19T13:14:48.000Z</time>
        <extensions>
          <ns3:TrackPointExtension>
            <ns3:hr>159</ns3:hr>
            <ns3:cad>92</ns3:cad>
          </ns3:TrackPointExtension>
        </extensions>
      </trkpt>
      <trkpt lat="30.549907386302947998046875" lon="104.04951701872050762176513671875">
        <ele>470.79998779296875</ele>
        <time>2026-09-19T13:14:49.000Z</time>
        <extensions>
          <ns3:TrackPointExtension>
            <ns3:hr>159</ns3:hr>
            <ns3:cad>92</ns3:cad>
          </ns3:TrackPointExtension>
        </extensions>
      </trkpt>
      <trkpt lat="30.5498871020972728729248046875" lon="104.0495363809168338775634765625">
        <ele>470.79998779296875</ele>
        <time>2026-09-19T13:14:50.000Z</time>
        <extensions>
          <ns3:TrackPointExtension>
            <ns3:hr>159</ns3:hr>
            <ns3:cad>92</ns3:cad>
          </ns3:TrackPointExtension>
        </extensions>
      </trkpt>
      <trkpt lat="30.54986187256872653961181640625" lon="104.0495489537715911865234375">
        <ele>470.600006103515625</ele>
        <time>2026-09-19T13:14:51.000Z</time>
        <extensions>
          <ns3:TrackPointExtension>
            <ns3:hr>159</ns3:hr>
            <ns3:cad>92</ns3:cad>
          </ns3:TrackPointExtension>
        </extensions>
      </trkpt>
      <trkpt lat="30.54983991198241710662841796875" lon="104.04956127516925334930419921875">
        <ele>470.600006103515625</ele>
        <time>2026-09-19T13:14:52.000Z</time>
        <extensions>
          <ns3:TrackPointExtension>
            <ns3:hr>159</ns3:hr>
            <ns3:cad>92</ns3:cad>
          </ns3:TrackPointExtension>
        </extensions>
      </trkpt>
      <trkpt lat="30.54980822838842868804931640625" lon="104.0495719201862812042236328125">
        <ele>470.600006103515625</ele>
        <time>2026-09-19T13:14:53.000Z</time>
        <extensions>
          <ns3:TrackPointExtension>
            <ns3:hr>159</ns3:hr>
            <ns3:cad>92</ns3:cad>
          </ns3:TrackPointExtension>
        </extensions>
      </trkpt>
      <trkpt lat="30.5497881956398487091064453125" lon="104.049584157764911651611328125">
        <ele>470.399993896484375</ele>
        <time>2026-09-19T13:14:54.000Z</time>
        <extensions>
          <ns3:TrackPointExtension>
            <ns3:hr>159</ns3:hr>
            <ns3:cad>92</ns3:cad>
          </ns3:TrackPointExtension>
        </extensions>
      </trkpt>
      <trkpt lat="30.54975843988358974456787109375" lon="104.04959522187709808349609375">
        <ele>470.399993896484375</ele>
        <time>2026-09-19T13:14:55.000Z</time>
        <extensions>
          <ns3:TrackPointExtension>
            <ns3:hr>159</ns3:hr>
            <ns3:cad>92</ns3:cad>
          </ns3:TrackPointExtension>
        </extensions>
      </trkpt>
      <trkpt lat="30.54973782040178775787353515625" lon="104.0496071241796016693115234375">
        <ele>470.399993896484375</ele>
        <time>2026-09-19T13:14:56.000Z</time>
        <extensions>
          <ns3:TrackPointExtension>
            <ns3:hr>159</ns3:hr>
            <ns3:cad>92</ns3:cad>
          </ns3:TrackPointExtension>
        </extensions>
      </trkpt>
      <trkpt lat="30.5497100763022899627685546875" lon="104.049620367586612701416015625">
        <ele>470.20001220703125</ele>
        <time>2026-09-19T13:14:57.000Z</time>
        <extensions>
          <ns3:TrackPointExtension>
            <ns3:hr>159</ns3:hr>
            <ns3:cad>93</ns3:cad>
          </ns3:TrackPointExtension>
        </extensions>
      </trkpt>
      <trkpt lat="30.5496859364211559295654296875" lon="104.04962950386106967926025390625">
        <ele>470.20001220703125</ele>
        <time>2026-09-19T13:14:58.000Z</time>
        <extensions>
          <ns3:TrackPointExtension>
            <ns3:hr>159</ns3:hr>
            <ns3:cad>93</ns3:cad>
          </ns3:TrackPointExtension>
        </extensions>
      </trkpt>
      <trkpt lat="30.5496584437787532806396484375" lon="104.0496401488780975341796875">
        <ele>470.20001220703125</ele>
        <time>2026-09-19T13:14:59.000Z</time>
        <extensions>
          <ns3:TrackPointExtension>
            <ns3:hr>159</ns3:hr>
            <ns3:cad>93</ns3:cad>
          </ns3:TrackPointExtension>
        </extensions>
      </trkpt>
      <trkpt lat="30.5496383272111415863037109375" lon="104.04964894987642765045166015625">
        <ele>470.20001220703125</ele>
        <time>2026-09-19T13:15:00.000Z</time>
        <extensions>
          <ns3:TrackPointExtension>
            <ns3:hr>159</ns3:hr>
            <ns3:cad>92</ns3:cad>
          </ns3:TrackPointExtension>
        </extensions>
      </trkpt>
      <trkpt lat="30.54961494170129299163818359375" lon="104.04965649358928203582763671875">
        <ele>470</ele>
        <time>2026-09-19T13:15:01.000Z</time>
        <extensions>
          <ns3:TrackPointExtension>
            <ns3:hr>159</ns3:hr>
            <ns3:cad>91</ns3:cad>
          </ns3:TrackPointExtension>
        </extensions>
      </trkpt>
      <trkpt lat="30.54959096945822238922119140625" lon="104.04966806061565876007080078125">
        <ele>470</ele>
        <time>2026-09-19T13:15:02.000Z</time>
        <extensions>
          <ns3:TrackPointExtension>
            <ns3:hr>159</ns3:hr>
            <ns3:cad>91</ns3:cad>
          </ns3:TrackPointExtension>
        </extensions>
      </trkpt>
      <trkpt lat="30.54956599138677120208740234375" lon="104.04967895708978176116943359375">
        <ele>470</ele>
        <time>2026-09-19T13:15:03.000Z</time>
        <extensions>
          <ns3:TrackPointExtension>
            <ns3:hr>159</ns3:hr>
            <ns3:cad>93</ns3:cad>
          </ns3:TrackPointExtension>
        </extensions>
      </trkpt>
      <trkpt lat="30.54954067803919315338134765625" lon="104.04968968592584133148193359375">
        <ele>470</ele>
        <time>2026-09-19T13:15:04.000Z</time>
        <extensions>
          <ns3:TrackPointExtension>
            <ns3:hr>159</ns3:hr>
            <ns3:cad>93</ns3:cad>
          </ns3:TrackPointExtension>
        </extensions>
      </trkpt>
      <trkpt lat="30.54951402358710765838623046875" lon="104.04970812611281871795654296875">
        <ele>470</ele>
        <time>2026-09-19T13:15:05.000Z</time>
        <extensions>
          <ns3:TrackPointExtension>
            <ns3:hr>159</ns3:hr>
            <ns3:cad>93</ns3:cad>
          </ns3:TrackPointExtension>
        </extensions>
      </trkpt>
      <trkpt lat="30.54948384873569011688232421875" lon="104.04972665011882781982421875">
        <ele>470</ele>
        <time>2026-09-19T13:15:06.000Z</time>
        <extensions>
          <ns3:TrackPointExtension>
            <ns3:hr>159</ns3:hr>
            <ns3:cad>92</ns3:cad>
          </ns3:TrackPointExtension>
        </extensions>
      </trkpt>
      <trkpt lat="30.54946071468293666839599609375" lon="104.04975187964737415313720703125">
        <ele>470</ele>
        <time>2026-09-19T13:15:07.000Z</time>
        <extensions>
          <ns3:TrackPointExtension>
            <ns3:hr>159</ns3:hr>
            <ns3:cad>92</ns3:cad>
          </ns3:TrackPointExtension>
        </extensions>
      </trkpt>
      <trkpt lat="30.54944545961916446685791015625" lon="104.049785993993282318115234375">
        <ele>469.79998779296875</ele>
        <time>2026-09-19T13:15:08.000Z</time>
        <extensions>
          <ns3:TrackPointExtension>
            <ns3:hr>160</ns3:hr>
            <ns3:cad>92</ns3:cad>
          </ns3:TrackPointExtension>
        </extensions>
      </trkpt>
      <trkpt lat="30.54944026283919811248779296875" lon="104.0498198568820953369140625">
        <ele>469.79998779296875</ele>
        <time>2026-09-19T13:15:09.000Z</time>
        <extensions>
          <ns3:TrackPointExtension>
            <ns3:hr>160</ns3:hr>
            <ns3:cad>92</ns3:cad>
          </ns3:TrackPointExtension>
        </extensions>
      </trkpt>
      <trkpt lat="30.54943808354437351226806640625" lon="104.04985631816089153289794921875">
        <ele>469.79998779296875</ele>
        <time>2026-09-19T13:15:10.000Z</time>
        <extensions>
          <ns3:TrackPointExtension>
            <ns3:hr>160</ns3:hr>
            <ns3:cad>92</ns3:cad>
          </ns3:TrackPointExtension>
        </extensions>
      </trkpt>
      <trkpt lat="30.54943774826824665069580078125" lon="104.04988984577357769012451171875">
        <ele>469.79998779296875</ele>
        <time>2026-09-19T13:15:11.000Z</time>
        <extensions>
          <ns3:TrackPointExtension>
            <ns3:hr>160</ns3:hr>
            <ns3:cad>92</ns3:cad>
          </ns3:TrackPointExtension>
        </extensions>
      </trkpt>
      <trkpt lat="30.5494381673634052276611328125" lon="104.04993192292749881744384765625">
        <ele>469.79998779296875</ele>
        <time>2026-09-19T13:15:12.000Z</time>
        <extensions>
          <ns3:TrackPointExtension>
            <ns3:hr>160</ns3:hr>
            <ns3:cad>93</ns3:cad>
          </ns3:TrackPointExtension>
        </extensions>
      </trkpt>
      <trkpt lat="30.5494462139904499053955078125" lon="104.0499581582844257354736328125">
        <ele>469.79998779296875</ele>
        <time>2026-09-19T13:15:13.000Z</time>
        <extensions>
          <ns3:TrackPointExtension>
            <ns3:hr>160</ns3:hr>
            <ns3:cad>91</ns3:cad>
          </ns3:TrackPointExtension>
        </extensions>
      </trkpt>
      <trkpt lat="30.5494619719684123992919921875" lon="104.04998607002198696136474609375">
        <ele>469.79998779296875</ele>
        <time>2026-09-19T13:15:14.000Z</time>
        <extensions>
          <ns3:TrackPointExtension>
            <ns3:hr>160</ns3:hr>
            <ns3:cad>91</ns3:cad>
          </ns3:TrackPointExtension>
        </extensions>
      </trkpt>
      <trkpt lat="30.549481920897960662841796875" lon="104.0500022470951080322265625">
        <ele>469.79998779296875</ele>
        <time>2026-09-19T13:15:15.000Z</time>
        <extensions>
          <ns3:TrackPointExtension>
            <ns3:hr>160</ns3:hr>
            <ns3:cad>91</ns3:cad>
          </ns3:TrackPointExtension>
        </extensions>
      </trkpt>
      <trkpt lat="30.5495099164545536041259765625" lon="104.05001574195921421051025390625">
        <ele>469.79998779296875</ele>
        <time>2026-09-19T13:15:16.000Z</time>
        <extensions>
          <ns3:TrackPointExtension>
            <ns3:hr>160</ns3:hr>
            <ns3:cad>92</ns3:cad>
          </ns3:TrackPointExtension>
        </extensions>
      </trkpt>
      <trkpt lat="30.54953112266957759857177734375" lon="104.050017334520816802978515625">
        <ele>469.79998779296875</ele>
        <time>2026-09-19T13:15:17.000Z</time>
        <extensions>
          <ns3:TrackPointExtension>
            <ns3:hr>160</ns3:hr>
            <ns3:cad>92</ns3:cad>
          </ns3:TrackPointExtension>
        </extensions>
      </trkpt>
      <trkpt lat="30.549556352198123931884765625" lon="104.05001230537891387939453125">
        <ele>469.79998779296875</ele>
        <time>2026-09-19T13:15:18.000Z</time>
        <extensions>
          <ns3:TrackPointExtension>
            <ns3:hr>160</ns3:hr>
            <ns3:cad>92</ns3:cad>
          </ns3:TrackPointExtension>
        </extensions>
      </trkpt>
      <trkpt lat="30.54957755841314792633056640625" lon="104.05000023543834686279296875">
        <ele>469.79998779296875</ele>
        <time>2026-09-19T13:15:19.000Z</time>
        <extensions>
          <ns3:TrackPointExtension>
            <ns3:hr>160</ns3:hr>
            <ns3:cad>91</ns3:cad>
          </ns3:TrackPointExtension>
        </extensions>
      </trkpt>
      <trkpt lat="30.54960035718977451324462890625" lon="104.049993865191936492919921875">
        <ele>469.79998779296875</ele>
        <time>2026-09-19T13:15:20.000Z</time>
        <extensions>
          <ns3:TrackPointExtension>
            <ns3:hr>160</ns3:hr>
            <ns3:cad>92</ns3:cad>
          </ns3:TrackPointExtension>
        </extensions>
      </trkpt>
      <trkpt lat="30.54961846210062503814697265625" lon="104.04998791404068470001220703125">
        <ele>469.79998779296875</ele>
        <time>2026-09-19T13:15:21.000Z</time>
        <extensions>
          <ns3:TrackPointExtension>
            <ns3:hr>161</ns3:hr>
            <ns3:cad>92</ns3:cad>
          </ns3:TrackPointExtension>
        </extensions>
      </trkpt>
      <trkpt lat="30.54964025504887104034423828125" lon="104.04998070560395717620849609375">
        <ele>469.79998779296875</ele>
        <time>2026-09-19T13:15:22.000Z</time>
        <extensions>
          <ns3:TrackPointExtension>
            <ns3:hr>161</ns3:hr>
            <ns3:cad>92</ns3:cad>
          </ns3:TrackPointExtension>
        </extensions>
      </trkpt>
      <trkpt lat="30.5496673285961151123046875" lon="104.04996712692081928253173828125">
        <ele>469.79998779296875</ele>
        <time>2026-09-19T13:15:23.000Z</time>
        <extensions>
          <ns3:TrackPointExtension>
            <ns3:hr>161</ns3:hr>
            <ns3:cad>92</ns3:cad>
          </ns3:TrackPointExtension>
        </extensions>
      </trkpt>
      <trkpt lat="30.549691133201122283935546875" lon="104.04996058903634548187255859375">
        <ele>469.79998779296875</ele>
        <time>2026-09-19T13:15:24.000Z</time>
        <extensions>
          <ns3:TrackPointExtension>
            <ns3:hr>160</ns3:hr>
            <ns3:cad>92</ns3:cad>
          </ns3:TrackPointExtension>
        </extensions>
      </trkpt>
      <trkpt lat="30.54971493780612945556640625" lon="104.049950279295444488525390625">
        <ele>469.79998779296875</ele>
        <time>2026-09-19T13:15:25.000Z</time>
        <extensions>
          <ns3:TrackPointExtension>
            <ns3:hr>161</ns3:hr>
            <ns3:cad>92</ns3:cad>
          </ns3:TrackPointExtension>
        </extensions>
      </trkpt>
      <trkpt lat="30.54974067024886608123779296875" lon="104.04994365759193897247314453125">
        <ele>469.79998779296875</ele>
        <time>2026-09-19T13:15:26.000Z</time>
        <extensions>
          <ns3:TrackPointExtension>
            <ns3:hr>161</ns3:hr>
            <ns3:cad>92</ns3:cad>
          </ns3:TrackPointExtension>
        </extensions>
      </trkpt>
      <trkpt lat="30.5497637204825878143310546875" lon="104.0499343536794185638427734375">
        <ele>470</ele>
        <time>2026-09-19T13:15:27.000Z</time>
        <extensions>
          <ns3:TrackPointExtension>
            <ns3:hr>161</ns3:hr>
            <ns3:cad>92</ns3:cad>
          </ns3:TrackPointExtension>
        </extensions>
      </trkpt>
      <trkpt lat="30.54978375323116779327392578125" lon="104.04992287047207355499267578125">
        <ele>470</ele>
        <time>2026-09-19T13:15:28.000Z</time>
        <extensions>
          <ns3:TrackPointExtension>
            <ns3:hr>161</ns3:hr>
            <ns3:cad>92</ns3:cad>
          </ns3:TrackPointExtension>
        </extensions>
      </trkpt>
      <trkpt lat="30.5498068034648895263671875" lon="104.04990795068442821502685546875">
        <ele>470</ele>
        <time>2026-09-19T13:15:29.000Z</time>
        <extensions>
          <ns3:TrackPointExtension>
            <ns3:hr>161</ns3:hr>
            <ns3:cad>92</ns3:cad>
          </ns3:TrackPointExtension>
        </extensions>
      </trkpt>
      <trkpt lat="30.5498277582228183746337890625" lon="104.04989789240062236785888671875">
        <ele>470.20001220703125</ele>
        <time>2026-09-19T13:15:30.000Z</time>
        <extensions>
          <ns3:TrackPointExtension>
            <ns3:hr>160</ns3:hr>
            <ns3:cad>91</ns3:cad>
          </ns3:TrackPointExtension>
        </extensions>
      </trkpt>
      <trkpt lat="30.549855418503284454345703125" lon="104.0498847328126430511474609375">
        <ele>470.20001220703125</ele>
        <time>2026-09-19T13:15:31.000Z</time>
        <extensions>
          <ns3:TrackPointExtension>
            <ns3:hr>160</ns3:hr>
            <ns3:cad>91</ns3:cad>
          </ns3:TrackPointExtension>
        </extensions>
      </trkpt>
      <trkpt lat="30.5498780496418476104736328125" lon="104.0498723275959491729736328125">
        <ele>470</ele>
        <time>2026-09-19T13:15:32.000Z</time>
        <extensions>
          <ns3:TrackPointExtension>
            <ns3:hr>160</ns3:hr>
            <ns3:cad>93</ns3:cad>
          </ns3:TrackPointExtension>
        </extensions>
      </trkpt>
      <trkpt lat="30.549906380474567413330078125" lon="104.04985950328409671783447265625">
        <ele>470</ele>
        <time>2026-09-19T13:15:33.000Z</time>
        <extensions>
          <ns3:TrackPointExtension>
            <ns3:hr>161</ns3:hr>
            <ns3:cad>93</ns3:cad>
          </ns3:TrackPointExtension>
        </extensions>
      </trkpt>
      <trkpt lat="30.54992892779409885406494140625" lon="104.0498495288193225860595703125">
        <ele>470.20001220703125</ele>
        <time>2026-09-19T13:15:34.000Z</time>
        <extensions>
          <ns3:TrackPointExtension>
            <ns3:hr>161</ns3:hr>
            <ns3:cad>93</ns3:cad>
          </ns3:TrackPointExtension>
        </extensions>
      </trkpt>
      <trkpt lat="30.5499570071697235107421875" lon="104.0498361177742481231689453125">
        <ele>470.20001220703125</ele>
        <time>2026-09-19T13:15:35.000Z</time>
        <extensions>
          <ns3:TrackPointExtension>
            <ns3:hr>161</ns3:hr>
            <ns3:cad>92</ns3:cad>
          </ns3:TrackPointExtension>
        </extensions>
      </trkpt>
      <trkpt lat="30.54997435770928859710693359375" lon="104.04982061125338077545166015625">
        <ele>470.20001220703125</ele>
        <time>2026-09-19T13:15:36.000Z</time>
        <extensions>
          <ns3:TrackPointExtension>
            <ns3:hr>160</ns3:hr>
            <ns3:cad>92</ns3:cad>
          </ns3:TrackPointExtension>
        </extensions>
      </trkpt>
      <trkpt lat="30.5500010959804058074951171875" lon="104.04980443418025970458984375">
        <ele>470.20001220703125</ele>
        <time>2026-09-19T13:15:37.000Z</time>
        <extensions>
          <ns3:TrackPointExtension>
            <ns3:hr>161</ns3:hr>
            <ns3:cad>92</ns3:cad>
          </ns3:TrackPointExtension>
        </extensions>
      </trkpt>
      <trkpt lat="30.5500245653092861175537109375" lon="104.04979513026773929595947265625">
        <ele>470.20001220703125</ele>
        <time>2026-09-19T13:15:38.000Z</time>
        <extensions>
          <ns3:TrackPointExtension>
            <ns3:hr>161</ns3:hr>
            <ns3:cad>92</ns3:cad>
          </ns3:TrackPointExtension>
        </extensions>
      </trkpt>
      <trkpt lat="30.55005147121846675872802734375" lon="104.04978322796523571014404296875">
        <ele>470.399993896484375</ele>
        <time>2026-09-19T13:15:39.000Z</time>
        <extensions>
          <ns3:TrackPointExtension>
            <ns3:hr>160</ns3:hr>
            <ns3:cad>92</ns3:cad>
          </ns3:TrackPointExtension>
        </extensions>
      </trkpt>
      <trkpt lat="30.55007577873766422271728515625" lon="104.04977023601531982421875">
        <ele>470.399993896484375</ele>
        <time>2026-09-19T13:15:40.000Z</time>
        <extensions>
          <ns3:TrackPointExtension>
            <ns3:hr>160</ns3:hr>
            <ns3:cad>92</ns3:cad>
          </ns3:TrackPointExtension>
        </extensions>
      </trkpt>
      <trkpt lat="30.55010561831295490264892578125" lon="104.0497543103992938995361328125">
        <ele>470.399993896484375</ele>
        <time>2026-09-19T13:15:41.000Z</time>
        <extensions>
          <ns3:TrackPointExtension>
            <ns3:hr>159</ns3:hr>
            <ns3:cad>92</ns3:cad>
          </ns3:TrackPointExtension>
        </extensions>
      </trkpt>
      <trkpt lat="30.55012422613799571990966796875" lon="104.0497412346303462982177734375">
        <ele>470.399993896484375</ele>
        <time>2026-09-19T13:15:42.000Z</time>
        <extensions>
          <ns3:TrackPointExtension>
            <ns3:hr>158</ns3:hr>
            <ns3:cad>92</ns3:cad>
          </ns3:TrackPointExtension>
        </extensions>
      </trkpt>
      <trkpt lat="30.5501435883343219757080078125" lon="104.049727655947208404541015625">
        <ele>470.399993896484375</ele>
        <time>2026-09-19T13:15:43.000Z</time>
        <extensions>
          <ns3:TrackPointExtension>
            <ns3:hr>158</ns3:hr>
            <ns3:cad>92</ns3:cad>
          </ns3:TrackPointExtension>
        </extensions>
      </trkpt>
      <trkpt lat="30.5501640401780605316162109375" lon="104.04971365816891193389892578125">
        <ele>470.399993896484375</ele>
        <time>2026-09-19T13:15:44.000Z</time>
        <extensions>
          <ns3:TrackPointExtension>
            <ns3:hr>159</ns3:hr>
            <ns3:cad>92</ns3:cad>
          </ns3:TrackPointExtension>
        </extensions>
      </trkpt>
      <trkpt lat="30.55018910206854343414306640625" lon="104.04969974420964717864990234375">
        <ele>470.399993896484375</ele>
        <time>2026-09-19T13:15:45.000Z</time>
        <extensions>
          <ns3:TrackPointExtension>
            <ns3:hr>159</ns3:hr>
            <ns3:cad>92</ns3:cad>
          </ns3:TrackPointExtension>
        </extensions>
      </trkpt>
      <trkpt lat="30.55021206848323345184326171875" lon="104.04968968592584133148193359375">
        <ele>470.399993896484375</ele>
        <time>2026-09-19T13:15:46.000Z</time>
        <extensions>
          <ns3:TrackPointExtension>
            <ns3:hr>159</ns3:hr>
            <ns3:cad>91</ns3:cad>
          </ns3:TrackPointExtension>
        </extensions>
      </trkpt>
      <trkpt lat="30.55023796856403350830078125" lon="104.04967677779495716094970703125">
        <ele>470.600006103515625</ele>
        <time>2026-09-19T13:15:47.000Z</time>
        <extensions>
          <ns3:TrackPointExtension>
            <ns3:hr>159</ns3:hr>
            <ns3:cad>91</ns3:cad>
          </ns3:TrackPointExtension>
        </extensions>
      </trkpt>
      <trkpt lat="30.55026118643581867218017578125" lon="104.0496570803225040435791015625">
        <ele>470.600006103515625</ele>
        <time>2026-09-19T13:15:48.000Z</time>
        <extensions>
          <ns3:TrackPointExtension>
            <ns3:hr>159</ns3:hr>
            <ns3:cad>91</ns3:cad>
          </ns3:TrackPointExtension>
        </extensions>
      </trkpt>
      <trkpt lat="30.55028985254466533660888671875" lon="104.04964073561131954193115234375">
        <ele>470.79998779296875</ele>
        <time>2026-09-19T13:15:49.000Z</time>
        <extensions>
          <ns3:TrackPointExtension>
            <ns3:hr>159</ns3:hr>
            <ns3:cad>91</ns3:cad>
          </ns3:TrackPointExtension>
        </extensions>
      </trkpt>
      <trkpt lat="30.5503118969500064849853515625" lon="104.0496218763291835784912109375">
        <ele>471</ele>
        <time>2026-09-19T13:15:50.000Z</time>
        <extensions>
          <ns3:TrackPointExtension>
            <ns3:hr>160</ns3:hr>
            <ns3:cad>91</ns3:cad>
          </ns3:TrackPointExtension>
        </extensions>
      </trkpt>
      <trkpt lat="30.550329498946666717529296875" lon="104.04959916137158870697021484375">
        <ele>471</ele>
        <time>2026-09-19T13:15:51.000Z</time>
        <extensions>
          <ns3:TrackPointExtension>
            <ns3:hr>159</ns3:hr>
            <ns3:cad>90</ns3:cad>
          </ns3:TrackPointExtension>
        </extensions>
      </trkpt>
      <trkpt lat="30.55035062134265899658203125" lon="104.04958139173686504364013671875">
        <ele>471.20001220703125</ele>
        <time>2026-09-19T13:15:52.000Z</time>
        <extensions>
          <ns3:TrackPointExtension>
            <ns3:hr>159</ns3:hr>
            <ns3:cad>90</ns3:cad>
          </ns3:TrackPointExtension>
        </extensions>
      </trkpt>
      <trkpt lat="30.55036629550158977508544921875" lon="104.049562029540538787841796875">
        <ele>471.20001220703125</ele>
        <time>2026-09-19T13:15:53.000Z</time>
        <extensions>
          <ns3:TrackPointExtension>
            <ns3:hr>159</ns3:hr>
            <ns3:cad>90</ns3:cad>
          </ns3:TrackPointExtension>
        </extensions>
      </trkpt>
      <trkpt lat="30.5503869988024234771728515625" lon="104.04954602010548114776611328125">
        <ele>471.20001220703125</ele>
        <time>2026-09-19T13:15:54.000Z</time>
        <extensions>
          <ns3:TrackPointExtension>
            <ns3:hr>159</ns3:hr>
            <ns3:cad>90</ns3:cad>
          </ns3:TrackPointExtension>
        </extensions>
      </trkpt>
      <trkpt lat="30.55040284059941768646240234375" lon="104.0495328605175018310546875">
        <ele>471.20001220703125</ele>
        <time>2026-09-19T13:15:55.000Z</time>
        <extensions>
          <ns3:TrackPointExtension>
            <ns3:hr>160</ns3:hr>
            <ns3:cad>91</ns3:cad>
          </ns3:TrackPointExtension>
        </extensions>
      </trkpt>
      <trkpt lat="30.55042865686118602752685546875" lon="104.04951207339763641357421875">
        <ele>471.20001220703125</ele>
        <time>2026-09-19T13:15:56.000Z</time>
        <extensions>
          <ns3:TrackPointExtension>
            <ns3:hr>160</ns3:hr>
            <ns3:cad>91</ns3:cad>
          </ns3:TrackPointExtension>
        </extensions>
      </trkpt>
      <trkpt lat="30.5504429899156093597412109375" lon="104.04949137009680271148681640625">
        <ele>471.20001220703125</ele>
        <time>2026-09-19T13:15:57.000Z</time>
        <extensions>
          <ns3:TrackPointExtension>
            <ns3:hr>160</ns3:hr>
            <ns3:cad>91</ns3:cad>
          </ns3:TrackPointExtension>
        </extensions>
      </trkpt>
      <trkpt lat="30.5504639446735382080078125" lon="104.0494649671018123626708984375">
        <ele>471</ele>
        <time>2026-09-19T13:15:58.000Z</time>
        <extensions>
          <ns3:TrackPointExtension>
            <ns3:hr>160</ns3:hr>
            <ns3:cad>93</ns3:cad>
          </ns3:TrackPointExtension>
        </extensions>
      </trkpt>
      <trkpt lat="30.5504791997373104095458984375" lon="104.0494468621909618377685546875">
        <ele>471.20001220703125</ele>
        <time>2026-09-19T13:15:59.000Z</time>
        <extensions>
          <ns3:TrackPointExtension>
            <ns3:hr>161</ns3:hr>
            <ns3:cad>93</ns3:cad>
          </ns3:TrackPointExtension>
        </extensions>
      </trkpt>
      <trkpt lat="30.55049814283847808837890625" lon="104.04942490160465240478515625">
        <ele>471.20001220703125</ele>
        <time>2026-09-19T13:16:00.000Z</time>
        <extensions>
          <ns3:TrackPointExtension>
            <ns3:hr>161</ns3:hr>
            <ns3:cad>93</ns3:cad>
          </ns3:TrackPointExtension>
        </extensions>
      </trkpt>
      <trkpt lat="30.55051147006452083587646484375" lon="104.04940604232251644134521484375">
        <ele>471.399993896484375</ele>
        <time>2026-09-19T13:16:01.000Z</time>
        <extensions>
          <ns3:TrackPointExtension>
            <ns3:hr>161</ns3:hr>
            <ns3:cad>92</ns3:cad>
          </ns3:TrackPointExtension>
        </extensions>
      </trkpt>
      <trkpt lat="30.550530664622783660888671875" lon="104.04937989078462123870849609375">
        <ele>471.600006103515625</ele>
        <time>2026-09-19T13:16:02.000Z</time>
        <extensions>
          <ns3:TrackPointExtension>
            <ns3:hr>161</ns3:hr>
            <ns3:cad>92</ns3:cad>
          </ns3:TrackPointExtension>
        </extensions>
      </trkpt>
      <trkpt lat="30.55054415948688983917236328125" lon="104.0493571758270263671875">
        <ele>471.600006103515625</ele>
        <time>2026-09-19T13:16:03.000Z</time>
        <extensions>
          <ns3:TrackPointExtension>
            <ns3:hr>162</ns3:hr>
            <ns3:cad>92</ns3:cad>
          </ns3:TrackPointExtension>
        </extensions>
      </trkpt>
      <trkpt lat="30.55056192912161350250244140625" lon="104.04933077283203601837158203125">
        <ele>471.79998779296875</ele>
        <time>2026-09-19T13:16:04.000Z</time>
        <extensions>
          <ns3:TrackPointExtension>
            <ns3:hr>162</ns3:hr>
            <ns3:cad>91</ns3:cad>
          </ns3:TrackPointExtension>
        </extensions>
      </trkpt>
      <trkpt lat="30.55057584308087825775146484375" lon="104.04930998571217060089111328125">
        <ele>472</ele>
        <time>2026-09-19T13:16:05.000Z</time>
        <extensions>
          <ns3:TrackPointExtension>
            <ns3:hr>162</ns3:hr>
            <ns3:cad>91</ns3:cad>
          </ns3:TrackPointExtension>
        </extensions>
      </trkpt>
      <trkpt lat="30.550597049295902252197265625" lon="104.04928903095424175262451171875">
        <ele>472</ele>
        <time>2026-09-19T13:16:06.000Z</time>
        <extensions>
          <ns3:TrackPointExtension>
            <ns3:hr>163</ns3:hr>
            <ns3:cad>91</ns3:cad>
          </ns3:TrackPointExtension>
        </extensions>
      </trkpt>
      <trkpt lat="30.55060819722712039947509765625" lon="104.04926841147243976593017578125">
        <ele>472.20001220703125</ele>
        <time>2026-09-19T13:16:07.000Z</time>
        <extensions>
          <ns3:TrackPointExtension>
            <ns3:hr>163</ns3:hr>
            <ns3:cad>91</ns3:cad>
          </ns3:TrackPointExtension>
        </extensions>
      </trkpt>
      <trkpt lat="30.55062579922378063201904296875" lon="104.0492458641529083251953125">
        <ele>472.399993896484375</ele>
        <time>2026-09-19T13:16:08.000Z</time>
        <extensions>
          <ns3:TrackPointExtension>
            <ns3:hr>164</ns3:hr>
            <ns3:cad>91</ns3:cad>
          </ns3:TrackPointExtension>
        </extensions>
      </trkpt>
      <trkpt lat="30.5506384558975696563720703125" lon="104.04922298155725002288818359375">
        <ele>472.399993896484375</ele>
        <time>2026-09-19T13:16:09.000Z</time>
        <extensions>
          <ns3:TrackPointExtension>
            <ns3:hr>164</ns3:hr>
            <ns3:cad>92</ns3:cad>
          </ns3:TrackPointExtension>
        </extensions>
      </trkpt>
      <trkpt lat="30.5506528727710247039794921875" lon="104.04919867403805255889892578125">
        <ele>472.600006103515625</ele>
        <time>2026-09-19T13:16:10.000Z</time>
        <extensions>
          <ns3:TrackPointExtension>
            <ns3:hr>164</ns3:hr>
            <ns3:cad>91</ns3:cad>
          </ns3:TrackPointExtension>
        </extensions>
      </trkpt>
      <trkpt lat="30.5506718158721923828125" lon="104.04917277395725250244140625">
        <ele>472.600006103515625</ele>
        <time>2026-09-19T13:16:11.000Z</time>
        <extensions>
          <ns3:TrackPointExtension>
            <ns3:hr>164</ns3:hr>
            <ns3:cad>92</ns3:cad>
          </ns3:TrackPointExtension>
        </extensions>
      </trkpt>
      <trkpt lat="30.550690256059169769287109375" lon="104.04914905317127704620361328125">
        <ele>472.600006103515625</ele>
        <time>2026-09-19T13:16:12.000Z</time>
        <extensions>
          <ns3:TrackPointExtension>
            <ns3:hr>164</ns3:hr>
            <ns3:cad>92</ns3:cad>
          </ns3:TrackPointExtension>
        </extensions>
      </trkpt>
      <trkpt lat="30.55070777423679828643798828125" lon="104.0491219796240329742431640625">
        <ele>472.600006103515625</ele>
        <time>2026-09-19T13:16:13.000Z</time>
        <extensions>
          <ns3:TrackPointExtension>
            <ns3:hr>164</ns3:hr>
            <ns3:cad>92</ns3:cad>
          </ns3:TrackPointExtension>
        </extensions>
      </trkpt>
      <trkpt lat="30.55072001181542873382568359375" lon="104.0490988455712795257568359375">
        <ele>472.600006103515625</ele>
        <time>2026-09-19T13:16:14.000Z</time>
        <extensions>
          <ns3:TrackPointExtension>
            <ns3:hr>164</ns3:hr>
            <ns3:cad>91</ns3:cad>
          </ns3:TrackPointExtension>
        </extensions>
      </trkpt>
      <trkpt lat="30.55073560215532779693603515625" lon="104.04907076619565486907958984375">
        <ele>472.600006103515625</ele>
        <time>2026-09-19T13:16:15.000Z</time>
        <extensions>
          <ns3:TrackPointExtension>
            <ns3:hr>164</ns3:hr>
            <ns3:cad>91</ns3:cad>
          </ns3:TrackPointExtension>
        </extensions>
      </trkpt>
      <trkpt lat="30.55074901320040225982666015625" lon="104.04904545284807682037353515625">
        <ele>472.399993896484375</ele>
        <time>2026-09-19T13:16:16.000Z</time>
        <extensions>
          <ns3:TrackPointExtension>
            <ns3:hr>165</ns3:hr>
            <ns3:cad>92</ns3:cad>
          </ns3:TrackPointExtension>
        </extensions>
      </trkpt>
      <trkpt lat="30.550766028463840484619140625" lon="104.049020893871784210205078125">
        <ele>472.399993896484375</ele>
        <time>2026-09-19T13:16:17.000Z</time>
        <extensions>
          <ns3:TrackPointExtension>
            <ns3:hr>165</ns3:hr>
            <ns3:cad>93</ns3:cad>
          </ns3:TrackPointExtension>
        </extensions>
      </trkpt>
      <trkpt lat="30.55078237317502498626708984375" lon="104.04899750836193561553955078125">
        <ele>472.20001220703125</ele>
        <time>2026-09-19T13:16:18.000Z</time>
        <extensions>
          <ns3:TrackPointExtension>
            <ns3:hr>165</ns3:hr>
            <ns3:cad>93</ns3:cad>
          </ns3:TrackPointExtension>
        </extensions>
      </trkpt>
      <trkpt lat="30.550803579390048980712890625" lon="104.04897169210016727447509765625">
        <ele>471.79998779296875</ele>
        <time>2026-09-19T13:16:19.000Z</time>
        <extensions>
          <ns3:TrackPointExtension>
            <ns3:hr>165</ns3:hr>
            <ns3:cad>92</ns3:cad>
          </ns3:TrackPointExtension>
        </extensions>
      </trkpt>
      <trkpt lat="30.5508181639015674591064453125" lon="104.04894973151385784149169921875">
        <ele>471.600006103515625</ele>
        <time>2026-09-19T13:16:20.000Z</time>
        <extensions>
          <ns3:TrackPointExtension>
            <ns3:hr>165</ns3:hr>
            <ns3:cad>92</ns3:cad>
          </ns3:TrackPointExtension>
        </extensions>
      </trkpt>
      <trkpt lat="30.5508406274020671844482421875" lon="104.0489322133362293243408203125">
        <ele>471.399993896484375</ele>
        <time>2026-09-19T13:16:21.000Z</time>
        <extensions>
          <ns3:TrackPointExtension>
            <ns3:hr>165</ns3:hr>
            <ns3:cad>92</ns3:cad>
          </ns3:TrackPointExtension>
        </extensions>
      </trkpt>
      <trkpt lat="30.5508594028651714324951171875" lon="104.048914946615695953369140625">
        <ele>471.399993896484375</ele>
        <time>2026-09-19T13:16:22.000Z</time>
        <extensions>
          <ns3:TrackPointExtension>
            <ns3:hr>165</ns3:hr>
            <ns3:cad>92</ns3:cad>
          </ns3:TrackPointExtension>
        </extensions>
      </trkpt>
      <trkpt lat="30.5508801899850368499755859375" lon="104.04889340512454509735107421875">
        <ele>471.20001220703125</ele>
        <time>2026-09-19T13:16:23.000Z</time>
        <extensions>
          <ns3:TrackPointExtension>
            <ns3:hr>164</ns3:hr>
            <ns3:cad>92</ns3:cad>
          </ns3:TrackPointExtension>
        </extensions>
      </trkpt>
      <trkpt lat="30.55090474896132946014404296875" lon="104.0488742105662822723388671875">
        <ele>471.20001220703125</ele>
        <time>2026-09-19T13:16:24.000Z</time>
        <extensions>
          <ns3:TrackPointExtension>
            <ns3:hr>165</ns3:hr>
            <ns3:cad>92</ns3:cad>
          </ns3:TrackPointExtension>
        </extensions>
      </trkpt>
      <trkpt lat="30.55092955939471721649169921875" lon="104.04885602183640003204345703125">
        <ele>471.20001220703125</ele>
        <time>2026-09-19T13:16:25.000Z</time>
        <extensions>
          <ns3:TrackPointExtension>
            <ns3:hr>165</ns3:hr>
            <ns3:cad>93</ns3:cad>
          </ns3:TrackPointExtension>
        </extensions>
      </trkpt>
      <trkpt lat="30.5509542860090732574462890625" lon="104.048837162554264068603515625">
        <ele>471.20001220703125</ele>
        <time>2026-09-19T13:16:26.000Z</time>
        <extensions>
          <ns3:TrackPointExtension>
            <ns3:hr>164</ns3:hr>
            <ns3:cad>94</ns3:cad>
          </ns3:TrackPointExtension>
        </extensions>
      </trkpt>
      <trkpt lat="30.55097331292927265167236328125" lon="104.04881872236728668212890625">
        <ele>471.399993896484375</ele>
        <time>2026-09-19T13:16:27.000Z</time>
        <extensions>
          <ns3:TrackPointExtension>
            <ns3:hr>165</ns3:hr>
            <ns3:cad>93</ns3:cad>
          </ns3:TrackPointExtension>
        </extensions>
      </trkpt>
      <trkpt lat="30.5509998835623264312744140625" lon="104.0487992763519287109375">
        <ele>471.600006103515625</ele>
        <time>2026-09-19T13:16:28.000Z</time>
        <extensions>
          <ns3:TrackPointExtension>
            <ns3:hr>165</ns3:hr>
            <ns3:cad>93</ns3:cad>
          </ns3:TrackPointExtension>
        </extensions>
      </trkpt>
      <trkpt lat="30.5510200001299381256103515625" lon="104.048786871135234832763671875">
        <ele>472</ele>
        <time>2026-09-19T13:16:29.000Z</time>
        <extensions>
          <ns3:TrackPointExtension>
            <ns3:hr>164</ns3:hr>
            <ns3:cad>93</ns3:cad>
          </ns3:TrackPointExtension>
        </extensions>
      </trkpt>
      <trkpt lat="30.5510478280484676361083984375" lon="104.0487736277282238006591796875">
        <ele>472.20001220703125</ele>
        <time>2026-09-19T13:16:30.000Z</time>
        <extensions>
          <ns3:TrackPointExtension>
            <ns3:hr>164</ns3:hr>
            <ns3:cad>92</ns3:cad>
          </ns3:TrackPointExtension>
        </extensions>
      </trkpt>
      <trkpt lat="30.5510676093399524688720703125" lon="104.0487630665302276611328125">
        <ele>472.600006103515625</ele>
        <time>2026-09-19T13:16:31.000Z</time>
        <extensions>
          <ns3:TrackPointExtension>
            <ns3:hr>164</ns3:hr>
            <ns3:cad>93</ns3:cad>
          </ns3:TrackPointExtension>
        </extensions>
      </trkpt>
      <trkpt lat="30.55109216831624507904052734375" lon="104.04875099658966064453125">
        <ele>472.79998779296875</ele>
        <time>2026-09-19T13:16:32.000Z</time>
        <extensions>
          <ns3:TrackPointExtension>
            <ns3:hr>164</ns3:hr>
            <ns3:cad>93</ns3:cad>
          </ns3:TrackPointExtension>
        </extensions>
      </trkpt>
      <trkpt lat="30.5511076748371124267578125" lon="104.04873959720134735107421875">
        <ele>473</ele>
        <time>2026-09-19T13:16:33.000Z</time>
        <extensions>
          <ns3:TrackPointExtension>
            <ns3:hr>164</ns3:hr>
            <ns3:cad>93</ns3:cad>
          </ns3:TrackPointExtension>
        </extensions>
      </trkpt>
      <trkpt lat="30.55113382637500762939453125" lon="104.04872694052755832672119140625">
        <ele>473.20001220703125</ele>
        <time>2026-09-19T13:16:34.000Z</time>
        <extensions>
          <ns3:TrackPointExtension>
            <ns3:hr>164</ns3:hr>
            <ns3:cad>93</ns3:cad>
          </ns3:TrackPointExtension>
        </extensions>
      </trkpt>
      <trkpt lat="30.551157630980014801025390625" lon="104.04871813952922821044921875">
        <ele>473.20001220703125</ele>
        <time>2026-09-19T13:16:35.000Z</time>
        <extensions>
          <ns3:TrackPointExtension>
            <ns3:hr>165</ns3:hr>
            <ns3:cad>92</ns3:cad>
          </ns3:TrackPointExtension>
        </extensions>
      </trkpt>
      <trkpt lat="30.5511852912604808807373046875" lon="104.048710428178310394287109375">
        <ele>473.20001220703125</ele>
        <time>2026-09-19T13:16:36.000Z</time>
        <extensions>
          <ns3:TrackPointExtension>
            <ns3:hr>165</ns3:hr>
            <ns3:cad>92</ns3:cad>
          </ns3:TrackPointExtension>
        </extensions>
      </trkpt>
      <trkpt lat="30.55121253244578838348388671875" lon="104.0487015433609485626220703125">
        <ele>473.20001220703125</ele>
        <time>2026-09-19T13:16:37.000Z</time>
        <extensions>
          <ns3:TrackPointExtension>
            <ns3:hr>165</ns3:hr>
            <ns3:cad>92</ns3:cad>
          </ns3:TrackPointExtension>
        </extensions>
      </trkpt>
      <trkpt lat="30.5512406118214130401611328125" lon="104.04870263300836086273193359375">
        <ele>473</ele>
        <time>2026-09-19T13:16:38.000Z</time>
        <extensions>
          <ns3:TrackPointExtension>
            <ns3:hr>165</ns3:hr>
            <ns3:cad>92</ns3:cad>
          </ns3:TrackPointExtension>
        </extensions>
      </trkpt>
      <trkpt lat="30.55126718245446681976318359375" lon="104.04869668185710906982421875">
        <ele>472.600006103515625</ele>
        <time>2026-09-19T13:16:39.000Z</time>
        <extensions>
          <ns3:TrackPointExtension>
            <ns3:hr>165</ns3:hr>
            <ns3:cad>92</ns3:cad>
          </ns3:TrackPointExtension>
        </extensions>
      </trkpt>
      <trkpt lat="30.55129635147750377655029296875" lon="104.04869676567614078521728515625">
        <ele>472.399993896484375</ele>
        <time>2026-09-19T13:16:40.000Z</time>
        <extensions>
          <ns3:TrackPointExtension>
            <ns3:hr>165</ns3:hr>
            <ns3:cad>91</ns3:cad>
          </ns3:TrackPointExtension>
        </extensions>
      </trkpt>
      <trkpt lat="30.55132468231022357940673828125" lon="104.04869844205677509307861328125">
        <ele>472</ele>
        <time>2026-09-19T13:16:41.000Z</time>
        <extensions>
          <ns3:TrackPointExtension>
            <ns3:hr>165</ns3:hr>
            <ns3:cad>91</ns3:cad>
          </ns3:TrackPointExtension>
        </extensions>
      </trkpt>
      <trkpt lat="30.5513512529432773590087890625" lon="104.048703052103519439697265625">
        <ele>471.79998779296875</ele>
        <time>2026-09-19T13:16:42.000Z</time>
        <extensions>
          <ns3:TrackPointExtension>
            <ns3:hr>166</ns3:hr>
            <ns3:cad>91</ns3:cad>
          </ns3:TrackPointExtension>
        </extensions>
      </trkpt>
      <trkpt lat="30.55137597955763339996337890625" lon="104.04870917089283466339111328125">
        <ele>471.600006103515625</ele>
        <time>2026-09-19T13:16:43.000Z</time>
        <extensions>
          <ns3:TrackPointExtension>
            <ns3:hr>165</ns3:hr>
            <ns3:cad>91</ns3:cad>
          </ns3:TrackPointExtension>
        </extensions>
      </trkpt>
      <trkpt lat="30.551401712000370025634765625" lon="104.04871403239667415618896484375">
        <ele>471.600006103515625</ele>
        <time>2026-09-19T13:16:44.000Z</time>
        <extensions>
          <ns3:TrackPointExtension>
            <ns3:hr>165</ns3:hr>
            <ns3:cad>91</ns3:cad>
          </ns3:TrackPointExtension>
        </extensions>
      </trkpt>
      <trkpt lat="30.5514287017285823822021484375" lon="104.048719145357608795166015625">
        <ele>471.600006103515625</ele>
        <time>2026-09-19T13:16:45.000Z</time>
        <extensions>
          <ns3:TrackPointExtension>
            <ns3:hr>165</ns3:hr>
            <ns3:cad>94</ns3:cad>
          </ns3:TrackPointExtension>
        </extensions>
      </trkpt>
      <trkpt lat="30.55145393125712871551513671875" lon="104.04872409068048000335693359375">
        <ele>471.600006103515625</ele>
        <time>2026-09-19T13:16:46.000Z</time>
        <extensions>
          <ns3:TrackPointExtension>
            <ns3:hr>165</ns3:hr>
            <ns3:cad>94</ns3:cad>
          </ns3:TrackPointExtension>
        </extensions>
      </trkpt>
      <trkpt lat="30.55147941224277019500732421875" lon="104.04872710816562175750732421875">
        <ele>471.79998779296875</ele>
        <time>2026-09-19T13:16:47.000Z</time>
        <extensions>
          <ns3:TrackPointExtension>
            <ns3:hr>165</ns3:hr>
            <ns3:cad>93</ns3:cad>
          </ns3:TrackPointExtension>
        </extensions>
      </trkpt>
      <trkpt lat="30.5515054799616336822509765625" lon="104.04873096384108066558837890625">
        <ele>471.79998779296875</ele>
        <time>2026-09-19T13:16:48.000Z</time>
        <extensions>
          <ns3:TrackPointExtension>
            <ns3:hr>165</ns3:hr>
            <ns3:cad>93</ns3:cad>
          </ns3:TrackPointExtension>
        </extensions>
      </trkpt>
      <trkpt lat="30.551533140242099761962890625" lon="104.04873029328882694244384765625">
        <ele>471.79998779296875</ele>
        <time>2026-09-19T13:16:49.000Z</time>
        <extensions>
          <ns3:TrackPointExtension>
            <ns3:hr>165</ns3:hr>
            <ns3:cad>92</ns3:cad>
          </ns3:TrackPointExtension>
        </extensions>
      </trkpt>
      <trkpt lat="30.551555939018726348876953125" lon="104.0487320534884929656982421875">
        <ele>471.79998779296875</ele>
        <time>2026-09-19T13:16:50.000Z</time>
        <extensions>
          <ns3:TrackPointExtension>
            <ns3:hr>165</ns3:hr>
            <ns3:cad>91</ns3:cad>
          </ns3:TrackPointExtension>
        </extensions>
      </trkpt>
      <trkpt lat="30.55158284492790699005126953125" lon="104.04873632825911045074462890625">
        <ele>471.600006103515625</ele>
        <time>2026-09-19T13:16:51.000Z</time>
        <extensions>
          <ns3:TrackPointExtension>
            <ns3:hr>166</ns3:hr>
            <ns3:cad>91</ns3:cad>
          </ns3:TrackPointExtension>
        </extensions>
      </trkpt>
      <trkpt lat="30.551608242094516754150390625" lon="104.04873867519199848175048828125">
        <ele>471.600006103515625</ele>
        <time>2026-09-19T13:16:52.000Z</time>
        <extensions>
          <ns3:TrackPointExtension>
            <ns3:hr>166</ns3:hr>
            <ns3:cad>90</ns3:cad>
          </ns3:TrackPointExtension>
        </extensions>
      </trkpt>
      <trkpt lat="30.551636405289173126220703125" lon="104.04873833991587162017822265625">
        <ele>471.600006103515625</ele>
        <time>2026-09-19T13:16:53.000Z</time>
        <extensions>
          <ns3:TrackPointExtension>
            <ns3:hr>167</ns3:hr>
            <ns3:cad>90</ns3:cad>
          </ns3:TrackPointExtension>
        </extensions>
      </trkpt>
      <trkpt lat="30.551661215722560882568359375" lon="104.0487333945930004119873046875">
        <ele>471.399993896484375</ele>
        <time>2026-09-19T13:16:54.000Z</time>
        <extensions>
          <ns3:TrackPointExtension>
            <ns3:hr>166</ns3:hr>
            <ns3:cad>90</ns3:cad>
          </ns3:TrackPointExtension>
        </extensions>
      </trkpt>
      <trkpt lat="30.5516923964023590087890625" lon="104.04873146675527095794677734375">
        <ele>471.399993896484375</ele>
        <time>2026-09-19T13:16:55.000Z</time>
        <extensions>
          <ns3:TrackPointExtension>
            <ns3:hr>166</ns3:hr>
            <ns3:cad>91</ns3:cad>
          </ns3:TrackPointExtension>
        </extensions>
      </trkpt>
      <trkpt lat="30.55171779356896877288818359375" lon="104.0487280301749706268310546875">
        <ele>471.399993896484375</ele>
        <time>2026-09-19T13:16:56.000Z</time>
        <extensions>
          <ns3:TrackPointExtension>
            <ns3:hr>166</ns3:hr>
            <ns3:cad>91</ns3:cad>
          </ns3:TrackPointExtension>
        </extensions>
      </trkpt>
      <trkpt lat="30.5517522431910037994384765625" lon="104.0487256832420825958251953125">
        <ele>471.399993896484375</ele>
        <time>2026-09-19T13:16:57.000Z</time>
        <extensions>
          <ns3:TrackPointExtension>
            <ns3:hr>166</ns3:hr>
            <ns3:cad>92</ns3:cad>
          </ns3:TrackPointExtension>
        </extensions>
      </trkpt>
      <trkpt lat="30.5517820827662944793701171875" lon="104.04872040264308452606201171875">
        <ele>471.20001220703125</ele>
        <time>2026-09-19T13:16:58.000Z</time>
        <extensions>
          <ns3:TrackPointExtension>
            <ns3:hr>166</ns3:hr>
            <ns3:cad>92</ns3:cad>
          </ns3:TrackPointExtension>
        </extensions>
      </trkpt>
      <trkpt lat="30.5518149398267269134521484375" lon="104.04871420003473758697509765625">
        <ele>471.20001220703125</ele>
        <time>2026-09-19T13:16:59.000Z</time>
        <extensions>
          <ns3:TrackPointExtension>
            <ns3:hr>165</ns3:hr>
            <ns3:cad>92</ns3:cad>
          </ns3:TrackPointExtension>
        </extensions>
      </trkpt>
      <trkpt lat="30.5518399178981781005859375" lon="104.048703722655773162841796875">
        <ele>471.20001220703125</ele>
        <time>2026-09-19T13:17:00.000Z</time>
        <extensions>
          <ns3:TrackPointExtension>
            <ns3:hr>164</ns3:hr>
            <ns3:cad>92</ns3:cad>
          </ns3:TrackPointExtension>
        </extensions>
      </trkpt>
      <trkpt lat="30.55186732672154903411865234375" lon="104.0486951731145381927490234375">
        <ele>471</ele>
        <time>2026-09-19T13:17:01.000Z</time>
        <extensions>
          <ns3:TrackPointExtension>
            <ns3:hr>164</ns3:hr>
            <ns3:cad>91</ns3:cad>
          </ns3:TrackPointExtension>
        </extensions>
      </trkpt>
      <trkpt lat="30.55189582519233226776123046875" lon="104.04868536628782749176025390625">
        <ele>471</ele>
        <time>2026-09-19T13:17:02.000Z</time>
        <extensions>
          <ns3:TrackPointExtension>
            <ns3:hr>164</ns3:hr>
            <ns3:cad>92</ns3:cad>
          </ns3:TrackPointExtension>
        </extensions>
      </trkpt>
      <trkpt lat="30.55192667059600353240966796875" lon="104.04867882840335369110107421875">
        <ele>471</ele>
        <time>2026-09-19T13:17:03.000Z</time>
        <extensions>
          <ns3:TrackPointExtension>
            <ns3:hr>164</ns3:hr>
            <ns3:cad>92</ns3:cad>
          </ns3:TrackPointExtension>
        </extensions>
      </trkpt>
      <trkpt lat="30.55195500142872333526611328125" lon="104.04866625554859638214111328125">
        <ele>471</ele>
        <time>2026-09-19T13:17:04.000Z</time>
        <extensions>
          <ns3:TrackPointExtension>
            <ns3:hr>163</ns3:hr>
            <ns3:cad>92</ns3:cad>
          </ns3:TrackPointExtension>
        </extensions>
      </trkpt>
      <trkpt lat="30.5519807338714599609375" lon="104.04865510761737823486328125">
        <ele>471</ele>
        <time>2026-09-19T13:17:05.000Z</time>
        <extensions>
          <ns3:TrackPointExtension>
            <ns3:hr>163</ns3:hr>
            <ns3:cad>93</ns3:cad>
          </ns3:TrackPointExtension>
        </extensions>
      </trkpt>
      <trkpt lat="30.55201199837028980255126953125" lon="104.0486450493335723876953125">
        <ele>471</ele>
        <time>2026-09-19T13:17:06.000Z</time>
        <extensions>
          <ns3:TrackPointExtension>
            <ns3:hr>163</ns3:hr>
            <ns3:cad>92</ns3:cad>
          </ns3:TrackPointExtension>
        </extensions>
      </trkpt>
      <trkpt lat="30.55202968418598175048828125" lon="104.0486343204975128173828125">
        <ele>471</ele>
        <time>2026-09-19T13:17:07.000Z</time>
        <extensions>
          <ns3:TrackPointExtension>
            <ns3:hr>163</ns3:hr>
            <ns3:cad>92</ns3:cad>
          </ns3:TrackPointExtension>
        </extensions>
      </trkpt>
      <trkpt lat="30.55205927230417728424072265625" lon="104.0486348234117031097412109375">
        <ele>471</ele>
        <time>2026-09-19T13:17:08.000Z</time>
        <extensions>
          <ns3:TrackPointExtension>
            <ns3:hr>164</ns3:hr>
            <ns3:cad>92</ns3:cad>
          </ns3:TrackPointExtension>
        </extensions>
      </trkpt>
      <trkpt lat="30.55208190344274044036865234375" lon="104.0486368350684642791748046875">
        <ele>471</ele>
        <time>2026-09-19T13:17:09.000Z</time>
        <extensions>
          <ns3:TrackPointExtension>
            <ns3:hr>163</ns3:hr>
            <ns3:cad>92</ns3:cad>
          </ns3:TrackPointExtension>
        </extensions>
      </trkpt>
      <trkpt lat="30.55211006663739681243896484375" lon="104.04864295385777950286865234375">
        <ele>471</ele>
        <time>2026-09-19T13:17:10.000Z</time>
        <extensions>
          <ns3:TrackPointExtension>
            <ns3:hr>163</ns3:hr>
            <ns3:cad>93</ns3:cad>
          </ns3:TrackPointExtension>
        </extensions>
      </trkpt>
      <trkpt lat="30.55212968029081821441650390625" lon="104.04865133576095104217529296875">
        <ele>471</ele>
        <time>2026-09-19T13:17:11.000Z</time>
        <extensions>
          <ns3:TrackPointExtension>
            <ns3:hr>164</ns3:hr>
            <ns3:cad>92</ns3:cad>
          </ns3:TrackPointExtension>
        </extensions>
      </trkpt>
      <trkpt lat="30.55215599946677684783935546875" lon="104.04867195524275302886962890625">
        <ele>471.20001220703125</ele>
        <time>2026-09-19T13:17:12.000Z</time>
        <extensions>
          <ns3:TrackPointExtension>
            <ns3:hr>163</ns3:hr>
            <ns3:cad>92</ns3:cad>
          </ns3:TrackPointExtension>
        </extensions>
      </trkpt>
      <trkpt lat="30.55217946879565715789794921875" lon="104.04868058860301971435546875">
        <ele>471.20001220703125</ele>
        <time>2026-09-19T13:17:13.000Z</time>
        <extensions>
          <ns3:TrackPointExtension>
            <ns3:hr>163</ns3:hr>
            <ns3:cad>92</ns3:cad>
          </ns3:TrackPointExtension>
        </extensions>
      </trkpt>
      <trkpt lat="30.5522018484771251678466796875" lon="104.0486960113048553466796875">
        <ele>471.20001220703125</ele>
        <time>2026-09-19T13:17:14.000Z</time>
        <extensions>
          <ns3:TrackPointExtension>
            <ns3:hr>164</ns3:hr>
            <ns3:cad>92</ns3:cad>
          </ns3:TrackPointExtension>
        </extensions>
      </trkpt>
      <trkpt lat="30.55221903137862682342529296875" lon="104.04870866797864437103271484375">
        <ele>471</ele>
        <time>2026-09-19T13:17:15.000Z</time>
        <extensions>
          <ns3:TrackPointExtension>
            <ns3:hr>163</ns3:hr>
            <ns3:cad>92</ns3:cad>
          </ns3:TrackPointExtension>
        </extensions>
      </trkpt>
      <trkpt lat="30.5522397346794605255126953125" lon="104.0487213246524333953857421875">
        <ele>471</ele>
        <time>2026-09-19T13:17:16.000Z</time>
        <extensions>
          <ns3:TrackPointExtension>
            <ns3:hr>163</ns3:hr>
            <ns3:cad>92</ns3:cad>
          </ns3:TrackPointExtension>
        </extensions>
      </trkpt>
      <trkpt lat="30.55226127617061138153076171875" lon="104.04873012565076351165771484375">
        <ele>471</ele>
        <time>2026-09-19T13:17:17.000Z</time>
        <extensions>
          <ns3:TrackPointExtension>
            <ns3:hr>163</ns3:hr>
            <ns3:cad>91</ns3:cad>
          </ns3:TrackPointExtension>
        </extensions>
      </trkpt>
      <trkpt lat="30.55229010991752147674560546875" lon="104.04874219559133052825927734375">
        <ele>471</ele>
        <time>2026-09-19T13:17:18.000Z</time>
        <extensions>
          <ns3:TrackPointExtension>
            <ns3:hr>163</ns3:hr>
            <ns3:cad>91</ns3:cad>
          </ns3:TrackPointExtension>
        </extensions>
      </trkpt>
      <trkpt lat="30.5523185245692729949951171875" lon="104.04874873347580432891845703125">
        <ele>471</ele>
        <time>2026-09-19T13:17:19.000Z</time>
        <extensions>
          <ns3:TrackPointExtension>
            <ns3:hr>163</ns3:hr>
            <ns3:cad>92</ns3:cad>
          </ns3:TrackPointExtension>
        </extensions>
      </trkpt>
      <trkpt lat="30.55234618484973907470703125" lon="104.04874856583774089813232421875">
        <ele>471</ele>
        <time>2026-09-19T13:17:20.000Z</time>
        <extensions>
          <ns3:TrackPointExtension>
            <ns3:hr>163</ns3:hr>
            <ns3:cad>92</ns3:cad>
          </ns3:TrackPointExtension>
        </extensions>
      </trkpt>
      <trkpt lat="30.55237577296793460845947265625" lon="104.0487488172948360443115234375">
        <ele>471</ele>
        <time>2026-09-19T13:17:21.000Z</time>
        <extensions>
          <ns3:TrackPointExtension>
            <ns3:hr>163</ns3:hr>
            <ns3:cad>93</ns3:cad>
          </ns3:TrackPointExtension>
        </extensions>
      </trkpt>
      <trkpt lat="30.55240293033421039581298828125" lon="104.04875099658966064453125">
        <ele>471</ele>
        <time>2026-09-19T13:17:22.000Z</time>
        <extensions>
          <ns3:TrackPointExtension>
            <ns3:hr>163</ns3:hr>
            <ns3:cad>94</ns3:cad>
          </ns3:TrackPointExtension>
        </extensions>
      </trkpt>
      <trkpt lat="30.55243293754756450653076171875" lon="104.04875032603740692138671875">
        <ele>471</ele>
        <time>2026-09-19T13:17:23.000Z</time>
        <extensions>
          <ns3:TrackPointExtension>
            <ns3:hr>163</ns3:hr>
            <ns3:cad>93</ns3:cad>
          </ns3:TrackPointExtension>
        </extensions>
      </trkpt>
      <trkpt lat="30.55246043018996715545654296875" lon="104.04874923638999462127685546875">
        <ele>471</ele>
        <time>2026-09-19T13:17:24.000Z</time>
        <extensions>
          <ns3:TrackPointExtension>
            <ns3:hr>163</ns3:hr>
            <ns3:cad>92</ns3:cad>
          </ns3:TrackPointExtension>
        </extensions>
      </trkpt>
      <trkpt lat="30.55249161086976528167724609375" lon="104.04874487780034542083740234375">
        <ele>471</ele>
        <time>2026-09-19T13:17:25.000Z</time>
        <extensions>
          <ns3:TrackPointExtension>
            <ns3:hr>163</ns3:hr>
            <ns3:cad>92</ns3:cad>
          </ns3:TrackPointExtension>
        </extensions>
      </trkpt>
      <trkpt lat="30.55251692421734333038330078125" lon="104.04873733408749103546142578125">
        <ele>471</ele>
        <time>2026-09-19T13:17:26.000Z</time>
        <extensions>
          <ns3:TrackPointExtension>
            <ns3:hr>163</ns3:hr>
            <ns3:cad>92</ns3:cad>
          </ns3:TrackPointExtension>
        </extensions>
      </trkpt>
      <trkpt lat="30.5525475181639194488525390625" lon="104.04872811399400234222412109375">
        <ele>470.79998779296875</ele>
        <time>2026-09-19T13:17:27.000Z</time>
        <extensions>
          <ns3:TrackPointExtension>
            <ns3:hr>163</ns3:hr>
            <ns3:cad>92</ns3:cad>
          </ns3:TrackPointExtension>
        </extensions>
      </trkpt>
      <trkpt lat="30.552570484578609466552734375" lon="104.04871570877730846405029296875">
        <ele>470.600006103515625</ele>
        <time>2026-09-19T13:17:28.000Z</time>
        <extensions>
          <ns3:TrackPointExtension>
            <ns3:hr>163</ns3:hr>
            <ns3:cad>92</ns3:cad>
          </ns3:TrackPointExtension>
        </extensions>
      </trkpt>
      <trkpt lat="30.5525978095829486846923828125" lon="104.04870347119867801666259765625">
        <ele>470.399993896484375</ele>
        <time>2026-09-19T13:17:29.000Z</time>
        <extensions>
          <ns3:TrackPointExtension>
            <ns3:hr>163</ns3:hr>
            <ns3:cad>92</ns3:cad>
          </ns3:TrackPointExtension>
        </extensions>
      </trkpt>
      <trkpt lat="30.55262220092117786407470703125" lon="104.0486931614577770233154296875">
        <ele>470.20001220703125</ele>
        <time>2026-09-19T13:17:30.000Z</time>
        <extensions>
          <ns3:TrackPointExtension>
            <ns3:hr>163</ns3:hr>
            <ns3:cad>92</ns3:cad>
          </ns3:TrackPointExtension>
        </extensions>
      </trkpt>
      <trkpt lat="30.5526531301438808441162109375" lon="104.04868662357330322265625">
        <ele>470.20001220703125</ele>
        <time>2026-09-19T13:17:31.000Z</time>
        <extensions>
          <ns3:TrackPointExtension>
            <ns3:hr>164</ns3:hr>
            <ns3:cad>91</ns3:cad>
          </ns3:TrackPointExtension>
        </extensions>
      </trkpt>
      <trkpt lat="30.55267601273953914642333984375" lon="104.0486733801662921905517578125">
        <ele>470.20001220703125</ele>
        <time>2026-09-19T13:17:32.000Z</time>
        <extensions>
          <ns3:TrackPointExtension>
            <ns3:hr>164</ns3:hr>
            <ns3:cad>91</ns3:cad>
          </ns3:TrackPointExtension>
        </extensions>
      </trkpt>
      <trkpt lat="30.55271037854254245758056640625" lon="104.04866985976696014404296875">
        <ele>470.20001220703125</ele>
        <time>2026-09-19T13:17:33.000Z</time>
        <extensions>
          <ns3:TrackPointExtension>
            <ns3:hr>164</ns3:hr>
            <ns3:cad>92</ns3:cad>
          </ns3:TrackPointExtension>
        </extensions>
      </trkpt>
      <trkpt lat="30.552735440433025360107421875" lon="104.04866449534893035888671875">
        <ele>470.20001220703125</ele>
        <time>2026-09-19T13:17:34.000Z</time>
        <extensions>
          <ns3:TrackPointExtension>
            <ns3:hr>164</ns3:hr>
            <ns3:cad>92</ns3:cad>
          </ns3:TrackPointExtension>
        </extensions>
      </trkpt>
      <trkpt lat="30.55276393890380859375" lon="104.0486646629869937896728515625">
        <ele>470.20001220703125</ele>
        <time>2026-09-19T13:17:35.000Z</time>
        <extensions>
          <ns3:TrackPointExtension>
            <ns3:hr>163</ns3:hr>
            <ns3:cad>92</ns3:cad>
          </ns3:TrackPointExtension>
        </extensions>
      </trkpt>
      <trkpt lat="30.55278682149946689605712890625" lon="104.04866374097764492034912109375">
        <ele>470.20001220703125</ele>
        <time>2026-09-19T13:17:36.000Z</time>
        <extensions>
          <ns3:TrackPointExtension>
            <ns3:hr>164</ns3:hr>
            <ns3:cad>92</ns3:cad>
          </ns3:TrackPointExtension>
        </extensions>
      </trkpt>
      <trkpt lat="30.5528110451996326446533203125" lon="104.04866776429116725921630859375">
        <ele>470.399993896484375</ele>
        <time>2026-09-19T13:17:37.000Z</time>
        <extensions>
          <ns3:TrackPointExtension>
            <ns3:hr>163</ns3:hr>
            <ns3:cad>92</ns3:cad>
          </ns3:TrackPointExtension>
        </extensions>
      </trkpt>
      <trkpt lat="30.55283208377659320831298828125" lon="104.0486649982631206512451171875">
        <ele>470.399993896484375</ele>
        <time>2026-09-19T13:17:38.000Z</time>
        <extensions>
          <ns3:TrackPointExtension>
            <ns3:hr>163</ns3:hr>
            <ns3:cad>91</ns3:cad>
          </ns3:TrackPointExtension>
        </extensions>
      </trkpt>
      <trkpt lat="30.55285337381064891815185546875" lon="104.04866374097764492034912109375">
        <ele>470.399993896484375</ele>
        <time>2026-09-19T13:17:39.000Z</time>
        <extensions>
          <ns3:TrackPointExtension>
            <ns3:hr>163</ns3:hr>
            <ns3:cad>91</ns3:cad>
          </ns3:TrackPointExtension>
        </extensions>
      </trkpt>
      <trkpt lat="30.55287701077759265899658203125" lon="104.04865971766412258148193359375">
        <ele>470.399993896484375</ele>
        <time>2026-09-19T13:17:40.000Z</time>
        <extensions>
          <ns3:TrackPointExtension>
            <ns3:hr>163</ns3:hr>
            <ns3:cad>91</ns3:cad>
          </ns3:TrackPointExtension>
        </extensions>
      </trkpt>
      <trkpt lat="30.55290098302066326141357421875" lon="104.04865167103707790374755859375">
        <ele>470.399993896484375</ele>
        <time>2026-09-19T13:17:41.000Z</time>
        <extensions>
          <ns3:TrackPointExtension>
            <ns3:hr>163</ns3:hr>
            <ns3:cad>91</ns3:cad>
          </ns3:TrackPointExtension>
        </extensions>
      </trkpt>
      <trkpt lat="30.5529233627021312713623046875" lon="104.04864261858165264129638671875">
        <ele>470.399993896484375</ele>
        <time>2026-09-19T13:17:42.000Z</time>
        <extensions>
          <ns3:TrackPointExtension>
            <ns3:hr>163</ns3:hr>
            <ns3:cad>91</ns3:cad>
          </ns3:TrackPointExtension>
        </extensions>
      </trkpt>
      <trkpt lat="30.55294834077358245849609375" lon="104.048632644116878509521484375">
        <ele>470.399993896484375</ele>
        <time>2026-09-19T13:17:43.000Z</time>
        <extensions>
          <ns3:TrackPointExtension>
            <ns3:hr>163</ns3:hr>
            <ns3:cad>92</ns3:cad>
          </ns3:TrackPointExtension>
        </extensions>
      </trkpt>
      <trkpt lat="30.552972815930843353271484375" lon="104.04861579649150371551513671875">
        <ele>470.600006103515625</ele>
        <time>2026-09-19T13:17:44.000Z</time>
        <extensions>
          <ns3:TrackPointExtension>
            <ns3:hr>163</ns3:hr>
            <ns3:cad>91</ns3:cad>
          </ns3:TrackPointExtension>
        </extensions>
      </trkpt>
      <trkpt lat="30.55299536325037479400634765625" lon="104.04860238544642925262451171875">
        <ele>470.600006103515625</ele>
        <time>2026-09-19T13:17:45.000Z</time>
        <extensions>
          <ns3:TrackPointExtension>
            <ns3:hr>163</ns3:hr>
            <ns3:cad>92</ns3:cad>
          </ns3:TrackPointExtension>
        </extensions>
      </trkpt>
      <trkpt lat="30.5530199222266674041748046875" lon="104.04858411289751529693603515625">
        <ele>470.600006103515625</ele>
        <time>2026-09-19T13:17:46.000Z</time>
        <extensions>
          <ns3:TrackPointExtension>
            <ns3:hr>163</ns3:hr>
            <ns3:cad>93</ns3:cad>
          </ns3:TrackPointExtension>
        </extensions>
      </trkpt>
      <trkpt lat="30.55303894914686679840087890625" lon="104.04856567271053791046142578125">
        <ele>470.600006103515625</ele>
        <time>2026-09-19T13:17:47.000Z</time>
        <extensions>
          <ns3:TrackPointExtension>
            <ns3:hr>163</ns3:hr>
            <ns3:cad>93</ns3:cad>
          </ns3:TrackPointExtension>
        </extensions>
      </trkpt>
      <trkpt lat="30.5530631728470325469970703125" lon="104.04854270629584789276123046875">
        <ele>470.600006103515625</ele>
        <time>2026-09-19T13:17:48.000Z</time>
        <extensions>
          <ns3:TrackPointExtension>
            <ns3:hr>162</ns3:hr>
            <ns3:cad>93</ns3:cad>
          </ns3:TrackPointExtension>
        </extensions>
      </trkpt>
      <trkpt lat="30.55308203212916851043701171875" lon="104.04852996580302715301513671875">
        <ele>470.600006103515625</ele>
        <time>2026-09-19T13:17:49.000Z</time>
        <extensions>
          <ns3:TrackPointExtension>
            <ns3:hr>163</ns3:hr>
            <ns3:cad>93</ns3:cad>
          </ns3:TrackPointExtension>
        </extensions>
      </trkpt>
      <trkpt lat="30.5531091056764125823974609375" lon="104.04851471073925495147705078125">
        <ele>470.600006103515625</ele>
        <time>2026-09-19T13:17:50.000Z</time>
        <extensions>
          <ns3:TrackPointExtension>
            <ns3:hr>162</ns3:hr>
            <ns3:cad>93</ns3:cad>
          </ns3:TrackPointExtension>
        </extensions>
      </trkpt>
      <trkpt lat="30.55312712676823139190673828125" lon="104.04849727638065814971923828125">
        <ele>470.600006103515625</ele>
        <time>2026-09-19T13:17:51.000Z</time>
        <extensions>
          <ns3:TrackPointExtension>
            <ns3:hr>162</ns3:hr>
            <ns3:cad>92</ns3:cad>
          </ns3:TrackPointExtension>
        </extensions>
      </trkpt>
      <trkpt lat="30.55315730161964893341064453125" lon="104.04848336242139339447021484375">
        <ele>470.600006103515625</ele>
        <time>2026-09-19T13:17:52.000Z</time>
        <extensions>
          <ns3:TrackPointExtension>
            <ns3:hr>162</ns3:hr>
            <ns3:cad>92</ns3:cad>
          </ns3:TrackPointExtension>
        </extensions>
      </trkpt>
      <trkpt lat="30.55317942984402179718017578125" lon="104.04847078956663608551025390625">
        <ele>470.600006103515625</ele>
        <time>2026-09-19T13:17:53.000Z</time>
        <extensions>
          <ns3:TrackPointExtension>
            <ns3:hr>162</ns3:hr>
            <ns3:cad>92</ns3:cad>
          </ns3:TrackPointExtension>
        </extensions>
      </trkpt>
      <trkpt lat="30.55320625193417072296142578125" lon="104.04845586977899074554443359375">
        <ele>470.600006103515625</ele>
        <time>2026-09-19T13:17:54.000Z</time>
        <extensions>
          <ns3:TrackPointExtension>
            <ns3:hr>163</ns3:hr>
            <ns3:cad>92</ns3:cad>
          </ns3:TrackPointExtension>
        </extensions>
      </trkpt>
      <trkpt lat="30.55323089472949504852294921875" lon="104.04844321310520172119140625">
        <ele>470.79998779296875</ele>
        <time>2026-09-19T13:17:55.000Z</time>
        <extensions>
          <ns3:TrackPointExtension>
            <ns3:hr>163</ns3:hr>
            <ns3:cad>92</ns3:cad>
          </ns3:TrackPointExtension>
        </extensions>
      </trkpt>
      <trkpt lat="30.5532546155154705047607421875" lon="104.048433490097522735595703125">
        <ele>470.79998779296875</ele>
        <time>2026-09-19T13:17:56.000Z</time>
        <extensions>
          <ns3:TrackPointExtension>
            <ns3:hr>163</ns3:hr>
            <ns3:cad>92</ns3:cad>
          </ns3:TrackPointExtension>
        </extensions>
      </trkpt>
      <trkpt lat="30.553284622728824615478515625" lon="104.04841848649084568023681640625">
        <ele>470.600006103515625</ele>
        <time>2026-09-19T13:17:57.000Z</time>
        <extensions>
          <ns3:TrackPointExtension>
            <ns3:hr>163</ns3:hr>
            <ns3:cad>92</ns3:cad>
          </ns3:TrackPointExtension>
        </extensions>
      </trkpt>
      <trkpt lat="30.55330909788608551025390625" lon="104.048405326902866363525390625">
        <ele>470.79998779296875</ele>
        <time>2026-09-19T13:17:58.000Z</time>
        <extensions>
          <ns3:TrackPointExtension>
            <ns3:hr>163</ns3:hr>
            <ns3:cad>93</ns3:cad>
          </ns3:TrackPointExtension>
        </extensions>
      </trkpt>
      <trkpt lat="30.55333684198558330535888671875" lon="104.048391245305538177490234375">
        <ele>470.79998779296875</ele>
        <time>2026-09-19T13:17:59.000Z</time>
        <extensions>
          <ns3:TrackPointExtension>
            <ns3:hr>163</ns3:hr>
            <ns3:cad>93</ns3:cad>
          </ns3:TrackPointExtension>
        </extensions>
      </trkpt>
      <trkpt lat="30.5533578805625438690185546875" lon="104.048377834260463714599609375">
        <ele>470.79998779296875</ele>
        <time>2026-09-19T13:18:00.000Z</time>
        <extensions>
          <ns3:TrackPointExtension>
            <ns3:hr>163</ns3:hr>
            <ns3:cad>93</ns3:cad>
          </ns3:TrackPointExtension>
        </extensions>
      </trkpt>
      <trkpt lat="30.55336735211312770843505859375" lon="104.04836450703442096710205078125">
        <ele>470.79998779296875</ele>
        <time>2026-09-19T13:18:01.000Z</time>
        <extensions>
          <ns3:TrackPointExtension>
            <ns3:hr>162</ns3:hr>
            <ns3:cad>92</ns3:cad>
          </ns3:TrackPointExtension>
        </extensions>
      </trkpt>
      <trkpt lat="30.55338679812848567962646484375" lon="104.04834824614226818084716796875">
        <ele>471</ele>
        <time>2026-09-19T13:18:02.000Z</time>
        <extensions>
          <ns3:TrackPointExtension>
            <ns3:hr>163</ns3:hr>
            <ns3:cad>92</ns3:cad>
          </ns3:TrackPointExtension>
        </extensions>
      </trkpt>
      <trkpt lat="30.55341764353215694427490234375" lon="104.0483394451439380645751953125">
        <ele>471</ele>
        <time>2026-09-19T13:18:03.000Z</time>
        <extensions>
          <ns3:TrackPointExtension>
            <ns3:hr>163</ns3:hr>
            <ns3:cad>92</ns3:cad>
          </ns3:TrackPointExtension>
        </extensions>
      </trkpt>
      <trkpt lat="30.55344044230878353118896484375" lon="104.04832779429852962493896484375">
        <ele>471</ele>
        <time>2026-09-19T13:18:04.000Z</time>
        <extensions>
          <ns3:TrackPointExtension>
            <ns3:hr>163</ns3:hr>
            <ns3:cad>91</ns3:cad>
          </ns3:TrackPointExtension>
        </extensions>
      </trkpt>
      <trkpt lat="30.55347271263599395751953125" lon="104.04831354506313800811767578125">
        <ele>470.79998779296875</ele>
        <time>2026-09-19T13:18:05.000Z</time>
        <extensions>
          <ns3:TrackPointExtension>
            <ns3:hr>163</ns3:hr>
            <ns3:cad>91</ns3:cad>
          </ns3:TrackPointExtension>
        </extensions>
      </trkpt>
      <trkpt lat="30.55349417030811309814453125" lon="104.04829342849552631378173828125">
        <ele>471</ele>
        <time>2026-09-19T13:18:06.000Z</time>
        <extensions>
          <ns3:TrackPointExtension>
            <ns3:hr>163</ns3:hr>
            <ns3:cad>91</ns3:cad>
          </ns3:TrackPointExtension>
        </extensions>
      </trkpt>
      <trkpt lat="30.55351923219859600067138671875" lon="104.04826819896697998046875">
        <ele>471</ele>
        <time>2026-09-19T13:18:07.000Z</time>
        <extensions>
          <ns3:TrackPointExtension>
            <ns3:hr>163</ns3:hr>
            <ns3:cad>91</ns3:cad>
          </ns3:TrackPointExtension>
        </extensions>
      </trkpt>
      <trkpt lat="30.55353163741528987884521484375" lon="104.0482405386865139007568359375">
        <ele>471</ele>
        <time>2026-09-19T13:18:08.000Z</time>
        <extensions>
          <ns3:TrackPointExtension>
            <ns3:hr>164</ns3:hr>
            <ns3:cad>92</ns3:cad>
          </ns3:TrackPointExtension>
        </extensions>
      </trkpt>
      <trkpt lat="30.5535429529845714569091796875" lon="104.04820726253092288970947265625">
        <ele>471</ele>
        <time>2026-09-19T13:18:09.000Z</time>
        <extensions>
          <ns3:TrackPointExtension>
            <ns3:hr>164</ns3:hr>
            <ns3:cad>92</ns3:cad>
          </ns3:TrackPointExtension>
        </extensions>
      </trkpt>
      <trkpt lat="30.55354739539325237274169921875" lon="104.0481751598417758941650390625">
        <ele>471</ele>
        <time>2026-09-19T13:18:10.000Z</time>
        <extensions>
          <ns3:TrackPointExtension>
            <ns3:hr>164</ns3:hr>
            <ns3:cad>92</ns3:cad>
          </ns3:TrackPointExtension>
        </extensions>
      </trkpt>
      <trkpt lat="30.55355326272547245025634765625" lon="104.04814272187650203704833984375">
        <ele>471</ele>
        <time>2026-09-19T13:18:11.000Z</time>
        <extensions>
          <ns3:TrackPointExtension>
            <ns3:hr>164</ns3:hr>
            <ns3:cad>92</ns3:cad>
          </ns3:TrackPointExtension>
        </extensions>
      </trkpt>
      <trkpt lat="30.553558208048343658447265625" lon="104.04810793697834014892578125">
        <ele>470.79998779296875</ele>
        <time>2026-09-19T13:18:12.000Z</time>
        <extensions>
          <ns3:TrackPointExtension>
            <ns3:hr>164</ns3:hr>
            <ns3:cad>92</ns3:cad>
          </ns3:TrackPointExtension>
        </extensions>
      </trkpt>
      <trkpt lat="30.55355854332447052001953125" lon="104.048079438507556915283203125">
        <ele>470.79998779296875</ele>
        <time>2026-09-19T13:18:13.000Z</time>
        <extensions>
          <ns3:TrackPointExtension>
            <ns3:hr>165</ns3:hr>
            <ns3:cad>92</ns3:cad>
          </ns3:TrackPointExtension>
        </extensions>
      </trkpt>
      <trkpt lat="30.5535583756864070892333984375" lon="104.048045910894870758056640625">
        <ele>471</ele>
        <time>2026-09-19T13:18:14.000Z</time>
        <extensions>
          <ns3:TrackPointExtension>
            <ns3:hr>165</ns3:hr>
            <ns3:cad>92</ns3:cad>
          </ns3:TrackPointExtension>
        </extensions>
      </trkpt>
      <trkpt lat="30.55355594493448734283447265625" lon="104.04802286066114902496337890625">
        <ele>471</ele>
        <time>2026-09-19T13:18:15.000Z</time>
        <extensions>
          <ns3:TrackPointExtension>
            <ns3:hr>165</ns3:hr>
            <ns3:cad>92</ns3:cad>
          </ns3:TrackPointExtension>
        </extensions>
      </trkpt>
      <trkpt lat="30.553556866943836212158203125" lon="104.04799126088619232177734375">
        <ele>471</ele>
        <time>2026-09-19T13:18:16.000Z</time>
        <extensions>
          <ns3:TrackPointExtension>
            <ns3:hr>165</ns3:hr>
            <ns3:cad>93</ns3:cad>
          </ns3:TrackPointExtension>
        </extensions>
      </trkpt>
      <trkpt lat="30.553556196391582489013671875" lon="104.04796536080539226531982421875">
        <ele>470.79998779296875</ele>
        <time>2026-09-19T13:18:17.000Z</time>
        <extensions>
          <ns3:TrackPointExtension>
            <ns3:hr>165</ns3:hr>
            <ns3:cad>93</ns3:cad>
          </ns3:TrackPointExtension>
        </extensions>
      </trkpt>
      <trkpt lat="30.5535613931715488433837890625" lon="104.0479344315826892852783203125">
        <ele>470.79998779296875</ele>
        <time>2026-09-19T13:18:18.000Z</time>
        <extensions>
          <ns3:TrackPointExtension>
            <ns3:hr>165</ns3:hr>
            <ns3:cad>93</ns3:cad>
          </ns3:TrackPointExtension>
        </extensions>
      </trkpt>
      <trkpt lat="30.5535546876490116119384765625" lon="104.04790769331157207489013671875">
        <ele>470.79998779296875</ele>
        <time>2026-09-19T13:18:19.000Z</time>
        <extensions>
          <ns3:TrackPointExtension>
            <ns3:hr>165</ns3:hr>
            <ns3:cad>93</ns3:cad>
          </ns3:TrackPointExtension>
        </extensions>
      </trkpt>
      <trkpt lat="30.5535533465445041656494140625" lon="104.04787181876599788665771484375">
        <ele>470.600006103515625</ele>
        <time>2026-09-19T13:18:20.000Z</time>
        <extensions>
          <ns3:TrackPointExtension>
            <ns3:hr>165</ns3:hr>
            <ns3:cad>93</ns3:cad>
          </ns3:TrackPointExtension>
        </extensions>
      </trkpt>
      <trkpt lat="30.5535523407161235809326171875" lon="104.04784373939037322998046875">
        <ele>470.600006103515625</ele>
        <time>2026-09-19T13:18:21.000Z</time>
        <extensions>
          <ns3:TrackPointExtension>
            <ns3:hr>164</ns3:hr>
            <ns3:cad>93</ns3:cad>
          </ns3:TrackPointExtension>
        </extensions>
      </trkpt>
      <trkpt lat="30.55355317890644073486328125" lon="104.0478110499680042266845703125">
        <ele>470.600006103515625</ele>
        <time>2026-09-19T13:18:22.000Z</time>
        <extensions>
          <ns3:TrackPointExtension>
            <ns3:hr>164</ns3:hr>
            <ns3:cad>93</ns3:cad>
          </ns3:TrackPointExtension>
        </extensions>
      </trkpt>
      <trkpt lat="30.553550831973552703857421875" lon="104.04778598807752132415771484375">
        <ele>470.600006103515625</ele>
        <time>2026-09-19T13:18:23.000Z</time>
        <extensions>
          <ns3:TrackPointExtension>
            <ns3:hr>164</ns3:hr>
            <ns3:cad>93</ns3:cad>
          </ns3:TrackPointExtension>
        </extensions>
      </trkpt>
      <trkpt lat="30.5535503290593624114990234375" lon="104.0477550588548183441162109375">
        <ele>470.79998779296875</ele>
        <time>2026-09-19T13:18:24.000Z</time>
        <extensions>
          <ns3:TrackPointExtension>
            <ns3:hr>164</ns3:hr>
            <ns3:cad>92</ns3:cad>
          </ns3:TrackPointExtension>
        </extensions>
      </trkpt>
      <trkpt lat="30.5535499937832355499267578125" lon="104.0477302484214305877685546875">
        <ele>471</ele>
        <time>2026-09-19T13:18:25.000Z</time>
        <extensions>
          <ns3:TrackPointExtension>
            <ns3:hr>164</ns3:hr>
            <ns3:cad>91</ns3:cad>
          </ns3:TrackPointExtension>
        </extensions>
      </trkpt>
      <trkpt lat="30.55355242453515529632568359375" lon="104.047705940902233123779296875">
        <ele>471.20001220703125</ele>
        <time>2026-09-19T13:18:26.000Z</time>
        <extensions>
          <ns3:TrackPointExtension>
            <ns3:hr>163</ns3:hr>
            <ns3:cad>91</ns3:cad>
          </ns3:TrackPointExtension>
        </extensions>
      </trkpt>
      <trkpt lat="30.5535509996116161346435546875" lon="104.04767869971692562103271484375">
        <ele>471.20001220703125</ele>
        <time>2026-09-19T13:18:27.000Z</time>
        <extensions>
          <ns3:TrackPointExtension>
            <ns3:hr>163</ns3:hr>
            <ns3:cad>91</ns3:cad>
          </ns3:TrackPointExtension>
        </extensions>
      </trkpt>
      <trkpt lat="30.55355175398290157318115234375" lon="104.04764869250357151031494140625">
        <ele>471</ele>
        <time>2026-09-19T13:18:28.000Z</time>
        <extensions>
          <ns3:TrackPointExtension>
            <ns3:hr>163</ns3:hr>
            <ns3:cad>91</ns3:cad>
          </ns3:TrackPointExtension>
        </extensions>
      </trkpt>
      <trkpt lat="30.55355158634483814239501953125" lon="104.04761767946183681488037109375">
        <ele>471</ele>
        <time>2026-09-19T13:18:29.000Z</time>
        <extensions>
          <ns3:TrackPointExtension>
            <ns3:hr>163</ns3:hr>
            <ns3:cad>91</ns3:cad>
          </ns3:TrackPointExtension>
        </extensions>
      </trkpt>
      <trkpt lat="30.5535511672496795654296875" lon="104.04758716933429241180419921875">
        <ele>470.79998779296875</ele>
        <time>2026-09-19T13:18:30.000Z</time>
        <extensions>
          <ns3:TrackPointExtension>
            <ns3:hr>162</ns3:hr>
            <ns3:cad>92</ns3:cad>
          </ns3:TrackPointExtension>
        </extensions>
      </trkpt>
      <trkpt lat="30.5535489879548549652099609375" lon="104.04755280353128910064697265625">
        <ele>470.79998779296875</ele>
        <time>2026-09-19T13:18:31.000Z</time>
        <extensions>
          <ns3:TrackPointExtension>
            <ns3:hr>162</ns3:hr>
            <ns3:cad>92</ns3:cad>
          </ns3:TrackPointExtension>
        </extensions>
      </trkpt>
      <trkpt lat="30.55354177951812744140625" lon="104.0475294180214405059814453125">
        <ele>470.79998779296875</ele>
        <time>2026-09-19T13:18:32.000Z</time>
        <extensions>
          <ns3:TrackPointExtension>
            <ns3:hr>162</ns3:hr>
            <ns3:cad>93</ns3:cad>
          </ns3:TrackPointExtension>
        </extensions>
      </trkpt>
      <trkpt lat="30.55354655720293521881103515625" lon="104.0474965609610080718994140625">
        <ele>470.79998779296875</ele>
        <time>2026-09-19T13:18:33.000Z</time>
        <extensions>
          <ns3:TrackPointExtension>
            <ns3:hr>162</ns3:hr>
            <ns3:cad>93</ns3:cad>
          </ns3:TrackPointExtension>
        </extensions>
      </trkpt>
      <trkpt lat="30.55354706011712551116943359375" lon="104.047471247613430023193359375">
        <ele>470.79998779296875</ele>
        <time>2026-09-19T13:18:34.000Z</time>
        <extensions>
          <ns3:TrackPointExtension>
            <ns3:hr>162</ns3:hr>
            <ns3:cad>93</ns3:cad>
          </ns3:TrackPointExtension>
        </extensions>
      </trkpt>
      <trkpt lat="30.55354873649775981903076171875" lon="104.04743880964815616607666015625">
        <ele>470.79998779296875</ele>
        <time>2026-09-19T13:18:35.000Z</time>
        <extensions>
          <ns3:TrackPointExtension>
            <ns3:hr>162</ns3:hr>
            <ns3:cad>92</ns3:cad>
          </ns3:TrackPointExtension>
        </extensions>
      </trkpt>
      <trkpt lat="30.55354588665068149566650390625" lon="104.04741433449089527130126953125">
        <ele>470.79998779296875</ele>
        <time>2026-09-19T13:18:36.000Z</time>
        <extensions>
          <ns3:TrackPointExtension>
            <ns3:hr>162</ns3:hr>
            <ns3:cad>93</ns3:cad>
          </ns3:TrackPointExtension>
        </extensions>
      </trkpt>
      <trkpt lat="30.5535560287535190582275390625" lon="104.0473842434585094451904296875">
        <ele>470.79998779296875</ele>
        <time>2026-09-19T13:18:37.000Z</time>
        <extensions>
          <ns3:TrackPointExtension>
            <ns3:hr>161</ns3:hr>
            <ns3:cad>93</ns3:cad>
          </ns3:TrackPointExtension>
        </extensions>
      </trkpt>
      <trkpt lat="30.5535570345818996429443359375" lon="104.0473577566444873809814453125">
        <ele>470.600006103515625</ele>
        <time>2026-09-19T13:18:38.000Z</time>
        <extensions>
          <ns3:TrackPointExtension>
            <ns3:hr>161</ns3:hr>
            <ns3:cad>93</ns3:cad>
          </ns3:TrackPointExtension>
        </extensions>
      </trkpt>
      <trkpt lat="30.5535637401044368743896484375" lon="104.04732473194599151611328125">
        <ele>470.600006103515625</ele>
        <time>2026-09-19T13:18:39.000Z</time>
        <extensions>
          <ns3:TrackPointExtension>
            <ns3:hr>160</ns3:hr>
            <ns3:cad>93</ns3:cad>
          </ns3:TrackPointExtension>
        </extensions>
      </trkpt>
      <trkpt lat="30.5535654164850711822509765625" lon="104.0472972393035888671875">
        <ele>470.399993896484375</ele>
        <time>2026-09-19T13:18:40.000Z</time>
        <extensions>
          <ns3:TrackPointExtension>
            <ns3:hr>160</ns3:hr>
            <ns3:cad>92</ns3:cad>
          </ns3:TrackPointExtension>
        </extensions>
      </trkpt>
      <trkpt lat="30.5535654164850711822509765625" lon="104.04726631008088588714599609375">
        <ele>470.399993896484375</ele>
        <time>2026-09-19T13:18:41.000Z</time>
        <extensions>
          <ns3:TrackPointExtension>
            <ns3:hr>159</ns3:hr>
            <ns3:cad>92</ns3:cad>
          </ns3:TrackPointExtension>
        </extensions>
      </trkpt>
      <trkpt lat="30.55356390774250030517578125" lon="104.04723823070526123046875">
        <ele>470.399993896484375</ele>
        <time>2026-09-19T13:18:42.000Z</time>
        <extensions>
          <ns3:TrackPointExtension>
            <ns3:hr>159</ns3:hr>
            <ns3:cad>92</ns3:cad>
          </ns3:TrackPointExtension>
        </extensions>
      </trkpt>
      <trkpt lat="30.55356466211378574371337890625" lon="104.04720847494900226593017578125">
        <ele>470.399993896484375</ele>
        <time>2026-09-19T13:18:43.000Z</time>
        <extensions>
          <ns3:TrackPointExtension>
            <ns3:hr>159</ns3:hr>
            <ns3:cad>92</ns3:cad>
          </ns3:TrackPointExtension>
        </extensions>
      </trkpt>
      <trkpt lat="30.5535650812089443206787109375" lon="104.0471783839166164398193359375">
        <ele>470.399993896484375</ele>
        <time>2026-09-19T13:18:44.000Z</time>
        <extensions>
          <ns3:TrackPointExtension>
            <ns3:hr>159</ns3:hr>
            <ns3:cad>93</ns3:cad>
          </ns3:TrackPointExtension>
        </extensions>
      </trkpt>
      <trkpt lat="30.55356449447572231292724609375" lon="104.04715198092162609100341796875">
        <ele>470.600006103515625</ele>
        <time>2026-09-19T13:18:45.000Z</time>
        <extensions>
          <ns3:TrackPointExtension>
            <ns3:hr>159</ns3:hr>
            <ns3:cad>93</ns3:cad>
          </ns3:TrackPointExtension>
        </extensions>
      </trkpt>
      <trkpt lat="30.55356650613248348236083984375" lon="104.04712046496570110321044921875">
        <ele>470.600006103515625</ele>
        <time>2026-09-19T13:18:46.000Z</time>
        <extensions>
          <ns3:TrackPointExtension>
            <ns3:hr>159</ns3:hr>
            <ns3:cad>93</ns3:cad>
          </ns3:TrackPointExtension>
        </extensions>
      </trkpt>
      <trkpt lat="30.55356323719024658203125" lon="104.0470945648849010467529296875">
        <ele>470.600006103515625</ele>
        <time>2026-09-19T13:18:47.000Z</time>
        <extensions>
          <ns3:TrackPointExtension>
            <ns3:hr>159</ns3:hr>
            <ns3:cad>91</ns3:cad>
          </ns3:TrackPointExtension>
        </extensions>
      </trkpt>
      <trkpt lat="30.5535613931715488433837890625" lon="104.04706246219575405120849609375">
        <ele>470.600006103515625</ele>
        <time>2026-09-19T13:18:48.000Z</time>
        <extensions>
          <ns3:TrackPointExtension>
            <ns3:hr>159</ns3:hr>
            <ns3:cad>91</ns3:cad>
          </ns3:TrackPointExtension>
        </extensions>
      </trkpt>
      <trkpt lat="30.55356063880026340484619140625" lon="104.047032706439495086669921875">
        <ele>470.600006103515625</ele>
        <time>2026-09-19T13:18:49.000Z</time>
        <extensions>
          <ns3:TrackPointExtension>
            <ns3:hr>159</ns3:hr>
            <ns3:cad>90</ns3:cad>
          </ns3:TrackPointExtension>
        </extensions>
      </trkpt>
      <trkpt lat="30.553558878600597381591796875" lon="104.0470030345022678375244140625">
        <ele>470.600006103515625</ele>
        <time>2026-09-19T13:18:50.000Z</time>
        <extensions>
          <ns3:TrackPointExtension>
            <ns3:hr>160</ns3:hr>
            <ns3:cad>90</ns3:cad>
          </ns3:TrackPointExtension>
        </extensions>
      </trkpt>
      <trkpt lat="30.55355527438223361968994140625" lon="104.0469778887927532196044921875">
        <ele>470.600006103515625</ele>
        <time>2026-09-19T13:18:51.000Z</time>
        <extensions>
          <ns3:TrackPointExtension>
            <ns3:hr>160</ns3:hr>
            <ns3:cad>90</ns3:cad>
          </ns3:TrackPointExtension>
        </extensions>
      </trkpt>
      <trkpt lat="30.5535538494586944580078125" lon="104.0469436906278133392333984375">
        <ele>470.600006103515625</ele>
        <time>2026-09-19T13:18:52.000Z</time>
        <extensions>
          <ns3:TrackPointExtension>
            <ns3:hr>160</ns3:hr>
            <ns3:cad>90</ns3:cad>
          </ns3:TrackPointExtension>
        </extensions>
      </trkpt>
      <trkpt lat="30.55355208925902843475341796875" lon="104.04691661708056926727294921875">
        <ele>470.600006103515625</ele>
        <time>2026-09-19T13:18:53.000Z</time>
        <extensions>
          <ns3:TrackPointExtension>
            <ns3:hr>160</ns3:hr>
            <ns3:cad>91</ns3:cad>
          </ns3:TrackPointExtension>
        </extensions>
      </trkpt>
      <trkpt lat="30.5535538494586944580078125" lon="104.04688241891562938690185546875">
        <ele>470.399993896484375</ele>
        <time>2026-09-19T13:18:54.000Z</time>
        <extensions>
          <ns3:TrackPointExtension>
            <ns3:hr>159</ns3:hr>
            <ns3:cad>92</ns3:cad>
          </ns3:TrackPointExtension>
        </extensions>
      </trkpt>
      <trkpt lat="30.55355393327772617340087890625" lon="104.04685660265386104583740234375">
        <ele>470.399993896484375</ele>
        <time>2026-09-19T13:18:55.000Z</time>
        <extensions>
          <ns3:TrackPointExtension>
            <ns3:hr>159</ns3:hr>
            <ns3:cad>92</ns3:cad>
          </ns3:TrackPointExtension>
        </extensions>
      </trkpt>
      <trkpt lat="30.55355477146804332733154296875" lon="104.04682827182114124298095703125">
        <ele>470.399993896484375</ele>
        <time>2026-09-19T13:18:56.000Z</time>
        <extensions>
          <ns3:TrackPointExtension>
            <ns3:hr>159</ns3:hr>
            <ns3:cad>92</ns3:cad>
          </ns3:TrackPointExtension>
        </extensions>
      </trkpt>
      <trkpt lat="30.55355594493448734283447265625" lon="104.04680010862648487091064453125">
        <ele>470.399993896484375</ele>
        <time>2026-09-19T13:18:57.000Z</time>
        <extensions>
          <ns3:TrackPointExtension>
            <ns3:hr>159</ns3:hr>
            <ns3:cad>92</ns3:cad>
          </ns3:TrackPointExtension>
        </extensions>
      </trkpt>
      <trkpt lat="30.55355762131512165069580078125" lon="104.0467680059373378753662109375">
        <ele>470.399993896484375</ele>
        <time>2026-09-19T13:18:58.000Z</time>
        <extensions>
          <ns3:TrackPointExtension>
            <ns3:hr>159</ns3:hr>
            <ns3:cad>92</ns3:cad>
          </ns3:TrackPointExtension>
        </extensions>
      </trkpt>
      <trkpt lat="30.553556866943836212158203125" lon="104.046739675104618072509765625">
        <ele>470.399993896484375</ele>
        <time>2026-09-19T13:18:59.000Z</time>
        <extensions>
          <ns3:TrackPointExtension>
            <ns3:hr>159</ns3:hr>
            <ns3:cad>92</ns3:cad>
          </ns3:TrackPointExtension>
        </extensions>
      </trkpt>
      <trkpt lat="30.55355896241962909698486328125" lon="104.0467058122158050537109375">
        <ele>470.399993896484375</ele>
        <time>2026-09-19T13:19:00.000Z</time>
        <extensions>
          <ns3:TrackPointExtension>
            <ns3:hr>159</ns3:hr>
            <ns3:cad>92</ns3:cad>
          </ns3:TrackPointExtension>
        </extensions>
      </trkpt>
      <trkpt lat="30.5535587109625339508056640625" lon="104.04667605645954608917236328125">
        <ele>470.399993896484375</ele>
        <time>2026-09-19T13:19:01.000Z</time>
        <extensions>
          <ns3:TrackPointExtension>
            <ns3:hr>159</ns3:hr>
            <ns3:cad>92</ns3:cad>
          </ns3:TrackPointExtension>
        </extensions>
      </trkpt>
      <trkpt lat="30.553564243018627166748046875" lon="104.046637080609798431396484375">
        <ele>470.399993896484375</ele>
        <time>2026-09-19T13:19:02.000Z</time>
        <extensions>
          <ns3:TrackPointExtension>
            <ns3:hr>159</ns3:hr>
            <ns3:cad>92</ns3:cad>
          </ns3:TrackPointExtension>
        </extensions>
      </trkpt>
      <trkpt lat="30.5535583756864070892333984375" lon="104.0466107614338397979736328125">
        <ele>470.20001220703125</ele>
        <time>2026-09-19T13:19:03.000Z</time>
        <extensions>
          <ns3:TrackPointExtension>
            <ns3:hr>159</ns3:hr>
            <ns3:cad>92</ns3:cad>
          </ns3:TrackPointExtension>
        </extensions>
      </trkpt>
      <trkpt lat="30.55354990996420383453369140625" lon="104.0465819276869297027587890625">
        <ele>470.20001220703125</ele>
        <time>2026-09-19T13:19:04.000Z</time>
        <extensions>
          <ns3:TrackPointExtension>
            <ns3:hr>159</ns3:hr>
            <ns3:cad>91</ns3:cad>
          </ns3:TrackPointExtension>
        </extensions>
      </trkpt>
      <trkpt lat="30.55353649891912937164306640625" lon="104.04655904509127140045166015625">
        <ele>470.20001220703125</ele>
        <time>2026-09-19T13:19:05.000Z</time>
        <extensions>
          <ns3:TrackPointExtension>
            <ns3:hr>159</ns3:hr>
            <ns3:cad>91</ns3:cad>
          </ns3:TrackPointExtension>
        </extensions>
      </trkpt>
      <trkpt lat="30.5535191483795642852783203125" lon="104.0465366654098033905029296875">
        <ele>470.20001220703125</ele>
        <time>2026-09-19T13:19:06.000Z</time>
        <extensions>
          <ns3:TrackPointExtension>
            <ns3:hr>159</ns3:hr>
            <ns3:cad>91</ns3:cad>
          </ns3:TrackPointExtension>
        </extensions>
      </trkpt>
      <trkpt lat="30.553499870002269744873046875" lon="104.046509675681591033935546875">
        <ele>470.20001220703125</ele>
        <time>2026-09-19T13:19:07.000Z</time>
        <extensions>
          <ns3:TrackPointExtension>
            <ns3:hr>158</ns3:hr>
            <ns3:cad>91</ns3:cad>
          </ns3:TrackPointExtension>
        </extensions>
      </trkpt>
      <trkpt lat="30.5534802563488483428955078125" lon="104.04648293741047382354736328125">
        <ele>470.399993896484375</ele>
        <time>2026-09-19T13:19:08.000Z</time>
        <extensions>
          <ns3:TrackPointExtension>
            <ns3:hr>158</ns3:hr>
            <ns3:cad>91</ns3:cad>
          </ns3:TrackPointExtension>
        </extensions>
      </trkpt>
      <trkpt lat="30.55346609093248844146728515625" lon="104.0464662574231624603271484375">
        <ele>470.399993896484375</ele>
        <time>2026-09-19T13:19:09.000Z</time>
        <extensions>
          <ns3:TrackPointExtension>
            <ns3:hr>158</ns3:hr>
            <ns3:cad>91</ns3:cad>
          </ns3:TrackPointExtension>
        </extensions>
      </trkpt>
      <trkpt lat="30.55344530381262302398681640625" lon="104.04645024798810482025146484375">
        <ele>470.600006103515625</ele>
        <time>2026-09-19T13:19:10.000Z</time>
        <extensions>
          <ns3:TrackPointExtension>
            <ns3:hr>158</ns3:hr>
            <ns3:cad>91</ns3:cad>
          </ns3:TrackPointExtension>
        </extensions>
      </trkpt>
      <trkpt lat="30.553425438702106475830078125" lon="104.0464424528181552886962890625">
        <ele>470.600006103515625</ele>
        <time>2026-09-19T13:19:11.000Z</time>
        <extensions>
          <ns3:TrackPointExtension>
            <ns3:hr>158</ns3:hr>
            <ns3:cad>90</ns3:cad>
          </ns3:TrackPointExtension>
        </extensions>
      </trkpt>
      <trkpt lat="30.5534028075635433197021484375" lon="104.04642753303050994873046875">
        <ele>470.600006103515625</ele>
        <time>2026-09-19T13:19:12.000Z</time>
        <extensions>
          <ns3:TrackPointExtension>
            <ns3:hr>158</ns3:hr>
            <ns3:cad>90</ns3:cad>
          </ns3:TrackPointExtension>
        </extensions>
      </trkpt>
      <trkpt lat="30.55338026024401187896728515625" lon="104.0464176423847675323486328125">
        <ele>470.79998779296875</ele>
        <time>2026-09-19T13:19:13.000Z</time>
        <extensions>
          <ns3:TrackPointExtension>
            <ns3:hr>159</ns3:hr>
            <ns3:cad>90</ns3:cad>
          </ns3:TrackPointExtension>
        </extensions>
      </trkpt>
      <trkpt lat="30.5533558689057826995849609375" lon="104.04640548862516880035400390625">
        <ele>471</ele>
        <time>2026-09-19T13:19:14.000Z</time>
        <extensions>
          <ns3:TrackPointExtension>
            <ns3:hr>159</ns3:hr>
            <ns3:cad>90</ns3:cad>
          </ns3:TrackPointExtension>
        </extensions>
      </trkpt>
      <trkpt lat="30.5533354170620441436767578125" lon="104.0463951788842678070068359375">
        <ele>471</ele>
        <time>2026-09-19T13:19:15.000Z</time>
        <extensions>
          <ns3:TrackPointExtension>
            <ns3:hr>158</ns3:hr>
            <ns3:cad>90</ns3:cad>
          </ns3:TrackPointExtension>
        </extensions>
      </trkpt>
      <trkpt lat="30.553312115371227264404296875" lon="104.04637715779244899749755859375">
        <ele>471</ele>
        <time>2026-09-19T13:19:16.000Z</time>
        <extensions>
          <ns3:TrackPointExtension>
            <ns3:hr>158</ns3:hr>
            <ns3:cad>90</ns3:cad>
          </ns3:TrackPointExtension>
        </extensions>
      </trkpt>
      <trkpt lat="30.5532896518707275390625" lon="104.04636324383318424224853515625">
        <ele>471.20001220703125</ele>
        <time>2026-09-19T13:19:17.000Z</time>
        <extensions>
          <ns3:TrackPointExtension>
            <ns3:hr>158</ns3:hr>
            <ns3:cad>90</ns3:cad>
          </ns3:TrackPointExtension>
        </extensions>
      </trkpt>
      <trkpt lat="30.55326207540929317474365234375" lon="104.04634379781782627105712890625">
        <ele>471</ele>
        <time>2026-09-19T13:19:18.000Z</time>
        <extensions>
          <ns3:TrackPointExtension>
            <ns3:hr>158</ns3:hr>
            <ns3:cad>90</ns3:cad>
          </ns3:TrackPointExtension>
        </extensions>
      </trkpt>
      <trkpt lat="30.55323609150946140289306640625" lon="104.04632820747792720794677734375">
        <ele>471</ele>
        <time>2026-09-19T13:19:19.000Z</time>
        <extensions>
          <ns3:TrackPointExtension>
            <ns3:hr>158</ns3:hr>
            <ns3:cad>92</ns3:cad>
          </ns3:TrackPointExtension>
        </extensions>
      </trkpt>
      <trkpt lat="30.55321253836154937744140625" lon="104.0463160537183284759521484375">
        <ele>471</ele>
        <time>2026-09-19T13:19:20.000Z</time>
        <extensions>
          <ns3:TrackPointExtension>
            <ns3:hr>159</ns3:hr>
            <ns3:cad>92</ns3:cad>
          </ns3:TrackPointExtension>
        </extensions>
      </trkpt>
      <trkpt lat="30.55318563245236873626708984375" lon="104.04630758799612522125244140625">
        <ele>471</ele>
        <time>2026-09-19T13:19:21.000Z</time>
        <extensions>
          <ns3:TrackPointExtension>
            <ns3:hr>159</ns3:hr>
            <ns3:cad>92</ns3:cad>
          </ns3:TrackPointExtension>
        </extensions>
      </trkpt>
      <trkpt lat="30.5531610734760761260986328125" lon="104.0462996251881122589111328125">
        <ele>471</ele>
        <time>2026-09-19T13:19:22.000Z</time>
        <extensions>
          <ns3:TrackPointExtension>
            <ns3:hr>160</ns3:hr>
            <ns3:cad>92</ns3:cad>
          </ns3:TrackPointExtension>
        </extensions>
      </trkpt>
      <trkpt lat="30.55313366465270519256591796875" lon="104.04629350639879703521728515625">
        <ele>471</ele>
        <time>2026-09-19T13:19:23.000Z</time>
        <extensions>
          <ns3:TrackPointExtension>
            <ns3:hr>160</ns3:hr>
            <ns3:cad>92</ns3:cad>
          </ns3:TrackPointExtension>
        </extensions>
      </trkpt>
      <trkpt lat="30.5531104467809200286865234375" lon="104.04629216529428958892822265625">
        <ele>471</ele>
        <time>2026-09-19T13:19:24.000Z</time>
        <extensions>
          <ns3:TrackPointExtension>
            <ns3:hr>160</ns3:hr>
            <ns3:cad>92</ns3:cad>
          </ns3:TrackPointExtension>
        </extensions>
      </trkpt>
      <trkpt lat="30.5530816130340099334716796875" lon="104.0462909080088138580322265625">
        <ele>471</ele>
        <time>2026-09-19T13:19:25.000Z</time>
        <extensions>
          <ns3:TrackPointExtension>
            <ns3:hr>160</ns3:hr>
            <ns3:cad>91</ns3:cad>
          </ns3:TrackPointExtension>
        </extensions>
      </trkpt>
      <trkpt lat="30.55305805988609790802001953125" lon="104.04628646560013294219970703125">
        <ele>471</ele>
        <time>2026-09-19T13:19:26.000Z</time>
        <extensions>
          <ns3:TrackPointExtension>
            <ns3:hr>161</ns3:hr>
            <ns3:cad>91</ns3:cad>
          </ns3:TrackPointExtension>
        </extensions>
      </trkpt>
      <trkpt lat="30.55302822031080722808837890625" lon="104.04628403484821319580078125">
        <ele>470.79998779296875</ele>
        <time>2026-09-19T13:19:27.000Z</time>
        <extensions>
          <ns3:TrackPointExtension>
            <ns3:hr>161</ns3:hr>
            <ns3:cad>92</ns3:cad>
          </ns3:TrackPointExtension>
        </extensions>
      </trkpt>
      <trkpt lat="30.55300726555287837982177734375" lon="104.046285040676593780517578125">
        <ele>470.79998779296875</ele>
        <time>2026-09-19T13:19:28.000Z</time>
        <extensions>
          <ns3:TrackPointExtension>
            <ns3:hr>161</ns3:hr>
            <ns3:cad>93</ns3:cad>
          </ns3:TrackPointExtension>
        </extensions>
      </trkpt>
      <trkpt lat="30.5529771745204925537109375" lon="104.046280346810817718505859375">
        <ele>470.79998779296875</ele>
        <time>2026-09-19T13:19:29.000Z</time>
        <extensions>
          <ns3:TrackPointExtension>
            <ns3:hr>161</ns3:hr>
            <ns3:cad>93</ns3:cad>
          </ns3:TrackPointExtension>
        </extensions>
      </trkpt>
      <trkpt lat="30.552954711019992828369140625" lon="104.04628193937242031097412109375">
        <ele>470.79998779296875</ele>
        <time>2026-09-19T13:19:30.000Z</time>
        <extensions>
          <ns3:TrackPointExtension>
            <ns3:hr>161</ns3:hr>
            <ns3:cad>92</ns3:cad>
          </ns3:TrackPointExtension>
        </extensions>
      </trkpt>
      <trkpt lat="30.552925877273082733154296875" lon="104.0462838672101497650146484375">
        <ele>470.79998779296875</ele>
        <time>2026-09-19T13:19:31.000Z</time>
        <extensions>
          <ns3:TrackPointExtension>
            <ns3:hr>161</ns3:hr>
            <ns3:cad>91</ns3:cad>
          </ns3:TrackPointExtension>
        </extensions>
      </trkpt>
      <trkpt lat="30.5528938584029674530029296875" lon="104.04628780670464038848876953125">
        <ele>470.79998779296875</ele>
        <time>2026-09-19T13:19:32.000Z</time>
        <extensions>
          <ns3:TrackPointExtension>
            <ns3:hr>160</ns3:hr>
            <ns3:cad>91</ns3:cad>
          </ns3:TrackPointExtension>
        </extensions>
      </trkpt>
      <trkpt lat="30.552871562540531158447265625" lon="104.04629484750330448150634765625">
        <ele>470.79998779296875</ele>
        <time>2026-09-19T13:19:33.000Z</time>
        <extensions>
          <ns3:TrackPointExtension>
            <ns3:hr>161</ns3:hr>
            <ns3:cad>91</ns3:cad>
          </ns3:TrackPointExtension>
        </extensions>
      </trkpt>
      <trkpt lat="30.55284373462200164794921875" lon="104.0463046543300151824951171875">
        <ele>470.79998779296875</ele>
        <time>2026-09-19T13:19:34.000Z</time>
        <extensions>
          <ns3:TrackPointExtension>
            <ns3:hr>161</ns3:hr>
            <ns3:cad>92</ns3:cad>
          </ns3:TrackPointExtension>
        </extensions>
      </trkpt>
      <trkpt lat="30.55282722227275371551513671875" lon="104.04632292687892913818359375">
        <ele>470.79998779296875</ele>
        <time>2026-09-19T13:19:35.000Z</time>
        <extensions>
          <ns3:TrackPointExtension>
            <ns3:hr>161</ns3:hr>
            <ns3:cad>92</ns3:cad>
          </ns3:TrackPointExtension>
        </extensions>
      </trkpt>
      <trkpt lat="30.552799813449382781982421875" lon="104.04633709229528903961181640625">
        <ele>471</ele>
        <time>2026-09-19T13:19:36.000Z</time>
        <extensions>
          <ns3:TrackPointExtension>
            <ns3:hr>162</ns3:hr>
            <ns3:cad>93</ns3:cad>
          </ns3:TrackPointExtension>
        </extensions>
      </trkpt>
      <trkpt lat="30.55278095416724681854248046875" lon="104.0463517606258392333984375">
        <ele>471.20001220703125</ele>
        <time>2026-09-19T13:19:37.000Z</time>
        <extensions>
          <ns3:TrackPointExtension>
            <ns3:hr>161</ns3:hr>
            <ns3:cad>94</ns3:cad>
          </ns3:TrackPointExtension>
        </extensions>
      </trkpt>
      <trkpt lat="30.552754215896129608154296875" lon="104.04636139981448650360107421875">
        <ele>471.20001220703125</ele>
        <time>2026-09-19T13:19:38.000Z</time>
        <extensions>
          <ns3:TrackPointExtension>
            <ns3:hr>161</ns3:hr>
            <ns3:cad>94</ns3:cad>
          </ns3:TrackPointExtension>
        </extensions>
      </trkpt>
      <trkpt lat="30.5527379550039768218994140625" lon="104.04637430794537067413330078125">
        <ele>471.20001220703125</ele>
        <time>2026-09-19T13:19:39.000Z</time>
        <extensions>
          <ns3:TrackPointExtension>
            <ns3:hr>161</ns3:hr>
            <ns3:cad>92</ns3:cad>
          </ns3:TrackPointExtension>
        </extensions>
      </trkpt>
      <trkpt lat="30.55271322838962078094482421875" lon="104.04638872481882572174072265625">
        <ele>471.20001220703125</ele>
        <time>2026-09-19T13:19:40.000Z</time>
        <extensions>
          <ns3:TrackPointExtension>
            <ns3:hr>161</ns3:hr>
            <ns3:cad>92</ns3:cad>
          </ns3:TrackPointExtension>
        </extensions>
      </trkpt>
      <trkpt lat="30.55269512347877025604248046875" lon="104.04640800319612026214599609375">
        <ele>471.20001220703125</ele>
        <time>2026-09-19T13:19:41.000Z</time>
        <extensions>
          <ns3:TrackPointExtension>
            <ns3:hr>161</ns3:hr>
            <ns3:cad>92</ns3:cad>
          </ns3:TrackPointExtension>
        </extensions>
      </trkpt>
      <trkpt lat="30.55267316289246082305908203125" lon="104.04642216861248016357421875">
        <ele>471.20001220703125</ele>
        <time>2026-09-19T13:19:42.000Z</time>
        <extensions>
          <ns3:TrackPointExtension>
            <ns3:hr>161</ns3:hr>
            <ns3:cad>92</ns3:cad>
          </ns3:TrackPointExtension>
        </extensions>
      </trkpt>
      <trkpt lat="30.55265002883970737457275390625" lon="104.0464407764375209808349609375">
        <ele>471.20001220703125</ele>
        <time>2026-09-19T13:19:43.000Z</time>
        <extensions>
          <ns3:TrackPointExtension>
            <ns3:hr>161</ns3:hr>
            <ns3:cad>93</ns3:cad>
          </ns3:TrackPointExtension>
        </extensions>
      </trkpt>
      <trkpt lat="30.55262706242501735687255859375" lon="104.0464504994451999664306640625">
        <ele>471.20001220703125</ele>
        <time>2026-09-19T13:19:44.000Z</time>
        <extensions>
          <ns3:TrackPointExtension>
            <ns3:hr>161</ns3:hr>
            <ns3:cad>93</ns3:cad>
          </ns3:TrackPointExtension>
        </extensions>
      </trkpt>
      <trkpt lat="30.5526014976203441619873046875" lon="104.04646215029060840606689453125">
        <ele>471.399993896484375</ele>
        <time>2026-09-19T13:19:45.000Z</time>
        <extensions>
          <ns3:TrackPointExtension>
            <ns3:hr>160</ns3:hr>
            <ns3:cad>93</ns3:cad>
          </ns3:TrackPointExtension>
        </extensions>
      </trkpt>
      <trkpt lat="30.55258112959563732147216796875" lon="104.04647044837474822998046875">
        <ele>471.399993896484375</ele>
        <time>2026-09-19T13:19:46.000Z</time>
        <extensions>
          <ns3:TrackPointExtension>
            <ns3:hr>161</ns3:hr>
            <ns3:cad>93</ns3:cad>
          </ns3:TrackPointExtension>
        </extensions>
      </trkpt>
      <trkpt lat="30.55255782790482044219970703125" lon="104.04647975228726863861083984375">
        <ele>471.600006103515625</ele>
        <time>2026-09-19T13:19:47.000Z</time>
        <extensions>
          <ns3:TrackPointExtension>
            <ns3:hr>161</ns3:hr>
            <ns3:cad>93</ns3:cad>
          </ns3:TrackPointExtension>
        </extensions>
      </trkpt>
      <trkpt lat="30.552538968622684478759765625" lon="104.046488888561725616455078125">
        <ele>471.600006103515625</ele>
        <time>2026-09-19T13:19:48.000Z</time>
        <extensions>
          <ns3:TrackPointExtension>
            <ns3:hr>161</ns3:hr>
            <ns3:cad>93</ns3:cad>
          </ns3:TrackPointExtension>
        </extensions>
      </trkpt>
      <trkpt lat="30.5525103025138378143310546875" lon="104.04649852775037288665771484375">
        <ele>471.600006103515625</ele>
        <time>2026-09-19T13:19:49.000Z</time>
        <extensions>
          <ns3:TrackPointExtension>
            <ns3:hr>160</ns3:hr>
            <ns3:cad>92</ns3:cad>
          </ns3:TrackPointExtension>
        </extensions>
      </trkpt>
      <trkpt lat="30.55249010212719440460205078125" lon="104.04650724492967128753662109375">
        <ele>471.600006103515625</ele>
        <time>2026-09-19T13:19:50.000Z</time>
        <extensions>
          <ns3:TrackPointExtension>
            <ns3:hr>161</ns3:hr>
            <ns3:cad>93</ns3:cad>
          </ns3:TrackPointExtension>
        </extensions>
      </trkpt>
      <trkpt lat="30.5524610169231891632080078125" lon="104.04651596210896968841552734375">
        <ele>471.79998779296875</ele>
        <time>2026-09-19T13:19:51.000Z</time>
        <extensions>
          <ns3:TrackPointExtension>
            <ns3:hr>161</ns3:hr>
            <ns3:cad>92</ns3:cad>
          </ns3:TrackPointExtension>
        </extensions>
      </trkpt>
      <trkpt lat="30.5524432472884654998779296875" lon="104.0465239249169826507568359375">
        <ele>471.79998779296875</ele>
        <time>2026-09-19T13:19:52.000Z</time>
        <extensions>
          <ns3:TrackPointExtension>
            <ns3:hr>160</ns3:hr>
            <ns3:cad>92</ns3:cad>
          </ns3:TrackPointExtension>
        </extensions>
      </trkpt>
      <trkpt lat="30.55241550318896770477294921875" lon="104.04652534984052181243896484375">
        <ele>471.79998779296875</ele>
        <time>2026-09-19T13:19:53.000Z</time>
        <extensions>
          <ns3:TrackPointExtension>
            <ns3:hr>161</ns3:hr>
            <ns3:cad>92</ns3:cad>
          </ns3:TrackPointExtension>
        </extensions>
      </trkpt>
      <trkpt lat="30.5523942969739437103271484375" lon="104.04652585275471210479736328125">
        <ele>471.79998779296875</ele>
        <time>2026-09-19T13:19:54.000Z</time>
        <extensions>
          <ns3:TrackPointExtension>
            <ns3:hr>160</ns3:hr>
            <ns3:cad>92</ns3:cad>
          </ns3:TrackPointExtension>
        </extensions>
      </trkpt>
      <trkpt lat="30.55236655287444591522216796875" lon="104.04652006924152374267578125">
        <ele>471.79998779296875</ele>
        <time>2026-09-19T13:19:55.000Z</time>
        <extensions>
          <ns3:TrackPointExtension>
            <ns3:hr>160</ns3:hr>
            <ns3:cad>93</ns3:cad>
          </ns3:TrackPointExtension>
        </extensions>
      </trkpt>
      <trkpt lat="30.55234677158296108245849609375" lon="104.04651881195604801177978515625">
        <ele>471.79998779296875</ele>
        <time>2026-09-19T13:19:56.000Z</time>
        <extensions>
          <ns3:TrackPointExtension>
            <ns3:hr>160</ns3:hr>
            <ns3:cad>92</ns3:cad>
          </ns3:TrackPointExtension>
        </extensions>
      </trkpt>
      <trkpt lat="30.5523191951215267181396484375" lon="104.046511352062225341796875">
        <ele>472</ele>
        <time>2026-09-19T13:19:57.000Z</time>
        <extensions>
          <ns3:TrackPointExtension>
            <ns3:hr>161</ns3:hr>
            <ns3:cad>92</ns3:cad>
          </ns3:TrackPointExtension>
        </extensions>
      </trkpt>
      <trkpt lat="30.55229731835424900054931640625" lon="104.0465078316628932952880859375">
        <ele>472</ele>
        <time>2026-09-19T13:19:58.000Z</time>
        <extensions>
          <ns3:TrackPointExtension>
            <ns3:hr>161</ns3:hr>
            <ns3:cad>92</ns3:cad>
          </ns3:TrackPointExtension>
        </extensions>
      </trkpt>
      <trkpt lat="30.55227083154022693634033203125" lon="104.04650674201548099517822265625">
        <ele>472</ele>
        <time>2026-09-19T13:19:59.000Z</time>
        <extensions>
          <ns3:TrackPointExtension>
            <ns3:hr>161</ns3:hr>
            <ns3:cad>92</ns3:cad>
          </ns3:TrackPointExtension>
        </extensions>
      </trkpt>
      <trkpt lat="30.55224719457328319549560546875" lon="104.046515040099620819091796875">
        <ele>472</ele>
        <time>2026-09-19T13:20:00.000Z</time>
        <extensions>
          <ns3:TrackPointExtension>
            <ns3:hr>161</ns3:hr>
            <ns3:cad>92</ns3:cad>
          </ns3:TrackPointExtension>
        </extensions>
      </trkpt>
      <trkpt lat="30.5522226355969905853271484375" lon="104.04651763848960399627685546875">
        <ele>471.79998779296875</ele>
        <time>2026-09-19T13:20:01.000Z</time>
        <extensions>
          <ns3:TrackPointExtension>
            <ns3:hr>160</ns3:hr>
            <ns3:cad>92</ns3:cad>
          </ns3:TrackPointExtension>
        </extensions>
      </trkpt>
      <trkpt lat="30.5521966516971588134765625" lon="104.04651872813701629638671875">
        <ele>471.79998779296875</ele>
        <time>2026-09-19T13:20:02.000Z</time>
        <extensions>
          <ns3:TrackPointExtension>
            <ns3:hr>161</ns3:hr>
            <ns3:cad>93</ns3:cad>
          </ns3:TrackPointExtension>
        </extensions>
      </trkpt>
      <trkpt lat="30.55217242799699306488037109375" lon="104.0465252660214900970458984375">
        <ele>471.79998779296875</ele>
        <time>2026-09-19T13:20:03.000Z</time>
        <extensions>
          <ns3:TrackPointExtension>
            <ns3:hr>161</ns3:hr>
            <ns3:cad>93</ns3:cad>
          </ns3:TrackPointExtension>
        </extensions>
      </trkpt>
      <trkpt lat="30.55214292369782924652099609375" lon="104.0465296246111392974853515625">
        <ele>471.79998779296875</ele>
        <time>2026-09-19T13:20:04.000Z</time>
        <extensions>
          <ns3:TrackPointExtension>
            <ns3:hr>160</ns3:hr>
            <ns3:cad>93</ns3:cad>
          </ns3:TrackPointExtension>
        </extensions>
      </trkpt>
      <trkpt lat="30.552121885120868682861328125" lon="104.0465376712381839752197265625">
        <ele>471.79998779296875</ele>
        <time>2026-09-19T13:20:05.000Z</time>
        <extensions>
          <ns3:TrackPointExtension>
            <ns3:hr>161</ns3:hr>
            <ns3:cad>92</ns3:cad>
          </ns3:TrackPointExtension>
        </extensions>
      </trkpt>
      <trkpt lat="30.55209179408848285675048828125" lon="104.04653892852365970611572265625">
        <ele>471.79998779296875</ele>
        <time>2026-09-19T13:20:06.000Z</time>
        <extensions>
          <ns3:TrackPointExtension>
            <ns3:hr>160</ns3:hr>
            <ns3:cad>93</ns3:cad>
          </ns3:TrackPointExtension>
        </extensions>
      </trkpt>
      <trkpt lat="30.55207234807312488555908203125" lon="104.046545214951038360595703125">
        <ele>471.600006103515625</ele>
        <time>2026-09-19T13:20:07.000Z</time>
        <extensions>
          <ns3:TrackPointExtension>
            <ns3:hr>160</ns3:hr>
            <ns3:cad>92</ns3:cad>
          </ns3:TrackPointExtension>
        </extensions>
      </trkpt>
      <trkpt lat="30.552042089402675628662109375" lon="104.0465463884174823760986328125">
        <ele>471.600006103515625</ele>
        <time>2026-09-19T13:20:08.000Z</time>
        <extensions>
          <ns3:TrackPointExtension>
            <ns3:hr>160</ns3:hr>
            <ns3:cad>92</ns3:cad>
          </ns3:TrackPointExtension>
        </extensions>
      </trkpt>
      <trkpt lat="30.55202163755893707275390625" lon="104.04655284248292446136474609375">
        <ele>471.600006103515625</ele>
        <time>2026-09-19T13:20:09.000Z</time>
        <extensions>
          <ns3:TrackPointExtension>
            <ns3:hr>161</ns3:hr>
            <ns3:cad>92</ns3:cad>
          </ns3:TrackPointExtension>
        </extensions>
      </trkpt>
      <trkpt lat="30.55199481546878814697265625" lon="104.0465507470071315765380859375">
        <ele>471.600006103515625</ele>
        <time>2026-09-19T13:20:10.000Z</time>
        <extensions>
          <ns3:TrackPointExtension>
            <ns3:hr>160</ns3:hr>
            <ns3:cad>92</ns3:cad>
          </ns3:TrackPointExtension>
        </extensions>
      </trkpt>
      <trkpt lat="30.5519735254347324371337890625" lon="104.046553932130336761474609375">
        <ele>471.600006103515625</ele>
        <time>2026-09-19T13:20:11.000Z</time>
        <extensions>
          <ns3:TrackPointExtension>
            <ns3:hr>160</ns3:hr>
            <ns3:cad>93</ns3:cad>
          </ns3:TrackPointExtension>
        </extensions>
      </trkpt>
      <trkpt lat="30.551944859325885772705078125" lon="104.04654881916940212249755859375">
        <ele>471.79998779296875</ele>
        <time>2026-09-19T13:20:12.000Z</time>
        <extensions>
          <ns3:TrackPointExtension>
            <ns3:hr>160</ns3:hr>
            <ns3:cad>93</ns3:cad>
          </ns3:TrackPointExtension>
        </extensions>
      </trkpt>
      <trkpt lat="30.5519285984337329864501953125" lon="104.0465527586638927459716796875">
        <ele>471.79998779296875</ele>
        <time>2026-09-19T13:20:13.000Z</time>
        <extensions>
          <ns3:TrackPointExtension>
            <ns3:hr>160</ns3:hr>
            <ns3:cad>93</ns3:cad>
          </ns3:TrackPointExtension>
        </extensions>
      </trkpt>
      <trkpt lat="30.5518989264965057373046875" lon="104.0465470589697360992431640625">
        <ele>471.79998779296875</ele>
        <time>2026-09-19T13:20:14.000Z</time>
        <extensions>
          <ns3:TrackPointExtension>
            <ns3:hr>160</ns3:hr>
            <ns3:cad>93</ns3:cad>
          </ns3:TrackPointExtension>
        </extensions>
      </trkpt>
      <trkpt lat="30.55187721736729145050048828125" lon="104.04654680751264095306396484375">
        <ele>471.79998779296875</ele>
        <time>2026-09-19T13:20:15.000Z</time>
        <extensions>
          <ns3:TrackPointExtension>
            <ns3:hr>160</ns3:hr>
            <ns3:cad>92</ns3:cad>
          </ns3:TrackPointExtension>
        </extensions>
      </trkpt>
      <trkpt lat="30.5518560111522674560546875" lon="104.04654479585587978363037109375">
        <ele>471.79998779296875</ele>
        <time>2026-09-19T13:20:16.000Z</time>
        <extensions>
          <ns3:TrackPointExtension>
            <ns3:hr>160</ns3:hr>
            <ns3:cad>91</ns3:cad>
          </ns3:TrackPointExtension>
        </extensions>
      </trkpt>
      <trkpt lat="30.55183111689984798431396484375" lon="104.0465363301336765289306640625">
        <ele>471.600006103515625</ele>
        <time>2026-09-19T13:20:17.000Z</time>
        <extensions>
          <ns3:TrackPointExtension>
            <ns3:hr>159</ns3:hr>
            <ns3:cad>91</ns3:cad>
          </ns3:TrackPointExtension>
        </extensions>
      </trkpt>
      <trkpt lat="30.551814101636409759521484375" lon="104.04653356410562992095947265625">
        <ele>471.600006103515625</ele>
        <time>2026-09-19T13:20:18.000Z</time>
        <extensions>
          <ns3:TrackPointExtension>
            <ns3:hr>159</ns3:hr>
            <ns3:cad>91</ns3:cad>
          </ns3:TrackPointExtension>
        </extensions>
      </trkpt>
      <trkpt lat="30.551784932613372802734375" lon="104.046523086726665496826171875">
        <ele>471.600006103515625</ele>
        <time>2026-09-19T13:20:19.000Z</time>
        <extensions>
          <ns3:TrackPointExtension>
            <ns3:hr>159</ns3:hr>
            <ns3:cad>93</ns3:cad>
          </ns3:TrackPointExtension>
        </extensions>
      </trkpt>
      <trkpt lat="30.5517633073031902313232421875" lon="104.0465202368795871734619140625">
        <ele>471.79998779296875</ele>
        <time>2026-09-19T13:20:20.000Z</time>
        <extensions>
          <ns3:TrackPointExtension>
            <ns3:hr>159</ns3:hr>
            <ns3:cad>92</ns3:cad>
          </ns3:TrackPointExtension>
        </extensions>
      </trkpt>
      <trkpt lat="30.5517321266233921051025390625" lon="104.046511016786098480224609375">
        <ele>471.79998779296875</ele>
        <time>2026-09-19T13:20:21.000Z</time>
        <extensions>
          <ns3:TrackPointExtension>
            <ns3:hr>159</ns3:hr>
            <ns3:cad>92</ns3:cad>
          </ns3:TrackPointExtension>
        </extensions>
      </trkpt>
      <trkpt lat="30.55171041749417781829833984375" lon="104.04651068150997161865234375">
        <ele>471.79998779296875</ele>
        <time>2026-09-19T13:20:22.000Z</time>
        <extensions>
          <ns3:TrackPointExtension>
            <ns3:hr>159</ns3:hr>
            <ns3:cad>92</ns3:cad>
          </ns3:TrackPointExtension>
        </extensions>
      </trkpt>
      <trkpt lat="30.551679991185665130615234375" lon="104.04650221578776836395263671875">
        <ele>471.79998779296875</ele>
        <time>2026-09-19T13:20:23.000Z</time>
        <extensions>
          <ns3:TrackPointExtension>
            <ns3:hr>159</ns3:hr>
            <ns3:cad>92</ns3:cad>
          </ns3:TrackPointExtension>
        </extensions>
      </trkpt>
      <trkpt lat="30.55166431702673435211181640625" lon="104.046496935188770294189453125">
        <ele>471.79998779296875</ele>
        <time>2026-09-19T13:20:24.000Z</time>
        <extensions>
          <ns3:TrackPointExtension>
            <ns3:hr>160</ns3:hr>
            <ns3:cad>93</ns3:cad>
          </ns3:TrackPointExtension>
        </extensions>
      </trkpt>
      <trkpt lat="30.55163816548883914947509765625" lon="104.0464857034385204315185546875">
        <ele>471.79998779296875</ele>
        <time>2026-09-19T13:20:25.000Z</time>
        <extensions>
          <ns3:TrackPointExtension>
            <ns3:hr>159</ns3:hr>
            <ns3:cad>93</ns3:cad>
          </ns3:TrackPointExtension>
        </extensions>
      </trkpt>
      <trkpt lat="30.55161586962640285491943359375" lon="104.0464796684682369232177734375">
        <ele>471.600006103515625</ele>
        <time>2026-09-19T13:20:26.000Z</time>
        <extensions>
          <ns3:TrackPointExtension>
            <ns3:hr>159</ns3:hr>
            <ns3:cad>91</ns3:cad>
          </ns3:TrackPointExtension>
        </extensions>
      </trkpt>
      <trkpt lat="30.55159290321171283721923828125" lon="104.0464732982218265533447265625">
        <ele>471.79998779296875</ele>
        <time>2026-09-19T13:20:27.000Z</time>
        <extensions>
          <ns3:TrackPointExtension>
            <ns3:hr>159</ns3:hr>
            <ns3:cad>91</ns3:cad>
          </ns3:TrackPointExtension>
        </extensions>
      </trkpt>
      <trkpt lat="30.55156943388283252716064453125" lon="104.046467430889606475830078125">
        <ele>471.79998779296875</ele>
        <time>2026-09-19T13:20:28.000Z</time>
        <extensions>
          <ns3:TrackPointExtension>
            <ns3:hr>159</ns3:hr>
            <ns3:cad>91</ns3:cad>
          </ns3:TrackPointExtension>
        </extensions>
      </trkpt>
      <trkpt lat="30.55154395289719104766845703125" lon="104.0464699454605579376220703125">
        <ele>472</ele>
        <time>2026-09-19T13:20:29.000Z</time>
        <extensions>
          <ns3:TrackPointExtension>
            <ns3:hr>159</ns3:hr>
            <ns3:cad>92</ns3:cad>
          </ns3:TrackPointExtension>
        </extensions>
      </trkpt>
      <trkpt lat="30.55151964537799358367919921875" lon="104.046468436717987060546875">
        <ele>472.20001220703125</ele>
        <time>2026-09-19T13:20:30.000Z</time>
        <extensions>
          <ns3:TrackPointExtension>
            <ns3:hr>159</ns3:hr>
            <ns3:cad>92</ns3:cad>
          </ns3:TrackPointExtension>
        </extensions>
      </trkpt>
      <trkpt lat="30.551496930420398712158203125" lon="104.04646365903317928314208984375">
        <ele>472</ele>
        <time>2026-09-19T13:20:31.000Z</time>
        <extensions>
          <ns3:TrackPointExtension>
            <ns3:hr>159</ns3:hr>
            <ns3:cad>92</ns3:cad>
          </ns3:TrackPointExtension>
        </extensions>
      </trkpt>
      <trkpt lat="30.55147304199635982513427734375" lon="104.046454690396785736083984375">
        <ele>472</ele>
        <time>2026-09-19T13:20:32.000Z</time>
        <extensions>
          <ns3:TrackPointExtension>
            <ns3:hr>158</ns3:hr>
            <ns3:cad>92</ns3:cad>
          </ns3:TrackPointExtension>
        </extensions>
      </trkpt>
      <trkpt lat="30.551451332867145538330078125" lon="104.04644639231264591217041015625">
        <ele>471.79998779296875</ele>
        <time>2026-09-19T13:20:33.000Z</time>
        <extensions>
          <ns3:TrackPointExtension>
            <ns3:hr>158</ns3:hr>
            <ns3:cad>91</ns3:cad>
          </ns3:TrackPointExtension>
        </extensions>
      </trkpt>
      <trkpt lat="30.5514199845492839813232421875" lon="104.04643692076206207275390625">
        <ele>471.600006103515625</ele>
        <time>2026-09-19T13:20:34.000Z</time>
        <extensions>
          <ns3:TrackPointExtension>
            <ns3:hr>158</ns3:hr>
            <ns3:cad>91</ns3:cad>
          </ns3:TrackPointExtension>
        </extensions>
      </trkpt>
      <trkpt lat="30.55138637311756610870361328125" lon="104.04643231071531772613525390625">
        <ele>471.600006103515625</ele>
        <time>2026-09-19T13:20:35.000Z</time>
        <extensions>
          <ns3:TrackPointExtension>
            <ns3:hr>158</ns3:hr>
            <ns3:cad>91</ns3:cad>
          </ns3:TrackPointExtension>
        </extensions>
      </trkpt>
      <trkpt lat="30.55134429596364498138427734375" lon="104.0464241802692413330078125">
        <ele>471.399993896484375</ele>
        <time>2026-09-19T13:20:36.000Z</time>
        <extensions>
          <ns3:TrackPointExtension>
            <ns3:hr>158</ns3:hr>
            <ns3:cad>91</ns3:cad>
          </ns3:TrackPointExtension>
        </extensions>
      </trkpt>
      <trkpt lat="30.55131018161773681640625" lon="104.046421833336353302001953125">
        <ele>471.20001220703125</ele>
        <time>2026-09-19T13:20:37.000Z</time>
        <extensions>
          <ns3:TrackPointExtension>
            <ns3:hr>158</ns3:hr>
            <ns3:cad>91</ns3:cad>
          </ns3:TrackPointExtension>
        </extensions>
      </trkpt>
      <trkpt lat="30.5512697808444499969482421875" lon="104.046414457261562347412109375">
        <ele>471.20001220703125</ele>
        <time>2026-09-19T13:20:38.000Z</time>
        <extensions>
          <ns3:TrackPointExtension>
            <ns3:hr>158</ns3:hr>
            <ns3:cad>94</ns3:cad>
          </ns3:TrackPointExtension>
        </extensions>
      </trkpt>
      <trkpt lat="30.5512382648885250091552734375" lon="104.0464161336421966552734375">
        <ele>471.20001220703125</ele>
        <time>2026-09-19T13:20:39.000Z</time>
        <extensions>
          <ns3:TrackPointExtension>
            <ns3:hr>158</ns3:hr>
            <ns3:cad>94</ns3:cad>
          </ns3:TrackPointExtension>
        </extensions>
      </trkpt>
      <trkpt lat="30.55120515637099742889404296875" lon="104.04641319997608661651611328125">
        <ele>471.20001220703125</ele>
        <time>2026-09-19T13:20:40.000Z</time>
        <extensions>
          <ns3:TrackPointExtension>
            <ns3:hr>158</ns3:hr>
            <ns3:cad>93</ns3:cad>
          </ns3:TrackPointExtension>
        </extensions>
      </trkpt>
      <trkpt lat="30.5511769093573093414306640625" lon="104.0464142896234989166259765625">
        <ele>471</ele>
        <time>2026-09-19T13:20:41.000Z</time>
        <extensions>
          <ns3:TrackPointExtension>
            <ns3:hr>158</ns3:hr>
            <ns3:cad>92</ns3:cad>
          </ns3:TrackPointExtension>
        </extensions>
      </trkpt>
      <trkpt lat="30.55114078335464000701904296875" lon="104.04640867374837398529052734375">
        <ele>471</ele>
        <time>2026-09-19T13:20:42.000Z</time>
        <extensions>
          <ns3:TrackPointExtension>
            <ns3:hr>158</ns3:hr>
            <ns3:cad>93</ns3:cad>
          </ns3:TrackPointExtension>
        </extensions>
      </trkpt>
      <trkpt lat="30.55110977031290531158447265625" lon="104.04640850611031055450439453125">
        <ele>471</ele>
        <time>2026-09-19T13:20:43.000Z</time>
        <extensions>
          <ns3:TrackPointExtension>
            <ns3:hr>158</ns3:hr>
            <ns3:cad>92</ns3:cad>
          </ns3:TrackPointExtension>
        </extensions>
      </trkpt>
      <trkpt lat="30.55107573978602886199951171875" lon="104.04640817083418369293212890625">
        <ele>470.79998779296875</ele>
        <time>2026-09-19T13:20:44.000Z</time>
        <extensions>
          <ns3:TrackPointExtension>
            <ns3:hr>158</ns3:hr>
            <ns3:cad>93</ns3:cad>
          </ns3:TrackPointExtension>
        </extensions>
      </trkpt>
      <trkpt lat="30.55104388855397701263427734375" lon="104.0464092604815959930419921875">
        <ele>470.79998779296875</ele>
        <time>2026-09-19T13:20:45.000Z</time>
        <extensions>
          <ns3:TrackPointExtension>
            <ns3:hr>159</ns3:hr>
            <ns3:cad>94</ns3:cad>
          </ns3:TrackPointExtension>
        </extensions>
      </trkpt>
      <trkpt lat="30.55101572535932064056396484375" lon="104.04640900902450084686279296875">
        <ele>471</ele>
        <time>2026-09-19T13:20:46.000Z</time>
        <extensions>
          <ns3:TrackPointExtension>
            <ns3:hr>159</ns3:hr>
            <ns3:cad>94</ns3:cad>
          </ns3:TrackPointExtension>
        </extensions>
      </trkpt>
      <trkpt lat="30.550981946289539337158203125" lon="104.04641546308994293212890625">
        <ele>471</ele>
        <time>2026-09-19T13:20:47.000Z</time>
        <extensions>
          <ns3:TrackPointExtension>
            <ns3:hr>159</ns3:hr>
            <ns3:cad>94</ns3:cad>
          </ns3:TrackPointExtension>
        </extensions>
      </trkpt>
      <trkpt lat="30.5509556271135807037353515625" lon="104.0464253537356853485107421875">
        <ele>471</ele>
        <time>2026-09-19T13:20:48.000Z</time>
        <extensions>
          <ns3:TrackPointExtension>
            <ns3:hr>160</ns3:hr>
            <ns3:cad>94</ns3:cad>
          </ns3:TrackPointExtension>
        </extensions>
      </trkpt>
      <trkpt lat="30.5509220995008945465087890625" lon="104.04643298126757144927978515625">
        <ele>471</ele>
        <time>2026-09-19T13:20:49.000Z</time>
        <extensions>
          <ns3:TrackPointExtension>
            <ns3:hr>160</ns3:hr>
            <ns3:cad>93</ns3:cad>
          </ns3:TrackPointExtension>
        </extensions>
      </trkpt>
      <trkpt lat="30.5508979596197605133056640625" lon="104.04643960297107696533203125">
        <ele>471</ele>
        <time>2026-09-19T13:20:50.000Z</time>
        <extensions>
          <ns3:TrackPointExtension>
            <ns3:hr>161</ns3:hr>
            <ns3:cad>93</ns3:cad>
          </ns3:TrackPointExtension>
        </extensions>
      </trkpt>
      <trkpt lat="30.550865270197391510009765625" lon="104.0464484877884387969970703125">
        <ele>471</ele>
        <time>2026-09-19T13:20:51.000Z</time>
        <extensions>
          <ns3:TrackPointExtension>
            <ns3:hr>161</ns3:hr>
            <ns3:cad>93</ns3:cad>
          </ns3:TrackPointExtension>
        </extensions>
      </trkpt>
      <trkpt lat="30.5508439801633358001708984375" lon="104.04646332375705242156982421875">
        <ele>471</ele>
        <time>2026-09-19T13:20:52.000Z</time>
        <extensions>
          <ns3:TrackPointExtension>
            <ns3:hr>161</ns3:hr>
            <ns3:cad>92</ns3:cad>
          </ns3:TrackPointExtension>
        </extensions>
      </trkpt>
      <trkpt lat="30.550813637673854827880859375" lon="104.0464803390204906463623046875">
        <ele>471</ele>
        <time>2026-09-19T13:20:53.000Z</time>
        <extensions>
          <ns3:TrackPointExtension>
            <ns3:hr>162</ns3:hr>
            <ns3:cad>92</ns3:cad>
          </ns3:TrackPointExtension>
        </extensions>
      </trkpt>
      <trkpt lat="30.5507926829159259796142578125" lon="104.04650053940713405609130859375">
        <ele>471</ele>
        <time>2026-09-19T13:20:54.000Z</time>
        <extensions>
          <ns3:TrackPointExtension>
            <ns3:hr>162</ns3:hr>
            <ns3:cad>92</ns3:cad>
          </ns3:TrackPointExtension>
        </extensions>
      </trkpt>
      <trkpt lat="30.5507670342922210693359375" lon="104.04651914723217487335205078125">
        <ele>471</ele>
        <time>2026-09-19T13:20:55.000Z</time>
        <extensions>
          <ns3:TrackPointExtension>
            <ns3:hr>163</ns3:hr>
            <ns3:cad>92</ns3:cad>
          </ns3:TrackPointExtension>
        </extensions>
      </trkpt>
      <trkpt lat="30.5507480911910533905029296875" lon="104.04654395766556262969970703125">
        <ele>471</ele>
        <time>2026-09-19T13:20:56.000Z</time>
        <extensions>
          <ns3:TrackPointExtension>
            <ns3:hr>163</ns3:hr>
            <ns3:cad>92</ns3:cad>
          </ns3:TrackPointExtension>
        </extensions>
      </trkpt>
      <trkpt lat="30.550726465880870819091796875" lon="104.046563319861888885498046875">
        <ele>471</ele>
        <time>2026-09-19T13:20:57.000Z</time>
        <extensions>
          <ns3:TrackPointExtension>
            <ns3:hr>163</ns3:hr>
            <ns3:cad>92</ns3:cad>
          </ns3:TrackPointExtension>
        </extensions>
      </trkpt>
      <trkpt lat="30.55070735514163970947265625" lon="104.0465846098959445953369140625">
        <ele>471</ele>
        <time>2026-09-19T13:20:58.000Z</time>
        <extensions>
          <ns3:TrackPointExtension>
            <ns3:hr>163</ns3:hr>
            <ns3:cad>93</ns3:cad>
          </ns3:TrackPointExtension>
        </extensions>
      </trkpt>
      <trkpt lat="30.5506884120404720306396484375" lon="104.04660313390195369720458984375">
        <ele>471</ele>
        <time>2026-09-19T13:20:59.000Z</time>
        <extensions>
          <ns3:TrackPointExtension>
            <ns3:hr>163</ns3:hr>
            <ns3:cad>92</ns3:cad>
          </ns3:TrackPointExtension>
        </extensions>
      </trkpt>
      <trkpt lat="30.55066586472094058990478515625" lon="104.04662526212632656097412109375">
        <ele>471</ele>
        <time>2026-09-19T13:21:00.000Z</time>
        <extensions>
          <ns3:TrackPointExtension>
            <ns3:hr>163</ns3:hr>
            <ns3:cad>92</ns3:cad>
          </ns3:TrackPointExtension>
        </extensions>
      </trkpt>
      <trkpt lat="30.5506444908678531646728515625" lon="104.04663749970495700836181640625">
        <ele>471</ele>
        <time>2026-09-19T13:21:01.000Z</time>
        <extensions>
          <ns3:TrackPointExtension>
            <ns3:hr>163</ns3:hr>
            <ns3:cad>91</ns3:cad>
          </ns3:TrackPointExtension>
        </extensions>
      </trkpt>
      <trkpt lat="30.55062093771994113922119140625" lon="104.04665443114936351776123046875">
        <ele>470.79998779296875</ele>
        <time>2026-09-19T13:21:02.000Z</time>
        <extensions>
          <ns3:TrackPointExtension>
            <ns3:hr>164</ns3:hr>
            <ns3:cad>91</ns3:cad>
          </ns3:TrackPointExtension>
        </extensions>
      </trkpt>
      <trkpt lat="30.5506049282848834991455078125" lon="104.04667035676538944244384765625">
        <ele>471</ele>
        <time>2026-09-19T13:21:03.000Z</time>
        <extensions>
          <ns3:TrackPointExtension>
            <ns3:hr>164</ns3:hr>
            <ns3:cad>91</ns3:cad>
          </ns3:TrackPointExtension>
        </extensions>
      </trkpt>
      <trkpt lat="30.55057785473763942718505859375" lon="104.04668695293366909027099609375">
        <ele>471</ele>
        <time>2026-09-19T13:21:04.000Z</time>
        <extensions>
          <ns3:TrackPointExtension>
            <ns3:hr>164</ns3:hr>
            <ns3:cad>91</ns3:cad>
          </ns3:TrackPointExtension>
        </extensions>
      </trkpt>
      <trkpt lat="30.55056394077837467193603515625" lon="104.04670572839677333831787109375">
        <ele>471</ele>
        <time>2026-09-19T13:21:05.000Z</time>
        <extensions>
          <ns3:TrackPointExtension>
            <ns3:hr>164</ns3:hr>
            <ns3:cad>92</ns3:cad>
          </ns3:TrackPointExtension>
        </extensions>
      </trkpt>
      <trkpt lat="30.5505388788878917694091796875" lon="104.04672257602214813232421875">
        <ele>471</ele>
        <time>2026-09-19T13:21:06.000Z</time>
        <extensions>
          <ns3:TrackPointExtension>
            <ns3:hr>164</ns3:hr>
            <ns3:cad>91</ns3:cad>
          </ns3:TrackPointExtension>
        </extensions>
      </trkpt>
      <trkpt lat="30.55052219890058040618896484375" lon="104.0467379987239837646484375">
        <ele>471</ele>
        <time>2026-09-19T13:21:07.000Z</time>
        <extensions>
          <ns3:TrackPointExtension>
            <ns3:hr>164</ns3:hr>
            <ns3:cad>92</ns3:cad>
          </ns3:TrackPointExtension>
        </extensions>
      </trkpt>
      <trkpt lat="30.550495795905590057373046875" lon="104.0467566065490245819091796875">
        <ele>471</ele>
        <time>2026-09-19T13:21:08.000Z</time>
        <extensions>
          <ns3:TrackPointExtension>
            <ns3:hr>164</ns3:hr>
            <ns3:cad>92</ns3:cad>
          </ns3:TrackPointExtension>
        </extensions>
      </trkpt>
      <trkpt lat="30.55047291330993175506591796875" lon="104.04677311889827251434326171875">
        <ele>471</ele>
        <time>2026-09-19T13:21:09.000Z</time>
        <extensions>
          <ns3:TrackPointExtension>
            <ns3:hr>164</ns3:hr>
            <ns3:cad>92</ns3:cad>
          </ns3:TrackPointExtension>
        </extensions>
      </trkpt>
      <trkpt lat="30.55044374428689479827880859375" lon="104.0467904694378376007080078125">
        <ele>471</ele>
        <time>2026-09-19T13:21:10.000Z</time>
        <extensions>
          <ns3:TrackPointExtension>
            <ns3:hr>164</ns3:hr>
            <ns3:cad>91</ns3:cad>
          </ns3:TrackPointExtension>
        </extensions>
      </trkpt>
      <trkpt lat="30.55043234489858150482177734375" lon="104.0468055568635463714599609375">
        <ele>471.20001220703125</ele>
        <time>2026-09-19T13:21:11.000Z</time>
        <extensions>
          <ns3:TrackPointExtension>
            <ns3:hr>164</ns3:hr>
            <ns3:cad>91</ns3:cad>
          </ns3:TrackPointExtension>
        </extensions>
      </trkpt>
      <trkpt lat="30.55040770210325717926025390625" lon="104.04682357795536518096923828125">
        <ele>471.20001220703125</ele>
        <time>2026-09-19T13:21:12.000Z</time>
        <extensions>
          <ns3:TrackPointExtension>
            <ns3:hr>165</ns3:hr>
            <ns3:cad>90</ns3:cad>
          </ns3:TrackPointExtension>
        </extensions>
      </trkpt>
      <trkpt lat="30.55039177648723125457763671875" lon="104.0468414314091205596923828125">
        <ele>471.20001220703125</ele>
        <time>2026-09-19T13:21:13.000Z</time>
        <extensions>
          <ns3:TrackPointExtension>
            <ns3:hr>164</ns3:hr>
            <ns3:cad>90</ns3:cad>
          </ns3:TrackPointExtension>
        </extensions>
      </trkpt>
      <trkpt lat="30.5503672175109386444091796875" lon="104.04686548747122287750244140625">
        <ele>471</ele>
        <time>2026-09-19T13:21:14.000Z</time>
        <extensions>
          <ns3:TrackPointExtension>
            <ns3:hr>165</ns3:hr>
            <ns3:cad>91</ns3:cad>
          </ns3:TrackPointExtension>
        </extensions>
      </trkpt>
      <trkpt lat="30.55035464465618133544921875" lon="104.046887196600437164306640625">
        <ele>471</ele>
        <time>2026-09-19T13:21:15.000Z</time>
        <extensions>
          <ns3:TrackPointExtension>
            <ns3:hr>165</ns3:hr>
            <ns3:cad>91</ns3:cad>
          </ns3:TrackPointExtension>
        </extensions>
      </trkpt>
      <trkpt lat="30.5503343604505062103271484375" lon="104.04691862873733043670654296875">
        <ele>470.79998779296875</ele>
        <time>2026-09-19T13:21:16.000Z</time>
        <extensions>
          <ns3:TrackPointExtension>
            <ns3:hr>165</ns3:hr>
            <ns3:cad>91</ns3:cad>
          </ns3:TrackPointExtension>
        </extensions>
      </trkpt>
      <trkpt lat="30.550320446491241455078125" lon="104.04694310389459133148193359375">
        <ele>470.79998779296875</ele>
        <time>2026-09-19T13:21:17.000Z</time>
        <extensions>
          <ns3:TrackPointExtension>
            <ns3:hr>165</ns3:hr>
            <ns3:cad>91</ns3:cad>
          </ns3:TrackPointExtension>
        </extensions>
      </trkpt>
      <trkpt lat="30.5503038503229618072509765625" lon="104.046967662870883941650390625">
        <ele>471</ele>
        <time>2026-09-19T13:21:18.000Z</time>
        <extensions>
          <ns3:TrackPointExtension>
            <ns3:hr>165</ns3:hr>
            <ns3:cad>91</ns3:cad>
          </ns3:TrackPointExtension>
        </extensions>
      </trkpt>
      <trkpt lat="30.55028901435434818267822265625" lon="104.0469909645617008209228515625">
        <ele>471.20001220703125</ele>
        <time>2026-09-19T13:21:19.000Z</time>
        <extensions>
          <ns3:TrackPointExtension>
            <ns3:hr>164</ns3:hr>
            <ns3:cad>92</ns3:cad>
          </ns3:TrackPointExtension>
        </extensions>
      </trkpt>
      <trkpt lat="30.55027392692863941192626953125" lon="104.047011248767375946044921875">
        <ele>471.600006103515625</ele>
        <time>2026-09-19T13:21:20.000Z</time>
        <extensions>
          <ns3:TrackPointExtension>
            <ns3:hr>165</ns3:hr>
            <ns3:cad>92</ns3:cad>
          </ns3:TrackPointExtension>
        </extensions>
      </trkpt>
      <trkpt lat="30.55026437155902385711669921875" lon="104.04703446663916110992431640625">
        <ele>471.79998779296875</ele>
        <time>2026-09-19T13:21:21.000Z</time>
        <extensions>
          <ns3:TrackPointExtension>
            <ns3:hr>165</ns3:hr>
            <ns3:cad>93</ns3:cad>
          </ns3:TrackPointExtension>
        </extensions>
      </trkpt>
      <trkpt lat="30.550249703228473663330078125" lon="104.0470607019960880279541015625">
        <ele>472</ele>
        <time>2026-09-19T13:21:22.000Z</time>
        <extensions>
          <ns3:TrackPointExtension>
            <ns3:hr>164</ns3:hr>
            <ns3:cad>93</ns3:cad>
          </ns3:TrackPointExtension>
        </extensions>
      </trkpt>
      <trkpt lat="30.550238974392414093017578125" lon="104.0470893681049346923828125">
        <ele>472</ele>
        <time>2026-09-19T13:21:23.000Z</time>
        <extensions>
          <ns3:TrackPointExtension>
            <ns3:hr>165</ns3:hr>
            <ns3:cad>93</ns3:cad>
          </ns3:TrackPointExtension>
        </extensions>
      </trkpt>
      <trkpt lat="30.55022564716637134552001953125" lon="104.04711459763348102569580078125">
        <ele>472</ele>
        <time>2026-09-19T13:21:24.000Z</time>
        <extensions>
          <ns3:TrackPointExtension>
            <ns3:hr>165</ns3:hr>
            <ns3:cad>93</ns3:cad>
          </ns3:TrackPointExtension>
        </extensions>
      </trkpt>
      <trkpt lat="30.550213158130645751953125" lon="104.047142677009105682373046875">
        <ele>471.79998779296875</ele>
        <time>2026-09-19T13:21:25.000Z</time>
        <extensions>
          <ns3:TrackPointExtension>
            <ns3:hr>165</ns3:hr>
            <ns3:cad>93</ns3:cad>
          </ns3:TrackPointExtension>
        </extensions>
      </trkpt>
      <trkpt lat="30.55020175874233245849609375" lon="104.0471706725656986236572265625">
        <ele>471.600006103515625</ele>
        <time>2026-09-19T13:21:26.000Z</time>
        <extensions>
          <ns3:TrackPointExtension>
            <ns3:hr>165</ns3:hr>
            <ns3:cad>93</ns3:cad>
          </ns3:TrackPointExtension>
        </extensions>
      </trkpt>
      <trkpt lat="30.550190694630146026611328125" lon="104.047196321189403533935546875">
        <ele>471.600006103515625</ele>
        <time>2026-09-19T13:21:27.000Z</time>
        <extensions>
          <ns3:TrackPointExtension>
            <ns3:hr>164</ns3:hr>
            <ns3:cad>93</ns3:cad>
          </ns3:TrackPointExtension>
        </extensions>
      </trkpt>
      <trkpt lat="30.55018709041178226470947265625" lon="104.0472181141376495361328125">
        <ele>471.399993896484375</ele>
        <time>2026-09-19T13:21:28.000Z</time>
        <extensions>
          <ns3:TrackPointExtension>
            <ns3:hr>164</ns3:hr>
            <ns3:cad>91</ns3:cad>
          </ns3:TrackPointExtension>
        </extensions>
      </trkpt>
      <trkpt lat="30.550181977450847625732421875" lon="104.04724317602813243865966796875">
        <ele>471.399993896484375</ele>
        <time>2026-09-19T13:21:29.000Z</time>
        <extensions>
          <ns3:TrackPointExtension>
            <ns3:hr>164</ns3:hr>
            <ns3:cad>91</ns3:cad>
          </ns3:TrackPointExtension>
        </extensions>
      </trkpt>
      <trkpt lat="30.550170242786407470703125" lon="104.04726631008088588714599609375">
        <ele>471.399993896484375</ele>
        <time>2026-09-19T13:21:30.000Z</time>
        <extensions>
          <ns3:TrackPointExtension>
            <ns3:hr>164</ns3:hr>
            <ns3:cad>91</ns3:cad>
          </ns3:TrackPointExtension>
        </extensions>
      </trkpt>
      <trkpt lat="30.5501633696258068084716796875" lon="104.047295562922954559326171875">
        <ele>471.600006103515625</ele>
        <time>2026-09-19T13:21:31.000Z</time>
        <extensions>
          <ns3:TrackPointExtension>
            <ns3:hr>164</ns3:hr>
            <ns3:cad>91</ns3:cad>
          </ns3:TrackPointExtension>
        </extensions>
      </trkpt>
      <trkpt lat="30.550162531435489654541015625" lon="104.0473218820989131927490234375">
        <ele>471.600006103515625</ele>
        <time>2026-09-19T13:21:32.000Z</time>
        <extensions>
          <ns3:TrackPointExtension>
            <ns3:hr>164</ns3:hr>
            <ns3:cad>91</ns3:cad>
          </ns3:TrackPointExtension>
        </extensions>
      </trkpt>
      <trkpt lat="30.55015373043715953826904296875" lon="104.04735515825450420379638671875">
        <ele>471.600006103515625</ele>
        <time>2026-09-19T13:21:33.000Z</time>
        <extensions>
          <ns3:TrackPointExtension>
            <ns3:hr>164</ns3:hr>
            <ns3:cad>90</ns3:cad>
          </ns3:TrackPointExtension>
        </extensions>
      </trkpt>
      <trkpt lat="30.5501506291329860687255859375" lon="104.04738650657236576080322265625">
        <ele>471.600006103515625</ele>
        <time>2026-09-19T13:21:34.000Z</time>
        <extensions>
          <ns3:TrackPointExtension>
            <ns3:hr>164</ns3:hr>
            <ns3:cad>90</ns3:cad>
          </ns3:TrackPointExtension>
        </extensions>
      </trkpt>
      <trkpt lat="30.55014803074300289154052734375" lon="104.04742397367954254150390625">
        <ele>471.600006103515625</ele>
        <time>2026-09-19T13:21:35.000Z</time>
        <extensions>
          <ns3:TrackPointExtension>
            <ns3:hr>164</ns3:hr>
            <ns3:cad>90</ns3:cad>
          </ns3:TrackPointExtension>
        </extensions>
      </trkpt>
      <trkpt lat="30.55015088059008121490478515625" lon="104.04745213687419891357421875">
        <ele>471.600006103515625</ele>
        <time>2026-09-19T13:21:36.000Z</time>
        <extensions>
          <ns3:TrackPointExtension>
            <ns3:hr>163</ns3:hr>
            <ns3:cad>92</ns3:cad>
          </ns3:TrackPointExtension>
        </extensions>
      </trkpt>
      <trkpt lat="30.55014903657138347625732421875" lon="104.0474863350391387939453125">
        <ele>471.600006103515625</ele>
        <time>2026-09-19T13:21:37.000Z</time>
        <extensions>
          <ns3:TrackPointExtension>
            <ns3:hr>164</ns3:hr>
            <ns3:cad>92</ns3:cad>
          </ns3:TrackPointExtension>
        </extensions>
      </trkpt>
      <trkpt lat="30.55015037767589092254638671875" lon="104.04750955291092395782470703125">
        <ele>471.399993896484375</ele>
        <time>2026-09-19T13:21:38.000Z</time>
        <extensions>
          <ns3:TrackPointExtension>
            <ns3:hr>163</ns3:hr>
            <ns3:cad>93</ns3:cad>
          </ns3:TrackPointExtension>
        </extensions>
      </trkpt>
      <trkpt lat="30.5501461029052734375" lon="104.0475418232381343841552734375">
        <ele>471.399993896484375</ele>
        <time>2026-09-19T13:21:39.000Z</time>
        <extensions>
          <ns3:TrackPointExtension>
            <ns3:hr>163</ns3:hr>
            <ns3:cad>92</ns3:cad>
          </ns3:TrackPointExtension>
        </extensions>
      </trkpt>
      <trkpt lat="30.55014618672430515289306640625" lon="104.047564454376697540283203125">
        <ele>471.399993896484375</ele>
        <time>2026-09-19T13:21:40.000Z</time>
        <extensions>
          <ns3:TrackPointExtension>
            <ns3:hr>163</ns3:hr>
            <ns3:cad>92</ns3:cad>
          </ns3:TrackPointExtension>
        </extensions>
      </trkpt>
      <trkpt lat="30.5501425825059413909912109375" lon="104.047587253153324127197265625">
        <ele>471.399993896484375</ele>
        <time>2026-09-19T13:21:41.000Z</time>
        <extensions>
          <ns3:TrackPointExtension>
            <ns3:hr>164</ns3:hr>
            <ns3:cad>92</ns3:cad>
          </ns3:TrackPointExtension>
        </extensions>
      </trkpt>
      <trkpt lat="30.550144426524639129638671875" lon="104.04760946519672870635986328125">
        <ele>471.399993896484375</ele>
        <time>2026-09-19T13:21:42.000Z</time>
        <extensions>
          <ns3:TrackPointExtension>
            <ns3:hr>163</ns3:hr>
            <ns3:cad>92</ns3:cad>
          </ns3:TrackPointExtension>
        </extensions>
      </trkpt>
      <trkpt lat="30.55014484561979770660400390625" lon="104.04763586819171905517578125">
        <ele>471.399993896484375</ele>
        <time>2026-09-19T13:21:43.000Z</time>
        <extensions>
          <ns3:TrackPointExtension>
            <ns3:hr>163</ns3:hr>
            <ns3:cad>92</ns3:cad>
          </ns3:TrackPointExtension>
        </extensions>
      </trkpt>
      <trkpt lat="30.5501466058194637298583984375" lon="104.047664701938629150390625">
        <ele>471.399993896484375</ele>
        <time>2026-09-19T13:21:44.000Z</time>
        <extensions>
          <ns3:TrackPointExtension>
            <ns3:hr>163</ns3:hr>
            <ns3:cad>92</ns3:cad>
          </ns3:TrackPointExtension>
        </extensions>
      </trkpt>
      <trkpt lat="30.5501445941627025604248046875" lon="104.04770283959805965423583984375">
        <ele>471.399993896484375</ele>
        <time>2026-09-19T13:21:45.000Z</time>
        <extensions>
          <ns3:TrackPointExtension>
            <ns3:hr>163</ns3:hr>
            <ns3:cad>92</ns3:cad>
          </ns3:TrackPointExtension>
        </extensions>
      </trkpt>
      <trkpt lat="30.5501449294388294219970703125" lon="104.04773284681141376495361328125">
        <ele>471.399993896484375</ele>
        <time>2026-09-19T13:21:46.000Z</time>
        <extensions>
          <ns3:TrackPointExtension>
            <ns3:hr>163</ns3:hr>
            <ns3:cad>93</ns3:cad>
          </ns3:TrackPointExtension>
        </extensions>
      </trkpt>
      <trkpt lat="30.55014006793498992919921875" lon="104.0477626025676727294921875">
        <ele>471.20001220703125</ele>
        <time>2026-09-19T13:21:47.000Z</time>
        <extensions>
          <ns3:TrackPointExtension>
            <ns3:hr>164</ns3:hr>
            <ns3:cad>93</ns3:cad>
          </ns3:TrackPointExtension>
        </extensions>
      </trkpt>
      <trkpt lat="30.55013763718307018280029296875" lon="104.0477956272661685943603515625">
        <ele>471.20001220703125</ele>
        <time>2026-09-19T13:21:48.000Z</time>
        <extensions>
          <ns3:TrackPointExtension>
            <ns3:hr>163</ns3:hr>
            <ns3:cad>93</ns3:cad>
          </ns3:TrackPointExtension>
        </extensions>
      </trkpt>
      <trkpt lat="30.55013679899275302886962890625" lon="104.04782831668853759765625">
        <ele>471.20001220703125</ele>
        <time>2026-09-19T13:21:49.000Z</time>
        <extensions>
          <ns3:TrackPointExtension>
            <ns3:hr>163</ns3:hr>
            <ns3:cad>93</ns3:cad>
          </ns3:TrackPointExtension>
        </extensions>
      </trkpt>
      <trkpt lat="30.55013545788824558258056640625" lon="104.047863185405731201171875">
        <ele>471.20001220703125</ele>
        <time>2026-09-19T13:21:50.000Z</time>
        <extensions>
          <ns3:TrackPointExtension>
            <ns3:hr>162</ns3:hr>
            <ns3:cad>93</ns3:cad>
          </ns3:TrackPointExtension>
        </extensions>
      </trkpt>
      <trkpt lat="30.550136379897594451904296875" lon="104.04789260588586330413818359375">
        <ele>471.20001220703125</ele>
        <time>2026-09-19T13:21:51.000Z</time>
        <extensions>
          <ns3:TrackPointExtension>
            <ns3:hr>162</ns3:hr>
            <ns3:cad>93</ns3:cad>
          </ns3:TrackPointExtension>
        </extensions>
      </trkpt>
      <trkpt lat="30.5501368828117847442626953125" lon="104.047927893698215484619140625">
        <ele>471.20001220703125</ele>
        <time>2026-09-19T13:21:52.000Z</time>
        <extensions>
          <ns3:TrackPointExtension>
            <ns3:hr>162</ns3:hr>
            <ns3:cad>93</ns3:cad>
          </ns3:TrackPointExtension>
        </extensions>
      </trkpt>
      <trkpt lat="30.55013931356370449066162109375" lon="104.0479548834264278411865234375">
        <ele>471.20001220703125</ele>
        <time>2026-09-19T13:21:53.000Z</time>
        <extensions>
          <ns3:TrackPointExtension>
            <ns3:hr>162</ns3:hr>
            <ns3:cad>92</ns3:cad>
          </ns3:TrackPointExtension>
        </extensions>
      </trkpt>
      <trkpt lat="30.550138056278228759765625" lon="104.047986231744289398193359375">
        <ele>471.20001220703125</ele>
        <time>2026-09-19T13:21:54.000Z</time>
        <extensions>
          <ns3:TrackPointExtension>
            <ns3:hr>162</ns3:hr>
            <ns3:cad>93</ns3:cad>
          </ns3:TrackPointExtension>
        </extensions>
      </trkpt>
      <trkpt lat="30.55013696663081645965576171875" lon="104.048019088804721832275390625">
        <ele>471.20001220703125</ele>
        <time>2026-09-19T13:21:55.000Z</time>
        <extensions>
          <ns3:TrackPointExtension>
            <ns3:hr>162</ns3:hr>
            <ns3:cad>92</ns3:cad>
          </ns3:TrackPointExtension>
        </extensions>
      </trkpt>
      <trkpt lat="30.55013478733599185943603515625" lon="104.0480514429509639739990234375">
        <ele>471.20001220703125</ele>
        <time>2026-09-19T13:21:56.000Z</time>
        <extensions>
          <ns3:TrackPointExtension>
            <ns3:hr>162</ns3:hr>
            <ns3:cad>92</ns3:cad>
          </ns3:TrackPointExtension>
        </extensions>
      </trkpt>
      <trkpt lat="30.55013562552630901336669921875" lon="104.04808103106915950775146484375">
        <ele>471.20001220703125</ele>
        <time>2026-09-19T13:21:57.000Z</time>
        <extensions>
          <ns3:TrackPointExtension>
            <ns3:hr>163</ns3:hr>
            <ns3:cad>92</ns3:cad>
          </ns3:TrackPointExtension>
        </extensions>
      </trkpt>
      <trkpt lat="30.55013562552630901336669921875" lon="104.04808103106915950775146484375">
        <ele>471.20001220703125</ele>
        <time>2026-09-19T13:21:58.000Z</time>
        <extensions>
          <ns3:TrackPointExtension>
            <ns3:hr>163</ns3:hr>
            <ns3:cad>92</ns3:cad>
          </ns3:TrackPointExtension>
        </extensions>
      </trkpt>
      <trkpt lat="30.55013696663081645965576171875" lon="104.04814054258167743682861328125">
        <ele>471.399993896484375</ele>
        <time>2026-09-19T13:21:59.000Z</time>
        <extensions>
          <ns3:TrackPointExtension>
            <ns3:hr>163</ns3:hr>
            <ns3:cad>92</ns3:cad>
          </ns3:TrackPointExtension>
        </extensions>
      </trkpt>
      <trkpt lat="30.5501388944685459136962890625" lon="104.048167280852794647216796875">
        <ele>471.399993896484375</ele>
        <time>2026-09-19T13:22:00.000Z</time>
        <extensions>
          <ns3:TrackPointExtension>
            <ns3:hr>163</ns3:hr>
            <ns3:cad>92</ns3:cad>
          </ns3:TrackPointExtension>
        </extensions>
      </trkpt>
      <trkpt lat="30.55013738572597503662109375" lon="104.04820541851222515106201171875">
        <ele>471.399993896484375</ele>
        <time>2026-09-19T13:22:01.000Z</time>
        <extensions>
          <ns3:TrackPointExtension>
            <ns3:hr>162</ns3:hr>
            <ns3:cad>92</ns3:cad>
          </ns3:TrackPointExtension>
        </extensions>
      </trkpt>
      <trkpt lat="30.55013914592564105987548828125" lon="104.04823123477399349212646484375">
        <ele>471.399993896484375</ele>
        <time>2026-09-19T13:22:02.000Z</time>
        <extensions>
          <ns3:TrackPointExtension>
            <ns3:hr>162</ns3:hr>
            <ns3:cad>92</ns3:cad>
          </ns3:TrackPointExtension>
        </extensions>
      </trkpt>
      <trkpt lat="30.55014048703014850616455078125" lon="104.04826744459569454193115234375">
        <ele>471.399993896484375</ele>
        <time>2026-09-19T13:22:03.000Z</time>
        <extensions>
          <ns3:TrackPointExtension>
            <ns3:hr>162</ns3:hr>
            <ns3:cad>93</ns3:cad>
          </ns3:TrackPointExtension>
        </extensions>
      </trkpt>
      <trkpt lat="30.55014300160109996795654296875" lon="104.0482938475906848907470703125">
        <ele>471.399993896484375</ele>
        <time>2026-09-19T13:22:04.000Z</time>
        <extensions>
          <ns3:TrackPointExtension>
            <ns3:hr>162</ns3:hr>
            <ns3:cad>93</ns3:cad>
          </ns3:TrackPointExtension>
        </extensions>
      </trkpt>
      <trkpt lat="30.55014618672430515289306640625" lon="104.048332236707210540771484375">
        <ele>471.399993896484375</ele>
        <time>2026-09-19T13:22:05.000Z</time>
        <extensions>
          <ns3:TrackPointExtension>
            <ns3:hr>162</ns3:hr>
            <ns3:cad>93</ns3:cad>
          </ns3:TrackPointExtension>
        </extensions>
      </trkpt>
      <trkpt lat="30.55015423335134983062744140625" lon="104.0483562089502811431884765625">
        <ele>471.399993896484375</ele>
        <time>2026-09-19T13:22:06.000Z</time>
        <extensions>
          <ns3:TrackPointExtension>
            <ns3:hr>162</ns3:hr>
            <ns3:cad>93</ns3:cad>
          </ns3:TrackPointExtension>
        </extensions>
      </trkpt>
      <trkpt lat="30.5501613579690456390380859375" lon="104.04839015565812587738037109375">
        <ele>471.399993896484375</ele>
        <time>2026-09-19T13:22:07.000Z</time>
        <extensions>
          <ns3:TrackPointExtension>
            <ns3:hr>162</ns3:hr>
            <ns3:cad>92</ns3:cad>
          </ns3:TrackPointExtension>
        </extensions>
      </trkpt>
      <trkpt lat="30.55017267353832721710205078125" lon="104.0484130382537841796875">
        <ele>471.399993896484375</ele>
        <time>2026-09-19T13:22:08.000Z</time>
        <extensions>
          <ns3:TrackPointExtension>
            <ns3:hr>162</ns3:hr>
            <ns3:cad>92</ns3:cad>
          </ns3:TrackPointExtension>
        </extensions>
      </trkpt>
      <trkpt lat="30.550181977450847625732421875" lon="104.04843918979167938232421875">
        <ele>471.399993896484375</ele>
        <time>2026-09-19T13:22:09.000Z</time>
        <extensions>
          <ns3:TrackPointExtension>
            <ns3:hr>162</ns3:hr>
            <ns3:cad>92</ns3:cad>
          </ns3:TrackPointExtension>
        </extensions>
      </trkpt>
      <trkpt lat="30.55019111372530460357666015625" lon="104.04846441932022571563720703125">
        <ele>471.399993896484375</ele>
        <time>2026-09-19T13:22:10.000Z</time>
        <extensions>
          <ns3:TrackPointExtension>
            <ns3:hr>162</ns3:hr>
            <ns3:cad>93</ns3:cad>
          </ns3:TrackPointExtension>
        </extensions>
      </trkpt>
      <trkpt lat="30.55019899271428585052490234375" lon="104.04849342070519924163818359375">
        <ele>471.399993896484375</ele>
        <time>2026-09-19T13:22:11.000Z</time>
        <extensions>
          <ns3:TrackPointExtension>
            <ns3:hr>162</ns3:hr>
            <ns3:cad>93</ns3:cad>
          </ns3:TrackPointExtension>
        </extensions>
      </trkpt>
      <trkpt lat="30.5502093024551868438720703125" lon="104.04851839877665042877197265625">
        <ele>471.399993896484375</ele>
        <time>2026-09-19T13:22:12.000Z</time>
        <extensions>
          <ns3:TrackPointExtension>
            <ns3:hr>162</ns3:hr>
            <ns3:cad>93</ns3:cad>
          </ns3:TrackPointExtension>
        </extensions>
      </trkpt>
      <trkpt lat="30.550220869481563568115234375" lon="104.04855008237063884735107421875">
        <ele>471.399993896484375</ele>
        <time>2026-09-19T13:22:13.000Z</time>
        <extensions>
          <ns3:TrackPointExtension>
            <ns3:hr>162</ns3:hr>
            <ns3:cad>93</ns3:cad>
          </ns3:TrackPointExtension>
        </extensions>
      </trkpt>
      <trkpt lat="30.55022656917572021484375" lon="104.0485806763172149658203125">
        <ele>471.399993896484375</ele>
        <time>2026-09-19T13:22:14.000Z</time>
        <extensions>
          <ns3:TrackPointExtension>
            <ns3:hr>162</ns3:hr>
            <ns3:cad>92</ns3:cad>
          </ns3:TrackPointExtension>
        </extensions>
      </trkpt>
      <trkpt lat="30.5502341128885746002197265625" lon="104.04860682785511016845703125">
        <ele>471.399993896484375</ele>
        <time>2026-09-19T13:22:15.000Z</time>
        <extensions>
          <ns3:TrackPointExtension>
            <ns3:hr>162</ns3:hr>
            <ns3:cad>93</ns3:cad>
          </ns3:TrackPointExtension>
        </extensions>
      </trkpt>
      <trkpt lat="30.55024157278239727020263671875" lon="104.048635326325893402099609375">
        <ele>471.399993896484375</ele>
        <time>2026-09-19T13:22:16.000Z</time>
        <extensions>
          <ns3:TrackPointExtension>
            <ns3:hr>162</ns3:hr>
            <ns3:cad>92</ns3:cad>
          </ns3:TrackPointExtension>
        </extensions>
      </trkpt>
      <trkpt lat="30.55025129579007625579833984375" lon="104.04865502379834651947021484375">
        <ele>471.399993896484375</ele>
        <time>2026-09-19T13:22:17.000Z</time>
        <extensions>
          <ns3:TrackPointExtension>
            <ns3:hr>161</ns3:hr>
            <ns3:cad>92</ns3:cad>
          </ns3:TrackPointExtension>
        </extensions>
      </trkpt>
      <trkpt lat="30.55025875568389892578125" lon="104.0486826002597808837890625">
        <ele>471.399993896484375</ele>
        <time>2026-09-19T13:22:18.000Z</time>
        <extensions>
          <ns3:TrackPointExtension>
            <ns3:hr>162</ns3:hr>
            <ns3:cad>92</ns3:cad>
          </ns3:TrackPointExtension>
        </extensions>
      </trkpt>
      <trkpt lat="30.55026336573064327239990234375" lon="104.0487082488834857940673828125">
        <ele>471.399993896484375</ele>
        <time>2026-09-19T13:22:19.000Z</time>
        <extensions>
          <ns3:TrackPointExtension>
            <ns3:hr>162</ns3:hr>
            <ns3:cad>92</ns3:cad>
          </ns3:TrackPointExtension>
        </extensions>
      </trkpt>
      <trkpt lat="30.550265125930309295654296875" lon="104.04873884283006191253662109375">
        <ele>471.399993896484375</ele>
        <time>2026-09-19T13:22:20.000Z</time>
        <extensions>
          <ns3:TrackPointExtension>
            <ns3:hr>162</ns3:hr>
            <ns3:cad>92</ns3:cad>
          </ns3:TrackPointExtension>
        </extensions>
      </trkpt>
      <trkpt lat="30.55026688612997531890869140625" lon="104.04877153225243091583251953125">
        <ele>471.399993896484375</ele>
        <time>2026-09-19T13:22:21.000Z</time>
        <extensions>
          <ns3:TrackPointExtension>
            <ns3:hr>162</ns3:hr>
            <ns3:cad>92</ns3:cad>
          </ns3:TrackPointExtension>
        </extensions>
      </trkpt>
      <trkpt lat="30.550263784825801849365234375" lon="104.0488081611692905426025390625">
        <ele>471.399993896484375</ele>
        <time>2026-09-19T13:22:22.000Z</time>
        <extensions>
          <ns3:TrackPointExtension>
            <ns3:hr>162</ns3:hr>
            <ns3:cad>92</ns3:cad>
          </ns3:TrackPointExtension>
        </extensions>
      </trkpt>
      <trkpt lat="30.55026386864483356475830078125" lon="104.0488373301923274993896484375">
        <ele>471.399993896484375</ele>
        <time>2026-09-19T13:22:23.000Z</time>
        <extensions>
          <ns3:TrackPointExtension>
            <ns3:hr>161</ns3:hr>
            <ns3:cad>92</ns3:cad>
          </ns3:TrackPointExtension>
        </extensions>
      </trkpt>
      <trkpt lat="30.5502605997025966644287109375" lon="104.0488748811185359954833984375">
        <ele>471.399993896484375</ele>
        <time>2026-09-19T13:22:24.000Z</time>
        <extensions>
          <ns3:TrackPointExtension>
            <ns3:hr>161</ns3:hr>
            <ns3:cad>92</ns3:cad>
          </ns3:TrackPointExtension>
        </extensions>
      </trkpt>
      <trkpt lat="30.5502609349787235260009765625" lon="104.048904217779636383056640625">
        <ele>471.399993896484375</ele>
        <time>2026-09-19T13:22:25.000Z</time>
        <extensions>
          <ns3:TrackPointExtension>
            <ns3:hr>161</ns3:hr>
            <ns3:cad>93</ns3:cad>
          </ns3:TrackPointExtension>
        </extensions>
      </trkpt>
      <trkpt lat="30.55026018060743808746337890625" lon="104.04893347062170505523681640625">
        <ele>471.399993896484375</ele>
        <time>2026-09-19T13:22:26.000Z</time>
        <extensions>
          <ns3:TrackPointExtension>
            <ns3:hr>161</ns3:hr>
            <ns3:cad>93</ns3:cad>
          </ns3:TrackPointExtension>
        </extensions>
      </trkpt>
      <trkpt lat="30.55025800131261348724365234375" lon="104.048967920243740081787109375">
        <ele>471.20001220703125</ele>
        <time>2026-09-19T13:22:27.000Z</time>
        <extensions>
          <ns3:TrackPointExtension>
            <ns3:hr>161</ns3:hr>
            <ns3:cad>93</ns3:cad>
          </ns3:TrackPointExtension>
        </extensions>
      </trkpt>
      <trkpt lat="30.5502574145793914794921875" lon="104.04898979701101779937744140625">
        <ele>471.20001220703125</ele>
        <time>2026-09-19T13:22:28.000Z</time>
        <extensions>
          <ns3:TrackPointExtension>
            <ns3:hr>162</ns3:hr>
            <ns3:cad>92</ns3:cad>
          </ns3:TrackPointExtension>
        </extensions>
      </trkpt>
      <trkpt lat="30.55024928413331508636474609375" lon="104.04902265407145023345947265625">
        <ele>471.20001220703125</ele>
        <time>2026-09-19T13:22:29.000Z</time>
        <extensions>
          <ns3:TrackPointExtension>
            <ns3:hr>161</ns3:hr>
            <ns3:cad>91</ns3:cad>
          </ns3:TrackPointExtension>
        </extensions>
      </trkpt>
      <trkpt lat="30.55024660192430019378662109375" lon="104.04905232600867748260498046875">
        <ele>471.20001220703125</ele>
        <time>2026-09-19T13:22:30.000Z</time>
        <extensions>
          <ns3:TrackPointExtension>
            <ns3:hr>162</ns3:hr>
            <ns3:cad>91</ns3:cad>
          </ns3:TrackPointExtension>
        </extensions>
      </trkpt>
      <trkpt lat="30.55022631771862506866455078125" lon="104.04908920638263225555419921875">
        <ele>471.20001220703125</ele>
        <time>2026-09-19T13:22:31.000Z</time>
        <extensions>
          <ns3:TrackPointExtension>
            <ns3:hr>162</ns3:hr>
            <ns3:cad>92</ns3:cad>
          </ns3:TrackPointExtension>
        </extensions>
      </trkpt>
      <trkpt lat="30.55021785199642181396484375" lon="104.04911736957728862762451171875">
        <ele>471.20001220703125</ele>
        <time>2026-09-19T13:22:32.000Z</time>
        <extensions>
          <ns3:TrackPointExtension>
            <ns3:hr>162</ns3:hr>
            <ns3:cad>92</ns3:cad>
          </ns3:TrackPointExtension>
        </extensions>
      </trkpt>
      <trkpt lat="30.55019949562847614288330078125" lon="104.04914821498095989227294921875">
        <ele>471</ele>
        <time>2026-09-19T13:22:33.000Z</time>
        <extensions>
          <ns3:TrackPointExtension>
            <ns3:hr>162</ns3:hr>
            <ns3:cad>92</ns3:cad>
          </ns3:TrackPointExtension>
        </extensions>
      </trkpt>
      <trkpt lat="30.5501868389546871185302734375" lon="104.0491719357669353485107421875">
        <ele>471</ele>
        <time>2026-09-19T13:22:34.000Z</time>
        <extensions>
          <ns3:TrackPointExtension>
            <ns3:hr>161</ns3:hr>
            <ns3:cad>92</ns3:cad>
          </ns3:TrackPointExtension>
        </extensions>
      </trkpt>
      <trkpt lat="30.55016915313899517059326171875" lon="104.0491937287151813507080078125">
        <ele>471</ele>
        <time>2026-09-19T13:22:35.000Z</time>
        <extensions>
          <ns3:TrackPointExtension>
            <ns3:hr>161</ns3:hr>
            <ns3:cad>93</ns3:cad>
          </ns3:TrackPointExtension>
        </extensions>
      </trkpt>
      <trkpt lat="30.55015741847455501556396484375" lon="104.0492198802530765533447265625">
        <ele>470.79998779296875</ele>
        <time>2026-09-19T13:22:36.000Z</time>
        <extensions>
          <ns3:TrackPointExtension>
            <ns3:hr>162</ns3:hr>
            <ns3:cad>93</ns3:cad>
          </ns3:TrackPointExtension>
        </extensions>
      </trkpt>
      <trkpt lat="30.550145097076892852783203125" lon="104.0492426790297031402587890625">
        <ele>470.79998779296875</ele>
        <time>2026-09-19T13:22:37.000Z</time>
        <extensions>
          <ns3:TrackPointExtension>
            <ns3:hr>162</ns3:hr>
            <ns3:cad>93</ns3:cad>
          </ns3:TrackPointExtension>
        </extensions>
      </trkpt>
      <trkpt lat="30.550130344927310943603515625" lon="104.04926841147243976593017578125">
        <ele>470.79998779296875</ele>
        <time>2026-09-19T13:22:38.000Z</time>
        <extensions>
          <ns3:TrackPointExtension>
            <ns3:hr>162</ns3:hr>
            <ns3:cad>94</ns3:cad>
          </ns3:TrackPointExtension>
        </extensions>
      </trkpt>
      <trkpt lat="30.55011534132063388824462890625" lon="104.049289114773273468017578125">
        <ele>470.79998779296875</ele>
        <time>2026-09-19T13:22:39.000Z</time>
        <extensions>
          <ns3:TrackPointExtension>
            <ns3:hr>162</ns3:hr>
            <ns3:cad>93</ns3:cad>
          </ns3:TrackPointExtension>
        </extensions>
      </trkpt>
      <trkpt lat="30.55009723640978336334228515625" lon="104.049314595758914947509765625">
        <ele>470.79998779296875</ele>
        <time>2026-09-19T13:22:40.000Z</time>
        <extensions>
          <ns3:TrackPointExtension>
            <ns3:hr>162</ns3:hr>
            <ns3:cad>93</ns3:cad>
          </ns3:TrackPointExtension>
        </extensions>
      </trkpt>
      <trkpt lat="30.5500818975269794464111328125" lon="104.0493315272033214569091796875">
        <ele>470.79998779296875</ele>
        <time>2026-09-19T13:22:41.000Z</time>
        <extensions>
          <ns3:TrackPointExtension>
            <ns3:hr>161</ns3:hr>
            <ns3:cad>92</ns3:cad>
          </ns3:TrackPointExtension>
        </extensions>
      </trkpt>
      <trkpt lat="30.55005918256938457489013671875" lon="104.04935373924672603607177734375">
        <ele>470.600006103515625</ele>
        <time>2026-09-19T13:22:42.000Z</time>
        <extensions>
          <ns3:TrackPointExtension>
            <ns3:hr>161</ns3:hr>
            <ns3:cad>92</ns3:cad>
          </ns3:TrackPointExtension>
        </extensions>
      </trkpt>
      <trkpt lat="30.55004443041980266571044921875" lon="104.04937569983303546905517578125">
        <ele>470.600006103515625</ele>
        <time>2026-09-19T13:22:43.000Z</time>
        <extensions>
          <ns3:TrackPointExtension>
            <ns3:hr>161</ns3:hr>
            <ns3:cad>91</ns3:cad>
          </ns3:TrackPointExtension>
        </extensions>
      </trkpt>
      <trkpt lat="30.55001777596771717071533203125" lon="104.04939061962068080902099609375">
        <ele>470.600006103515625</ele>
        <time>2026-09-19T13:22:44.000Z</time>
        <extensions>
          <ns3:TrackPointExtension>
            <ns3:hr>162</ns3:hr>
            <ns3:cad>91</ns3:cad>
          </ns3:TrackPointExtension>
        </extensions>
      </trkpt>
      <trkpt lat="30.5499957315623760223388671875" lon="104.04940486885607242584228515625">
        <ele>470.399993896484375</ele>
        <time>2026-09-19T13:22:45.000Z</time>
        <extensions>
          <ns3:TrackPointExtension>
            <ns3:hr>161</ns3:hr>
            <ns3:cad>92</ns3:cad>
          </ns3:TrackPointExtension>
        </extensions>
      </trkpt>
      <trkpt lat="30.549970753490924835205078125" lon="104.04942532069981098175048828125">
        <ele>470.399993896484375</ele>
        <time>2026-09-19T13:22:46.000Z</time>
        <extensions>
          <ns3:TrackPointExtension>
            <ns3:hr>161</ns3:hr>
            <ns3:cad>92</ns3:cad>
          </ns3:TrackPointExtension>
        </extensions>
      </trkpt>
      <trkpt lat="30.5499534867703914642333984375" lon="104.049444682896137237548828125">
        <ele>470.20001220703125</ele>
        <time>2026-09-19T13:22:47.000Z</time>
        <extensions>
          <ns3:TrackPointExtension>
            <ns3:hr>162</ns3:hr>
            <ns3:cad>93</ns3:cad>
          </ns3:TrackPointExtension>
        </extensions>
      </trkpt>
      <trkpt lat="30.5499256588518619537353515625" lon="104.0494636259973049163818359375">
        <ele>470.20001220703125</ele>
        <time>2026-09-19T13:22:48.000Z</time>
        <extensions>
          <ns3:TrackPointExtension>
            <ns3:hr>161</ns3:hr>
            <ns3:cad>93</ns3:cad>
          </ns3:TrackPointExtension>
        </extensions>
      </trkpt>
      <trkpt lat="30.549903698265552520751953125" lon="104.04948265291750431060791015625">
        <ele>470</ele>
        <time>2026-09-19T13:22:49.000Z</time>
        <extensions>
          <ns3:TrackPointExtension>
            <ns3:hr>161</ns3:hr>
            <ns3:cad>93</ns3:cad>
          </ns3:TrackPointExtension>
        </extensions>
      </trkpt>
      <trkpt lat="30.5498760379850864410400390625" lon="104.0494978241622447967529296875">
        <ele>470</ele>
        <time>2026-09-19T13:22:50.000Z</time>
        <extensions>
          <ns3:TrackPointExtension>
            <ns3:hr>161</ns3:hr>
            <ns3:cad>92</ns3:cad>
          </ns3:TrackPointExtension>
        </extensions>
      </trkpt>
      <trkpt lat="30.54985181428492069244384765625" lon="104.04951651580631732940673828125">
        <ele>469.79998779296875</ele>
        <time>2026-09-19T13:22:51.000Z</time>
        <extensions>
          <ns3:TrackPointExtension>
            <ns3:hr>161</ns3:hr>
            <ns3:cad>92</ns3:cad>
          </ns3:TrackPointExtension>
        </extensions>
      </trkpt>
      <trkpt lat="30.54982817731797695159912109375" lon="104.04952271841466426849365234375">
        <ele>469.79998779296875</ele>
        <time>2026-09-19T13:22:52.000Z</time>
        <extensions>
          <ns3:TrackPointExtension>
            <ns3:hr>160</ns3:hr>
            <ns3:cad>92</ns3:cad>
          </ns3:TrackPointExtension>
        </extensions>
      </trkpt>
      <trkpt lat="30.54980353452265262603759765625" lon="104.04954384081065654754638671875">
        <ele>469.600006103515625</ele>
        <time>2026-09-19T13:22:53.000Z</time>
        <extensions>
          <ns3:TrackPointExtension>
            <ns3:hr>160</ns3:hr>
            <ns3:cad>93</ns3:cad>
          </ns3:TrackPointExtension>
        </extensions>
      </trkpt>
      <trkpt lat="30.54978467524051666259765625" lon="104.0495571680366992950439453125">
        <ele>469.600006103515625</ele>
        <time>2026-09-19T13:22:54.000Z</time>
        <extensions>
          <ns3:TrackPointExtension>
            <ns3:hr>161</ns3:hr>
            <ns3:cad>92</ns3:cad>
          </ns3:TrackPointExtension>
        </extensions>
      </trkpt>
      <trkpt lat="30.5497566796839237213134765625" lon="104.049577452242374420166015625">
        <ele>469.600006103515625</ele>
        <time>2026-09-19T13:22:55.000Z</time>
        <extensions>
          <ns3:TrackPointExtension>
            <ns3:hr>161</ns3:hr>
            <ns3:cad>92</ns3:cad>
          </ns3:TrackPointExtension>
        </extensions>
      </trkpt>
      <trkpt lat="30.54974033497273921966552734375" lon="104.0495870076119899749755859375">
        <ele>469.600006103515625</ele>
        <time>2026-09-19T13:22:56.000Z</time>
        <extensions>
          <ns3:TrackPointExtension>
            <ns3:hr>162</ns3:hr>
            <ns3:cad>92</ns3:cad>
          </ns3:TrackPointExtension>
        </extensions>
      </trkpt>
      <trkpt lat="30.54971451871097087860107421875" lon="104.04959790408611297607421875">
        <ele>469.399993896484375</ele>
        <time>2026-09-19T13:22:57.000Z</time>
        <extensions>
          <ns3:TrackPointExtension>
            <ns3:hr>162</ns3:hr>
            <ns3:cad>92</ns3:cad>
          </ns3:TrackPointExtension>
        </extensions>
      </trkpt>
      <trkpt lat="30.54969809018075466156005859375" lon="104.0496106445789337158203125">
        <ele>469.399993896484375</ele>
        <time>2026-09-19T13:22:58.000Z</time>
        <extensions>
          <ns3:TrackPointExtension>
            <ns3:hr>161</ns3:hr>
            <ns3:cad>94</ns3:cad>
          </ns3:TrackPointExtension>
        </extensions>
      </trkpt>
      <trkpt lat="30.5496701784431934356689453125" lon="104.04962480999529361724853515625">
        <ele>469.399993896484375</ele>
        <time>2026-09-19T13:22:59.000Z</time>
        <extensions>
          <ns3:TrackPointExtension>
            <ns3:hr>161</ns3:hr>
            <ns3:cad>92</ns3:cad>
          </ns3:TrackPointExtension>
        </extensions>
      </trkpt>
      <trkpt lat="30.549643523991107940673828125" lon="104.049634449183940887451171875">
        <ele>469.20001220703125</ele>
        <time>2026-09-19T13:23:00.000Z</time>
        <extensions>
          <ns3:TrackPointExtension>
            <ns3:hr>161</ns3:hr>
            <ns3:cad>93</ns3:cad>
          </ns3:TrackPointExtension>
        </extensions>
      </trkpt>
      <trkpt lat="30.5496155284345149993896484375" lon="104.0496440045535564422607421875">
        <ele>469.20001220703125</ele>
        <time>2026-09-19T13:23:01.000Z</time>
        <extensions>
          <ns3:TrackPointExtension>
            <ns3:hr>161</ns3:hr>
            <ns3:cad>93</ns3:cad>
          </ns3:TrackPointExtension>
        </extensions>
      </trkpt>
      <trkpt lat="30.54959566332399845123291015625" lon="104.04965330846607685089111328125">
        <ele>469.20001220703125</ele>
        <time>2026-09-19T13:23:02.000Z</time>
        <extensions>
          <ns3:TrackPointExtension>
            <ns3:hr>161</ns3:hr>
            <ns3:cad>93</ns3:cad>
          </ns3:TrackPointExtension>
        </extensions>
      </trkpt>
      <trkpt lat="30.54956666193902492523193359375" lon="104.04966420494019985198974609375">
        <ele>469.20001220703125</ele>
        <time>2026-09-19T13:23:03.000Z</time>
        <extensions>
          <ns3:TrackPointExtension>
            <ns3:hr>161</ns3:hr>
            <ns3:cad>93</ns3:cad>
          </ns3:TrackPointExtension>
        </extensions>
      </trkpt>
      <trkpt lat="30.5495390854775905609130859375" lon="104.0496768616139888763427734375">
        <ele>469.20001220703125</ele>
        <time>2026-09-19T13:23:04.000Z</time>
        <extensions>
          <ns3:TrackPointExtension>
            <ns3:hr>160</ns3:hr>
            <ns3:cad>91</ns3:cad>
          </ns3:TrackPointExtension>
        </extensions>
      </trkpt>
      <trkpt lat="30.549514107406139373779296875" lon="104.04969337396323680877685546875">
        <ele>469.20001220703125</ele>
        <time>2026-09-19T13:23:05.000Z</time>
        <extensions>
          <ns3:TrackPointExtension>
            <ns3:hr>161</ns3:hr>
            <ns3:cad>91</ns3:cad>
          </ns3:TrackPointExtension>
        </extensions>
      </trkpt>
      <trkpt lat="30.5494901351630687713623046875" lon="104.0497181005775928497314453125">
        <ele>469.20001220703125</ele>
        <time>2026-09-19T13:23:06.000Z</time>
        <extensions>
          <ns3:TrackPointExtension>
            <ns3:hr>161</ns3:hr>
            <ns3:cad>92</ns3:cad>
          </ns3:TrackPointExtension>
        </extensions>
      </trkpt>
      <trkpt lat="30.5494626425206661224365234375" lon="104.04974098317325115203857421875">
        <ele>469.20001220703125</ele>
        <time>2026-09-19T13:23:07.000Z</time>
        <extensions>
          <ns3:TrackPointExtension>
            <ns3:hr>160</ns3:hr>
            <ns3:cad>92</ns3:cad>
          </ns3:TrackPointExtension>
        </extensions>
      </trkpt>
      <trkpt lat="30.5494395084679126739501953125" lon="104.04976378194987773895263671875">
        <ele>469.20001220703125</ele>
        <time>2026-09-19T13:23:08.000Z</time>
        <extensions>
          <ns3:TrackPointExtension>
            <ns3:hr>160</ns3:hr>
            <ns3:cad>93</ns3:cad>
          </ns3:TrackPointExtension>
        </extensions>
      </trkpt>
      <trkpt lat="30.54942366667091846466064453125" lon="104.0497955493628978729248046875">
        <ele>469</ele>
        <time>2026-09-19T13:23:09.000Z</time>
        <extensions>
          <ns3:TrackPointExtension>
            <ns3:hr>160</ns3:hr>
            <ns3:cad>93</ns3:cad>
          </ns3:TrackPointExtension>
        </extensions>
      </trkpt>
      <trkpt lat="30.54941830225288867950439453125" lon="104.04983066953718662261962890625">
        <ele>469</ele>
        <time>2026-09-19T13:23:10.000Z</time>
        <extensions>
          <ns3:TrackPointExtension>
            <ns3:hr>160</ns3:hr>
            <ns3:cad>93</ns3:cad>
          </ns3:TrackPointExtension>
        </extensions>
      </trkpt>
      <trkpt lat="30.5494177155196666717529296875" lon="104.04986704699695110321044921875">
        <ele>469</ele>
        <time>2026-09-19T13:23:11.000Z</time>
        <extensions>
          <ns3:TrackPointExtension>
            <ns3:hr>159</ns3:hr>
            <ns3:cad>93</ns3:cad>
          </ns3:TrackPointExtension>
        </extensions>
      </trkpt>
      <trkpt lat="30.5494170449674129486083984375" lon="104.04990744777023792266845703125">
        <ele>468.79998779296875</ele>
        <time>2026-09-19T13:23:12.000Z</time>
        <extensions>
          <ns3:TrackPointExtension>
            <ns3:hr>159</ns3:hr>
            <ns3:cad>92</ns3:cad>
          </ns3:TrackPointExtension>
        </extensions>
      </trkpt>
      <trkpt lat="30.54941662587225437164306640625" lon="104.04993946664035320281982421875">
        <ele>468.79998779296875</ele>
        <time>2026-09-19T13:23:13.000Z</time>
        <extensions>
          <ns3:TrackPointExtension>
            <ns3:hr>159</ns3:hr>
            <ns3:cad>92</ns3:cad>
          </ns3:TrackPointExtension>
        </extensions>
      </trkpt>
      <trkpt lat="30.54942768998444080352783203125" lon="104.04997584410011768341064453125">
        <ele>468.79998779296875</ele>
        <time>2026-09-19T13:23:14.000Z</time>
        <extensions>
          <ns3:TrackPointExtension>
            <ns3:hr>159</ns3:hr>
            <ns3:cad>92</ns3:cad>
          </ns3:TrackPointExtension>
        </extensions>
      </trkpt>
      <trkpt lat="30.54944177158176898956298828125" lon="104.05000149272382259368896484375">
        <ele>468.79998779296875</ele>
        <time>2026-09-19T13:23:15.000Z</time>
        <extensions>
          <ns3:TrackPointExtension>
            <ns3:hr>159</ns3:hr>
            <ns3:cad>92</ns3:cad>
          </ns3:TrackPointExtension>
        </extensions>
      </trkpt>
      <trkpt lat="30.54946825839579105377197265625" lon="104.05002077110111713409423828125">
        <ele>469</ele>
        <time>2026-09-19T13:23:16.000Z</time>
        <extensions>
          <ns3:TrackPointExtension>
            <ns3:hr>159</ns3:hr>
            <ns3:cad>93</ns3:cad>
          </ns3:TrackPointExtension>
        </extensions>
      </trkpt>
      <trkpt lat="30.54949608631432056427001953125" lon="104.05002663843333721160888671875">
        <ele>469</ele>
        <time>2026-09-19T13:23:17.000Z</time>
        <extensions>
          <ns3:TrackPointExtension>
            <ns3:hr>159</ns3:hr>
            <ns3:cad>92</ns3:cad>
          </ns3:TrackPointExtension>
        </extensions>
      </trkpt>
      <trkpt lat="30.54952911101281642913818359375" lon="104.05002680607140064239501953125">
        <ele>469</ele>
        <time>2026-09-19T13:23:18.000Z</time>
        <extensions>
          <ns3:TrackPointExtension>
            <ns3:hr>159</ns3:hr>
            <ns3:cad>93</ns3:cad>
          </ns3:TrackPointExtension>
        </extensions>
      </trkpt>
      <trkpt lat="30.54955274797976016998291015625" lon="104.05001909472048282623291015625">
        <ele>469</ele>
        <time>2026-09-19T13:23:19.000Z</time>
        <extensions>
          <ns3:TrackPointExtension>
            <ns3:hr>159</ns3:hr>
            <ns3:cad>93</ns3:cad>
          </ns3:TrackPointExtension>
        </extensions>
      </trkpt>
      <trkpt lat="30.54957655258476734161376953125" lon="104.050004594027996063232421875">
        <ele>469</ele>
        <time>2026-09-19T13:23:20.000Z</time>
        <extensions>
          <ns3:TrackPointExtension>
            <ns3:hr>159</ns3:hr>
            <ns3:cad>93</ns3:cad>
          </ns3:TrackPointExtension>
        </extensions>
      </trkpt>
      <trkpt lat="30.54960438050329685211181640625" lon="104.04999344609677791595458984375">
        <ele>468.79998779296875</ele>
        <time>2026-09-19T13:23:21.000Z</time>
        <extensions>
          <ns3:TrackPointExtension>
            <ns3:hr>159</ns3:hr>
            <ns3:cad>93</ns3:cad>
          </ns3:TrackPointExtension>
        </extensions>
      </trkpt>
      <trkpt lat="30.5496286042034626007080078125" lon="104.049982465803623199462890625">
        <ele>468.79998779296875</ele>
        <time>2026-09-19T13:23:22.000Z</time>
        <extensions>
          <ns3:TrackPointExtension>
            <ns3:hr>159</ns3:hr>
            <ns3:cad>92</ns3:cad>
          </ns3:TrackPointExtension>
        </extensions>
      </trkpt>
      <trkpt lat="30.549654252827167510986328125" lon="104.0499749220907688140869140625">
        <ele>468.79998779296875</ele>
        <time>2026-09-19T13:23:23.000Z</time>
        <extensions>
          <ns3:TrackPointExtension>
            <ns3:hr>159</ns3:hr>
            <ns3:cad>92</ns3:cad>
          </ns3:TrackPointExtension>
        </extensions>
      </trkpt>
      <trkpt lat="30.5496782250702381134033203125" lon="104.04996880330145359039306640625">
        <ele>468.79998779296875</ele>
        <time>2026-09-19T13:23:24.000Z</time>
        <extensions>
          <ns3:TrackPointExtension>
            <ns3:hr>159</ns3:hr>
            <ns3:cad>92</ns3:cad>
          </ns3:TrackPointExtension>
        </extensions>
      </trkpt>
      <trkpt lat="30.54970613680779933929443359375" lon="104.04995706863701343536376953125">
        <ele>468.79998779296875</ele>
        <time>2026-09-19T13:23:25.000Z</time>
        <extensions>
          <ns3:TrackPointExtension>
            <ns3:hr>160</ns3:hr>
            <ns3:cad>92</ns3:cad>
          </ns3:TrackPointExtension>
        </extensions>
      </trkpt>
      <trkpt lat="30.54972759447991847991943359375" lon="104.049944579601287841796875">
        <ele>468.79998779296875</ele>
        <time>2026-09-19T13:23:26.000Z</time>
        <extensions>
          <ns3:TrackPointExtension>
            <ns3:hr>160</ns3:hr>
            <ns3:cad>93</ns3:cad>
          </ns3:TrackPointExtension>
        </extensions>
      </trkpt>
      <trkpt lat="30.549754165112972259521484375" lon="104.0499340184032917022705078125">
        <ele>469</ele>
        <time>2026-09-19T13:23:27.000Z</time>
        <extensions>
          <ns3:TrackPointExtension>
            <ns3:hr>160</ns3:hr>
            <ns3:cad>92</ns3:cad>
          </ns3:TrackPointExtension>
        </extensions>
      </trkpt>
      <trkpt lat="30.5497754551470279693603515625" lon="104.04992370866239070892333984375">
        <ele>469.20001220703125</ele>
        <time>2026-09-19T13:23:28.000Z</time>
        <extensions>
          <ns3:TrackPointExtension>
            <ns3:hr>160</ns3:hr>
            <ns3:cad>93</ns3:cad>
          </ns3:TrackPointExtension>
        </extensions>
      </trkpt>
      <trkpt lat="30.54980303160846233367919921875" lon="104.049912057816982269287109375">
        <ele>469.20001220703125</ele>
        <time>2026-09-19T13:23:29.000Z</time>
        <extensions>
          <ns3:TrackPointExtension>
            <ns3:hr>161</ns3:hr>
            <ns3:cad>93</ns3:cad>
          </ns3:TrackPointExtension>
        </extensions>
      </trkpt>
      <trkpt lat="30.54982583038508892059326171875" lon="104.0499011613428592681884765625">
        <ele>469.20001220703125</ele>
        <time>2026-09-19T13:23:30.000Z</time>
        <extensions>
          <ns3:TrackPointExtension>
            <ns3:hr>161</ns3:hr>
            <ns3:cad>93</ns3:cad>
          </ns3:TrackPointExtension>
        </extensions>
      </trkpt>
      <trkpt lat="30.5498508922755718231201171875" lon="104.04988892376422882080078125">
        <ele>469.20001220703125</ele>
        <time>2026-09-19T13:23:31.000Z</time>
        <extensions>
          <ns3:TrackPointExtension>
            <ns3:hr>162</ns3:hr>
            <ns3:cad>92</ns3:cad>
          </ns3:TrackPointExtension>
        </extensions>
      </trkpt>
      <trkpt lat="30.54987343959510326385498046875" lon="104.049877189099788665771484375">
        <ele>469</ele>
        <time>2026-09-19T13:23:32.000Z</time>
        <extensions>
          <ns3:TrackPointExtension>
            <ns3:hr>162</ns3:hr>
            <ns3:cad>91</ns3:cad>
          </ns3:TrackPointExtension>
        </extensions>
      </trkpt>
      <trkpt lat="30.54989732801914215087890625" lon="104.04986503534018993377685546875">
        <ele>469</ele>
        <time>2026-09-19T13:23:33.000Z</time>
        <extensions>
          <ns3:TrackPointExtension>
            <ns3:hr>162</ns3:hr>
            <ns3:cad>91</ns3:cad>
          </ns3:TrackPointExtension>
        </extensions>
      </trkpt>
      <trkpt lat="30.54991987533867359161376953125" lon="104.04985279776155948638916015625">
        <ele>469</ele>
        <time>2026-09-19T13:23:34.000Z</time>
        <extensions>
          <ns3:TrackPointExtension>
            <ns3:hr>163</ns3:hr>
            <ns3:cad>91</ns3:cad>
          </ns3:TrackPointExtension>
        </extensions>
      </trkpt>
      <trkpt lat="30.54994317702949047088623046875" lon="104.04984206892549991607666015625">
        <ele>469</ele>
        <time>2026-09-19T13:23:35.000Z</time>
        <extensions>
          <ns3:TrackPointExtension>
            <ns3:hr>163</ns3:hr>
            <ns3:cad>91</ns3:cad>
          </ns3:TrackPointExtension>
        </extensions>
      </trkpt>
      <trkpt lat="30.5499702505767345428466796875" lon="104.04982983134686946868896484375">
        <ele>469</ele>
        <time>2026-09-19T13:23:36.000Z</time>
        <extensions>
          <ns3:TrackPointExtension>
            <ns3:hr>163</ns3:hr>
            <ns3:cad>92</ns3:cad>
          </ns3:TrackPointExtension>
        </extensions>
      </trkpt>
      <trkpt lat="30.5499891936779022216796875" lon="104.049812816083431243896484375">
        <ele>469</ele>
        <time>2026-09-19T13:23:37.000Z</time>
        <extensions>
          <ns3:TrackPointExtension>
            <ns3:hr>163</ns3:hr>
            <ns3:cad>93</ns3:cad>
          </ns3:TrackPointExtension>
        </extensions>
      </trkpt>
      <trkpt lat="30.55001593194901943206787109375" lon="104.0497982315719127655029296875">
        <ele>468.79998779296875</ele>
        <time>2026-09-19T13:23:38.000Z</time>
        <extensions>
          <ns3:TrackPointExtension>
            <ns3:hr>163</ns3:hr>
            <ns3:cad>92</ns3:cad>
          </ns3:TrackPointExtension>
        </extensions>
      </trkpt>
      <trkpt lat="30.55003504268825054168701171875" lon="104.0497871674597263336181640625">
        <ele>468.79998779296875</ele>
        <time>2026-09-19T13:23:39.000Z</time>
        <extensions>
          <ns3:TrackPointExtension>
            <ns3:hr>163</ns3:hr>
            <ns3:cad>92</ns3:cad>
          </ns3:TrackPointExtension>
        </extensions>
      </trkpt>
      <trkpt lat="30.55006437934935092926025390625" lon="104.04977836646139621734619140625">
        <ele>468.79998779296875</ele>
        <time>2026-09-19T13:23:40.000Z</time>
        <extensions>
          <ns3:TrackPointExtension>
            <ns3:hr>163</ns3:hr>
            <ns3:cad>92</ns3:cad>
          </ns3:TrackPointExtension>
        </extensions>
      </trkpt>
      <trkpt lat="30.55008642375469207763671875" lon="104.04976663179695606231689453125">
        <ele>468.79998779296875</ele>
        <time>2026-09-19T13:23:41.000Z</time>
        <extensions>
          <ns3:TrackPointExtension>
            <ns3:hr>163</ns3:hr>
            <ns3:cad>92</ns3:cad>
          </ns3:TrackPointExtension>
        </extensions>
      </trkpt>
      <trkpt lat="30.5501139163970947265625" lon="104.04975724406540393829345703125">
        <ele>468.79998779296875</ele>
        <time>2026-09-19T13:23:42.000Z</time>
        <extensions>
          <ns3:TrackPointExtension>
            <ns3:hr>164</ns3:hr>
            <ns3:cad>94</ns3:cad>
          </ns3:TrackPointExtension>
        </extensions>
      </trkpt>
      <trkpt lat="30.5501338653266429901123046875" lon="104.0497472696006298065185546875">
        <ele>468.79998779296875</ele>
        <time>2026-09-19T13:23:43.000Z</time>
        <extensions>
          <ns3:TrackPointExtension>
            <ns3:hr>164</ns3:hr>
            <ns3:cad>94</ns3:cad>
          </ns3:TrackPointExtension>
        </extensions>
      </trkpt>
      <trkpt lat="30.550160519778728485107421875" lon="104.04973092488944530487060546875">
        <ele>469</ele>
        <time>2026-09-19T13:23:44.000Z</time>
        <extensions>
          <ns3:TrackPointExtension>
            <ns3:hr>164</ns3:hr>
            <ns3:cad>93</ns3:cad>
          </ns3:TrackPointExtension>
        </extensions>
      </trkpt>
      <trkpt lat="30.55018658749759197235107421875" lon="104.04971533454954624176025390625">
        <ele>469.20001220703125</ele>
        <time>2026-09-19T13:23:45.000Z</time>
        <extensions>
          <ns3:TrackPointExtension>
            <ns3:hr>164</ns3:hr>
            <ns3:cad>93</ns3:cad>
          </ns3:TrackPointExtension>
        </extensions>
      </trkpt>
      <trkpt lat="30.55020511150360107421875" lon="104.04969924129545688629150390625">
        <ele>469.399993896484375</ele>
        <time>2026-09-19T13:23:46.000Z</time>
        <extensions>
          <ns3:TrackPointExtension>
            <ns3:hr>164</ns3:hr>
            <ns3:cad>92</ns3:cad>
          </ns3:TrackPointExtension>
        </extensions>
      </trkpt>
      <trkpt lat="30.5502284131944179534912109375" lon="104.0496815554797649383544921875">
        <ele>469.600006103515625</ele>
        <time>2026-09-19T13:23:47.000Z</time>
        <extensions>
          <ns3:TrackPointExtension>
            <ns3:hr>164</ns3:hr>
            <ns3:cad>92</ns3:cad>
          </ns3:TrackPointExtension>
        </extensions>
      </trkpt>
      <trkpt lat="30.550252385437488555908203125" lon="104.04966521076858043670654296875">
        <ele>469.79998779296875</ele>
        <time>2026-09-19T13:23:48.000Z</time>
        <extensions>
          <ns3:TrackPointExtension>
            <ns3:hr>164</ns3:hr>
            <ns3:cad>92</ns3:cad>
          </ns3:TrackPointExtension>
        </extensions>
      </trkpt>
      <trkpt lat="30.55027694441378116607666015625" lon="104.04964626766741275787353515625">
        <ele>469.600006103515625</ele>
        <time>2026-09-19T13:23:49.000Z</time>
        <extensions>
          <ns3:TrackPointExtension>
            <ns3:hr>164</ns3:hr>
            <ns3:cad>92</ns3:cad>
          </ns3:TrackPointExtension>
        </extensions>
      </trkpt>
      <trkpt lat="30.5502884276211261749267578125" lon="104.0496279112994670867919921875">
        <ele>469.600006103515625</ele>
        <time>2026-09-19T13:23:50.000Z</time>
        <extensions>
          <ns3:TrackPointExtension>
            <ns3:hr>165</ns3:hr>
            <ns3:cad>92</ns3:cad>
          </ns3:TrackPointExtension>
        </extensions>
      </trkpt>
      <trkpt lat="30.55031818337738513946533203125" lon="104.04960201121866703033447265625">
        <ele>469.600006103515625</ele>
        <time>2026-09-19T13:23:51.000Z</time>
        <extensions>
          <ns3:TrackPointExtension>
            <ns3:hr>165</ns3:hr>
            <ns3:cad>92</ns3:cad>
          </ns3:TrackPointExtension>
        </extensions>
      </trkpt>
      <trkpt lat="30.55033628828823566436767578125" lon="104.04958541505038738250732421875">
        <ele>469.600006103515625</ele>
        <time>2026-09-19T13:23:52.000Z</time>
        <extensions>
          <ns3:TrackPointExtension>
            <ns3:hr>165</ns3:hr>
            <ns3:cad>92</ns3:cad>
          </ns3:TrackPointExtension>
        </extensions>
      </trkpt>
      <trkpt lat="30.55036545731127262115478515625" lon="104.04956596903502941131591796875">
        <ele>469.600006103515625</ele>
        <time>2026-09-19T13:23:53.000Z</time>
        <extensions>
          <ns3:TrackPointExtension>
            <ns3:hr>165</ns3:hr>
            <ns3:cad>92</ns3:cad>
          </ns3:TrackPointExtension>
        </extensions>
      </trkpt>
      <trkpt lat="30.5503853224217891693115234375" lon="104.0495487861335277557373046875">
        <ele>469.79998779296875</ele>
        <time>2026-09-19T13:23:54.000Z</time>
        <extensions>
          <ns3:TrackPointExtension>
            <ns3:hr>165</ns3:hr>
            <ns3:cad>92</ns3:cad>
          </ns3:TrackPointExtension>
        </extensions>
      </trkpt>
      <trkpt lat="30.5504114739596843719482421875" lon="104.049528501927852630615234375">
        <ele>469.79998779296875</ele>
        <time>2026-09-19T13:23:55.000Z</time>
        <extensions>
          <ns3:TrackPointExtension>
            <ns3:hr>165</ns3:hr>
            <ns3:cad>92</ns3:cad>
          </ns3:TrackPointExtension>
        </extensions>
      </trkpt>
      <trkpt lat="30.55043636821210384368896484375" lon="104.04950805008411407470703125">
        <ele>469.79998779296875</ele>
        <time>2026-09-19T13:23:56.000Z</time>
        <extensions>
          <ns3:TrackPointExtension>
            <ns3:hr>165</ns3:hr>
            <ns3:cad>92</ns3:cad>
          </ns3:TrackPointExtension>
        </extensions>
      </trkpt>
      <trkpt lat="30.55045648477971553802490234375" lon="104.0494891069829463958740234375">
        <ele>469.79998779296875</ele>
        <time>2026-09-19T13:23:57.000Z</time>
        <extensions>
          <ns3:TrackPointExtension>
            <ns3:hr>165</ns3:hr>
            <ns3:cad>92</ns3:cad>
          </ns3:TrackPointExtension>
        </extensions>
      </trkpt>
      <trkpt lat="30.5504761822521686553955078125" lon="104.049464799463748931884765625">
        <ele>469.79998779296875</ele>
        <time>2026-09-19T13:23:58.000Z</time>
        <extensions>
          <ns3:TrackPointExtension>
            <ns3:hr>166</ns3:hr>
            <ns3:cad>92</ns3:cad>
          </ns3:TrackPointExtension>
        </extensions>
      </trkpt>
      <trkpt lat="30.5504929460585117340087890625" lon="104.0494438447058200836181640625">
        <ele>469.79998779296875</ele>
        <time>2026-09-19T13:23:59.000Z</time>
        <extensions>
          <ns3:TrackPointExtension>
            <ns3:hr>166</ns3:hr>
            <ns3:cad>93</ns3:cad>
          </ns3:TrackPointExtension>
        </extensions>
      </trkpt>
      <trkpt lat="30.55051281116902828216552734375" lon="104.04942356050014495849609375">
        <ele>470</ele>
        <time>2026-09-19T13:24:00.000Z</time>
        <extensions>
          <ns3:TrackPointExtension>
            <ns3:hr>166</ns3:hr>
            <ns3:cad>93</ns3:cad>
          </ns3:TrackPointExtension>
        </extensions>
      </trkpt>
      <trkpt lat="30.55052789859473705291748046875" lon="104.04940637759864330291748046875">
        <ele>470.20001220703125</ele>
        <time>2026-09-19T13:24:01.000Z</time>
        <extensions>
          <ns3:TrackPointExtension>
            <ns3:hr>165</ns3:hr>
            <ns3:cad>93</ns3:cad>
          </ns3:TrackPointExtension>
        </extensions>
      </trkpt>
      <trkpt lat="30.5505449138581752777099609375" lon="104.04938709922134876251220703125">
        <ele>470.399993896484375</ele>
        <time>2026-09-19T13:24:02.000Z</time>
        <extensions>
          <ns3:TrackPointExtension>
            <ns3:hr>166</ns3:hr>
            <ns3:cad>93</ns3:cad>
          </ns3:TrackPointExtension>
        </extensions>
      </trkpt>
      <trkpt lat="30.55055488832294940948486328125" lon="104.04936664737761020660400390625">
        <ele>470.600006103515625</ele>
        <time>2026-09-19T13:24:03.000Z</time>
        <extensions>
          <ns3:TrackPointExtension>
            <ns3:hr>166</ns3:hr>
            <ns3:cad>93</ns3:cad>
          </ns3:TrackPointExtension>
        </extensions>
      </trkpt>
      <trkpt lat="30.55057500489056110382080078125" lon="104.0493405796587467193603515625">
        <ele>470.79998779296875</ele>
        <time>2026-09-19T13:24:04.000Z</time>
        <extensions>
          <ns3:TrackPointExtension>
            <ns3:hr>166</ns3:hr>
            <ns3:cad>93</ns3:cad>
          </ns3:TrackPointExtension>
        </extensions>
      </trkpt>
      <trkpt lat="30.55058791302144527435302734375" lon="104.04932297766208648681640625">
        <ele>470.79998779296875</ele>
        <time>2026-09-19T13:24:05.000Z</time>
        <extensions>
          <ns3:TrackPointExtension>
            <ns3:hr>166</ns3:hr>
            <ns3:cad>92</ns3:cad>
          </ns3:TrackPointExtension>
        </extensions>
      </trkpt>
      <trkpt lat="30.5506066046655178070068359375" lon="104.0493020229041576385498046875">
        <ele>471</ele>
        <time>2026-09-19T13:24:06.000Z</time>
        <extensions>
          <ns3:TrackPointExtension>
            <ns3:hr>166</ns3:hr>
            <ns3:cad>92</ns3:cad>
          </ns3:TrackPointExtension>
        </extensions>
      </trkpt>
      <trkpt lat="30.55061741732060909271240234375" lon="104.049283079802989959716796875">
        <ele>471</ele>
        <time>2026-09-19T13:24:07.000Z</time>
        <extensions>
          <ns3:TrackPointExtension>
            <ns3:hr>166</ns3:hr>
            <ns3:cad>92</ns3:cad>
          </ns3:TrackPointExtension>
        </extensions>
      </trkpt>
      <trkpt lat="30.55063099600374698638916015625" lon="104.049255587160587310791015625">
        <ele>471.20001220703125</ele>
        <time>2026-09-19T13:24:08.000Z</time>
        <extensions>
          <ns3:TrackPointExtension>
            <ns3:hr>167</ns3:hr>
            <ns3:cad>92</ns3:cad>
          </ns3:TrackPointExtension>
        </extensions>
      </trkpt>
      <trkpt lat="30.55063585750758647918701171875" lon="104.0492316149175167083740234375">
        <ele>471.20001220703125</ele>
        <time>2026-09-19T13:24:09.000Z</time>
        <extensions>
          <ns3:TrackPointExtension>
            <ns3:hr>167</ns3:hr>
            <ns3:cad>93</ns3:cad>
          </ns3:TrackPointExtension>
        </extensions>
      </trkpt>
      <trkpt lat="30.55065060965716838836669921875" lon="104.0492054633796215057373046875">
        <ele>471.399993896484375</ele>
        <time>2026-09-19T13:24:10.000Z</time>
        <extensions>
          <ns3:TrackPointExtension>
            <ns3:hr>167</ns3:hr>
            <ns3:cad>93</ns3:cad>
          </ns3:TrackPointExtension>
        </extensions>
      </trkpt>
      <trkpt lat="30.5506642721593379974365234375" lon="104.04918425716459751129150390625">
        <ele>471.399993896484375</ele>
        <time>2026-09-19T13:24:11.000Z</time>
        <extensions>
          <ns3:TrackPointExtension>
            <ns3:hr>166</ns3:hr>
            <ns3:cad>93</ns3:cad>
          </ns3:TrackPointExtension>
        </extensions>
      </trkpt>
      <trkpt lat="30.55068145506083965301513671875" lon="104.049159027636051177978515625">
        <ele>471.399993896484375</ele>
        <time>2026-09-19T13:24:12.000Z</time>
        <extensions>
          <ns3:TrackPointExtension>
            <ns3:hr>167</ns3:hr>
            <ns3:cad>93</ns3:cad>
          </ns3:TrackPointExtension>
        </extensions>
      </trkpt>
      <trkpt lat="30.55069436319172382354736328125" lon="104.04913228936493396759033203125">
        <ele>471.20001220703125</ele>
        <time>2026-09-19T13:24:13.000Z</time>
        <extensions>
          <ns3:TrackPointExtension>
            <ns3:hr>167</ns3:hr>
            <ns3:cad>92</ns3:cad>
          </ns3:TrackPointExtension>
        </extensions>
      </trkpt>
      <trkpt lat="30.55071230046451091766357421875" lon="104.049106054008007049560546875">
        <ele>471.20001220703125</ele>
        <time>2026-09-19T13:24:14.000Z</time>
        <extensions>
          <ns3:TrackPointExtension>
            <ns3:hr>167</ns3:hr>
            <ns3:cad>92</ns3:cad>
          </ns3:TrackPointExtension>
        </extensions>
      </trkpt>
      <trkpt lat="30.550725124776363372802734375" lon="104.0490817464888095855712890625">
        <ele>471.20001220703125</ele>
        <time>2026-09-19T13:24:15.000Z</time>
        <extensions>
          <ns3:TrackPointExtension>
            <ns3:hr>167</ns3:hr>
            <ns3:cad>92</ns3:cad>
          </ns3:TrackPointExtension>
        </extensions>
      </trkpt>
      <trkpt lat="30.550743229687213897705078125" lon="104.04905232600867748260498046875">
        <ele>471</ele>
        <time>2026-09-19T13:24:16.000Z</time>
        <extensions>
          <ns3:TrackPointExtension>
            <ns3:hr>167</ns3:hr>
            <ns3:cad>92</ns3:cad>
          </ns3:TrackPointExtension>
        </extensions>
      </trkpt>
      <trkpt lat="30.550760328769683837890625" lon="104.049027264118194580078125">
        <ele>471</ele>
        <time>2026-09-19T13:24:17.000Z</time>
        <extensions>
          <ns3:TrackPointExtension>
            <ns3:hr>167</ns3:hr>
            <ns3:cad>92</ns3:cad>
          </ns3:TrackPointExtension>
        </extensions>
      </trkpt>
      <trkpt lat="30.55078002624213695526123046875" lon="104.04900555498898029327392578125">
        <ele>470.79998779296875</ele>
        <time>2026-09-19T13:24:18.000Z</time>
        <extensions>
          <ns3:TrackPointExtension>
            <ns3:hr>167</ns3:hr>
            <ns3:cad>92</ns3:cad>
          </ns3:TrackPointExtension>
        </extensions>
      </trkpt>
      <trkpt lat="30.55080047808587551116943359375" lon="104.04897973872721195220947265625">
        <ele>470.600006103515625</ele>
        <time>2026-09-19T13:24:19.000Z</time>
        <extensions>
          <ns3:TrackPointExtension>
            <ns3:hr>167</ns3:hr>
            <ns3:cad>92</ns3:cad>
          </ns3:TrackPointExtension>
        </extensions>
      </trkpt>
      <trkpt lat="30.55082000792026519775390625" lon="104.048957861959934234619140625">
        <ele>470.600006103515625</ele>
        <time>2026-09-19T13:24:20.000Z</time>
        <extensions>
          <ns3:TrackPointExtension>
            <ns3:hr>167</ns3:hr>
            <ns3:cad>91</ns3:cad>
          </ns3:TrackPointExtension>
        </extensions>
      </trkpt>
      <trkpt lat="30.550845153629779815673828125" lon="104.04893849976360797882080078125">
        <ele>470.399993896484375</ele>
        <time>2026-09-19T13:24:21.000Z</time>
        <extensions>
          <ns3:TrackPointExtension>
            <ns3:hr>167</ns3:hr>
            <ns3:cad>92</ns3:cad>
          </ns3:TrackPointExtension>
        </extensions>
      </trkpt>
      <trkpt lat="30.550864599645137786865234375" lon="104.04891888611018657684326171875">
        <ele>470.20001220703125</ele>
        <time>2026-09-19T13:24:22.000Z</time>
        <extensions>
          <ns3:TrackPointExtension>
            <ns3:hr>167</ns3:hr>
            <ns3:cad>91</ns3:cad>
          </ns3:TrackPointExtension>
        </extensions>
      </trkpt>
      <trkpt lat="30.5508863925933837890625" lon="104.04889876954257488250732421875">
        <ele>470</ele>
        <time>2026-09-19T13:24:23.000Z</time>
        <extensions>
          <ns3:TrackPointExtension>
            <ns3:hr>166</ns3:hr>
            <ns3:cad>91</ns3:cad>
          </ns3:TrackPointExtension>
        </extensions>
      </trkpt>
      <trkpt lat="30.55090994574129581451416015625" lon="104.0488782338798046112060546875">
        <ele>470</ele>
        <time>2026-09-19T13:24:24.000Z</time>
        <extensions>
          <ns3:TrackPointExtension>
            <ns3:hr>167</ns3:hr>
            <ns3:cad>91</ns3:cad>
          </ns3:TrackPointExtension>
        </extensions>
      </trkpt>
      <trkpt lat="30.55092587135732173919677734375" lon="104.04885719530284404754638671875">
        <ele>469.79998779296875</ele>
        <time>2026-09-19T13:24:25.000Z</time>
        <extensions>
          <ns3:TrackPointExtension>
            <ns3:hr>166</ns3:hr>
            <ns3:cad>92</ns3:cad>
          </ns3:TrackPointExtension>
        </extensions>
      </trkpt>
      <trkpt lat="30.5509519390761852264404296875" lon="104.04883942566812038421630859375">
        <ele>470</ele>
        <time>2026-09-19T13:24:26.000Z</time>
        <extensions>
          <ns3:TrackPointExtension>
            <ns3:hr>166</ns3:hr>
            <ns3:cad>94</ns3:cad>
          </ns3:TrackPointExtension>
        </extensions>
      </trkpt>
      <trkpt lat="30.55097557604312896728515625" lon="104.04882601462304592132568359375">
        <ele>470</ele>
        <time>2026-09-19T13:24:27.000Z</time>
        <extensions>
          <ns3:TrackPointExtension>
            <ns3:hr>166</ns3:hr>
            <ns3:cad>94</ns3:cad>
          </ns3:TrackPointExtension>
        </extensions>
      </trkpt>
      <trkpt lat="30.55099845863878726959228515625" lon="104.0488155372440814971923828125">
        <ele>470.20001220703125</ele>
        <time>2026-09-19T13:24:28.000Z</time>
        <extensions>
          <ns3:TrackPointExtension>
            <ns3:hr>166</ns3:hr>
            <ns3:cad>94</ns3:cad>
          </ns3:TrackPointExtension>
        </extensions>
      </trkpt>
      <trkpt lat="30.55101907812058925628662109375" lon="104.04880623333156108856201171875">
        <ele>470.399993896484375</ele>
        <time>2026-09-19T13:24:29.000Z</time>
        <extensions>
          <ns3:TrackPointExtension>
            <ns3:hr>166</ns3:hr>
            <ns3:cad>94</ns3:cad>
          </ns3:TrackPointExtension>
        </extensions>
      </trkpt>
      <trkpt lat="30.551042295992374420166015625" lon="104.04879298992455005645751953125">
        <ele>470.600006103515625</ele>
        <time>2026-09-19T13:24:30.000Z</time>
        <extensions>
          <ns3:TrackPointExtension>
            <ns3:hr>166</ns3:hr>
            <ns3:cad>94</ns3:cad>
          </ns3:TrackPointExtension>
        </extensions>
      </trkpt>
      <trkpt lat="30.5510639213025569915771484375" lon="104.04878527857363224029541015625">
        <ele>470.79998779296875</ele>
        <time>2026-09-19T13:24:31.000Z</time>
        <extensions>
          <ns3:TrackPointExtension>
            <ns3:hr>166</ns3:hr>
            <ns3:cad>94</ns3:cad>
          </ns3:TrackPointExtension>
        </extensions>
      </trkpt>
      <trkpt lat="30.5510847084224224090576171875" lon="104.0487776510417461395263671875">
        <ele>471</ele>
        <time>2026-09-19T13:24:32.000Z</time>
        <extensions>
          <ns3:TrackPointExtension>
            <ns3:hr>166</ns3:hr>
            <ns3:cad>93</ns3:cad>
          </ns3:TrackPointExtension>
        </extensions>
      </trkpt>
      <trkpt lat="30.5511031486093997955322265625" lon="104.04876885004341602325439453125">
        <ele>471.399993896484375</ele>
        <time>2026-09-19T13:24:33.000Z</time>
        <extensions>
          <ns3:TrackPointExtension>
            <ns3:hr>166</ns3:hr>
            <ns3:cad>93</ns3:cad>
          </ns3:TrackPointExtension>
        </extensions>
      </trkpt>
      <trkpt lat="30.5511239357292652130126953125" lon="104.0487571991980075836181640625">
        <ele>471.600006103515625</ele>
        <time>2026-09-19T13:24:34.000Z</time>
        <extensions>
          <ns3:TrackPointExtension>
            <ns3:hr>166</ns3:hr>
            <ns3:cad>92</ns3:cad>
          </ns3:TrackPointExtension>
        </extensions>
      </trkpt>
      <trkpt lat="30.55114011280238628387451171875" lon="104.04874823056161403656005859375">
        <ele>471.600006103515625</ele>
        <time>2026-09-19T13:24:35.000Z</time>
        <extensions>
          <ns3:TrackPointExtension>
            <ns3:hr>166</ns3:hr>
            <ns3:cad>92</ns3:cad>
          </ns3:TrackPointExtension>
        </extensions>
      </trkpt>
      <trkpt lat="30.5511638335883617401123046875" lon="104.0487364120781421661376953125">
        <ele>471.600006103515625</ele>
        <time>2026-09-19T13:24:36.000Z</time>
        <extensions>
          <ns3:TrackPointExtension>
            <ns3:hr>166</ns3:hr>
            <ns3:cad>91</ns3:cad>
          </ns3:TrackPointExtension>
        </extensions>
      </trkpt>
      <trkpt lat="30.55118319578468799591064453125" lon="104.04872811399400234222412109375">
        <ele>471.79998779296875</ele>
        <time>2026-09-19T13:24:37.000Z</time>
        <extensions>
          <ns3:TrackPointExtension>
            <ns3:hr>166</ns3:hr>
            <ns3:cad>91</ns3:cad>
          </ns3:TrackPointExtension>
        </extensions>
      </trkpt>
      <trkpt lat="30.551210939884185791015625" lon="104.04871654696762561798095703125">
        <ele>471.600006103515625</ele>
        <time>2026-09-19T13:24:38.000Z</time>
        <extensions>
          <ns3:TrackPointExtension>
            <ns3:hr>166</ns3:hr>
            <ns3:cad>91</ns3:cad>
          </ns3:TrackPointExtension>
        </extensions>
      </trkpt>
      <trkpt lat="30.55123440921306610107421875" lon="104.048709757626056671142578125">
        <ele>471.399993896484375</ele>
        <time>2026-09-19T13:24:39.000Z</time>
        <extensions>
          <ns3:TrackPointExtension>
            <ns3:hr>167</ns3:hr>
            <ns3:cad>90</ns3:cad>
          </ns3:TrackPointExtension>
        </extensions>
      </trkpt>
      <trkpt lat="30.55126282386481761932373046875" lon="104.0487072430551052093505859375">
        <ele>471.20001220703125</ele>
        <time>2026-09-19T13:24:40.000Z</time>
        <extensions>
          <ns3:TrackPointExtension>
            <ns3:hr>166</ns3:hr>
            <ns3:cad>90</ns3:cad>
          </ns3:TrackPointExtension>
        </extensions>
      </trkpt>
      <trkpt lat="30.55128805339336395263671875" lon="104.04870263300836086273193359375">
        <ele>470.79998779296875</ele>
        <time>2026-09-19T13:24:41.000Z</time>
        <extensions>
          <ns3:TrackPointExtension>
            <ns3:hr>166</ns3:hr>
            <ns3:cad>90</ns3:cad>
          </ns3:TrackPointExtension>
        </extensions>
      </trkpt>
      <trkpt lat="30.5513150431215763092041015625" lon="104.04870606958866119384765625">
        <ele>470.600006103515625</ele>
        <time>2026-09-19T13:24:42.000Z</time>
        <extensions>
          <ns3:TrackPointExtension>
            <ns3:hr>167</ns3:hr>
            <ns3:cad>90</ns3:cad>
          </ns3:TrackPointExtension>
        </extensions>
      </trkpt>
      <trkpt lat="30.5513425357639789581298828125" lon="104.04870581813156604766845703125">
        <ele>470.20001220703125</ele>
        <time>2026-09-19T13:24:43.000Z</time>
        <extensions>
          <ns3:TrackPointExtension>
            <ns3:hr>166</ns3:hr>
            <ns3:cad>91</ns3:cad>
          </ns3:TrackPointExtension>
        </extensions>
      </trkpt>
      <trkpt lat="30.5513693578541278839111328125" lon="104.048709087073802947998046875">
        <ele>470</ele>
        <time>2026-09-19T13:24:44.000Z</time>
        <extensions>
          <ns3:TrackPointExtension>
            <ns3:hr>166</ns3:hr>
            <ns3:cad>92</ns3:cad>
          </ns3:TrackPointExtension>
        </extensions>
      </trkpt>
      <trkpt lat="30.551392994821071624755859375" lon="104.048714451491832733154296875">
        <ele>470</ele>
        <time>2026-09-19T13:24:45.000Z</time>
        <extensions>
          <ns3:TrackPointExtension>
            <ns3:hr>166</ns3:hr>
            <ns3:cad>92</ns3:cad>
          </ns3:TrackPointExtension>
        </extensions>
      </trkpt>
      <trkpt lat="30.55141738615930080413818359375" lon="104.04872006736695766448974609375">
        <ele>470</ele>
        <time>2026-09-19T13:24:46.000Z</time>
        <extensions>
          <ns3:TrackPointExtension>
            <ns3:hr>167</ns3:hr>
            <ns3:cad>93</ns3:cad>
          </ns3:TrackPointExtension>
        </extensions>
      </trkpt>
      <trkpt lat="30.5514456331729888916015625" lon="104.04873096384108066558837890625">
        <ele>470</ele>
        <time>2026-09-19T13:24:47.000Z</time>
        <extensions>
          <ns3:TrackPointExtension>
            <ns3:hr>166</ns3:hr>
            <ns3:cad>93</ns3:cad>
          </ns3:TrackPointExtension>
        </extensions>
      </trkpt>
      <trkpt lat="30.55147186852991580963134765625" lon="104.04873901046812534332275390625">
        <ele>470.20001220703125</ele>
        <time>2026-09-19T13:24:48.000Z</time>
        <extensions>
          <ns3:TrackPointExtension>
            <ns3:hr>166</ns3:hr>
            <ns3:cad>93</ns3:cad>
          </ns3:TrackPointExtension>
        </extensions>
      </trkpt>
      <trkpt lat="30.5515073239803314208984375" lon="104.04874588362872600555419921875">
        <ele>470.20001220703125</ele>
        <time>2026-09-19T13:24:49.000Z</time>
        <extensions>
          <ns3:TrackPointExtension>
            <ns3:hr>166</ns3:hr>
            <ns3:cad>94</ns3:cad>
          </ns3:TrackPointExtension>
        </extensions>
      </trkpt>
      <trkpt lat="30.55153272114694118499755859375" lon="104.0487488172948360443115234375">
        <ele>470.20001220703125</ele>
        <time>2026-09-19T13:24:50.000Z</time>
        <extensions>
          <ns3:TrackPointExtension>
            <ns3:hr>166</ns3:hr>
            <ns3:cad>94</ns3:cad>
          </ns3:TrackPointExtension>
        </extensions>
      </trkpt>
      <trkpt lat="30.55156432092189788818359375" lon="104.04875175096094608306884765625">
        <ele>470.20001220703125</ele>
        <time>2026-09-19T13:24:51.000Z</time>
        <extensions>
          <ns3:TrackPointExtension>
            <ns3:hr>166</ns3:hr>
            <ns3:cad>92</ns3:cad>
          </ns3:TrackPointExtension>
        </extensions>
      </trkpt>
      <trkpt lat="30.55158552713692188262939453125" lon="104.0487511642277240753173828125">
        <ele>470.20001220703125</ele>
        <time>2026-09-19T13:24:52.000Z</time>
        <extensions>
          <ns3:TrackPointExtension>
            <ns3:hr>166</ns3:hr>
            <ns3:cad>91</ns3:cad>
          </ns3:TrackPointExtension>
        </extensions>
      </trkpt>
      <trkpt lat="30.55161385796964168548583984375" lon="104.0487511642277240753173828125">
        <ele>470</ele>
        <time>2026-09-19T13:24:53.000Z</time>
        <extensions>
          <ns3:TrackPointExtension>
            <ns3:hr>166</ns3:hr>
            <ns3:cad>91</ns3:cad>
          </ns3:TrackPointExtension>
        </extensions>
      </trkpt>
      <trkpt lat="30.551635734736919403076171875" lon="104.0487474761903285980224609375">
        <ele>470</ele>
        <time>2026-09-19T13:24:54.000Z</time>
        <extensions>
          <ns3:TrackPointExtension>
            <ns3:hr>166</ns3:hr>
            <ns3:cad>91</ns3:cad>
          </ns3:TrackPointExtension>
        </extensions>
      </trkpt>
      <trkpt lat="30.55166222155094146728515625" lon="104.0487478114664554595947265625">
        <ele>469.79998779296875</ele>
        <time>2026-09-19T13:24:55.000Z</time>
        <extensions>
          <ns3:TrackPointExtension>
            <ns3:hr>166</ns3:hr>
            <ns3:cad>93</ns3:cad>
          </ns3:TrackPointExtension>
        </extensions>
      </trkpt>
      <trkpt lat="30.5516882054507732391357421875" lon="104.04874437488615512847900390625">
        <ele>469.79998779296875</ele>
        <time>2026-09-19T13:24:56.000Z</time>
        <extensions>
          <ns3:TrackPointExtension>
            <ns3:hr>166</ns3:hr>
            <ns3:cad>93</ns3:cad>
          </ns3:TrackPointExtension>
        </extensions>
      </trkpt>
      <trkpt lat="30.55170840583741664886474609375" lon="104.04873817227780818939208984375">
        <ele>469.79998779296875</ele>
        <time>2026-09-19T13:24:57.000Z</time>
        <extensions>
          <ns3:TrackPointExtension>
            <ns3:hr>165</ns3:hr>
            <ns3:cad>93</ns3:cad>
          </ns3:TrackPointExtension>
        </extensions>
      </trkpt>
      <trkpt lat="30.55173338390886783599853515625" lon="104.04873155057430267333984375">
        <ele>469.79998779296875</ele>
        <time>2026-09-19T13:24:58.000Z</time>
        <extensions>
          <ns3:TrackPointExtension>
            <ns3:hr>165</ns3:hr>
            <ns3:cad>92</ns3:cad>
          </ns3:TrackPointExtension>
        </extensions>
      </trkpt>
      <trkpt lat="30.551752746105194091796875" lon="104.048721827566623687744140625">
        <ele>469.79998779296875</ele>
        <time>2026-09-19T13:24:59.000Z</time>
        <extensions>
          <ns3:TrackPointExtension>
            <ns3:hr>165</ns3:hr>
            <ns3:cad>92</ns3:cad>
          </ns3:TrackPointExtension>
        </extensions>
      </trkpt>
      <trkpt lat="30.5517800711095333099365234375" lon="104.048710763454437255859375">
        <ele>469.79998779296875</ele>
        <time>2026-09-19T13:25:00.000Z</time>
        <extensions>
          <ns3:TrackPointExtension>
            <ns3:hr>164</ns3:hr>
            <ns3:cad>92</ns3:cad>
          </ns3:TrackPointExtension>
        </extensions>
      </trkpt>
      <trkpt lat="30.55180010385811328887939453125" lon="104.04870246537029743194580078125">
        <ele>469.79998779296875</ele>
        <time>2026-09-19T13:25:01.000Z</time>
        <extensions>
          <ns3:TrackPointExtension>
            <ns3:hr>163</ns3:hr>
            <ns3:cad>93</ns3:cad>
          </ns3:TrackPointExtension>
        </extensions>
      </trkpt>
      <trkpt lat="30.5518306978046894073486328125" lon="104.0486924909055233001708984375">
        <ele>469.600006103515625</ele>
        <time>2026-09-19T13:25:02.000Z</time>
        <extensions>
          <ns3:TrackPointExtension>
            <ns3:hr>161</ns3:hr>
            <ns3:cad>93</ns3:cad>
          </ns3:TrackPointExtension>
        </extensions>
      </trkpt>
      <trkpt lat="30.5518538318574428558349609375" lon="104.0486826002597808837890625">
        <ele>469.600006103515625</ele>
        <time>2026-09-19T13:25:03.000Z</time>
        <extensions>
          <ns3:TrackPointExtension>
            <ns3:hr>161</ns3:hr>
            <ns3:cad>93</ns3:cad>
          </ns3:TrackPointExtension>
        </extensions>
      </trkpt>
      <trkpt lat="30.55188425816595554351806640625" lon="104.0486747212707996368408203125">
        <ele>469.600006103515625</ele>
        <time>2026-09-19T13:25:04.000Z</time>
        <extensions>
          <ns3:TrackPointExtension>
            <ns3:hr>160</ns3:hr>
            <ns3:cad>93</ns3:cad>
          </ns3:TrackPointExtension>
        </extensions>
      </trkpt>
      <trkpt lat="30.55190772749483585357666015625" lon="104.048666171729564666748046875">
        <ele>469.399993896484375</ele>
        <time>2026-09-19T13:25:05.000Z</time>
        <extensions>
          <ns3:TrackPointExtension>
            <ns3:hr>159</ns3:hr>
            <ns3:cad>92</ns3:cad>
          </ns3:TrackPointExtension>
        </extensions>
      </trkpt>
      <trkpt lat="30.55193840526044368743896484375" lon="104.04865971766412258148193359375">
        <ele>469.399993896484375</ele>
        <time>2026-09-19T13:25:06.000Z</time>
        <extensions>
          <ns3:TrackPointExtension>
            <ns3:hr>159</ns3:hr>
            <ns3:cad>92</ns3:cad>
          </ns3:TrackPointExtension>
        </extensions>
      </trkpt>
      <trkpt lat="30.5519611202180385589599609375" lon="104.048649407923221588134765625">
        <ele>469.399993896484375</ele>
        <time>2026-09-19T13:25:07.000Z</time>
        <extensions>
          <ns3:TrackPointExtension>
            <ns3:hr>159</ns3:hr>
            <ns3:cad>92</ns3:cad>
          </ns3:TrackPointExtension>
        </extensions>
      </trkpt>
      <trkpt lat="30.55199339054524898529052734375" lon="104.04864798299968242645263671875">
        <ele>469.20001220703125</ele>
        <time>2026-09-19T13:25:08.000Z</time>
        <extensions>
          <ns3:TrackPointExtension>
            <ns3:hr>159</ns3:hr>
            <ns3:cad>93</ns3:cad>
          </ns3:TrackPointExtension>
        </extensions>
      </trkpt>
      <trkpt lat="30.5520204640924930572509765625" lon="104.0486435405910015106201171875">
        <ele>469.20001220703125</ele>
        <time>2026-09-19T13:25:09.000Z</time>
        <extensions>
          <ns3:TrackPointExtension>
            <ns3:hr>159</ns3:hr>
            <ns3:cad>93</ns3:cad>
          </ns3:TrackPointExtension>
        </extensions>
      </trkpt>
      <trkpt lat="30.5520419217646121978759765625" lon="104.048640690743923187255859375">
        <ele>469.20001220703125</ele>
        <time>2026-09-19T13:25:10.000Z</time>
        <extensions>
          <ns3:TrackPointExtension>
            <ns3:hr>159</ns3:hr>
            <ns3:cad>93</ns3:cad>
          </ns3:TrackPointExtension>
        </extensions>
      </trkpt>
      <trkpt lat="30.55206991732120513916015625" lon="104.04864479787647724151611328125">
        <ele>469.20001220703125</ele>
        <time>2026-09-19T13:25:11.000Z</time>
        <extensions>
          <ns3:TrackPointExtension>
            <ns3:hr>159</ns3:hr>
            <ns3:cad>93</ns3:cad>
          </ns3:TrackPointExtension>
        </extensions>
      </trkpt>
      <trkpt lat="30.55209648795425891876220703125" lon="104.04865443706512451171875">
        <ele>469.20001220703125</ele>
        <time>2026-09-19T13:25:12.000Z</time>
        <extensions>
          <ns3:TrackPointExtension>
            <ns3:hr>158</ns3:hr>
            <ns3:cad>93</ns3:cad>
          </ns3:TrackPointExtension>
        </extensions>
      </trkpt>
      <trkpt lat="30.552117861807346343994140625" lon="104.048665501177310943603515625">
        <ele>469.20001220703125</ele>
        <time>2026-09-19T13:25:13.000Z</time>
        <extensions>
          <ns3:TrackPointExtension>
            <ns3:hr>159</ns3:hr>
            <ns3:cad>93</ns3:cad>
          </ns3:TrackPointExtension>
        </extensions>
      </trkpt>
      <trkpt lat="30.55213772691786289215087890625" lon="104.04867581091821193695068359375">
        <ele>469.20001220703125</ele>
        <time>2026-09-19T13:25:14.000Z</time>
        <extensions>
          <ns3:TrackPointExtension>
            <ns3:hr>159</ns3:hr>
            <ns3:cad>93</ns3:cad>
          </ns3:TrackPointExtension>
        </extensions>
      </trkpt>
      <trkpt lat="30.5521656386554241180419921875" lon="104.04869534075260162353515625">
        <ele>469.20001220703125</ele>
        <time>2026-09-19T13:25:15.000Z</time>
        <extensions>
          <ns3:TrackPointExtension>
            <ns3:hr>159</ns3:hr>
            <ns3:cad>92</ns3:cad>
          </ns3:TrackPointExtension>
        </extensions>
      </trkpt>
      <trkpt lat="30.55218801833689212799072265625" lon="104.048704393208026885986328125">
        <ele>469.399993896484375</ele>
        <time>2026-09-19T13:25:16.000Z</time>
        <extensions>
          <ns3:TrackPointExtension>
            <ns3:hr>159</ns3:hr>
            <ns3:cad>93</ns3:cad>
          </ns3:TrackPointExtension>
        </extensions>
      </trkpt>
      <trkpt lat="30.5522166006267070770263671875" lon="104.0487156249582767486572265625">
        <ele>469.399993896484375</ele>
        <time>2026-09-19T13:25:17.000Z</time>
        <extensions>
          <ns3:TrackPointExtension>
            <ns3:hr>159</ns3:hr>
            <ns3:cad>92</ns3:cad>
          </ns3:TrackPointExtension>
        </extensions>
      </trkpt>
      <trkpt lat="30.55224266834557056427001953125" lon="104.048725850880146026611328125">
        <ele>469.399993896484375</ele>
        <time>2026-09-19T13:25:18.000Z</time>
        <extensions>
          <ns3:TrackPointExtension>
            <ns3:hr>158</ns3:hr>
            <ns3:cad>92</ns3:cad>
          </ns3:TrackPointExtension>
        </extensions>
      </trkpt>
      <trkpt lat="30.5522752739489078521728515625" lon="104.04873557388782501220703125">
        <ele>469.399993896484375</ele>
        <time>2026-09-19T13:25:19.000Z</time>
        <extensions>
          <ns3:TrackPointExtension>
            <ns3:hr>159</ns3:hr>
            <ns3:cad>92</ns3:cad>
          </ns3:TrackPointExtension>
        </extensions>
      </trkpt>
      <trkpt lat="30.55230033583939075469970703125" lon="104.04874051921069622039794921875">
        <ele>469.399993896484375</ele>
        <time>2026-09-19T13:25:20.000Z</time>
        <extensions>
          <ns3:TrackPointExtension>
            <ns3:hr>159</ns3:hr>
            <ns3:cad>92</ns3:cad>
          </ns3:TrackPointExtension>
        </extensions>
      </trkpt>
      <trkpt lat="30.55232866667211055755615234375" lon="104.04874957166612148284912109375">
        <ele>469.399993896484375</ele>
        <time>2026-09-19T13:25:21.000Z</time>
        <extensions>
          <ns3:TrackPointExtension>
            <ns3:hr>159</ns3:hr>
            <ns3:cad>93</ns3:cad>
          </ns3:TrackPointExtension>
        </extensions>
      </trkpt>
      <trkpt lat="30.55235012434422969818115234375" lon="104.048756025731563568115234375">
        <ele>469.399993896484375</ele>
        <time>2026-09-19T13:25:22.000Z</time>
        <extensions>
          <ns3:TrackPointExtension>
            <ns3:hr>159</ns3:hr>
            <ns3:cad>94</ns3:cad>
          </ns3:TrackPointExtension>
        </extensions>
      </trkpt>
      <trkpt lat="30.55237661115825176239013671875" lon="104.0487630665302276611328125">
        <ele>469.399993896484375</ele>
        <time>2026-09-19T13:25:23.000Z</time>
        <extensions>
          <ns3:TrackPointExtension>
            <ns3:hr>159</ns3:hr>
            <ns3:cad>94</ns3:cad>
          </ns3:TrackPointExtension>
        </extensions>
      </trkpt>
      <trkpt lat="30.552399493753910064697265625" lon="104.048763401806354522705078125">
        <ele>469.399993896484375</ele>
        <time>2026-09-19T13:25:24.000Z</time>
        <extensions>
          <ns3:TrackPointExtension>
            <ns3:hr>159</ns3:hr>
            <ns3:cad>91</ns3:cad>
          </ns3:TrackPointExtension>
        </extensions>
      </trkpt>
      <trkpt lat="30.55242505855858325958251953125" lon="104.04876264743506908416748046875">
        <ele>469.399993896484375</ele>
        <time>2026-09-19T13:25:25.000Z</time>
        <extensions>
          <ns3:TrackPointExtension>
            <ns3:hr>159</ns3:hr>
            <ns3:cad>91</ns3:cad>
          </ns3:TrackPointExtension>
        </extensions>
      </trkpt>
      <trkpt lat="30.55244944989681243896484375" lon="104.0487645752727985382080078125">
        <ele>469.399993896484375</ele>
        <time>2026-09-19T13:25:26.000Z</time>
        <extensions>
          <ns3:TrackPointExtension>
            <ns3:hr>159</ns3:hr>
            <ns3:cad>91</ns3:cad>
          </ns3:TrackPointExtension>
        </extensions>
      </trkpt>
      <trkpt lat="30.55247685872018337249755859375" lon="104.0487662516534328460693359375">
        <ele>469.20001220703125</ele>
        <time>2026-09-19T13:25:27.000Z</time>
        <extensions>
          <ns3:TrackPointExtension>
            <ns3:hr>159</ns3:hr>
            <ns3:cad>91</ns3:cad>
          </ns3:TrackPointExtension>
        </extensions>
      </trkpt>
      <trkpt lat="30.5525035969913005828857421875" lon="104.04876482672989368438720703125">
        <ele>469.20001220703125</ele>
        <time>2026-09-19T13:25:28.000Z</time>
        <extensions>
          <ns3:TrackPointExtension>
            <ns3:hr>159</ns3:hr>
            <ns3:cad>91</ns3:cad>
          </ns3:TrackPointExtension>
        </extensions>
      </trkpt>
      <trkpt lat="30.552526228129863739013671875" lon="104.0487575344741344451904296875">
        <ele>469.20001220703125</ele>
        <time>2026-09-19T13:25:29.000Z</time>
        <extensions>
          <ns3:TrackPointExtension>
            <ns3:hr>159</ns3:hr>
            <ns3:cad>93</ns3:cad>
          </ns3:TrackPointExtension>
        </extensions>
      </trkpt>
      <trkpt lat="30.55255363695323467254638671875" lon="104.0487469732761383056640625">
        <ele>469</ele>
        <time>2026-09-19T13:25:30.000Z</time>
        <extensions>
          <ns3:TrackPointExtension>
            <ns3:hr>160</ns3:hr>
            <ns3:cad>93</ns3:cad>
          </ns3:TrackPointExtension>
        </extensions>
      </trkpt>
      <trkpt lat="30.5525776930153369903564453125" lon="104.04873414896428585052490234375">
        <ele>468.79998779296875</ele>
        <time>2026-09-19T13:25:31.000Z</time>
        <extensions>
          <ns3:TrackPointExtension>
            <ns3:hr>160</ns3:hr>
            <ns3:cad>93</ns3:cad>
          </ns3:TrackPointExtension>
        </extensions>
      </trkpt>
      <trkpt lat="30.552605688571929931640625" lon="104.04872073791921138763427734375">
        <ele>468.600006103515625</ele>
        <time>2026-09-19T13:25:32.000Z</time>
        <extensions>
          <ns3:TrackPointExtension>
            <ns3:hr>160</ns3:hr>
            <ns3:cad>92</ns3:cad>
          </ns3:TrackPointExtension>
        </extensions>
      </trkpt>
      <trkpt lat="30.55263225920498371124267578125" lon="104.0487121045589447021484375">
        <ele>468.600006103515625</ele>
        <time>2026-09-19T13:25:33.000Z</time>
        <extensions>
          <ns3:TrackPointExtension>
            <ns3:hr>160</ns3:hr>
            <ns3:cad>91</ns3:cad>
          </ns3:TrackPointExtension>
        </extensions>
      </trkpt>
      <trkpt lat="30.552666373550891876220703125" lon="104.0487032197415828704833984375">
        <ele>468.600006103515625</ele>
        <time>2026-09-19T13:25:34.000Z</time>
        <extensions>
          <ns3:TrackPointExtension>
            <ns3:hr>160</ns3:hr>
            <ns3:cad>91</ns3:cad>
          </ns3:TrackPointExtension>
        </extensions>
      </trkpt>
      <trkpt lat="30.55269110016524791717529296875" lon="104.04869123362004756927490234375">
        <ele>468.600006103515625</ele>
        <time>2026-09-19T13:25:35.000Z</time>
        <extensions>
          <ns3:TrackPointExtension>
            <ns3:hr>160</ns3:hr>
            <ns3:cad>92</ns3:cad>
          </ns3:TrackPointExtension>
        </extensions>
      </trkpt>
      <trkpt lat="30.55271658115088939666748046875" lon="104.04868595302104949951171875">
        <ele>468.600006103515625</ele>
        <time>2026-09-19T13:25:36.000Z</time>
        <extensions>
          <ns3:TrackPointExtension>
            <ns3:hr>161</ns3:hr>
            <ns3:cad>92</ns3:cad>
          </ns3:TrackPointExtension>
        </extensions>
      </trkpt>
      <trkpt lat="30.55274826474487781524658203125" lon="104.04868192970752716064453125">
        <ele>468.600006103515625</ele>
        <time>2026-09-19T13:25:37.000Z</time>
        <extensions>
          <ns3:TrackPointExtension>
            <ns3:hr>160</ns3:hr>
            <ns3:cad>92</ns3:cad>
          </ns3:TrackPointExtension>
        </extensions>
      </trkpt>
      <trkpt lat="30.5527708120644092559814453125" lon="104.048678576946258544921875">
        <ele>468.600006103515625</ele>
        <time>2026-09-19T13:25:38.000Z</time>
        <extensions>
          <ns3:TrackPointExtension>
            <ns3:hr>160</ns3:hr>
            <ns3:cad>92</ns3:cad>
          </ns3:TrackPointExtension>
        </extensions>
      </trkpt>
      <trkpt lat="30.552799142897129058837890625" lon="104.04867966659367084503173828125">
        <ele>468.600006103515625</ele>
        <time>2026-09-19T13:25:39.000Z</time>
        <extensions>
          <ns3:TrackPointExtension>
            <ns3:hr>161</ns3:hr>
            <ns3:cad>92</ns3:cad>
          </ns3:TrackPointExtension>
        </extensions>
      </trkpt>
      <trkpt lat="30.5528227798640727996826171875" lon="104.04867396689951419830322265625">
        <ele>468.600006103515625</ele>
        <time>2026-09-19T13:25:40.000Z</time>
        <extensions>
          <ns3:TrackPointExtension>
            <ns3:hr>161</ns3:hr>
            <ns3:cad>94</ns3:cad>
          </ns3:TrackPointExtension>
        </extensions>
      </trkpt>
      <trkpt lat="30.55285421200096607208251953125" lon="104.04867212288081645965576171875">
        <ele>468.600006103515625</ele>
        <time>2026-09-19T13:25:41.000Z</time>
        <extensions>
          <ns3:TrackPointExtension>
            <ns3:hr>161</ns3:hr>
            <ns3:cad>94</ns3:cad>
          </ns3:TrackPointExtension>
        </extensions>
      </trkpt>
      <trkpt lat="30.55287868715822696685791015625" lon="104.048662818968296051025390625">
        <ele>468.600006103515625</ele>
        <time>2026-09-19T13:25:42.000Z</time>
        <extensions>
          <ns3:TrackPointExtension>
            <ns3:hr>161</ns3:hr>
            <ns3:cad>93</ns3:cad>
          </ns3:TrackPointExtension>
        </extensions>
      </trkpt>
      <trkpt lat="30.55290877819061279296875" lon="104.0486519224941730499267578125">
        <ele>468.600006103515625</ele>
        <time>2026-09-19T13:25:43.000Z</time>
        <extensions>
          <ns3:TrackPointExtension>
            <ns3:hr>161</ns3:hr>
            <ns3:cad>93</ns3:cad>
          </ns3:TrackPointExtension>
        </extensions>
      </trkpt>
      <trkpt lat="30.5529320798814296722412109375" lon="104.04864178039133548736572265625">
        <ele>468.600006103515625</ele>
        <time>2026-09-19T13:25:44.000Z</time>
        <extensions>
          <ns3:TrackPointExtension>
            <ns3:hr>161</ns3:hr>
            <ns3:cad>93</ns3:cad>
          </ns3:TrackPointExtension>
        </extensions>
      </trkpt>
      <trkpt lat="30.5529610812664031982421875" lon="104.0486308000981807708740234375">
        <ele>468.600006103515625</ele>
        <time>2026-09-19T13:25:45.000Z</time>
        <extensions>
          <ns3:TrackPointExtension>
            <ns3:hr>161</ns3:hr>
            <ns3:cad>93</ns3:cad>
          </ns3:TrackPointExtension>
        </extensions>
      </trkpt>
      <trkpt lat="30.55298463441431522369384765625" lon="104.04862082563340663909912109375">
        <ele>468.600006103515625</ele>
        <time>2026-09-19T13:25:46.000Z</time>
        <extensions>
          <ns3:TrackPointExtension>
            <ns3:hr>160</ns3:hr>
            <ns3:cad>92</ns3:cad>
          </ns3:TrackPointExtension>
        </extensions>
      </trkpt>
      <trkpt lat="30.553009696304798126220703125" lon="104.0486053191125392913818359375">
        <ele>468.79998779296875</ele>
        <time>2026-09-19T13:25:47.000Z</time>
        <extensions>
          <ns3:TrackPointExtension>
            <ns3:hr>161</ns3:hr>
            <ns3:cad>92</ns3:cad>
          </ns3:TrackPointExtension>
        </extensions>
      </trkpt>
      <trkpt lat="30.55303375236690044403076171875" lon="104.04858947731554508209228515625">
        <ele>468.600006103515625</ele>
        <time>2026-09-19T13:25:48.000Z</time>
        <extensions>
          <ns3:TrackPointExtension>
            <ns3:hr>161</ns3:hr>
            <ns3:cad>92</ns3:cad>
          </ns3:TrackPointExtension>
        </extensions>
      </trkpt>
      <trkpt lat="30.55305554531514644622802734375" lon="104.04857204295694828033447265625">
        <ele>468.79998779296875</ele>
        <time>2026-09-19T13:25:49.000Z</time>
        <extensions>
          <ns3:TrackPointExtension>
            <ns3:hr>161</ns3:hr>
            <ns3:cad>92</ns3:cad>
          </ns3:TrackPointExtension>
        </extensions>
      </trkpt>
      <trkpt lat="30.55307800881564617156982421875" lon="104.0485511720180511474609375">
        <ele>468.79998779296875</ele>
        <time>2026-09-19T13:25:50.000Z</time>
        <extensions>
          <ns3:TrackPointExtension>
            <ns3:hr>162</ns3:hr>
            <ns3:cad>92</ns3:cad>
          </ns3:TrackPointExtension>
        </extensions>
      </trkpt>
      <trkpt lat="30.5531013943254947662353515625" lon="104.0485349111258983612060546875">
        <ele>468.79998779296875</ele>
        <time>2026-09-19T13:25:51.000Z</time>
        <extensions>
          <ns3:TrackPointExtension>
            <ns3:hr>162</ns3:hr>
            <ns3:cad>92</ns3:cad>
          </ns3:TrackPointExtension>
        </extensions>
      </trkpt>
      <trkpt lat="30.55312804877758026123046875" lon="104.048518650233745574951171875">
        <ele>468.79998779296875</ele>
        <time>2026-09-19T13:25:52.000Z</time>
        <extensions>
          <ns3:TrackPointExtension>
            <ns3:hr>161</ns3:hr>
            <ns3:cad>92</ns3:cad>
          </ns3:TrackPointExtension>
        </extensions>
      </trkpt>
      <trkpt lat="30.5531459860503673553466796875" lon="104.04850079677999019622802734375">
        <ele>468.79998779296875</ele>
        <time>2026-09-19T13:25:53.000Z</time>
        <extensions>
          <ns3:TrackPointExtension>
            <ns3:hr>161</ns3:hr>
            <ns3:cad>93</ns3:cad>
          </ns3:TrackPointExtension>
        </extensions>
      </trkpt>
      <trkpt lat="30.5531711317598819732666015625" lon="104.04848487116396427154541015625">
        <ele>468.79998779296875</ele>
        <time>2026-09-19T13:25:54.000Z</time>
        <extensions>
          <ns3:TrackPointExtension>
            <ns3:hr>162</ns3:hr>
            <ns3:cad>93</ns3:cad>
          </ns3:TrackPointExtension>
        </extensions>
      </trkpt>
      <trkpt lat="30.55318898521363735198974609375" lon="104.04847196303308010101318359375">
        <ele>469</ele>
        <time>2026-09-19T13:25:55.000Z</time>
        <extensions>
          <ns3:TrackPointExtension>
            <ns3:hr>162</ns3:hr>
            <ns3:cad>93</ns3:cad>
          </ns3:TrackPointExtension>
        </extensions>
      </trkpt>
      <trkpt lat="30.553214214742183685302734375" lon="104.04845737852156162261962890625">
        <ele>469</ele>
        <time>2026-09-19T13:25:56.000Z</time>
        <extensions>
          <ns3:TrackPointExtension>
            <ns3:hr>162</ns3:hr>
            <ns3:cad>93</ns3:cad>
          </ns3:TrackPointExtension>
        </extensions>
      </trkpt>
      <trkpt lat="30.553235001862049102783203125" lon="104.0484447218477725982666015625">
        <ele>469</ele>
        <time>2026-09-19T13:25:57.000Z</time>
        <extensions>
          <ns3:TrackPointExtension>
            <ns3:hr>162</ns3:hr>
            <ns3:cad>93</ns3:cad>
          </ns3:TrackPointExtension>
        </extensions>
      </trkpt>
      <trkpt lat="30.55326123721897602081298828125" lon="104.04843022115528583526611328125">
        <ele>469</ele>
        <time>2026-09-19T13:25:58.000Z</time>
        <extensions>
          <ns3:TrackPointExtension>
            <ns3:hr>162</ns3:hr>
            <ns3:cad>92</ns3:cad>
          </ns3:TrackPointExtension>
        </extensions>
      </trkpt>
      <trkpt lat="30.5532831139862537384033203125" lon="104.04841840267181396484375">
        <ele>468.79998779296875</ele>
        <time>2026-09-19T13:25:59.000Z</time>
        <extensions>
          <ns3:TrackPointExtension>
            <ns3:hr>162</ns3:hr>
            <ns3:cad>93</ns3:cad>
          </ns3:TrackPointExtension>
        </extensions>
      </trkpt>
      <trkpt lat="30.55330549366772174835205078125" lon="104.0484061650931835174560546875">
        <ele>468.79998779296875</ele>
        <time>2026-09-19T13:26:00.000Z</time>
        <extensions>
          <ns3:TrackPointExtension>
            <ns3:hr>162</ns3:hr>
            <ns3:cad>93</ns3:cad>
          </ns3:TrackPointExtension>
        </extensions>
      </trkpt>
      <trkpt lat="30.55332527495920658111572265625" lon="104.04839267022907733917236328125">
        <ele>468.79998779296875</ele>
        <time>2026-09-19T13:26:01.000Z</time>
        <extensions>
          <ns3:TrackPointExtension>
            <ns3:hr>162</ns3:hr>
            <ns3:cad>93</ns3:cad>
          </ns3:TrackPointExtension>
        </extensions>
      </trkpt>
      <trkpt lat="30.55334321223199367523193359375" lon="104.04838043265044689178466796875">
        <ele>468.79998779296875</ele>
        <time>2026-09-19T13:26:02.000Z</time>
        <extensions>
          <ns3:TrackPointExtension>
            <ns3:hr>162</ns3:hr>
            <ns3:cad>93</ns3:cad>
          </ns3:TrackPointExtension>
        </extensions>
      </trkpt>
      <trkpt lat="30.55335544981062412261962890625" lon="104.04837615787982940673828125">
        <ele>469</ele>
        <time>2026-09-19T13:26:03.000Z</time>
        <extensions>
          <ns3:TrackPointExtension>
            <ns3:hr>162</ns3:hr>
            <ns3:cad>92</ns3:cad>
          </ns3:TrackPointExtension>
        </extensions>
      </trkpt>
      <trkpt lat="30.55338629521429538726806640625" lon="104.0483672730624675750732421875">
        <ele>469.20001220703125</ele>
        <time>2026-09-19T13:26:04.000Z</time>
        <extensions>
          <ns3:TrackPointExtension>
            <ns3:hr>162</ns3:hr>
            <ns3:cad>92</ns3:cad>
          </ns3:TrackPointExtension>
        </extensions>
      </trkpt>
      <trkpt lat="30.55341378785669803619384765625" lon="104.048354364931583404541015625">
        <ele>469.399993896484375</ele>
        <time>2026-09-19T13:26:05.000Z</time>
        <extensions>
          <ns3:TrackPointExtension>
            <ns3:hr>161</ns3:hr>
            <ns3:cad>92</ns3:cad>
          </ns3:TrackPointExtension>
        </extensions>
      </trkpt>
      <trkpt lat="30.5534403584897518157958984375" lon="104.04834330081939697265625">
        <ele>469.399993896484375</ele>
        <time>2026-09-19T13:26:06.000Z</time>
        <extensions>
          <ns3:TrackPointExtension>
            <ns3:hr>161</ns3:hr>
            <ns3:cad>90</ns3:cad>
          </ns3:TrackPointExtension>
        </extensions>
      </trkpt>
      <trkpt lat="30.553465671837329864501953125" lon="104.04833014123141765594482421875">
        <ele>469.399993896484375</ele>
        <time>2026-09-19T13:26:07.000Z</time>
        <extensions>
          <ns3:TrackPointExtension>
            <ns3:hr>161</ns3:hr>
            <ns3:cad>90</ns3:cad>
          </ns3:TrackPointExtension>
        </extensions>
      </trkpt>
      <trkpt lat="30.5534903146326541900634765625" lon="104.04831388033926486968994140625">
        <ele>469.399993896484375</ele>
        <time>2026-09-19T13:26:08.000Z</time>
        <extensions>
          <ns3:TrackPointExtension>
            <ns3:hr>161</ns3:hr>
            <ns3:cad>92</ns3:cad>
          </ns3:TrackPointExtension>
        </extensions>
      </trkpt>
      <trkpt lat="30.55351101793348789215087890625" lon="104.048287309706211090087890625">
        <ele>469.20001220703125</ele>
        <time>2026-09-19T13:26:09.000Z</time>
        <extensions>
          <ns3:TrackPointExtension>
            <ns3:hr>161</ns3:hr>
            <ns3:cad>92</ns3:cad>
          </ns3:TrackPointExtension>
        </extensions>
      </trkpt>
      <trkpt lat="30.5535255186259746551513671875" lon="104.048261158168315887451171875">
        <ele>469.20001220703125</ele>
        <time>2026-09-19T13:26:10.000Z</time>
        <extensions>
          <ns3:TrackPointExtension>
            <ns3:hr>161</ns3:hr>
            <ns3:cad>92</ns3:cad>
          </ns3:TrackPointExtension>
        </extensions>
      </trkpt>
      <trkpt lat="30.55353976786136627197265625" lon="104.04822855256497859954833984375">
        <ele>469.20001220703125</ele>
        <time>2026-09-19T13:26:11.000Z</time>
        <extensions>
          <ns3:TrackPointExtension>
            <ns3:hr>161</ns3:hr>
            <ns3:cad>92</ns3:cad>
          </ns3:TrackPointExtension>
        </extensions>
      </trkpt>
      <trkpt lat="30.553546808660030364990234375" lon="104.04819552786648273468017578125">
        <ele>469.20001220703125</ele>
        <time>2026-09-19T13:26:12.000Z</time>
        <extensions>
          <ns3:TrackPointExtension>
            <ns3:hr>161</ns3:hr>
            <ns3:cad>91</ns3:cad>
          </ns3:TrackPointExtension>
        </extensions>
      </trkpt>
      <trkpt lat="30.5535540170967578887939453125" lon="104.0481610782444477081298828125">
        <ele>469.20001220703125</ele>
        <time>2026-09-19T13:26:13.000Z</time>
        <extensions>
          <ns3:TrackPointExtension>
            <ns3:hr>161</ns3:hr>
            <ns3:cad>91</ns3:cad>
          </ns3:TrackPointExtension>
        </extensions>
      </trkpt>
      <trkpt lat="30.553556196391582489013671875" lon="104.04813475906848907470703125">
        <ele>469.399993896484375</ele>
        <time>2026-09-19T13:26:14.000Z</time>
        <extensions>
          <ns3:TrackPointExtension>
            <ns3:hr>161</ns3:hr>
            <ns3:cad>92</ns3:cad>
          </ns3:TrackPointExtension>
        </extensions>
      </trkpt>
      <trkpt lat="30.55356164462864398956298828125" lon="104.04810248874127864837646484375">
        <ele>469.399993896484375</ele>
        <time>2026-09-19T13:26:15.000Z</time>
        <extensions>
          <ns3:TrackPointExtension>
            <ns3:hr>161</ns3:hr>
            <ns3:cad>92</ns3:cad>
          </ns3:TrackPointExtension>
        </extensions>
      </trkpt>
      <trkpt lat="30.5535607226192951202392578125" lon="104.04807843267917633056640625">
        <ele>469.399993896484375</ele>
        <time>2026-09-19T13:26:16.000Z</time>
        <extensions>
          <ns3:TrackPointExtension>
            <ns3:hr>160</ns3:hr>
            <ns3:cad>92</ns3:cad>
          </ns3:TrackPointExtension>
        </extensions>
      </trkpt>
      <trkpt lat="30.5535650812089443206787109375" lon="104.04804599471390247344970703125">
        <ele>469.600006103515625</ele>
        <time>2026-09-19T13:26:17.000Z</time>
        <extensions>
          <ns3:TrackPointExtension>
            <ns3:hr>160</ns3:hr>
            <ns3:cad>92</ns3:cad>
          </ns3:TrackPointExtension>
        </extensions>
      </trkpt>
      <trkpt lat="30.55356617085635662078857421875" lon="104.048016071319580078125">
        <ele>469.600006103515625</ele>
        <time>2026-09-19T13:26:18.000Z</time>
        <extensions>
          <ns3:TrackPointExtension>
            <ns3:hr>160</ns3:hr>
            <ns3:cad>91</ns3:cad>
          </ns3:TrackPointExtension>
        </extensions>
      </trkpt>
      <trkpt lat="30.55356969125568866729736328125" lon="104.04798581264913082122802734375">
        <ele>469.600006103515625</ele>
        <time>2026-09-19T13:26:19.000Z</time>
        <extensions>
          <ns3:TrackPointExtension>
            <ns3:hr>160</ns3:hr>
            <ns3:cad>91</ns3:cad>
          </ns3:TrackPointExtension>
        </extensions>
      </trkpt>
      <trkpt lat="30.55356751196086406707763671875" lon="104.04796033166348934173583984375">
        <ele>469.399993896484375</ele>
        <time>2026-09-19T13:26:20.000Z</time>
        <extensions>
          <ns3:TrackPointExtension>
            <ns3:hr>161</ns3:hr>
            <ns3:cad>90</ns3:cad>
          </ns3:TrackPointExtension>
        </extensions>
      </trkpt>
      <trkpt lat="30.5535680986940860748291015625" lon="104.0479294024407863616943359375">
        <ele>469.399993896484375</ele>
        <time>2026-09-19T13:26:21.000Z</time>
        <extensions>
          <ns3:TrackPointExtension>
            <ns3:hr>160</ns3:hr>
            <ns3:cad>90</ns3:cad>
          </ns3:TrackPointExtension>
        </extensions>
      </trkpt>
      <trkpt lat="30.55356265045702457427978515625" lon="104.04790551401674747467041015625">
        <ele>469.399993896484375</ele>
        <time>2026-09-19T13:26:22.000Z</time>
        <extensions>
          <ns3:TrackPointExtension>
            <ns3:hr>161</ns3:hr>
            <ns3:cad>90</ns3:cad>
          </ns3:TrackPointExtension>
        </extensions>
      </trkpt>
      <trkpt lat="30.55356332100927829742431640625" lon="104.04787148348987102508544921875">
        <ele>469.399993896484375</ele>
        <time>2026-09-19T13:26:23.000Z</time>
        <extensions>
          <ns3:TrackPointExtension>
            <ns3:hr>161</ns3:hr>
            <ns3:cad>91</ns3:cad>
          </ns3:TrackPointExtension>
        </extensions>
      </trkpt>
      <trkpt lat="30.55355929769575595855712890625" lon="104.04784482903778553009033203125">
        <ele>469.20001220703125</ele>
        <time>2026-09-19T13:26:24.000Z</time>
        <extensions>
          <ns3:TrackPointExtension>
            <ns3:hr>161</ns3:hr>
            <ns3:cad>91</ns3:cad>
          </ns3:TrackPointExtension>
        </extensions>
      </trkpt>
      <trkpt lat="30.5535597167909145355224609375" lon="104.0478123910725116729736328125">
        <ele>469.20001220703125</ele>
        <time>2026-09-19T13:26:25.000Z</time>
        <extensions>
          <ns3:TrackPointExtension>
            <ns3:hr>160</ns3:hr>
            <ns3:cad>91</ns3:cad>
          </ns3:TrackPointExtension>
        </extensions>
      </trkpt>
      <trkpt lat="30.55355845950543880462646484375" lon="104.04779152013361454010009765625">
        <ele>469.20001220703125</ele>
        <time>2026-09-19T13:26:26.000Z</time>
        <extensions>
          <ns3:TrackPointExtension>
            <ns3:hr>161</ns3:hr>
            <ns3:cad>90</ns3:cad>
          </ns3:TrackPointExtension>
        </extensions>
      </trkpt>
      <trkpt lat="30.55356348864734172821044921875" lon="104.047762267291545867919921875">
        <ele>469.399993896484375</ele>
        <time>2026-09-19T13:26:27.000Z</time>
        <extensions>
          <ns3:TrackPointExtension>
            <ns3:hr>160</ns3:hr>
            <ns3:cad>90</ns3:cad>
          </ns3:TrackPointExtension>
        </extensions>
      </trkpt>
      <trkpt lat="30.55355988442897796630859375" lon="104.047741480171680450439453125">
        <ele>469.399993896484375</ele>
        <time>2026-09-19T13:26:28.000Z</time>
        <extensions>
          <ns3:TrackPointExtension>
            <ns3:hr>161</ns3:hr>
            <ns3:cad>89</ns3:cad>
          </ns3:TrackPointExtension>
        </extensions>
      </trkpt>
      <trkpt lat="30.55355644784867763519287109375" lon="104.0477108024060726165771484375">
        <ele>469.600006103515625</ele>
        <time>2026-09-19T13:26:29.000Z</time>
        <extensions>
          <ns3:TrackPointExtension>
            <ns3:hr>161</ns3:hr>
            <ns3:cad>89</ns3:cad>
          </ns3:TrackPointExtension>
        </extensions>
      </trkpt>
      <trkpt lat="30.5535560287535190582275390625" lon="104.047683142125606536865234375">
        <ele>469.600006103515625</ele>
        <time>2026-09-19T13:26:30.000Z</time>
        <extensions>
          <ns3:TrackPointExtension>
            <ns3:hr>161</ns3:hr>
            <ns3:cad>89</ns3:cad>
          </ns3:TrackPointExtension>
        </extensions>
      </trkpt>
      <trkpt lat="30.553556866943836212158203125" lon="104.04765238054096698760986328125">
        <ele>469.399993896484375</ele>
        <time>2026-09-19T13:26:31.000Z</time>
        <extensions>
          <ns3:TrackPointExtension>
            <ns3:hr>160</ns3:hr>
            <ns3:cad>89</ns3:cad>
          </ns3:TrackPointExtension>
        </extensions>
      </trkpt>
      <trkpt lat="30.553555525839328765869140625" lon="104.0476269833743572235107421875">
        <ele>469.399993896484375</ele>
        <time>2026-09-19T13:26:32.000Z</time>
        <extensions>
          <ns3:TrackPointExtension>
            <ns3:hr>161</ns3:hr>
            <ns3:cad>89</ns3:cad>
          </ns3:TrackPointExtension>
        </extensions>
      </trkpt>
      <trkpt lat="30.553558208048343658447265625" lon="104.047593958675861358642578125">
        <ele>469.399993896484375</ele>
        <time>2026-09-19T13:26:33.000Z</time>
        <extensions>
          <ns3:TrackPointExtension>
            <ns3:hr>160</ns3:hr>
            <ns3:cad>90</ns3:cad>
          </ns3:TrackPointExtension>
        </extensions>
      </trkpt>
      <trkpt lat="30.55355678312480449676513671875" lon="104.047567136585712432861328125">
        <ele>469.600006103515625</ele>
        <time>2026-09-19T13:26:34.000Z</time>
        <extensions>
          <ns3:TrackPointExtension>
            <ns3:hr>160</ns3:hr>
            <ns3:cad>90</ns3:cad>
          </ns3:TrackPointExtension>
        </extensions>
      </trkpt>
      <trkpt lat="30.553560219705104827880859375" lon="104.04753654263913631439208984375">
        <ele>469.600006103515625</ele>
        <time>2026-09-19T13:26:35.000Z</time>
        <extensions>
          <ns3:TrackPointExtension>
            <ns3:hr>161</ns3:hr>
            <ns3:cad>90</ns3:cad>
          </ns3:TrackPointExtension>
        </extensions>
      </trkpt>
      <trkpt lat="30.553560554981231689453125" lon="104.047510139644145965576171875">
        <ele>469.600006103515625</ele>
        <time>2026-09-19T13:26:36.000Z</time>
        <extensions>
          <ns3:TrackPointExtension>
            <ns3:hr>161</ns3:hr>
            <ns3:cad>90</ns3:cad>
          </ns3:TrackPointExtension>
        </extensions>
      </trkpt>
      <trkpt lat="30.5535617284476757049560546875" lon="104.04747971333563327789306640625">
        <ele>469.600006103515625</ele>
        <time>2026-09-19T13:26:37.000Z</time>
        <extensions>
          <ns3:TrackPointExtension>
            <ns3:hr>161</ns3:hr>
            <ns3:cad>90</ns3:cad>
          </ns3:TrackPointExtension>
        </extensions>
      </trkpt>
      <trkpt lat="30.553557872772216796875" lon="104.047452472150325775146484375">
        <ele>469.600006103515625</ele>
        <time>2026-09-19T13:26:38.000Z</time>
        <extensions>
          <ns3:TrackPointExtension>
            <ns3:hr>161</ns3:hr>
            <ns3:cad>91</ns3:cad>
          </ns3:TrackPointExtension>
        </extensions>
      </trkpt>
      <trkpt lat="30.55356390774250030517578125" lon="104.04742288403213024139404296875">
        <ele>469.600006103515625</ele>
        <time>2026-09-19T13:26:39.000Z</time>
        <extensions>
          <ns3:TrackPointExtension>
            <ns3:hr>161</ns3:hr>
            <ns3:cad>91</ns3:cad>
          </ns3:TrackPointExtension>
        </extensions>
      </trkpt>
      <trkpt lat="30.55356298573315143585205078125" lon="104.0473953075706958770751953125">
        <ele>469.600006103515625</ele>
        <time>2026-09-19T13:26:40.000Z</time>
        <extensions>
          <ns3:TrackPointExtension>
            <ns3:hr>161</ns3:hr>
            <ns3:cad>91</ns3:cad>
          </ns3:TrackPointExtension>
        </extensions>
      </trkpt>
      <trkpt lat="30.55356516502797603607177734375" lon="104.04736706055700778961181640625">
        <ele>469.600006103515625</ele>
        <time>2026-09-19T13:26:41.000Z</time>
        <extensions>
          <ns3:TrackPointExtension>
            <ns3:hr>161</ns3:hr>
            <ns3:cad>91</ns3:cad>
          </ns3:TrackPointExtension>
        </extensions>
      </trkpt>
      <trkpt lat="30.55356332100927829742431640625" lon="104.04734157957136631011962890625">
        <ele>469.399993896484375</ele>
        <time>2026-09-19T13:26:42.000Z</time>
        <extensions>
          <ns3:TrackPointExtension>
            <ns3:hr>161</ns3:hr>
            <ns3:cad>91</ns3:cad>
          </ns3:TrackPointExtension>
        </extensions>
      </trkpt>
      <trkpt lat="30.55356533266603946685791015625" lon="104.04731458984315395355224609375">
        <ele>469.20001220703125</ele>
        <time>2026-09-19T13:26:43.000Z</time>
        <extensions>
          <ns3:TrackPointExtension>
            <ns3:hr>161</ns3:hr>
            <ns3:cad>91</ns3:cad>
          </ns3:TrackPointExtension>
        </extensions>
      </trkpt>
      <trkpt lat="30.55356390774250030517578125" lon="104.0472883544862270355224609375">
        <ele>469.20001220703125</ele>
        <time>2026-09-19T13:26:44.000Z</time>
        <extensions>
          <ns3:TrackPointExtension>
            <ns3:hr>160</ns3:hr>
            <ns3:cad>91</ns3:cad>
          </ns3:TrackPointExtension>
        </extensions>
      </trkpt>
      <trkpt lat="30.553561560809612274169921875" lon="104.047260694205760955810546875">
        <ele>469.399993896484375</ele>
        <time>2026-09-19T13:26:45.000Z</time>
        <extensions>
          <ns3:TrackPointExtension>
            <ns3:hr>161</ns3:hr>
            <ns3:cad>91</ns3:cad>
          </ns3:TrackPointExtension>
        </extensions>
      </trkpt>
      <trkpt lat="30.553562901914119720458984375" lon="104.04723412357270717620849609375">
        <ele>469.399993896484375</ele>
        <time>2026-09-19T13:26:46.000Z</time>
        <extensions>
          <ns3:TrackPointExtension>
            <ns3:hr>160</ns3:hr>
            <ns3:cad>91</ns3:cad>
          </ns3:TrackPointExtension>
        </extensions>
      </trkpt>
      <trkpt lat="30.5535650812089443206787109375" lon="104.04720604419708251953125">
        <ele>469.600006103515625</ele>
        <time>2026-09-19T13:26:47.000Z</time>
        <extensions>
          <ns3:TrackPointExtension>
            <ns3:hr>160</ns3:hr>
            <ns3:cad>91</ns3:cad>
          </ns3:TrackPointExtension>
        </extensions>
      </trkpt>
      <trkpt lat="30.55356667377054691314697265625" lon="104.0471730194985866546630859375">
        <ele>469.600006103515625</ele>
        <time>2026-09-19T13:26:48.000Z</time>
        <extensions>
          <ns3:TrackPointExtension>
            <ns3:hr>161</ns3:hr>
            <ns3:cad>91</ns3:cad>
          </ns3:TrackPointExtension>
        </extensions>
      </trkpt>
      <trkpt lat="30.55356617085635662078857421875" lon="104.04714376665651798248291015625">
        <ele>469.600006103515625</ele>
        <time>2026-09-19T13:26:49.000Z</time>
        <extensions>
          <ns3:TrackPointExtension>
            <ns3:hr>161</ns3:hr>
            <ns3:cad>91</ns3:cad>
          </ns3:TrackPointExtension>
        </extensions>
      </trkpt>
      <trkpt lat="30.5535618960857391357421875" lon="104.0471106581389904022216796875">
        <ele>469.600006103515625</ele>
        <time>2026-09-19T13:26:50.000Z</time>
        <extensions>
          <ns3:TrackPointExtension>
            <ns3:hr>160</ns3:hr>
            <ns3:cad>92</ns3:cad>
          </ns3:TrackPointExtension>
        </extensions>
      </trkpt>
      <trkpt lat="30.553563572466373443603515625" lon="104.04708576388657093048095703125">
        <ele>469.600006103515625</ele>
        <time>2026-09-19T13:26:51.000Z</time>
        <extensions>
          <ns3:TrackPointExtension>
            <ns3:hr>161</ns3:hr>
            <ns3:cad>92</ns3:cad>
          </ns3:TrackPointExtension>
        </extensions>
      </trkpt>
      <trkpt lat="30.5535593815147876739501953125" lon="104.0470580197870731353759765625">
        <ele>469.600006103515625</ele>
        <time>2026-09-19T13:26:52.000Z</time>
        <extensions>
          <ns3:TrackPointExtension>
            <ns3:hr>161</ns3:hr>
            <ns3:cad>92</ns3:cad>
          </ns3:TrackPointExtension>
        </extensions>
      </trkpt>
      <trkpt lat="30.55356097407639026641845703125" lon="104.04703044332563877105712890625">
        <ele>469.600006103515625</ele>
        <time>2026-09-19T13:26:53.000Z</time>
        <extensions>
          <ns3:TrackPointExtension>
            <ns3:hr>161</ns3:hr>
            <ns3:cad>90</ns3:cad>
          </ns3:TrackPointExtension>
        </extensions>
      </trkpt>
      <trkpt lat="30.5535603873431682586669921875" lon="104.04699741862714290618896484375">
        <ele>469.600006103515625</ele>
        <time>2026-09-19T13:26:54.000Z</time>
        <extensions>
          <ns3:TrackPointExtension>
            <ns3:hr>161</ns3:hr>
            <ns3:cad>90</ns3:cad>
          </ns3:TrackPointExtension>
        </extensions>
      </trkpt>
      <trkpt lat="30.55355913005769252777099609375" lon="104.04696908779442310333251953125">
        <ele>469.600006103515625</ele>
        <time>2026-09-19T13:26:55.000Z</time>
        <extensions>
          <ns3:TrackPointExtension>
            <ns3:hr>161</ns3:hr>
            <ns3:cad>90</ns3:cad>
          </ns3:TrackPointExtension>
        </extensions>
      </trkpt>
      <trkpt lat="30.55355812422931194305419921875" lon="104.0469356440007686614990234375">
        <ele>469.600006103515625</ele>
        <time>2026-09-19T13:26:56.000Z</time>
        <extensions>
          <ns3:TrackPointExtension>
            <ns3:hr>161</ns3:hr>
            <ns3:cad>90</ns3:cad>
          </ns3:TrackPointExtension>
        </extensions>
      </trkpt>
      <trkpt lat="30.553554184734821319580078125" lon="104.04690991155803203582763671875">
        <ele>469.600006103515625</ele>
        <time>2026-09-19T13:26:57.000Z</time>
        <extensions>
          <ns3:TrackPointExtension>
            <ns3:hr>162</ns3:hr>
            <ns3:cad>91</ns3:cad>
          </ns3:TrackPointExtension>
        </extensions>
      </trkpt>
      <trkpt lat="30.55355317890644073486328125" lon="104.046879149973392486572265625">
        <ele>469.600006103515625</ele>
        <time>2026-09-19T13:26:58.000Z</time>
        <extensions>
          <ns3:TrackPointExtension>
            <ns3:hr>162</ns3:hr>
            <ns3:cad>91</ns3:cad>
          </ns3:TrackPointExtension>
        </extensions>
      </trkpt>
      <trkpt lat="30.5535563640296459197998046875" lon="104.04685006476938724517822265625">
        <ele>469.600006103515625</ele>
        <time>2026-09-19T13:26:59.000Z</time>
        <extensions>
          <ns3:TrackPointExtension>
            <ns3:hr>161</ns3:hr>
            <ns3:cad>91</ns3:cad>
          </ns3:TrackPointExtension>
        </extensions>
      </trkpt>
      <trkpt lat="30.55355795659124851226806640625" lon="104.0468211472034454345703125">
        <ele>469.600006103515625</ele>
        <time>2026-09-19T13:27:00.000Z</time>
        <extensions>
          <ns3:TrackPointExtension>
            <ns3:hr>161</ns3:hr>
            <ns3:cad>90</ns3:cad>
          </ns3:TrackPointExtension>
        </extensions>
      </trkpt>
      <trkpt lat="30.55355711840093135833740234375" lon="104.0467889606952667236328125">
        <ele>469.399993896484375</ele>
        <time>2026-09-19T13:27:01.000Z</time>
        <extensions>
          <ns3:TrackPointExtension>
            <ns3:hr>162</ns3:hr>
            <ns3:cad>90</ns3:cad>
          </ns3:TrackPointExtension>
        </extensions>
      </trkpt>
      <trkpt lat="30.5535577051341533660888671875" lon="104.0467529185116291046142578125">
        <ele>469.399993896484375</ele>
        <time>2026-09-19T13:27:02.000Z</time>
        <extensions>
          <ns3:TrackPointExtension>
            <ns3:hr>162</ns3:hr>
            <ns3:cad>90</ns3:cad>
          </ns3:TrackPointExtension>
        </extensions>
      </trkpt>
      <trkpt lat="30.55355544202029705047607421875" lon="104.04672131873667240142822265625">
        <ele>469.399993896484375</ele>
        <time>2026-09-19T13:27:03.000Z</time>
        <extensions>
          <ns3:TrackPointExtension>
            <ns3:hr>162</ns3:hr>
            <ns3:cad>90</ns3:cad>
          </ns3:TrackPointExtension>
        </extensions>
      </trkpt>
      <trkpt lat="30.5535550229251384735107421875" lon="104.04668326489627361297607421875">
        <ele>469.399993896484375</ele>
        <time>2026-09-19T13:27:04.000Z</time>
        <extensions>
          <ns3:TrackPointExtension>
            <ns3:hr>162</ns3:hr>
            <ns3:cad>91</ns3:cad>
          </ns3:TrackPointExtension>
        </extensions>
      </trkpt>
      <trkpt lat="30.5535523407161235809326171875" lon="104.0466587059199810028076171875">
        <ele>469.399993896484375</ele>
        <time>2026-09-19T13:27:05.000Z</time>
        <extensions>
          <ns3:TrackPointExtension>
            <ns3:hr>162</ns3:hr>
            <ns3:cad>91</ns3:cad>
          </ns3:TrackPointExtension>
        </extensions>
      </trkpt>
      <trkpt lat="30.5535553582012653350830078125" lon="104.0466251783072948455810546875">
        <ele>469.399993896484375</ele>
        <time>2026-09-19T13:27:06.000Z</time>
        <extensions>
          <ns3:TrackPointExtension>
            <ns3:hr>162</ns3:hr>
            <ns3:cad>91</ns3:cad>
          </ns3:TrackPointExtension>
        </extensions>
      </trkpt>
      <trkpt lat="30.55355661548674106597900390625" lon="104.046600200235843658447265625">
        <ele>469.399993896484375</ele>
        <time>2026-09-19T13:27:07.000Z</time>
        <extensions>
          <ns3:TrackPointExtension>
            <ns3:hr>162</ns3:hr>
            <ns3:cad>91</ns3:cad>
          </ns3:TrackPointExtension>
        </extensions>
      </trkpt>
      <trkpt lat="30.55355829186737537384033203125" lon="104.0465695224702358245849609375">
        <ele>469.399993896484375</ele>
        <time>2026-09-19T13:27:08.000Z</time>
        <extensions>
          <ns3:TrackPointExtension>
            <ns3:hr>162</ns3:hr>
            <ns3:cad>90</ns3:cad>
          </ns3:TrackPointExtension>
        </extensions>
      </trkpt>
      <trkpt lat="30.55355879478156566619873046875" lon="104.04654395766556262969970703125">
        <ele>469.20001220703125</ele>
        <time>2026-09-19T13:27:09.000Z</time>
        <extensions>
          <ns3:TrackPointExtension>
            <ns3:hr>163</ns3:hr>
            <ns3:cad>90</ns3:cad>
          </ns3:TrackPointExtension>
        </extensions>
      </trkpt>
      <trkpt lat="30.55356013588607311248779296875" lon="104.04651462100446224212646484375">
        <ele>469.20001220703125</ele>
        <time>2026-09-19T13:27:10.000Z</time>
        <extensions>
          <ns3:TrackPointExtension>
            <ns3:hr>163</ns3:hr>
            <ns3:cad>90</ns3:cad>
          </ns3:TrackPointExtension>
        </extensions>
      </trkpt>
      <trkpt lat="30.55356013588607311248779296875" lon="104.046488218009471893310546875">
        <ele>469.20001220703125</ele>
        <time>2026-09-19T13:27:11.000Z</time>
        <extensions>
          <ns3:TrackPointExtension>
            <ns3:hr>163</ns3:hr>
            <ns3:cad>90</ns3:cad>
          </ns3:TrackPointExtension>
        </extensions>
      </trkpt>
      <trkpt lat="30.55355929769575595855712890625" lon="104.04646147973835468292236328125">
        <ele>469.20001220703125</ele>
        <time>2026-09-19T13:27:12.000Z</time>
        <extensions>
          <ns3:TrackPointExtension>
            <ns3:hr>163</ns3:hr>
            <ns3:cad>90</ns3:cad>
          </ns3:TrackPointExtension>
        </extensions>
      </trkpt>
      <trkpt lat="30.5535590462386608123779296875" lon="104.0464344061911106109619140625">
        <ele>469.20001220703125</ele>
        <time>2026-09-19T13:27:13.000Z</time>
        <extensions>
          <ns3:TrackPointExtension>
            <ns3:hr>163</ns3:hr>
            <ns3:cad>91</ns3:cad>
          </ns3:TrackPointExtension>
        </extensions>
      </trkpt>
      <trkpt lat="30.55356063880026340484619140625" lon="104.046404398977756500244140625">
        <ele>469.399993896484375</ele>
        <time>2026-09-19T13:27:14.000Z</time>
        <extensions>
          <ns3:TrackPointExtension>
            <ns3:hr>162</ns3:hr>
            <ns3:cad>92</ns3:cad>
          </ns3:TrackPointExtension>
        </extensions>
      </trkpt>
      <trkpt lat="30.55356214754283428192138671875" lon="104.0463764034211635589599609375">
        <ele>469.399993896484375</ele>
        <time>2026-09-19T13:27:15.000Z</time>
        <extensions>
          <ns3:TrackPointExtension>
            <ns3:hr>162</ns3:hr>
            <ns3:cad>92</ns3:cad>
          </ns3:TrackPointExtension>
        </extensions>
      </trkpt>
      <trkpt lat="30.5535634048283100128173828125" lon="104.0463489107787609100341796875">
        <ele>469.399993896484375</ele>
        <time>2026-09-19T13:27:16.000Z</time>
        <extensions>
          <ns3:TrackPointExtension>
            <ns3:hr>161</ns3:hr>
            <ns3:cad>92</ns3:cad>
          </ns3:TrackPointExtension>
        </extensions>
      </trkpt>
      <trkpt lat="30.55355929769575595855712890625" lon="104.0463190712034702301025390625">
        <ele>469.399993896484375</ele>
        <time>2026-09-19T13:27:17.000Z</time>
        <extensions>
          <ns3:TrackPointExtension>
            <ns3:hr>161</ns3:hr>
            <ns3:cad>92</ns3:cad>
          </ns3:TrackPointExtension>
        </extensions>
      </trkpt>
      <trkpt lat="30.55356130935251712799072265625" lon="104.046279005706310272216796875">
        <ele>469.399993896484375</ele>
        <time>2026-09-19T13:27:18.000Z</time>
        <extensions>
          <ns3:TrackPointExtension>
            <ns3:hr>161</ns3:hr>
            <ns3:cad>92</ns3:cad>
          </ns3:TrackPointExtension>
        </extensions>
      </trkpt>
      <trkpt lat="30.55355862714350223541259765625" lon="104.04624287970364093780517578125">
        <ele>469.399993896484375</ele>
        <time>2026-09-19T13:27:19.000Z</time>
        <extensions>
          <ns3:TrackPointExtension>
            <ns3:hr>161</ns3:hr>
            <ns3:cad>92</ns3:cad>
          </ns3:TrackPointExtension>
        </extensions>
      </trkpt>
      <trkpt lat="30.553556866943836212158203125" lon="104.04620097018778324127197265625">
        <ele>469.399993896484375</ele>
        <time>2026-09-19T13:27:20.000Z</time>
        <extensions>
          <ns3:TrackPointExtension>
            <ns3:hr>160</ns3:hr>
            <ns3:cad>92</ns3:cad>
          </ns3:TrackPointExtension>
        </extensions>
      </trkpt>
      <trkpt lat="30.5535429529845714569091796875" lon="104.046167023479938507080078125">
        <ele>469.399993896484375</ele>
        <time>2026-09-19T13:27:21.000Z</time>
        <extensions>
          <ns3:TrackPointExtension>
            <ns3:hr>160</ns3:hr>
            <ns3:cad>92</ns3:cad>
          </ns3:TrackPointExtension>
        </extensions>
      </trkpt>
      <trkpt lat="30.55352342315018177032470703125" lon="104.04613517224788665771484375">
        <ele>469.20001220703125</ele>
        <time>2026-09-19T13:27:22.000Z</time>
        <extensions>
          <ns3:TrackPointExtension>
            <ns3:hr>159</ns3:hr>
            <ns3:cad>92</ns3:cad>
          </ns3:TrackPointExtension>
        </extensions>
      </trkpt>
      <trkpt lat="30.55350028909742832183837890625" lon="104.0461135469377040863037109375">
        <ele>469.20001220703125</ele>
        <time>2026-09-19T13:27:23.000Z</time>
        <extensions>
          <ns3:TrackPointExtension>
            <ns3:hr>159</ns3:hr>
            <ns3:cad>92</ns3:cad>
          </ns3:TrackPointExtension>
        </extensions>
      </trkpt>
      <trkpt lat="30.55347413755953311920166015625" lon="104.046095944941043853759765625">
        <ele>469</ele>
        <time>2026-09-19T13:27:24.000Z</time>
        <extensions>
          <ns3:TrackPointExtension>
            <ns3:hr>159</ns3:hr>
            <ns3:cad>92</ns3:cad>
          </ns3:TrackPointExtension>
        </extensions>
      </trkpt>
      <trkpt lat="30.553453601896762847900390625" lon="104.04608630575239658355712890625">
        <ele>469</ele>
        <time>2026-09-19T13:27:25.000Z</time>
        <extensions>
          <ns3:TrackPointExtension>
            <ns3:hr>159</ns3:hr>
            <ns3:cad>92</ns3:cad>
          </ns3:TrackPointExtension>
        </extensions>
      </trkpt>
      <trkpt lat="30.55343105457723140716552734375" lon="104.04607214033603668212890625">
        <ele>469</ele>
        <time>2026-09-19T13:27:26.000Z</time>
        <extensions>
          <ns3:TrackPointExtension>
            <ns3:hr>160</ns3:hr>
            <ns3:cad>92</ns3:cad>
          </ns3:TrackPointExtension>
        </extensions>
      </trkpt>
      <trkpt lat="30.5534090101718902587890625" lon="104.046063087880611419677734375">
        <ele>469</ele>
        <time>2026-09-19T13:27:27.000Z</time>
        <extensions>
          <ns3:TrackPointExtension>
            <ns3:hr>160</ns3:hr>
            <ns3:cad>92</ns3:cad>
          </ns3:TrackPointExtension>
        </extensions>
      </trkpt>
      <trkpt lat="30.553392581641674041748046875" lon="104.04605068266391754150390625">
        <ele>469</ele>
        <time>2026-09-19T13:27:28.000Z</time>
        <extensions>
          <ns3:TrackPointExtension>
            <ns3:hr>160</ns3:hr>
            <ns3:cad>92</ns3:cad>
          </ns3:TrackPointExtension>
        </extensions>
      </trkpt>
      <trkpt lat="30.55337171070277690887451171875" lon="104.04603718779981136322021484375">
        <ele>469</ele>
        <time>2026-09-19T13:27:29.000Z</time>
        <extensions>
          <ns3:TrackPointExtension>
            <ns3:hr>160</ns3:hr>
            <ns3:cad>91</ns3:cad>
          </ns3:TrackPointExtension>
        </extensions>
      </trkpt>
      <trkpt lat="30.55336031131446361541748046875" lon="104.04602930881083011627197265625">
        <ele>469</ele>
        <time>2026-09-19T13:27:30.000Z</time>
        <extensions>
          <ns3:TrackPointExtension>
            <ns3:hr>160</ns3:hr>
            <ns3:cad>91</ns3:cad>
          </ns3:TrackPointExtension>
        </extensions>
      </trkpt>
      <trkpt lat="30.5533407814800739288330078125" lon="104.04601489193737506866455078125">
        <ele>469</ele>
        <time>2026-09-19T13:27:31.000Z</time>
        <extensions>
          <ns3:TrackPointExtension>
            <ns3:hr>160</ns3:hr>
            <ns3:cad>91</ns3:cad>
          </ns3:TrackPointExtension>
        </extensions>
      </trkpt>
      <trkpt lat="30.55332192219793796539306640625" lon="104.04600785113871097564697265625">
        <ele>469</ele>
        <time>2026-09-19T13:27:32.000Z</time>
        <extensions>
          <ns3:TrackPointExtension>
            <ns3:hr>160</ns3:hr>
            <ns3:cad>91</ns3:cad>
          </ns3:TrackPointExtension>
        </extensions>
      </trkpt>
      <trkpt lat="30.55329610593616962432861328125" lon="104.0460002236068248748779296875">
        <ele>469</ele>
        <time>2026-09-19T13:27:33.000Z</time>
        <extensions>
          <ns3:TrackPointExtension>
            <ns3:hr>160</ns3:hr>
            <ns3:cad>91</ns3:cad>
          </ns3:TrackPointExtension>
        </extensions>
      </trkpt>
      <trkpt lat="30.55327263660728931427001953125" lon="104.045996367931365966796875">
        <ele>469</ele>
        <time>2026-09-19T13:27:34.000Z</time>
        <extensions>
          <ns3:TrackPointExtension>
            <ns3:hr>160</ns3:hr>
            <ns3:cad>91</ns3:cad>
          </ns3:TrackPointExtension>
        </extensions>
      </trkpt>
      <trkpt lat="30.5532408691942691802978515625" lon="104.0459851361811161041259765625">
        <ele>469</ele>
        <time>2026-09-19T13:27:35.000Z</time>
        <extensions>
          <ns3:TrackPointExtension>
            <ns3:hr>160</ns3:hr>
            <ns3:cad>91</ns3:cad>
          </ns3:TrackPointExtension>
        </extensions>
      </trkpt>
      <trkpt lat="30.553215555846691131591796875" lon="104.04598002322018146514892578125">
        <ele>469</ele>
        <time>2026-09-19T13:27:36.000Z</time>
        <extensions>
          <ns3:TrackPointExtension>
            <ns3:hr>159</ns3:hr>
            <ns3:cad>92</ns3:cad>
          </ns3:TrackPointExtension>
        </extensions>
      </trkpt>
      <trkpt lat="30.55318764410912990570068359375" lon="104.0459693782031536102294921875">
        <ele>469</ele>
        <time>2026-09-19T13:27:37.000Z</time>
        <extensions>
          <ns3:TrackPointExtension>
            <ns3:hr>159</ns3:hr>
            <ns3:cad>92</ns3:cad>
          </ns3:TrackPointExtension>
        </extensions>
      </trkpt>
      <trkpt lat="30.55316266603767871856689453125" lon="104.0459655225276947021484375">
        <ele>468.79998779296875</ele>
        <time>2026-09-19T13:27:38.000Z</time>
        <extensions>
          <ns3:TrackPointExtension>
            <ns3:hr>159</ns3:hr>
            <ns3:cad>92</ns3:cad>
          </ns3:TrackPointExtension>
        </extensions>
      </trkpt>
      <trkpt lat="30.553137101233005523681640625" lon="104.0459559671580791473388671875">
        <ele>468.79998779296875</ele>
        <time>2026-09-19T13:27:39.000Z</time>
        <extensions>
          <ns3:TrackPointExtension>
            <ns3:hr>159</ns3:hr>
            <ns3:cad>92</ns3:cad>
          </ns3:TrackPointExtension>
        </extensions>
      </trkpt>
      <trkpt lat="30.553115308284759521484375" lon="104.04595068655908107757568359375">
        <ele>468.600006103515625</ele>
        <time>2026-09-19T13:27:40.000Z</time>
        <extensions>
          <ns3:TrackPointExtension>
            <ns3:hr>159</ns3:hr>
            <ns3:cad>92</ns3:cad>
          </ns3:TrackPointExtension>
        </extensions>
      </trkpt>
      <trkpt lat="30.5530889891088008880615234375" lon="104.0459392033517360687255859375">
        <ele>468.600006103515625</ele>
        <time>2026-09-19T13:27:41.000Z</time>
        <extensions>
          <ns3:TrackPointExtension>
            <ns3:hr>159</ns3:hr>
            <ns3:cad>92</ns3:cad>
          </ns3:TrackPointExtension>
        </extensions>
      </trkpt>
      <trkpt lat="30.55306560359895229339599609375" lon="104.04593802988529205322265625">
        <ele>468.600006103515625</ele>
        <time>2026-09-19T13:27:42.000Z</time>
        <extensions>
          <ns3:TrackPointExtension>
            <ns3:hr>159</ns3:hr>
            <ns3:cad>92</ns3:cad>
          </ns3:TrackPointExtension>
        </extensions>
      </trkpt>
      <trkpt lat="30.55303408764302730560302734375" lon="104.045930318534374237060546875">
        <ele>468.79998779296875</ele>
        <time>2026-09-19T13:27:43.000Z</time>
        <extensions>
          <ns3:TrackPointExtension>
            <ns3:hr>159</ns3:hr>
            <ns3:cad>92</ns3:cad>
          </ns3:TrackPointExtension>
        </extensions>
      </trkpt>
      <trkpt lat="30.55300508625805377960205078125" lon="104.0459291450679302215576171875">
        <ele>468.79998779296875</ele>
        <time>2026-09-19T13:27:44.000Z</time>
        <extensions>
          <ns3:TrackPointExtension>
            <ns3:hr>159</ns3:hr>
            <ns3:cad>92</ns3:cad>
          </ns3:TrackPointExtension>
        </extensions>
      </trkpt>
      <trkpt lat="30.55297642014920711517333984375" lon="104.04592855833470821380615234375">
        <ele>468.79998779296875</ele>
        <time>2026-09-19T13:27:45.000Z</time>
        <extensions>
          <ns3:TrackPointExtension>
            <ns3:hr>158</ns3:hr>
            <ns3:cad>92</ns3:cad>
          </ns3:TrackPointExtension>
        </extensions>
      </trkpt>
      <trkpt lat="30.55294842459261417388916015625" lon="104.04593090526759624481201171875">
        <ele>468.79998779296875</ele>
        <time>2026-09-19T13:27:46.000Z</time>
        <extensions>
          <ns3:TrackPointExtension>
            <ns3:hr>158</ns3:hr>
            <ns3:cad>92</ns3:cad>
          </ns3:TrackPointExtension>
        </extensions>
      </trkpt>
      <trkpt lat="30.552922189235687255859375" lon="104.04593492858111858367919921875">
        <ele>468.79998779296875</ele>
        <time>2026-09-19T13:27:47.000Z</time>
        <extensions>
          <ns3:TrackPointExtension>
            <ns3:hr>158</ns3:hr>
            <ns3:cad>92</ns3:cad>
          </ns3:TrackPointExtension>
        </extensions>
      </trkpt>
      <trkpt lat="30.55289159528911113739013671875" lon="104.0459345094859600067138671875">
        <ele>468.600006103515625</ele>
        <time>2026-09-19T13:27:48.000Z</time>
        <extensions>
          <ns3:TrackPointExtension>
            <ns3:hr>158</ns3:hr>
            <ns3:cad>92</ns3:cad>
          </ns3:TrackPointExtension>
        </extensions>
      </trkpt>
      <trkpt lat="30.552869550883769989013671875" lon="104.0459387004375457763671875">
        <ele>468.600006103515625</ele>
        <time>2026-09-19T13:27:49.000Z</time>
        <extensions>
          <ns3:TrackPointExtension>
            <ns3:hr>158</ns3:hr>
            <ns3:cad>92</ns3:cad>
          </ns3:TrackPointExtension>
        </extensions>
      </trkpt>
      <trkpt lat="30.55283728055655956268310546875" lon="104.04593878425657749176025390625">
        <ele>468.600006103515625</ele>
        <time>2026-09-19T13:27:50.000Z</time>
        <extensions>
          <ns3:TrackPointExtension>
            <ns3:hr>158</ns3:hr>
            <ns3:cad>92</ns3:cad>
          </ns3:TrackPointExtension>
        </extensions>
      </trkpt>
      <trkpt lat="30.5528160743415355682373046875" lon="104.045943729579448699951171875">
        <ele>468.600006103515625</ele>
        <time>2026-09-19T13:27:51.000Z</time>
        <extensions>
          <ns3:TrackPointExtension>
            <ns3:hr>157</ns3:hr>
            <ns3:cad>92</ns3:cad>
          </ns3:TrackPointExtension>
        </extensions>
      </trkpt>
      <trkpt lat="30.55278950370848178863525390625" lon="104.0459387004375457763671875">
        <ele>468.600006103515625</ele>
        <time>2026-09-19T13:27:52.000Z</time>
        <extensions>
          <ns3:TrackPointExtension>
            <ns3:hr>158</ns3:hr>
            <ns3:cad>93</ns3:cad>
          </ns3:TrackPointExtension>
        </extensions>
      </trkpt>
      <trkpt lat="30.55276754312217235565185546875" lon="104.0459358505904674530029296875">
        <ele>468.600006103515625</ele>
        <time>2026-09-19T13:27:53.000Z</time>
        <extensions>
          <ns3:TrackPointExtension>
            <ns3:hr>158</ns3:hr>
            <ns3:cad>92</ns3:cad>
          </ns3:TrackPointExtension>
        </extensions>
      </trkpt>
      <trkpt lat="30.5527384579181671142578125" lon="104.04592931270599365234375">
        <ele>468.399993896484375</ele>
        <time>2026-09-19T13:27:54.000Z</time>
        <extensions>
          <ns3:TrackPointExtension>
            <ns3:hr>157</ns3:hr>
            <ns3:cad>91</ns3:cad>
          </ns3:TrackPointExtension>
        </extensions>
      </trkpt>
      <trkpt lat="30.5527144856750965118408203125" lon="104.04592956416308879852294921875">
        <ele>468.399993896484375</ele>
        <time>2026-09-19T13:27:55.000Z</time>
        <extensions>
          <ns3:TrackPointExtension>
            <ns3:hr>157</ns3:hr>
            <ns3:cad>91</ns3:cad>
          </ns3:TrackPointExtension>
        </extensions>
      </trkpt>
      <trkpt lat="30.5526843108236789703369140625" lon="104.04592202045023441314697265625">
        <ele>468.399993896484375</ele>
        <time>2026-09-19T13:27:56.000Z</time>
        <extensions>
          <ns3:TrackPointExtension>
            <ns3:hr>157</ns3:hr>
            <ns3:cad>92</ns3:cad>
          </ns3:TrackPointExtension>
        </extensions>
      </trkpt>
      <trkpt lat="30.5526621825993061065673828125" lon="104.04592269100248813629150390625">
        <ele>468.399993896484375</ele>
        <time>2026-09-19T13:27:57.000Z</time>
        <extensions>
          <ns3:TrackPointExtension>
            <ns3:hr>158</ns3:hr>
            <ns3:cad>92</ns3:cad>
          </ns3:TrackPointExtension>
        </extensions>
      </trkpt>
      <trkpt lat="30.55263225920498371124267578125" lon="104.04592000879347324371337890625">
        <ele>468.399993896484375</ele>
        <time>2026-09-19T13:27:58.000Z</time>
        <extensions>
          <ns3:TrackPointExtension>
            <ns3:hr>158</ns3:hr>
            <ns3:cad>92</ns3:cad>
          </ns3:TrackPointExtension>
        </extensions>
      </trkpt>
      <trkpt lat="30.55260946042835712432861328125" lon="104.04592327773571014404296875">
        <ele>468.399993896484375</ele>
        <time>2026-09-19T13:27:59.000Z</time>
        <extensions>
          <ns3:TrackPointExtension>
            <ns3:hr>158</ns3:hr>
            <ns3:cad>92</ns3:cad>
          </ns3:TrackPointExtension>
        </extensions>
      </trkpt>
      <trkpt lat="30.55258582346141338348388671875" lon="104.04592554084956645965576171875">
        <ele>468.399993896484375</ele>
        <time>2026-09-19T13:28:00.000Z</time>
        <extensions>
          <ns3:TrackPointExtension>
            <ns3:hr>157</ns3:hr>
            <ns3:cad>91</ns3:cad>
          </ns3:TrackPointExtension>
        </extensions>
      </trkpt>
      <trkpt lat="30.55256168358027935028076171875" lon="104.045928977429866790771484375">
        <ele>468.399993896484375</ele>
        <time>2026-09-19T13:28:01.000Z</time>
        <extensions>
          <ns3:TrackPointExtension>
            <ns3:hr>157</ns3:hr>
            <ns3:cad>91</ns3:cad>
          </ns3:TrackPointExtension>
        </extensions>
      </trkpt>
      <trkpt lat="30.55253821425139904022216796875" lon="104.04593073762953281402587890625">
        <ele>468.399993896484375</ele>
        <time>2026-09-19T13:28:02.000Z</time>
        <extensions>
          <ns3:TrackPointExtension>
            <ns3:hr>157</ns3:hr>
            <ns3:cad>91</ns3:cad>
          </ns3:TrackPointExtension>
        </extensions>
      </trkpt>
      <trkpt lat="30.55251390673220157623291015625" lon="104.0459321625530719757080078125">
        <ele>468.399993896484375</ele>
        <time>2026-09-19T13:28:03.000Z</time>
        <extensions>
          <ns3:TrackPointExtension>
            <ns3:hr>158</ns3:hr>
            <ns3:cad>91</ns3:cad>
          </ns3:TrackPointExtension>
        </extensions>
      </trkpt>
      <trkpt lat="30.552490018308162689208984375" lon="104.045930318534374237060546875">
        <ele>468.20001220703125</ele>
        <time>2026-09-19T13:28:04.000Z</time>
        <extensions>
          <ns3:TrackPointExtension>
            <ns3:hr>158</ns3:hr>
            <ns3:cad>92</ns3:cad>
          </ns3:TrackPointExtension>
        </extensions>
      </trkpt>
      <trkpt lat="30.5524606816470623016357421875" lon="104.0459321625530719757080078125">
        <ele>468.20001220703125</ele>
        <time>2026-09-19T13:28:05.000Z</time>
        <extensions>
          <ns3:TrackPointExtension>
            <ns3:hr>158</ns3:hr>
            <ns3:cad>92</ns3:cad>
          </ns3:TrackPointExtension>
        </extensions>
      </trkpt>
      <trkpt lat="30.55243528448045253753662109375" lon="104.04593459330499172210693359375">
        <ele>468.20001220703125</ele>
        <time>2026-09-19T13:28:06.000Z</time>
        <extensions>
          <ns3:TrackPointExtension>
            <ns3:hr>157</ns3:hr>
            <ns3:cad>92</ns3:cad>
          </ns3:TrackPointExtension>
        </extensions>
      </trkpt>
      <trkpt lat="30.55240242742002010345458984375" lon="104.0459415502846240997314453125">
        <ele>468.20001220703125</ele>
        <time>2026-09-19T13:28:07.000Z</time>
        <extensions>
          <ns3:TrackPointExtension>
            <ns3:hr>157</ns3:hr>
            <ns3:cad>92</ns3:cad>
          </ns3:TrackPointExtension>
        </extensions>
      </trkpt>
      <trkpt lat="30.55237912572920322418212890625" lon="104.04595135711133480072021484375">
        <ele>468.20001220703125</ele>
        <time>2026-09-19T13:28:08.000Z</time>
        <extensions>
          <ns3:TrackPointExtension>
            <ns3:hr>157</ns3:hr>
            <ns3:cad>92</ns3:cad>
          </ns3:TrackPointExtension>
        </extensions>
      </trkpt>
      <trkpt lat="30.55234886705875396728515625" lon="104.045953787863254547119140625">
        <ele>468.20001220703125</ele>
        <time>2026-09-19T13:28:09.000Z</time>
        <extensions>
          <ns3:TrackPointExtension>
            <ns3:hr>158</ns3:hr>
            <ns3:cad>93</ns3:cad>
          </ns3:TrackPointExtension>
        </extensions>
      </trkpt>
      <trkpt lat="30.55232531391084194183349609375" lon="104.04596108011901378631591796875">
        <ele>468.399993896484375</ele>
        <time>2026-09-19T13:28:10.000Z</time>
        <extensions>
          <ns3:TrackPointExtension>
            <ns3:hr>158</ns3:hr>
            <ns3:cad>93</ns3:cad>
          </ns3:TrackPointExtension>
        </extensions>
      </trkpt>
      <trkpt lat="30.55229631252586841583251953125" lon="104.0459633432328701019287109375">
        <ele>468.399993896484375</ele>
        <time>2026-09-19T13:28:11.000Z</time>
        <extensions>
          <ns3:TrackPointExtension>
            <ns3:hr>159</ns3:hr>
            <ns3:cad>93</ns3:cad>
          </ns3:TrackPointExtension>
        </extensions>
      </trkpt>
      <trkpt lat="30.55227686651051044464111328125" lon="104.04597281478345394134521484375">
        <ele>468.20001220703125</ele>
        <time>2026-09-19T13:28:12.000Z</time>
        <extensions>
          <ns3:TrackPointExtension>
            <ns3:hr>159</ns3:hr>
            <ns3:cad>92</ns3:cad>
          </ns3:TrackPointExtension>
        </extensions>
      </trkpt>
      <trkpt lat="30.55224786512553691864013671875" lon="104.0459740720689296722412109375">
        <ele>468.20001220703125</ele>
        <time>2026-09-19T13:28:13.000Z</time>
        <extensions>
          <ns3:TrackPointExtension>
            <ns3:hr>159</ns3:hr>
            <ns3:cad>92</ns3:cad>
          </ns3:TrackPointExtension>
        </extensions>
      </trkpt>
      <trkpt lat="30.552224814891815185546875" lon="104.04598203487694263458251953125">
        <ele>468.399993896484375</ele>
        <time>2026-09-19T13:28:14.000Z</time>
        <extensions>
          <ns3:TrackPointExtension>
            <ns3:hr>159</ns3:hr>
            <ns3:cad>91</ns3:cad>
          </ns3:TrackPointExtension>
        </extensions>
      </trkpt>
      <trkpt lat="30.55219857953488826751708984375" lon="104.045985974371433258056640625">
        <ele>468.399993896484375</ele>
        <time>2026-09-19T13:28:15.000Z</time>
        <extensions>
          <ns3:TrackPointExtension>
            <ns3:hr>159</ns3:hr>
            <ns3:cad>91</ns3:cad>
          </ns3:TrackPointExtension>
        </extensions>
      </trkpt>
      <trkpt lat="30.5521743558347225189208984375" lon="104.04599360190331935882568359375">
        <ele>468.20001220703125</ele>
        <time>2026-09-19T13:28:16.000Z</time>
        <extensions>
          <ns3:TrackPointExtension>
            <ns3:hr>159</ns3:hr>
            <ns3:cad>92</ns3:cad>
          </ns3:TrackPointExtension>
        </extensions>
      </trkpt>
      <trkpt lat="30.5521483719348907470703125" lon="104.04600097797811031341552734375">
        <ele>468.20001220703125</ele>
        <time>2026-09-19T13:28:17.000Z</time>
        <extensions>
          <ns3:TrackPointExtension>
            <ns3:hr>159</ns3:hr>
            <ns3:cad>93</ns3:cad>
          </ns3:TrackPointExtension>
        </extensions>
      </trkpt>
      <trkpt lat="30.5521210469305515289306640625" lon="104.04600801877677440643310546875">
        <ele>468.20001220703125</ele>
        <time>2026-09-19T13:28:18.000Z</time>
        <extensions>
          <ns3:TrackPointExtension>
            <ns3:hr>159</ns3:hr>
            <ns3:cad>92</ns3:cad>
          </ns3:TrackPointExtension>
        </extensions>
      </trkpt>
      <trkpt lat="30.55209699086844921112060546875" lon="104.0460159815847873687744140625">
        <ele>468.20001220703125</ele>
        <time>2026-09-19T13:28:19.000Z</time>
        <extensions>
          <ns3:TrackPointExtension>
            <ns3:hr>159</ns3:hr>
            <ns3:cad>92</ns3:cad>
          </ns3:TrackPointExtension>
        </extensions>
      </trkpt>
      <trkpt lat="30.55206798948347568511962890625" lon="104.0460210107266902923583984375">
        <ele>468.20001220703125</ele>
        <time>2026-09-19T13:28:20.000Z</time>
        <extensions>
          <ns3:TrackPointExtension>
            <ns3:hr>159</ns3:hr>
            <ns3:cad>92</ns3:cad>
          </ns3:TrackPointExtension>
        </extensions>
      </trkpt>
      <trkpt lat="30.55204116739332675933837890625" lon="104.04602662660181522369384765625">
        <ele>468.20001220703125</ele>
        <time>2026-09-19T13:28:21.000Z</time>
        <extensions>
          <ns3:TrackPointExtension>
            <ns3:hr>159</ns3:hr>
            <ns3:cad>91</ns3:cad>
          </ns3:TrackPointExtension>
        </extensions>
      </trkpt>
      <trkpt lat="30.55201224982738494873046875" lon="104.04603349976241588592529296875">
        <ele>468.20001220703125</ele>
        <time>2026-09-19T13:28:22.000Z</time>
        <extensions>
          <ns3:TrackPointExtension>
            <ns3:hr>159</ns3:hr>
            <ns3:cad>92</ns3:cad>
          </ns3:TrackPointExtension>
        </extensions>
      </trkpt>
      <trkpt lat="30.5519933067262172698974609375" lon="104.04603836126625537872314453125">
        <ele>468.20001220703125</ele>
        <time>2026-09-19T13:28:23.000Z</time>
        <extensions>
          <ns3:TrackPointExtension>
            <ns3:hr>159</ns3:hr>
            <ns3:cad>92</ns3:cad>
          </ns3:TrackPointExtension>
        </extensions>
      </trkpt>
      <trkpt lat="30.5519631318747997283935546875" lon="104.04604255221784114837646484375">
        <ele>468.20001220703125</ele>
        <time>2026-09-19T13:28:24.000Z</time>
        <extensions>
          <ns3:TrackPointExtension>
            <ns3:hr>159</ns3:hr>
            <ns3:cad>92</ns3:cad>
          </ns3:TrackPointExtension>
        </extensions>
      </trkpt>
      <trkpt lat="30.55194276385009288787841796875" lon="104.0460468269884586334228515625">
        <ele>468.399993896484375</ele>
        <time>2026-09-19T13:28:25.000Z</time>
        <extensions>
          <ns3:TrackPointExtension>
            <ns3:hr>159</ns3:hr>
            <ns3:cad>92</ns3:cad>
          </ns3:TrackPointExtension>
        </extensions>
      </trkpt>
      <trkpt lat="30.55190906859934329986572265625" lon="104.04605294577777385711669921875">
        <ele>468.399993896484375</ele>
        <time>2026-09-19T13:28:26.000Z</time>
        <extensions>
          <ns3:TrackPointExtension>
            <ns3:hr>159</ns3:hr>
            <ns3:cad>92</ns3:cad>
          </ns3:TrackPointExtension>
        </extensions>
      </trkpt>
      <trkpt lat="30.55188392288982868194580078125" lon="104.04605872929096221923828125">
        <ele>468.399993896484375</ele>
        <time>2026-09-19T13:28:27.000Z</time>
        <extensions>
          <ns3:TrackPointExtension>
            <ns3:hr>159</ns3:hr>
            <ns3:cad>92</ns3:cad>
          </ns3:TrackPointExtension>
        </extensions>
      </trkpt>
      <trkpt lat="30.55185039527714252471923828125" lon="104.046063087880611419677734375">
        <ele>468.399993896484375</ele>
        <time>2026-09-19T13:28:28.000Z</time>
        <extensions>
          <ns3:TrackPointExtension>
            <ns3:hr>159</ns3:hr>
            <ns3:cad>92</ns3:cad>
          </ns3:TrackPointExtension>
        </extensions>
      </trkpt>
      <trkpt lat="30.5518283508718013763427734375" lon="104.0460729785263538360595703125">
        <ele>468.20001220703125</ele>
        <time>2026-09-19T13:28:29.000Z</time>
        <extensions>
          <ns3:TrackPointExtension>
            <ns3:hr>159</ns3:hr>
            <ns3:cad>92</ns3:cad>
          </ns3:TrackPointExtension>
        </extensions>
      </trkpt>
      <trkpt lat="30.55179524235427379608154296875" lon="104.04607725329697132110595703125">
        <ele>468.20001220703125</ele>
        <time>2026-09-19T13:28:30.000Z</time>
        <extensions>
          <ns3:TrackPointExtension>
            <ns3:hr>159</ns3:hr>
            <ns3:cad>92</ns3:cad>
          </ns3:TrackPointExtension>
        </extensions>
      </trkpt>
      <trkpt lat="30.55176992900669574737548828125" lon="104.046084880828857421875">
        <ele>468.20001220703125</ele>
        <time>2026-09-19T13:28:31.000Z</time>
        <extensions>
          <ns3:TrackPointExtension>
            <ns3:hr>159</ns3:hr>
            <ns3:cad>91</ns3:cad>
          </ns3:TrackPointExtension>
        </extensions>
      </trkpt>
      <trkpt lat="30.55173891596496105194091796875" lon="104.046091251075267791748046875">
        <ele>468.20001220703125</ele>
        <time>2026-09-19T13:28:32.000Z</time>
        <extensions>
          <ns3:TrackPointExtension>
            <ns3:hr>159</ns3:hr>
            <ns3:cad>92</ns3:cad>
          </ns3:TrackPointExtension>
        </extensions>
      </trkpt>
      <trkpt lat="30.5517111718654632568359375" lon="104.04609753750264644622802734375">
        <ele>468.20001220703125</ele>
        <time>2026-09-19T13:28:33.000Z</time>
        <extensions>
          <ns3:TrackPointExtension>
            <ns3:hr>159</ns3:hr>
            <ns3:cad>92</ns3:cad>
          </ns3:TrackPointExtension>
        </extensions>
      </trkpt>
      <trkpt lat="30.551686026155948638916015625" lon="104.0461014769971370697021484375">
        <ele>468.20001220703125</ele>
        <time>2026-09-19T13:28:34.000Z</time>
        <extensions>
          <ns3:TrackPointExtension>
            <ns3:hr>159</ns3:hr>
            <ns3:cad>92</ns3:cad>
          </ns3:TrackPointExtension>
        </extensions>
      </trkpt>
      <trkpt lat="30.55166314356029033660888671875" lon="104.046106673777103424072265625">
        <ele>468.20001220703125</ele>
        <time>2026-09-19T13:28:35.000Z</time>
        <extensions>
          <ns3:TrackPointExtension>
            <ns3:hr>159</ns3:hr>
            <ns3:cad>92</ns3:cad>
          </ns3:TrackPointExtension>
        </extensions>
      </trkpt>
      <trkpt lat="30.551635064184665679931640625" lon="104.046106003224849700927734375">
        <ele>468.20001220703125</ele>
        <time>2026-09-19T13:28:36.000Z</time>
        <extensions>
          <ns3:TrackPointExtension>
            <ns3:hr>160</ns3:hr>
            <ns3:cad>92</ns3:cad>
          </ns3:TrackPointExtension>
        </extensions>
      </trkpt>
      <trkpt lat="30.55160765536129474639892578125" lon="104.04610893689095973968505859375">
        <ele>468.20001220703125</ele>
        <time>2026-09-19T13:28:37.000Z</time>
        <extensions>
          <ns3:TrackPointExtension>
            <ns3:hr>159</ns3:hr>
            <ns3:cad>92</ns3:cad>
          </ns3:TrackPointExtension>
        </extensions>
      </trkpt>
      <trkpt lat="30.5515765585005283355712890625" lon="104.04610876925289630889892578125">
        <ele>468.20001220703125</ele>
        <time>2026-09-19T13:28:38.000Z</time>
        <extensions>
          <ns3:TrackPointExtension>
            <ns3:hr>160</ns3:hr>
            <ns3:cad>91</ns3:cad>
          </ns3:TrackPointExtension>
        </extensions>
      </trkpt>
      <trkpt lat="30.55154881440103054046630859375" lon="104.0461101941764354705810546875">
        <ele>468.20001220703125</ele>
        <time>2026-09-19T13:28:39.000Z</time>
        <extensions>
          <ns3:TrackPointExtension>
            <ns3:hr>160</ns3:hr>
            <ns3:cad>91</ns3:cad>
          </ns3:TrackPointExtension>
        </extensions>
      </trkpt>
      <trkpt lat="30.55151981301605701446533203125" lon="104.0461049973964691162109375">
        <ele>468.20001220703125</ele>
        <time>2026-09-19T13:28:40.000Z</time>
        <extensions>
          <ns3:TrackPointExtension>
            <ns3:hr>160</ns3:hr>
            <ns3:cad>91</ns3:cad>
          </ns3:TrackPointExtension>
        </extensions>
      </trkpt>
      <trkpt lat="30.5514974333345890045166015625" lon="104.04610072262585163116455078125">
        <ele>468.20001220703125</ele>
        <time>2026-09-19T13:28:41.000Z</time>
        <extensions>
          <ns3:TrackPointExtension>
            <ns3:hr>160</ns3:hr>
            <ns3:cad>91</ns3:cad>
          </ns3:TrackPointExtension>
        </extensions>
      </trkpt>
      <trkpt lat="30.55147186852991580963134765625" lon="104.046098291873931884765625">
        <ele>468.20001220703125</ele>
        <time>2026-09-19T13:28:42.000Z</time>
        <extensions>
          <ns3:TrackPointExtension>
            <ns3:hr>160</ns3:hr>
            <ns3:cad>91</ns3:cad>
          </ns3:TrackPointExtension>
        </extensions>
      </trkpt>
      <trkpt lat="30.55144965648651123046875" lon="104.04610072262585163116455078125">
        <ele>468.20001220703125</ele>
        <time>2026-09-19T13:28:43.000Z</time>
        <extensions>
          <ns3:TrackPointExtension>
            <ns3:hr>160</ns3:hr>
            <ns3:cad>92</ns3:cad>
          </ns3:TrackPointExtension>
        </extensions>
      </trkpt>
      <trkpt lat="30.55141939781606197357177734375" lon="104.0461004711687564849853515625">
        <ele>468.20001220703125</ele>
        <time>2026-09-19T13:28:44.000Z</time>
        <extensions>
          <ns3:TrackPointExtension>
            <ns3:hr>161</ns3:hr>
            <ns3:cad>91</ns3:cad>
          </ns3:TrackPointExtension>
        </extensions>
      </trkpt>
      <trkpt lat="30.551395677030086517333984375" lon="104.04610055498778820037841796875">
        <ele>468.20001220703125</ele>
        <time>2026-09-19T13:28:45.000Z</time>
        <extensions>
          <ns3:TrackPointExtension>
            <ns3:hr>161</ns3:hr>
            <ns3:cad>92</ns3:cad>
          </ns3:TrackPointExtension>
        </extensions>
      </trkpt>
      <trkpt lat="30.5513696931302547454833984375" lon="104.04609535820782184600830078125">
        <ele>468.20001220703125</ele>
        <time>2026-09-19T13:28:46.000Z</time>
        <extensions>
          <ns3:TrackPointExtension>
            <ns3:hr>161</ns3:hr>
            <ns3:cad>91</ns3:cad>
          </ns3:TrackPointExtension>
        </extensions>
      </trkpt>
      <trkpt lat="30.55134329013526439666748046875" lon="104.046095944941043853759765625">
        <ele>468.20001220703125</ele>
        <time>2026-09-19T13:28:47.000Z</time>
        <extensions>
          <ns3:TrackPointExtension>
            <ns3:hr>161</ns3:hr>
            <ns3:cad>91</ns3:cad>
          </ns3:TrackPointExtension>
        </extensions>
      </trkpt>
      <trkpt lat="30.5513123609125614166259765625" lon="104.0460941009223461151123046875">
        <ele>468.20001220703125</ele>
        <time>2026-09-19T13:28:48.000Z</time>
        <extensions>
          <ns3:TrackPointExtension>
            <ns3:hr>161</ns3:hr>
            <ns3:cad>90</ns3:cad>
          </ns3:TrackPointExtension>
        </extensions>
      </trkpt>
      <trkpt lat="30.55127908475697040557861328125" lon="104.04609535820782184600830078125">
        <ele>468.20001220703125</ele>
        <time>2026-09-19T13:28:49.000Z</time>
        <extensions>
          <ns3:TrackPointExtension>
            <ns3:hr>161</ns3:hr>
            <ns3:cad>89</ns3:cad>
          </ns3:TrackPointExtension>
        </extensions>
      </trkpt>
      <trkpt lat="30.55124287493526935577392578125" lon="104.04609334655106067657470703125">
        <ele>468.20001220703125</ele>
        <time>2026-09-19T13:28:50.000Z</time>
        <extensions>
          <ns3:TrackPointExtension>
            <ns3:hr>161</ns3:hr>
            <ns3:cad>89</ns3:cad>
          </ns3:TrackPointExtension>
        </extensions>
      </trkpt>
      <trkpt lat="30.55121672339737415313720703125" lon="104.04609552584588527679443359375">
        <ele>468.20001220703125</ele>
        <time>2026-09-19T13:28:51.000Z</time>
        <extensions>
          <ns3:TrackPointExtension>
            <ns3:hr>161</ns3:hr>
            <ns3:cad>89</ns3:cad>
          </ns3:TrackPointExtension>
        </extensions>
      </trkpt>
      <trkpt lat="30.5511849559843540191650390625" lon="104.04609225690364837646484375">
        <ele>468.20001220703125</ele>
        <time>2026-09-19T13:28:52.000Z</time>
        <extensions>
          <ns3:TrackPointExtension>
            <ns3:hr>162</ns3:hr>
            <ns3:cad>89</ns3:cad>
          </ns3:TrackPointExtension>
        </extensions>
      </trkpt>
      <trkpt lat="30.5511577986180782318115234375" lon="104.04609602876007556915283203125">
        <ele>468.20001220703125</ele>
        <time>2026-09-19T13:28:53.000Z</time>
        <extensions>
          <ns3:TrackPointExtension>
            <ns3:hr>162</ns3:hr>
            <ns3:cad>90</ns3:cad>
          </ns3:TrackPointExtension>
        </extensions>
      </trkpt>
      <trkpt lat="30.55112603120505809783935546875" lon="104.04609468765556812286376953125">
        <ele>468.20001220703125</ele>
        <time>2026-09-19T13:28:54.000Z</time>
        <extensions>
          <ns3:TrackPointExtension>
            <ns3:hr>162</ns3:hr>
            <ns3:cad>89</ns3:cad>
          </ns3:TrackPointExtension>
        </extensions>
      </trkpt>
      <trkpt lat="30.5511028133332729339599609375" lon="104.04609921388328075408935546875">
        <ele>468.20001220703125</ele>
        <time>2026-09-19T13:28:55.000Z</time>
        <extensions>
          <ns3:TrackPointExtension>
            <ns3:hr>162</ns3:hr>
            <ns3:cad>89</ns3:cad>
          </ns3:TrackPointExtension>
        </extensions>
      </trkpt>
      <trkpt lat="30.55107414722442626953125" lon="104.04609485529363155364990234375">
        <ele>468</ele>
        <time>2026-09-19T13:28:56.000Z</time>
        <extensions>
          <ns3:TrackPointExtension>
            <ns3:hr>162</ns3:hr>
            <ns3:cad>89</ns3:cad>
          </ns3:TrackPointExtension>
        </extensions>
      </trkpt>
      <trkpt lat="30.5510518513619899749755859375" lon="104.04609770514070987701416015625">
        <ele>468</ele>
        <time>2026-09-19T13:28:57.000Z</time>
        <extensions>
          <ns3:TrackPointExtension>
            <ns3:hr>162</ns3:hr>
            <ns3:cad>89</ns3:cad>
          </ns3:TrackPointExtension>
        </extensions>
      </trkpt>
      <trkpt lat="30.5510253645479679107666015625" lon="104.04609267599880695343017578125">
        <ele>468</ele>
        <time>2026-09-19T13:28:58.000Z</time>
        <extensions>
          <ns3:TrackPointExtension>
            <ns3:hr>162</ns3:hr>
            <ns3:cad>90</ns3:cad>
          </ns3:TrackPointExtension>
        </extensions>
      </trkpt>
      <trkpt lat="30.55100013501942157745361328125" lon="104.0460917539894580841064453125">
        <ele>468.20001220703125</ele>
        <time>2026-09-19T13:28:59.000Z</time>
        <extensions>
          <ns3:TrackPointExtension>
            <ns3:hr>163</ns3:hr>
            <ns3:cad>90</ns3:cad>
          </ns3:TrackPointExtension>
        </extensions>
      </trkpt>
      <trkpt lat="30.55097482167184352874755859375" lon="104.04608446173369884490966796875">
        <ele>468.20001220703125</ele>
        <time>2026-09-19T13:29:00.000Z</time>
        <extensions>
          <ns3:TrackPointExtension>
            <ns3:hr>162</ns3:hr>
            <ns3:cad>90</ns3:cad>
          </ns3:TrackPointExtension>
        </extensions>
      </trkpt>
      <trkpt lat="30.550944395363330841064453125" lon="104.0460840426385402679443359375">
        <ele>468.399993896484375</ele>
        <time>2026-09-19T13:29:01.000Z</time>
        <extensions>
          <ns3:TrackPointExtension>
            <ns3:hr>162</ns3:hr>
            <ns3:cad>90</ns3:cad>
          </ns3:TrackPointExtension>
        </extensions>
      </trkpt>
      <trkpt lat="30.550915561616420745849609375" lon="104.04608027078211307525634765625">
        <ele>468.399993896484375</ele>
        <time>2026-09-19T13:29:02.000Z</time>
        <extensions>
          <ns3:TrackPointExtension>
            <ns3:hr>162</ns3:hr>
            <ns3:cad>90</ns3:cad>
          </ns3:TrackPointExtension>
        </extensions>
      </trkpt>
      <trkpt lat="30.55088295601308345794677734375" lon="104.04608177952468395233154296875">
        <ele>468.399993896484375</ele>
        <time>2026-09-19T13:29:03.000Z</time>
        <extensions>
          <ns3:TrackPointExtension>
            <ns3:hr>162</ns3:hr>
            <ns3:cad>90</ns3:cad>
          </ns3:TrackPointExtension>
        </extensions>
      </trkpt>
      <trkpt lat="30.55085613392293453216552734375" lon="104.0460810251533985137939453125">
        <ele>468.399993896484375</ele>
        <time>2026-09-19T13:29:04.000Z</time>
        <extensions>
          <ns3:TrackPointExtension>
            <ns3:hr>162</ns3:hr>
            <ns3:cad>90</ns3:cad>
          </ns3:TrackPointExtension>
        </extensions>
      </trkpt>
      <trkpt lat="30.550835765898227691650390625" lon="104.04608513228595256805419921875">
        <ele>468.600006103515625</ele>
        <time>2026-09-19T13:29:05.000Z</time>
        <extensions>
          <ns3:TrackPointExtension>
            <ns3:hr>161</ns3:hr>
            <ns3:cad>90</ns3:cad>
          </ns3:TrackPointExtension>
        </extensions>
      </trkpt>
      <trkpt lat="30.55080567486584186553955078125" lon="104.04608932323753833770751953125">
        <ele>468.600006103515625</ele>
        <time>2026-09-19T13:29:06.000Z</time>
        <extensions>
          <ns3:TrackPointExtension>
            <ns3:hr>161</ns3:hr>
            <ns3:cad>90</ns3:cad>
          </ns3:TrackPointExtension>
        </extensions>
      </trkpt>
      <trkpt lat="30.55078019388020038604736328125" lon="104.04608831740915775299072265625">
        <ele>468.600006103515625</ele>
        <time>2026-09-19T13:29:07.000Z</time>
        <extensions>
          <ns3:TrackPointExtension>
            <ns3:hr>161</ns3:hr>
            <ns3:cad>91</ns3:cad>
          </ns3:TrackPointExtension>
        </extensions>
      </trkpt>
      <trkpt lat="30.55075756274163722991943359375" lon="104.0460887365043163299560546875">
        <ele>468.600006103515625</ele>
        <time>2026-09-19T13:29:08.000Z</time>
        <extensions>
          <ns3:TrackPointExtension>
            <ns3:hr>161</ns3:hr>
            <ns3:cad>91</ns3:cad>
          </ns3:TrackPointExtension>
        </extensions>
      </trkpt>
      <trkpt lat="30.55073149502277374267578125" lon="104.0460889041423797607421875">
        <ele>468.600006103515625</ele>
        <time>2026-09-19T13:29:09.000Z</time>
        <extensions>
          <ns3:TrackPointExtension>
            <ns3:hr>161</ns3:hr>
            <ns3:cad>91</ns3:cad>
          </ns3:TrackPointExtension>
        </extensions>
      </trkpt>
      <trkpt lat="30.550706349313259124755859375" lon="104.04608245007693767547607421875">
        <ele>468.399993896484375</ele>
        <time>2026-09-19T13:29:10.000Z</time>
        <extensions>
          <ns3:TrackPointExtension>
            <ns3:hr>162</ns3:hr>
            <ns3:cad>91</ns3:cad>
          </ns3:TrackPointExtension>
        </extensions>
      </trkpt>
      <trkpt lat="30.5506786890327930450439453125" lon="104.0460756607353687286376953125">
        <ele>468.399993896484375</ele>
        <time>2026-09-19T13:29:11.000Z</time>
        <extensions>
          <ns3:TrackPointExtension>
            <ns3:hr>162</ns3:hr>
            <ns3:cad>91</ns3:cad>
          </ns3:TrackPointExtension>
        </extensions>
      </trkpt>
      <trkpt lat="30.5506518669426441192626953125" lon="104.046076498925685882568359375">
        <ele>468.20001220703125</ele>
        <time>2026-09-19T13:29:12.000Z</time>
        <extensions>
          <ns3:TrackPointExtension>
            <ns3:hr>162</ns3:hr>
            <ns3:cad>91</ns3:cad>
          </ns3:TrackPointExtension>
        </extensions>
      </trkpt>
      <trkpt lat="30.5506216920912265777587890625" lon="104.04607540927827358245849609375">
        <ele>468.20001220703125</ele>
        <time>2026-09-19T13:29:13.000Z</time>
        <extensions>
          <ns3:TrackPointExtension>
            <ns3:hr>162</ns3:hr>
            <ns3:cad>91</ns3:cad>
          </ns3:TrackPointExtension>
        </extensions>
      </trkpt>
      <trkpt lat="30.5505968816578388214111328125" lon="104.04608043842017650604248046875">
        <ele>468.20001220703125</ele>
        <time>2026-09-19T13:29:14.000Z</time>
        <extensions>
          <ns3:TrackPointExtension>
            <ns3:hr>162</ns3:hr>
            <ns3:cad>91</ns3:cad>
          </ns3:TrackPointExtension>
        </extensions>
      </trkpt>
      <trkpt lat="30.55056863464415073394775390625" lon="104.04607205651700496673583984375">
        <ele>468.20001220703125</ele>
        <time>2026-09-19T13:29:15.000Z</time>
        <extensions>
          <ns3:TrackPointExtension>
            <ns3:hr>162</ns3:hr>
            <ns3:cad>91</ns3:cad>
          </ns3:TrackPointExtension>
        </extensions>
      </trkpt>
      <trkpt lat="30.55054214783012866973876953125" lon="104.04607038013637065887451171875">
        <ele>468.20001220703125</ele>
        <time>2026-09-19T13:29:16.000Z</time>
        <extensions>
          <ns3:TrackPointExtension>
            <ns3:hr>162</ns3:hr>
            <ns3:cad>91</ns3:cad>
          </ns3:TrackPointExtension>
        </extensions>
      </trkpt>
      <trkpt lat="30.550511218607425689697265625" lon="104.04606266878545284271240234375">
        <ele>468</ele>
        <time>2026-09-19T13:29:17.000Z</time>
        <extensions>
          <ns3:TrackPointExtension>
            <ns3:hr>161</ns3:hr>
            <ns3:cad>91</ns3:cad>
          </ns3:TrackPointExtension>
        </extensions>
      </trkpt>
      <trkpt lat="30.55048406124114990234375" lon="104.0460620820522308349609375">
        <ele>468</ele>
        <time>2026-09-19T13:29:18.000Z</time>
        <extensions>
          <ns3:TrackPointExtension>
            <ns3:hr>161</ns3:hr>
            <ns3:cad>93</ns3:cad>
          </ns3:TrackPointExtension>
        </extensions>
      </trkpt>
      <trkpt lat="30.55045849643647670745849609375" lon="104.046057723462581634521484375">
        <ele>468</ele>
        <time>2026-09-19T13:29:19.000Z</time>
        <extensions>
          <ns3:TrackPointExtension>
            <ns3:hr>161</ns3:hr>
            <ns3:cad>93</ns3:cad>
          </ns3:TrackPointExtension>
        </extensions>
      </trkpt>
      <trkpt lat="30.55043108761310577392578125" lon="104.04605227522552013397216796875">
        <ele>468</ele>
        <time>2026-09-19T13:29:20.000Z</time>
        <extensions>
          <ns3:TrackPointExtension>
            <ns3:hr>161</ns3:hr>
            <ns3:cad>93</ns3:cad>
          </ns3:TrackPointExtension>
        </extensions>
      </trkpt>
      <trkpt lat="30.5504103004932403564453125" lon="104.04604556970298290252685546875">
        <ele>468</ele>
        <time>2026-09-19T13:29:21.000Z</time>
        <extensions>
          <ns3:TrackPointExtension>
            <ns3:hr>161</ns3:hr>
            <ns3:cad>92</ns3:cad>
          </ns3:TrackPointExtension>
        </extensions>
      </trkpt>
      <trkpt lat="30.5503759346902370452880859375" lon="104.046039618551731109619140625">
        <ele>468.20001220703125</ele>
        <time>2026-09-19T13:29:22.000Z</time>
        <extensions>
          <ns3:TrackPointExtension>
            <ns3:hr>161</ns3:hr>
            <ns3:cad>92</ns3:cad>
          </ns3:TrackPointExtension>
        </extensions>
      </trkpt>
      <trkpt lat="30.5503512918949127197265625" lon="104.0460367687046527862548828125">
        <ele>468.20001220703125</ele>
        <time>2026-09-19T13:29:23.000Z</time>
        <extensions>
          <ns3:TrackPointExtension>
            <ns3:hr>161</ns3:hr>
            <ns3:cad>92</ns3:cad>
          </ns3:TrackPointExtension>
        </extensions>
      </trkpt>
      <trkpt lat="30.55031734518706798553466796875" lon="104.0460357628762722015380859375">
        <ele>468.20001220703125</ele>
        <time>2026-09-19T13:29:24.000Z</time>
        <extensions>
          <ns3:TrackPointExtension>
            <ns3:hr>162</ns3:hr>
            <ns3:cad>91</ns3:cad>
          </ns3:TrackPointExtension>
        </extensions>
      </trkpt>
      <trkpt lat="30.55029605515301227569580078125" lon="104.046032913029193878173828125">
        <ele>468.20001220703125</ele>
        <time>2026-09-19T13:29:25.000Z</time>
        <extensions>
          <ns3:TrackPointExtension>
            <ns3:hr>162</ns3:hr>
            <ns3:cad>92</ns3:cad>
          </ns3:TrackPointExtension>
        </extensions>
      </trkpt>
      <trkpt lat="30.55026881396770477294921875" lon="104.04601807706058025360107421875">
        <ele>468.20001220703125</ele>
        <time>2026-09-19T13:29:26.000Z</time>
        <extensions>
          <ns3:TrackPointExtension>
            <ns3:hr>163</ns3:hr>
            <ns3:cad>92</ns3:cad>
          </ns3:TrackPointExtension>
        </extensions>
      </trkpt>
      <trkpt lat="30.55024777539074420928955078125" lon="104.046006090939044952392578125">
        <ele>468.399993896484375</ele>
        <time>2026-09-19T13:29:27.000Z</time>
        <extensions>
          <ns3:TrackPointExtension>
            <ns3:hr>163</ns3:hr>
            <ns3:cad>92</ns3:cad>
          </ns3:TrackPointExtension>
        </extensions>
      </trkpt>
      <trkpt lat="30.55022447369992733001708984375" lon="104.0459945239126682281494140625">
        <ele>468.600006103515625</ele>
        <time>2026-09-19T13:29:28.000Z</time>
        <extensions>
          <ns3:TrackPointExtension>
            <ns3:hr>163</ns3:hr>
            <ns3:cad>92</ns3:cad>
          </ns3:TrackPointExtension>
        </extensions>
      </trkpt>
      <trkpt lat="30.55020351894199848175048828125" lon="104.0459861420094966888427734375">
        <ele>468.79998779296875</ele>
        <time>2026-09-19T13:29:29.000Z</time>
        <extensions>
          <ns3:TrackPointExtension>
            <ns3:hr>163</ns3:hr>
            <ns3:cad>91</ns3:cad>
          </ns3:TrackPointExtension>
        </extensions>
      </trkpt>
      <trkpt lat="30.55017803795635700225830078125" lon="104.0459767542779445648193359375">
        <ele>469</ele>
        <time>2026-09-19T13:29:30.000Z</time>
        <extensions>
          <ns3:TrackPointExtension>
            <ns3:hr>163</ns3:hr>
            <ns3:cad>90</ns3:cad>
          </ns3:TrackPointExtension>
        </extensions>
      </trkpt>
      <trkpt lat="30.5501566641032695770263671875" lon="104.04596795327961444854736328125">
        <ele>469.20001220703125</ele>
        <time>2026-09-19T13:29:31.000Z</time>
        <extensions>
          <ns3:TrackPointExtension>
            <ns3:hr>163</ns3:hr>
            <ns3:cad>90</ns3:cad>
          </ns3:TrackPointExtension>
        </extensions>
      </trkpt>
      <trkpt lat="30.55013193748891353607177734375" lon="104.0459601581096649169921875">
        <ele>469.399993896484375</ele>
        <time>2026-09-19T13:29:32.000Z</time>
        <extensions>
          <ns3:TrackPointExtension>
            <ns3:hr>163</ns3:hr>
            <ns3:cad>90</ns3:cad>
          </ns3:TrackPointExtension>
        </extensions>
      </trkpt>
      <trkpt lat="30.5501110665500164031982421875" lon="104.04595403932034969329833984375">
        <ele>469.600006103515625</ele>
        <time>2026-09-19T13:29:33.000Z</time>
        <extensions>
          <ns3:TrackPointExtension>
            <ns3:hr>164</ns3:hr>
            <ns3:cad>90</ns3:cad>
          </ns3:TrackPointExtension>
        </extensions>
      </trkpt>
      <trkpt lat="30.5500875972211360931396484375" lon="104.0459509380161762237548828125">
        <ele>470</ele>
        <time>2026-09-19T13:29:34.000Z</time>
        <extensions>
          <ns3:TrackPointExtension>
            <ns3:hr>164</ns3:hr>
            <ns3:cad>90</ns3:cad>
          </ns3:TrackPointExtension>
        </extensions>
      </trkpt>
      <trkpt lat="30.55006337352097034454345703125" lon="104.04595152474939823150634765625">
        <ele>470</ele>
        <time>2026-09-19T13:29:35.000Z</time>
        <extensions>
          <ns3:TrackPointExtension>
            <ns3:hr>165</ns3:hr>
            <ns3:cad>90</ns3:cad>
          </ns3:TrackPointExtension>
        </extensions>
      </trkpt>
      <trkpt lat="30.55003386922180652618408203125" lon="104.0459502674639225006103515625">
        <ele>470.20001220703125</ele>
        <time>2026-09-19T13:29:36.000Z</time>
        <extensions>
          <ns3:TrackPointExtension>
            <ns3:hr>165</ns3:hr>
            <ns3:cad>90</ns3:cad>
          </ns3:TrackPointExtension>
        </extensions>
      </trkpt>
      <trkpt lat="30.55001207627356052398681640625" lon="104.045954458415508270263671875">
        <ele>470.399993896484375</ele>
        <time>2026-09-19T13:29:37.000Z</time>
        <extensions>
          <ns3:TrackPointExtension>
            <ns3:hr>165</ns3:hr>
            <ns3:cad>90</ns3:cad>
          </ns3:TrackPointExtension>
        </extensions>
      </trkpt>
      <trkpt lat="30.54998391307890415191650390625" lon="104.04595990665256977081298828125">
        <ele>470.600006103515625</ele>
        <time>2026-09-19T13:29:38.000Z</time>
        <extensions>
          <ns3:TrackPointExtension>
            <ns3:hr>165</ns3:hr>
            <ns3:cad>90</ns3:cad>
          </ns3:TrackPointExtension>
        </extensions>
      </trkpt>
      <trkpt lat="30.54996413178741931915283203125" lon="104.04596778564155101776123046875">
        <ele>470.600006103515625</ele>
        <time>2026-09-19T13:29:39.000Z</time>
        <extensions>
          <ns3:TrackPointExtension>
            <ns3:hr>165</ns3:hr>
            <ns3:cad>91</ns3:cad>
          </ns3:TrackPointExtension>
        </extensions>
      </trkpt>
      <trkpt lat="30.54993613623082637786865234375" lon="104.04597918502986431121826171875">
        <ele>470.79998779296875</ele>
        <time>2026-09-19T13:29:40.000Z</time>
        <extensions>
          <ns3:TrackPointExtension>
            <ns3:hr>165</ns3:hr>
            <ns3:cad>91</ns3:cad>
          </ns3:TrackPointExtension>
        </extensions>
      </trkpt>
      <trkpt lat="30.5499194562435150146484375" lon="104.0459888242185115814208984375">
        <ele>470.79998779296875</ele>
        <time>2026-09-19T13:29:41.000Z</time>
        <extensions>
          <ns3:TrackPointExtension>
            <ns3:hr>166</ns3:hr>
            <ns3:cad>91</ns3:cad>
          </ns3:TrackPointExtension>
        </extensions>
      </trkpt>
      <trkpt lat="30.54989238269627094268798828125" lon="104.04600265435874462127685546875">
        <ele>471</ele>
        <time>2026-09-19T13:29:42.000Z</time>
        <extensions>
          <ns3:TrackPointExtension>
            <ns3:hr>167</ns3:hr>
            <ns3:cad>92</ns3:cad>
          </ns3:TrackPointExtension>
        </extensions>
      </trkpt>
      <trkpt lat="30.5498736910521984100341796875" lon="104.04601371847093105316162109375">
        <ele>471.20001220703125</ele>
        <time>2026-09-19T13:29:43.000Z</time>
        <extensions>
          <ns3:TrackPointExtension>
            <ns3:hr>168</ns3:hr>
            <ns3:cad>92</ns3:cad>
          </ns3:TrackPointExtension>
        </extensions>
      </trkpt>
      <trkpt lat="30.54984779097139835357666015625" lon="104.04602712951600551605224609375">
        <ele>471.20001220703125</ele>
        <time>2026-09-19T13:29:44.000Z</time>
        <extensions>
          <ns3:TrackPointExtension>
            <ns3:hr>168</ns3:hr>
            <ns3:cad>92</ns3:cad>
          </ns3:TrackPointExtension>
        </extensions>
      </trkpt>
      <trkpt lat="30.54982893168926239013671875" lon="104.04603936709463596343994140625">
        <ele>471.399993896484375</ele>
        <time>2026-09-19T13:29:45.000Z</time>
        <extensions>
          <ns3:TrackPointExtension>
            <ns3:hr>169</ns3:hr>
            <ns3:cad>92</ns3:cad>
          </ns3:TrackPointExtension>
        </extensions>
      </trkpt>
      <trkpt lat="30.5498022772371768951416015625" lon="104.04604925774037837982177734375">
        <ele>471.600006103515625</ele>
        <time>2026-09-19T13:29:46.000Z</time>
        <extensions>
          <ns3:TrackPointExtension>
            <ns3:hr>170</ns3:hr>
            <ns3:cad>92</ns3:cad>
          </ns3:TrackPointExtension>
        </extensions>
      </trkpt>
      <trkpt lat="30.549782998859882354736328125" lon="104.04606250114738941192626953125">
        <ele>471.79998779296875</ele>
        <time>2026-09-19T13:29:47.000Z</time>
        <extensions>
          <ns3:TrackPointExtension>
            <ns3:hr>171</ns3:hr>
            <ns3:cad>91</ns3:cad>
          </ns3:TrackPointExtension>
        </extensions>
      </trkpt>
      <trkpt lat="30.54975776933133602142333984375" lon="104.04606736265122890472412109375">
        <ele>471.79998779296875</ele>
        <time>2026-09-19T13:29:48.000Z</time>
        <extensions>
          <ns3:TrackPointExtension>
            <ns3:hr>171</ns3:hr>
            <ns3:cad>92</ns3:cad>
          </ns3:TrackPointExtension>
        </extensions>
      </trkpt>
      <trkpt lat="30.54973849095404148101806640625" lon="104.046075157821178436279296875">
        <ele>472</ele>
        <time>2026-09-19T13:29:49.000Z</time>
        <extensions>
          <ns3:TrackPointExtension>
            <ns3:hr>172</ns3:hr>
            <ns3:cad>92</ns3:cad>
          </ns3:TrackPointExtension>
        </extensions>
      </trkpt>
      <trkpt lat="30.54971585981547832489013671875" lon="104.046076834201812744140625">
        <ele>472.20001220703125</ele>
        <time>2026-09-19T13:29:50.000Z</time>
        <extensions>
          <ns3:TrackPointExtension>
            <ns3:hr>172</ns3:hr>
            <ns3:cad>92</ns3:cad>
          </ns3:TrackPointExtension>
        </extensions>
      </trkpt>
      <trkpt lat="30.54969205521047115325927734375" lon="104.0460806898772716522216796875">
        <ele>472.399993896484375</ele>
        <time>2026-09-19T13:29:51.000Z</time>
        <extensions>
          <ns3:TrackPointExtension>
            <ns3:hr>172</ns3:hr>
            <ns3:cad>92</ns3:cad>
          </ns3:TrackPointExtension>
        </extensions>
      </trkpt>
      <trkpt lat="30.54966825060546398162841796875" lon="104.04607926495373249053955078125">
        <ele>472.600006103515625</ele>
        <time>2026-09-19T13:29:52.000Z</time>
        <extensions>
          <ns3:TrackPointExtension>
            <ns3:hr>172</ns3:hr>
            <ns3:cad>92</ns3:cad>
          </ns3:TrackPointExtension>
        </extensions>
      </trkpt>
      <trkpt lat="30.54964109323918819427490234375" lon="104.0460816957056522369384765625">
        <ele>472.600006103515625</ele>
        <time>2026-09-19T13:29:53.000Z</time>
        <extensions>
          <ns3:TrackPointExtension>
            <ns3:hr>173</ns3:hr>
            <ns3:cad>92</ns3:cad>
          </ns3:TrackPointExtension>
        </extensions>
      </trkpt>
      <trkpt lat="30.54961502552032470703125" lon="104.0460763312876224517822265625">
        <ele>472.600006103515625</ele>
        <time>2026-09-19T13:29:54.000Z</time>
        <extensions>
          <ns3:TrackPointExtension>
            <ns3:hr>172</ns3:hr>
            <ns3:cad>92</ns3:cad>
          </ns3:TrackPointExtension>
        </extensions>
      </trkpt>
      <trkpt lat="30.54958879016339778900146484375" lon="104.04607725329697132110595703125">
        <ele>472.79998779296875</ele>
        <time>2026-09-19T13:29:55.000Z</time>
        <extensions>
          <ns3:TrackPointExtension>
            <ns3:hr>172</ns3:hr>
            <ns3:cad>92</ns3:cad>
          </ns3:TrackPointExtension>
        </extensions>
      </trkpt>
      <trkpt lat="30.54956649430096149444580078125" lon="104.046072475612163543701171875">
        <ele>472.79998779296875</ele>
        <time>2026-09-19T13:29:56.000Z</time>
        <extensions>
          <ns3:TrackPointExtension>
            <ns3:hr>172</ns3:hr>
            <ns3:cad>91</ns3:cad>
          </ns3:TrackPointExtension>
        </extensions>
      </trkpt>
      <trkpt lat="30.5495387502014636993408203125" lon="104.0460746549069881439208984375">
        <ele>472.79998779296875</ele>
        <time>2026-09-19T13:29:57.000Z</time>
        <extensions>
          <ns3:TrackPointExtension>
            <ns3:hr>172</ns3:hr>
            <ns3:cad>91</ns3:cad>
          </ns3:TrackPointExtension>
        </extensions>
      </trkpt>
      <trkpt lat="30.54951150901615619659423828125" lon="104.046067781746387481689453125">
        <ele>473</ele>
        <time>2026-09-19T13:29:58.000Z</time>
        <extensions>
          <ns3:TrackPointExtension>
            <ns3:hr>173</ns3:hr>
            <ns3:cad>90</ns3:cad>
          </ns3:TrackPointExtension>
        </extensions>
      </trkpt>
      <trkpt lat="30.5494841001927852630615234375" lon="104.04606635682284832000732421875">
        <ele>473</ele>
        <time>2026-09-19T13:29:59.000Z</time>
        <extensions>
          <ns3:TrackPointExtension>
            <ns3:hr>172</ns3:hr>
            <ns3:cad>90</ns3:cad>
          </ns3:TrackPointExtension>
        </extensions>
      </trkpt>
      <trkpt lat="30.5494633130729198455810546875" lon="104.04606836847960948944091796875">
        <ele>473</ele>
        <time>2026-09-19T13:30:00.000Z</time>
        <extensions>
          <ns3:TrackPointExtension>
            <ns3:hr>172</ns3:hr>
            <ns3:cad>91</ns3:cad>
          </ns3:TrackPointExtension>
        </extensions>
      </trkpt>
      <trkpt lat="30.549433641135692596435546875" lon="104.04606216587126255035400390625">
        <ele>473</ele>
        <time>2026-09-19T13:30:01.000Z</time>
        <extensions>
          <ns3:TrackPointExtension>
            <ns3:hr>172</ns3:hr>
            <ns3:cad>91</ns3:cad>
          </ns3:TrackPointExtension>
        </extensions>
      </trkpt>
      <trkpt lat="30.5494136922061443328857421875" lon="104.0460612438619136810302734375">
        <ele>473.20001220703125</ele>
        <time>2026-09-19T13:30:02.000Z</time>
        <extensions>
          <ns3:TrackPointExtension>
            <ns3:hr>171</ns3:hr>
            <ns3:cad>91</ns3:cad>
          </ns3:TrackPointExtension>
        </extensions>
      </trkpt>
      <trkpt lat="30.5493831820785999298095703125" lon="104.04605680145323276519775390625">
        <ele>473.20001220703125</ele>
        <time>2026-09-19T13:30:03.000Z</time>
        <extensions>
          <ns3:TrackPointExtension>
            <ns3:hr>171</ns3:hr>
            <ns3:cad>92</ns3:cad>
          </ns3:TrackPointExtension>
        </extensions>
      </trkpt>
      <trkpt lat="30.5493637360632419586181640625" lon="104.04606015421450138092041015625">
        <ele>473.399993896484375</ele>
        <time>2026-09-19T13:30:04.000Z</time>
        <extensions>
          <ns3:TrackPointExtension>
            <ns3:hr>171</ns3:hr>
            <ns3:cad>93</ns3:cad>
          </ns3:TrackPointExtension>
        </extensions>
      </trkpt>
      <trkpt lat="30.54933381266891956329345703125" lon="104.04605780728161334991455078125">
        <ele>473.600006103515625</ele>
        <time>2026-09-19T13:30:05.000Z</time>
        <extensions>
          <ns3:TrackPointExtension>
            <ns3:hr>171</ns3:hr>
            <ns3:cad>92</ns3:cad>
          </ns3:TrackPointExtension>
        </extensions>
      </trkpt>
      <trkpt lat="30.5493104271590709686279296875" lon="104.04606132768094539642333984375">
        <ele>473.79998779296875</ele>
        <time>2026-09-19T13:30:06.000Z</time>
        <extensions>
          <ns3:TrackPointExtension>
            <ns3:hr>170</ns3:hr>
            <ns3:cad>92</ns3:cad>
          </ns3:TrackPointExtension>
        </extensions>
      </trkpt>
      <trkpt lat="30.54928268305957317352294921875" lon="104.04605613090097904205322265625">
        <ele>473.79998779296875</ele>
        <time>2026-09-19T13:30:07.000Z</time>
        <extensions>
          <ns3:TrackPointExtension>
            <ns3:hr>171</ns3:hr>
            <ns3:cad>92</ns3:cad>
          </ns3:TrackPointExtension>
        </extensions>
      </trkpt>
      <trkpt lat="30.54925954900681972503662109375" lon="104.04605680145323276519775390625">
        <ele>473.79998779296875</ele>
        <time>2026-09-19T13:30:08.000Z</time>
        <extensions>
          <ns3:TrackPointExtension>
            <ns3:hr>171</ns3:hr>
            <ns3:cad>92</ns3:cad>
          </ns3:TrackPointExtension>
        </extensions>
      </trkpt>
      <trkpt lat="30.549232475459575653076171875" lon="104.0460486710071563720703125">
        <ele>473.79998779296875</ele>
        <time>2026-09-19T13:30:09.000Z</time>
        <extensions>
          <ns3:TrackPointExtension>
            <ns3:hr>171</ns3:hr>
            <ns3:cad>92</ns3:cad>
          </ns3:TrackPointExtension>
        </extensions>
      </trkpt>
      <trkpt lat="30.549211688339710235595703125" lon="104.046050012111663818359375">
        <ele>474</ele>
        <time>2026-09-19T13:30:10.000Z</time>
        <extensions>
          <ns3:TrackPointExtension>
            <ns3:hr>170</ns3:hr>
            <ns3:cad>91</ns3:cad>
          </ns3:TrackPointExtension>
        </extensions>
      </trkpt>
      <trkpt lat="30.54918562062084674835205078125" lon="104.0460424683988094329833984375">
        <ele>474</ele>
        <time>2026-09-19T13:30:11.000Z</time>
        <extensions>
          <ns3:TrackPointExtension>
            <ns3:hr>171</ns3:hr>
            <ns3:cad>92</ns3:cad>
          </ns3:TrackPointExtension>
        </extensions>
      </trkpt>
      <trkpt lat="30.54916768334805965423583984375" lon="104.04604355804622173309326171875">
        <ele>474</ele>
        <time>2026-09-19T13:30:12.000Z</time>
        <extensions>
          <ns3:TrackPointExtension>
            <ns3:hr>171</ns3:hr>
            <ns3:cad>92</ns3:cad>
          </ns3:TrackPointExtension>
        </extensions>
      </trkpt>
      <trkpt lat="30.54914354346692562103271484375" lon="104.0460391156375408172607421875">
        <ele>474</ele>
        <time>2026-09-19T13:30:13.000Z</time>
        <extensions>
          <ns3:TrackPointExtension>
            <ns3:hr>170</ns3:hr>
            <ns3:cad>92</ns3:cad>
          </ns3:TrackPointExtension>
        </extensions>
      </trkpt>
      <trkpt lat="30.54912443272769451141357421875" lon="104.046039283275604248046875">
        <ele>474</ele>
        <time>2026-09-19T13:30:14.000Z</time>
        <extensions>
          <ns3:TrackPointExtension>
            <ns3:hr>170</ns3:hr>
            <ns3:cad>92</ns3:cad>
          </ns3:TrackPointExtension>
        </extensions>
      </trkpt>
      <trkpt lat="30.549101047217845916748046875" lon="104.04603634960949420928955078125">
        <ele>474.20001220703125</ele>
        <time>2026-09-19T13:30:15.000Z</time>
        <extensions>
          <ns3:TrackPointExtension>
            <ns3:hr>170</ns3:hr>
            <ns3:cad>92</ns3:cad>
          </ns3:TrackPointExtension>
        </extensions>
      </trkpt>
      <trkpt lat="30.5490787513554096221923828125" lon="104.0460391156375408172607421875">
        <ele>474.20001220703125</ele>
        <time>2026-09-19T13:30:16.000Z</time>
        <extensions>
          <ns3:TrackPointExtension>
            <ns3:hr>170</ns3:hr>
            <ns3:cad>92</ns3:cad>
          </ns3:TrackPointExtension>
        </extensions>
      </trkpt>
      <trkpt lat="30.549051761627197265625" lon="104.04603936709463596343994140625">
        <ele>474.20001220703125</ele>
        <time>2026-09-19T13:30:17.000Z</time>
        <extensions>
          <ns3:TrackPointExtension>
            <ns3:hr>170</ns3:hr>
            <ns3:cad>92</ns3:cad>
          </ns3:TrackPointExtension>
        </extensions>
      </trkpt>
      <trkpt lat="30.5490291304886341094970703125" lon="104.04604808427393436431884765625">
        <ele>474</ele>
        <time>2026-09-19T13:30:18.000Z</time>
        <extensions>
          <ns3:TrackPointExtension>
            <ns3:hr>170</ns3:hr>
            <ns3:cad>92</ns3:cad>
          </ns3:TrackPointExtension>
        </extensions>
      </trkpt>
      <trkpt lat="30.5490053258836269378662109375" lon="104.04605294577777385711669921875">
        <ele>474</ele>
        <time>2026-09-19T13:30:19.000Z</time>
        <extensions>
          <ns3:TrackPointExtension>
            <ns3:hr>169</ns3:hr>
            <ns3:cad>92</ns3:cad>
          </ns3:TrackPointExtension>
        </extensions>
      </trkpt>
      <trkpt lat="30.54897640831768512725830078125" lon="104.04605646617710590362548828125">
        <ele>474</ele>
        <time>2026-09-19T13:30:20.000Z</time>
        <extensions>
          <ns3:TrackPointExtension>
            <ns3:hr>169</ns3:hr>
            <ns3:cad>92</ns3:cad>
          </ns3:TrackPointExtension>
        </extensions>
      </trkpt>
      <trkpt lat="30.5489526875317096710205078125" lon="104.0460632555186748504638671875">
        <ele>473.79998779296875</ele>
        <time>2026-09-19T13:30:21.000Z</time>
        <extensions>
          <ns3:TrackPointExtension>
            <ns3:hr>169</ns3:hr>
            <ns3:cad>92</ns3:cad>
          </ns3:TrackPointExtension>
        </extensions>
      </trkpt>
      <trkpt lat="30.548924021422863006591796875" lon="104.04607348144054412841796875">
        <ele>473.79998779296875</ele>
        <time>2026-09-19T13:30:22.000Z</time>
        <extensions>
          <ns3:TrackPointExtension>
            <ns3:hr>169</ns3:hr>
            <ns3:cad>92</ns3:cad>
          </ns3:TrackPointExtension>
        </extensions>
      </trkpt>
      <trkpt lat="30.54890885017812252044677734375" lon="104.04609602876007556915283203125">
        <ele>473.600006103515625</ele>
        <time>2026-09-19T13:30:23.000Z</time>
        <extensions>
          <ns3:TrackPointExtension>
            <ns3:hr>169</ns3:hr>
            <ns3:cad>92</ns3:cad>
          </ns3:TrackPointExtension>
        </extensions>
      </trkpt>
      <trkpt lat="30.548883788287639617919921875" lon="104.046119749546051025390625">
        <ele>473.399993896484375</ele>
        <time>2026-09-19T13:30:24.000Z</time>
        <extensions>
          <ns3:TrackPointExtension>
            <ns3:hr>168</ns3:hr>
            <ns3:cad>92</ns3:cad>
          </ns3:TrackPointExtension>
        </extensions>
      </trkpt>
      <trkpt lat="30.5488693714141845703125" lon="104.04614632017910480499267578125">
        <ele>473.20001220703125</ele>
        <time>2026-09-19T13:30:25.000Z</time>
        <extensions>
          <ns3:TrackPointExtension>
            <ns3:hr>168</ns3:hr>
            <ns3:cad>92</ns3:cad>
          </ns3:TrackPointExtension>
        </extensions>
      </trkpt>
      <trkpt lat="30.5488527752459049224853515625" lon="104.04617615975439548492431640625">
        <ele>473</ele>
        <time>2026-09-19T13:30:26.000Z</time>
        <extensions>
          <ns3:TrackPointExtension>
            <ns3:hr>168</ns3:hr>
            <ns3:cad>92</ns3:cad>
          </ns3:TrackPointExtension>
        </extensions>
      </trkpt>
      <trkpt lat="30.54884129203855991363525390625" lon="104.0462067537009716033935546875">
        <ele>472.79998779296875</ele>
        <time>2026-09-19T13:30:27.000Z</time>
        <extensions>
          <ns3:TrackPointExtension>
            <ns3:hr>168</ns3:hr>
            <ns3:cad>92</ns3:cad>
          </ns3:TrackPointExtension>
        </extensions>
      </trkpt>
      <trkpt lat="30.54881899617612361907958984375" lon="104.04623013921082019805908203125">
        <ele>472.600006103515625</ele>
        <time>2026-09-19T13:30:28.000Z</time>
        <extensions>
          <ns3:TrackPointExtension>
            <ns3:hr>168</ns3:hr>
            <ns3:cad>92</ns3:cad>
          </ns3:TrackPointExtension>
        </extensions>
      </trkpt>
      <trkpt lat="30.548806004226207733154296875" lon="104.0462536923587322235107421875">
        <ele>472.399993896484375</ele>
        <time>2026-09-19T13:30:29.000Z</time>
        <extensions>
          <ns3:TrackPointExtension>
            <ns3:hr>168</ns3:hr>
            <ns3:cad>92</ns3:cad>
          </ns3:TrackPointExtension>
        </extensions>
      </trkpt>
      <trkpt lat="30.54878287017345428466796875" lon="104.0462781675159931182861328125">
        <ele>472.20001220703125</ele>
        <time>2026-09-19T13:30:30.000Z</time>
        <extensions>
          <ns3:TrackPointExtension>
            <ns3:hr>168</ns3:hr>
            <ns3:cad>92</ns3:cad>
          </ns3:TrackPointExtension>
        </extensions>
      </trkpt>
      <trkpt lat="30.54876300506293773651123046875" lon="104.04629970900714397430419921875">
        <ele>472</ele>
        <time>2026-09-19T13:30:31.000Z</time>
        <extensions>
          <ns3:TrackPointExtension>
            <ns3:hr>168</ns3:hr>
            <ns3:cad>92</ns3:cad>
          </ns3:TrackPointExtension>
        </extensions>
      </trkpt>
      <trkpt lat="30.5487391166388988494873046875" lon="104.0463163889944553375244140625">
        <ele>472</ele>
        <time>2026-09-19T13:30:32.000Z</time>
        <extensions>
          <ns3:TrackPointExtension>
            <ns3:hr>168</ns3:hr>
            <ns3:cad>91</ns3:cad>
          </ns3:TrackPointExtension>
        </extensions>
      </trkpt>
      <trkpt lat="30.548717491328716278076171875" lon="104.0463321469724178314208984375">
        <ele>472</ele>
        <time>2026-09-19T13:30:33.000Z</time>
        <extensions>
          <ns3:TrackPointExtension>
            <ns3:hr>168</ns3:hr>
            <ns3:cad>91</ns3:cad>
          </ns3:TrackPointExtension>
        </extensions>
      </trkpt>
      <trkpt lat="30.54869410581886768341064453125" lon="104.0463432110846042633056640625">
        <ele>472</ele>
        <time>2026-09-19T13:30:34.000Z</time>
        <extensions>
          <ns3:TrackPointExtension>
            <ns3:hr>168</ns3:hr>
            <ns3:cad>92</ns3:cad>
          </ns3:TrackPointExtension>
        </extensions>
      </trkpt>
      <trkpt lat="30.54866828955709934234619140625" lon="104.046352766454219818115234375">
        <ele>472</ele>
        <time>2026-09-19T13:30:35.000Z</time>
        <extensions>
          <ns3:TrackPointExtension>
            <ns3:hr>168</ns3:hr>
            <ns3:cad>93</ns3:cad>
          </ns3:TrackPointExtension>
        </extensions>
      </trkpt>
      <trkpt lat="30.5486452393233776092529296875" lon="104.04635570012032985687255859375">
        <ele>472</ele>
        <time>2026-09-19T13:30:36.000Z</time>
        <extensions>
          <ns3:TrackPointExtension>
            <ns3:hr>168</ns3:hr>
            <ns3:cad>93</ns3:cad>
          </ns3:TrackPointExtension>
        </extensions>
      </trkpt>
      <trkpt lat="30.5486147291958332061767578125" lon="104.04635435901582241058349609375">
        <ele>471.79998779296875</ele>
        <time>2026-09-19T13:30:37.000Z</time>
        <extensions>
          <ns3:TrackPointExtension>
            <ns3:hr>167</ns3:hr>
            <ns3:cad>93</ns3:cad>
          </ns3:TrackPointExtension>
        </extensions>
      </trkpt>
      <trkpt lat="30.548591427505016326904296875" lon="104.04635243117809295654296875">
        <ele>471.79998779296875</ele>
        <time>2026-09-19T13:30:38.000Z</time>
        <extensions>
          <ns3:TrackPointExtension>
            <ns3:hr>167</ns3:hr>
            <ns3:cad>92</ns3:cad>
          </ns3:TrackPointExtension>
        </extensions>
      </trkpt>
      <trkpt lat="30.54856292903423309326171875" lon="104.04634706676006317138671875">
        <ele>471.79998779296875</ele>
        <time>2026-09-19T13:30:39.000Z</time>
        <extensions>
          <ns3:TrackPointExtension>
            <ns3:hr>167</ns3:hr>
            <ns3:cad>93</ns3:cad>
          </ns3:TrackPointExtension>
        </extensions>
      </trkpt>
      <trkpt lat="30.5485416390001773834228515625" lon="104.04635100625455379486083984375">
        <ele>471.79998779296875</ele>
        <time>2026-09-19T13:30:40.000Z</time>
        <extensions>
          <ns3:TrackPointExtension>
            <ns3:hr>167</ns3:hr>
            <ns3:cad>92</ns3:cad>
          </ns3:TrackPointExtension>
        </extensions>
      </trkpt>
      <trkpt lat="30.548508949577808380126953125" lon="104.04635000042617321014404296875">
        <ele>471.79998779296875</ele>
        <time>2026-09-19T13:30:41.000Z</time>
        <extensions>
          <ns3:TrackPointExtension>
            <ns3:hr>166</ns3:hr>
            <ns3:cad>92</ns3:cad>
          </ns3:TrackPointExtension>
        </extensions>
      </trkpt>
      <trkpt lat="30.548482798039913177490234375" lon="104.04635821469128131866455078125">
        <ele>471.79998779296875</ele>
        <time>2026-09-19T13:30:42.000Z</time>
        <extensions>
          <ns3:TrackPointExtension>
            <ns3:hr>166</ns3:hr>
            <ns3:cad>92</ns3:cad>
          </ns3:TrackPointExtension>
        </extensions>
      </trkpt>
      <trkpt lat="30.548448264598846435546875" lon="104.04635704122483730316162109375">
        <ele>471.79998779296875</ele>
        <time>2026-09-19T13:30:43.000Z</time>
        <extensions>
          <ns3:TrackPointExtension>
            <ns3:hr>166</ns3:hr>
            <ns3:cad>92</ns3:cad>
          </ns3:TrackPointExtension>
        </extensions>
      </trkpt>
      <trkpt lat="30.548426471650600433349609375" lon="104.04636207036674022674560546875">
        <ele>471.79998779296875</ele>
        <time>2026-09-19T13:30:44.000Z</time>
        <extensions>
          <ns3:TrackPointExtension>
            <ns3:hr>166</ns3:hr>
            <ns3:cad>93</ns3:cad>
          </ns3:TrackPointExtension>
        </extensions>
      </trkpt>
      <trkpt lat="30.54839855991303920745849609375" lon="104.04636584222316741943359375">
        <ele>471.79998779296875</ele>
        <time>2026-09-19T13:30:45.000Z</time>
        <extensions>
          <ns3:TrackPointExtension>
            <ns3:hr>166</ns3:hr>
            <ns3:cad>93</ns3:cad>
          </ns3:TrackPointExtension>
        </extensions>
      </trkpt>
      <trkpt lat="30.54837576113641262054443359375" lon="104.0463705360889434814453125">
        <ele>471.600006103515625</ele>
        <time>2026-09-19T13:30:46.000Z</time>
        <extensions>
          <ns3:TrackPointExtension>
            <ns3:hr>165</ns3:hr>
            <ns3:cad>93</ns3:cad>
          </ns3:TrackPointExtension>
        </extensions>
      </trkpt>
      <trkpt lat="30.5483461730182170867919921875" lon="104.04637212865054607391357421875">
        <ele>471.600006103515625</ele>
        <time>2026-09-19T13:30:47.000Z</time>
        <extensions>
          <ns3:TrackPointExtension>
            <ns3:hr>165</ns3:hr>
            <ns3:cad>93</ns3:cad>
          </ns3:TrackPointExtension>
        </extensions>
      </trkpt>
      <trkpt lat="30.548323206603527069091796875" lon="104.04637464322149753570556640625">
        <ele>471.600006103515625</ele>
        <time>2026-09-19T13:30:48.000Z</time>
        <extensions>
          <ns3:TrackPointExtension>
            <ns3:hr>165</ns3:hr>
            <ns3:cad>92</ns3:cad>
          </ns3:TrackPointExtension>
        </extensions>
      </trkpt>
      <trkpt lat="30.54829604923725128173828125" lon="104.04637120664119720458984375">
        <ele>471.600006103515625</ele>
        <time>2026-09-19T13:30:49.000Z</time>
        <extensions>
          <ns3:TrackPointExtension>
            <ns3:hr>165</ns3:hr>
            <ns3:cad>93</ns3:cad>
          </ns3:TrackPointExtension>
        </extensions>
      </trkpt>
      <trkpt lat="30.54826964624226093292236328125" lon="104.04637061990797519683837890625">
        <ele>471.600006103515625</ele>
        <time>2026-09-19T13:30:50.000Z</time>
        <extensions>
          <ns3:TrackPointExtension>
            <ns3:hr>166</ns3:hr>
            <ns3:cad>93</ns3:cad>
          </ns3:TrackPointExtension>
        </extensions>
      </trkpt>
      <trkpt lat="30.54824215359985828399658203125" lon="104.04636919498443603515625">
        <ele>471.600006103515625</ele>
        <time>2026-09-19T13:30:51.000Z</time>
        <extensions>
          <ns3:TrackPointExtension>
            <ns3:hr>165</ns3:hr>
            <ns3:cad>93</ns3:cad>
          </ns3:TrackPointExtension>
        </extensions>
      </trkpt>
      <trkpt lat="30.54821365512907505035400390625" lon="104.04637313447892665863037109375">
        <ele>471.600006103515625</ele>
        <time>2026-09-19T13:30:52.000Z</time>
        <extensions>
          <ns3:TrackPointExtension>
            <ns3:hr>165</ns3:hr>
            <ns3:cad>92</ns3:cad>
          </ns3:TrackPointExtension>
        </extensions>
      </trkpt>
      <trkpt lat="30.54818884469568729400634765625" lon="104.04637766070663928985595703125">
        <ele>471.600006103515625</ele>
        <time>2026-09-19T13:30:53.000Z</time>
        <extensions>
          <ns3:TrackPointExtension>
            <ns3:hr>165</ns3:hr>
            <ns3:cad>92</ns3:cad>
          </ns3:TrackPointExtension>
        </extensions>
      </trkpt>
      <trkpt lat="30.5481594242155551910400390625" lon="104.0463821031153202056884765625">
        <ele>471.79998779296875</ele>
        <time>2026-09-19T13:30:54.000Z</time>
        <extensions>
          <ns3:TrackPointExtension>
            <ns3:hr>165</ns3:hr>
            <ns3:cad>91</ns3:cad>
          </ns3:TrackPointExtension>
        </extensions>
      </trkpt>
      <trkpt lat="30.548133440315723419189453125" lon="104.04637967236340045928955078125">
        <ele>471.79998779296875</ele>
        <time>2026-09-19T13:30:55.000Z</time>
        <extensions>
          <ns3:TrackPointExtension>
            <ns3:hr>165</ns3:hr>
            <ns3:cad>91</ns3:cad>
          </ns3:TrackPointExtension>
        </extensions>
      </trkpt>
      <trkpt lat="30.5481014214456081390380859375" lon="104.046381600201129913330078125">
        <ele>471.79998779296875</ele>
        <time>2026-09-19T13:30:56.000Z</time>
        <extensions>
          <ns3:TrackPointExtension>
            <ns3:hr>165</ns3:hr>
            <ns3:cad>91</ns3:cad>
          </ns3:TrackPointExtension>
        </extensions>
      </trkpt>
      <trkpt lat="30.54807552136480808258056640625" lon="104.046386294066905975341796875">
        <ele>471.79998779296875</ele>
        <time>2026-09-19T13:30:57.000Z</time>
        <extensions>
          <ns3:TrackPointExtension>
            <ns3:hr>165</ns3:hr>
            <ns3:cad>92</ns3:cad>
          </ns3:TrackPointExtension>
        </extensions>
      </trkpt>
      <trkpt lat="30.54803897626698017120361328125" lon="104.0463797561824321746826171875">
        <ele>471.79998779296875</ele>
        <time>2026-09-19T13:30:58.000Z</time>
        <extensions>
          <ns3:TrackPointExtension>
            <ns3:hr>165</ns3:hr>
            <ns3:cad>93</ns3:cad>
          </ns3:TrackPointExtension>
        </extensions>
      </trkpt>
      <trkpt lat="30.5480192787945270538330078125" lon="104.04638000763952732086181640625">
        <ele>471.79998779296875</ele>
        <time>2026-09-19T13:30:59.000Z</time>
        <extensions>
          <ns3:TrackPointExtension>
            <ns3:hr>164</ns3:hr>
            <ns3:cad>93</ns3:cad>
          </ns3:TrackPointExtension>
        </extensions>
      </trkpt>
      <trkpt lat="30.5479867570102214813232421875" lon="104.0463770739734172821044921875">
        <ele>471.79998779296875</ele>
        <time>2026-09-19T13:31:00.000Z</time>
        <extensions>
          <ns3:TrackPointExtension>
            <ns3:hr>165</ns3:hr>
            <ns3:cad>93</ns3:cad>
          </ns3:TrackPointExtension>
        </extensions>
      </trkpt>
      <trkpt lat="30.5479673109948635101318359375" lon="104.0463797561824321746826171875">
        <ele>471.79998779296875</ele>
        <time>2026-09-19T13:31:01.000Z</time>
        <extensions>
          <ns3:TrackPointExtension>
            <ns3:hr>165</ns3:hr>
            <ns3:cad>92</ns3:cad>
          </ns3:TrackPointExtension>
        </extensions>
      </trkpt>
      <trkpt lat="30.54793755523860454559326171875" lon="104.04638922773301601409912109375">
        <ele>472</ele>
        <time>2026-09-19T13:31:02.000Z</time>
        <extensions>
          <ns3:TrackPointExtension>
            <ns3:hr>165</ns3:hr>
            <ns3:cad>92</ns3:cad>
          </ns3:TrackPointExtension>
        </extensions>
      </trkpt>
      <trkpt lat="30.5479158461093902587890625" lon="104.0463904850184917449951171875">
        <ele>472</ele>
        <time>2026-09-19T13:31:03.000Z</time>
        <extensions>
          <ns3:TrackPointExtension>
            <ns3:hr>165</ns3:hr>
            <ns3:cad>92</ns3:cad>
          </ns3:TrackPointExtension>
        </extensions>
      </trkpt>
      <trkpt lat="30.54788592271506786346435546875" lon="104.0463971905410289764404296875">
        <ele>472.20001220703125</ele>
        <time>2026-09-19T13:31:04.000Z</time>
        <extensions>
          <ns3:TrackPointExtension>
            <ns3:hr>165</ns3:hr>
            <ns3:cad>92</ns3:cad>
          </ns3:TrackPointExtension>
        </extensions>
      </trkpt>
      <trkpt lat="30.54786463268101215362548828125" lon="104.0464052371680736541748046875">
        <ele>472.399993896484375</ele>
        <time>2026-09-19T13:31:05.000Z</time>
        <extensions>
          <ns3:TrackPointExtension>
            <ns3:hr>165</ns3:hr>
            <ns3:cad>92</ns3:cad>
          </ns3:TrackPointExtension>
        </extensions>
      </trkpt>
      <trkpt lat="30.5478368885815143585205078125" lon="104.04641102068126201629638671875">
        <ele>472.399993896484375</ele>
        <time>2026-09-19T13:31:06.000Z</time>
        <extensions>
          <ns3:TrackPointExtension>
            <ns3:hr>165</ns3:hr>
            <ns3:cad>91</ns3:cad>
          </ns3:TrackPointExtension>
        </extensions>
      </trkpt>
      <trkpt lat="30.54781735874712467193603515625" lon="104.046424515545368194580078125">
        <ele>472.600006103515625</ele>
        <time>2026-09-19T13:31:07.000Z</time>
        <extensions>
          <ns3:TrackPointExtension>
            <ns3:hr>165</ns3:hr>
            <ns3:cad>90</ns3:cad>
          </ns3:TrackPointExtension>
        </extensions>
      </trkpt>
      <trkpt lat="30.54778936319053173065185546875" lon="104.04643264599144458770751953125">
        <ele>472.79998779296875</ele>
        <time>2026-09-19T13:31:08.000Z</time>
        <extensions>
          <ns3:TrackPointExtension>
            <ns3:hr>165</ns3:hr>
            <ns3:cad>90</ns3:cad>
          </ns3:TrackPointExtension>
        </extensions>
      </trkpt>
      <trkpt lat="30.54776522330939769744873046875" lon="104.04644371010363101959228515625">
        <ele>472.79998779296875</ele>
        <time>2026-09-19T13:31:09.000Z</time>
        <extensions>
          <ns3:TrackPointExtension>
            <ns3:hr>165</ns3:hr>
            <ns3:cad>90</ns3:cad>
          </ns3:TrackPointExtension>
        </extensions>
      </trkpt>
      <trkpt lat="30.5477376468479633331298828125" lon="104.04645075090229511260986328125">
        <ele>473</ele>
        <time>2026-09-19T13:31:10.000Z</time>
        <extensions>
          <ns3:TrackPointExtension>
            <ns3:hr>165</ns3:hr>
            <ns3:cad>91</ns3:cad>
          </ns3:TrackPointExtension>
        </extensions>
      </trkpt>
      <trkpt lat="30.5477146804332733154296875" lon="104.04646047390997409820556640625">
        <ele>473</ele>
        <time>2026-09-19T13:31:11.000Z</time>
        <extensions>
          <ns3:TrackPointExtension>
            <ns3:hr>165</ns3:hr>
            <ns3:cad>91</ns3:cad>
          </ns3:TrackPointExtension>
        </extensions>
      </trkpt>
      <trkpt lat="30.547682829201221466064453125" lon="104.046466760337352752685546875">
        <ele>473.20001220703125</ele>
        <time>2026-09-19T13:31:12.000Z</time>
        <extensions>
          <ns3:TrackPointExtension>
            <ns3:hr>165</ns3:hr>
            <ns3:cad>91</ns3:cad>
          </ns3:TrackPointExtension>
        </extensions>
      </trkpt>
      <trkpt lat="30.54765542037785053253173828125" lon="104.04647824354469776153564453125">
        <ele>473.20001220703125</ele>
        <time>2026-09-19T13:31:13.000Z</time>
        <extensions>
          <ns3:TrackPointExtension>
            <ns3:hr>165</ns3:hr>
            <ns3:cad>91</ns3:cad>
          </ns3:TrackPointExtension>
        </extensions>
      </trkpt>
      <trkpt lat="30.5476253293454647064208984375" lon="104.04647991992533206939697265625">
        <ele>473.20001220703125</ele>
        <time>2026-09-19T13:31:14.000Z</time>
        <extensions>
          <ns3:TrackPointExtension>
            <ns3:hr>165</ns3:hr>
            <ns3:cad>92</ns3:cad>
          </ns3:TrackPointExtension>
        </extensions>
      </trkpt>
      <trkpt lat="30.54759741760790348052978515625" lon="104.04648360796272754669189453125">
        <ele>473.399993896484375</ele>
        <time>2026-09-19T13:31:15.000Z</time>
        <extensions>
          <ns3:TrackPointExtension>
            <ns3:hr>165</ns3:hr>
            <ns3:cad>92</ns3:cad>
          </ns3:TrackPointExtension>
        </extensions>
      </trkpt>
      <trkpt lat="30.5475669912993907928466796875" lon="104.04648595489561557769775390625">
        <ele>473.399993896484375</ele>
        <time>2026-09-19T13:31:16.000Z</time>
        <extensions>
          <ns3:TrackPointExtension>
            <ns3:hr>165</ns3:hr>
            <ns3:cad>92</ns3:cad>
          </ns3:TrackPointExtension>
        </extensions>
      </trkpt>
      <trkpt lat="30.54754109121859073638916015625" lon="104.0464917384088039398193359375">
        <ele>473.600006103515625</ele>
        <time>2026-09-19T13:31:17.000Z</time>
        <extensions>
          <ns3:TrackPointExtension>
            <ns3:hr>165</ns3:hr>
            <ns3:cad>92</ns3:cad>
          </ns3:TrackPointExtension>
        </extensions>
      </trkpt>
      <trkpt lat="30.5475173704326152801513671875" lon="104.046493582427501678466796875">
        <ele>473.600006103515625</ele>
        <time>2026-09-19T13:31:18.000Z</time>
        <extensions>
          <ns3:TrackPointExtension>
            <ns3:hr>165</ns3:hr>
            <ns3:cad>91</ns3:cad>
          </ns3:TrackPointExtension>
        </extensions>
      </trkpt>
      <trkpt lat="30.54748895578086376190185546875" lon="104.04649400152266025543212890625">
        <ele>473.600006103515625</ele>
        <time>2026-09-19T13:31:19.000Z</time>
        <extensions>
          <ns3:TrackPointExtension>
            <ns3:hr>165</ns3:hr>
            <ns3:cad>90</ns3:cad>
          </ns3:TrackPointExtension>
        </extensions>
      </trkpt>
      <trkpt lat="30.54746766574680805206298828125" lon="104.046495258808135986328125">
        <ele>473.79998779296875</ele>
        <time>2026-09-19T13:31:20.000Z</time>
        <extensions>
          <ns3:TrackPointExtension>
            <ns3:hr>165</ns3:hr>
            <ns3:cad>90</ns3:cad>
          </ns3:TrackPointExtension>
        </extensions>
      </trkpt>
      <trkpt lat="30.54744402877986431121826171875" lon="104.04649836011230945587158203125">
        <ele>473.79998779296875</ele>
        <time>2026-09-19T13:31:21.000Z</time>
        <extensions>
          <ns3:TrackPointExtension>
            <ns3:hr>165</ns3:hr>
            <ns3:cad>90</ns3:cad>
          </ns3:TrackPointExtension>
        </extensions>
      </trkpt>
      <trkpt lat="30.54742458276450634002685546875" lon="104.04650288634002208709716796875">
        <ele>473.79998779296875</ele>
        <time>2026-09-19T13:31:22.000Z</time>
        <extensions>
          <ns3:TrackPointExtension>
            <ns3:hr>165</ns3:hr>
            <ns3:cad>90</ns3:cad>
          </ns3:TrackPointExtension>
        </extensions>
      </trkpt>
      <trkpt lat="30.54739558137953281402587890625" lon="104.0465038083493709564208984375">
        <ele>473.79998779296875</ele>
        <time>2026-09-19T13:31:23.000Z</time>
        <extensions>
          <ns3:TrackPointExtension>
            <ns3:hr>165</ns3:hr>
            <ns3:cad>90</ns3:cad>
          </ns3:TrackPointExtension>
        </extensions>
      </trkpt>
      <trkpt lat="30.5473725311458110809326171875" lon="104.04651026241481304168701171875">
        <ele>473.79998779296875</ele>
        <time>2026-09-19T13:31:24.000Z</time>
        <extensions>
          <ns3:TrackPointExtension>
            <ns3:hr>166</ns3:hr>
            <ns3:cad>90</ns3:cad>
          </ns3:TrackPointExtension>
        </extensions>
      </trkpt>
      <trkpt lat="30.5473463796079158782958984375" lon="104.04650531709194183349609375">
        <ele>473.79998779296875</ele>
        <time>2026-09-19T13:31:25.000Z</time>
        <extensions>
          <ns3:TrackPointExtension>
            <ns3:hr>166</ns3:hr>
            <ns3:cad>90</ns3:cad>
          </ns3:TrackPointExtension>
        </extensions>
      </trkpt>
      <trkpt lat="30.5473242513835430145263671875" lon="104.0465044789016246795654296875">
        <ele>474</ele>
        <time>2026-09-19T13:31:26.000Z</time>
        <extensions>
          <ns3:TrackPointExtension>
            <ns3:hr>166</ns3:hr>
            <ns3:cad>94</ns3:cad>
          </ns3:TrackPointExtension>
        </extensions>
      </trkpt>
      <trkpt lat="30.5472947470843791961669921875" lon="104.0464984439313411712646484375">
        <ele>474.20001220703125</ele>
        <time>2026-09-19T13:31:27.000Z</time>
        <extensions>
          <ns3:TrackPointExtension>
            <ns3:hr>166</ns3:hr>
            <ns3:cad>94</ns3:cad>
          </ns3:TrackPointExtension>
        </extensions>
      </trkpt>
      <trkpt lat="30.54727052338421344757080078125" lon="104.0464987792074680328369140625">
        <ele>474.20001220703125</ele>
        <time>2026-09-19T13:31:28.000Z</time>
        <extensions>
          <ns3:TrackPointExtension>
            <ns3:hr>165</ns3:hr>
            <ns3:cad>93</ns3:cad>
          </ns3:TrackPointExtension>
        </extensions>
      </trkpt>
      <trkpt lat="30.54724286310374736785888671875" lon="104.046493582427501678466796875">
        <ele>474.399993896484375</ele>
        <time>2026-09-19T13:31:29.000Z</time>
        <extensions>
          <ns3:TrackPointExtension>
            <ns3:hr>166</ns3:hr>
            <ns3:cad>92</ns3:cad>
          </ns3:TrackPointExtension>
        </extensions>
      </trkpt>
      <trkpt lat="30.54721486754715442657470703125" lon="104.04649257659912109375">
        <ele>474.20001220703125</ele>
        <time>2026-09-19T13:31:30.000Z</time>
        <extensions>
          <ns3:TrackPointExtension>
            <ns3:hr>166</ns3:hr>
            <ns3:cad>93</ns3:cad>
          </ns3:TrackPointExtension>
        </extensions>
      </trkpt>
      <trkpt lat="30.5471844412386417388916015625" lon="104.046495258808135986328125">
        <ele>474.20001220703125</ele>
        <time>2026-09-19T13:31:31.000Z</time>
        <extensions>
          <ns3:TrackPointExtension>
            <ns3:hr>166</ns3:hr>
            <ns3:cad>93</ns3:cad>
          </ns3:TrackPointExtension>
        </extensions>
      </trkpt>
      <trkpt lat="30.54715150035917758941650390625" lon="104.04649148695170879364013671875">
        <ele>474.20001220703125</ele>
        <time>2026-09-19T13:31:32.000Z</time>
        <extensions>
          <ns3:TrackPointExtension>
            <ns3:hr>166</ns3:hr>
            <ns3:cad>93</ns3:cad>
          </ns3:TrackPointExtension>
        </extensions>
      </trkpt>
      <trkpt lat="30.5471257679164409637451171875" lon="104.0464967675507068634033203125">
        <ele>474.20001220703125</ele>
        <time>2026-09-19T13:31:33.000Z</time>
        <extensions>
          <ns3:TrackPointExtension>
            <ns3:hr>166</ns3:hr>
            <ns3:cad>93</ns3:cad>
          </ns3:TrackPointExtension>
        </extensions>
      </trkpt>
      <trkpt lat="30.5470950901508331298828125" lon="104.04649500735104084014892578125">
        <ele>474.399993896484375</ele>
        <time>2026-09-19T13:31:34.000Z</time>
        <extensions>
          <ns3:TrackPointExtension>
            <ns3:hr>166</ns3:hr>
            <ns3:cad>93</ns3:cad>
          </ns3:TrackPointExtension>
        </extensions>
      </trkpt>
      <trkpt lat="30.5470721237361431121826171875" lon="104.04649601317942142486572265625">
        <ele>474.399993896484375</ele>
        <time>2026-09-19T13:31:35.000Z</time>
        <extensions>
          <ns3:TrackPointExtension>
            <ns3:hr>166</ns3:hr>
            <ns3:cad>93</ns3:cad>
          </ns3:TrackPointExtension>
        </extensions>
      </trkpt>
      <trkpt lat="30.5470379255712032318115234375" lon="104.04649148695170879364013671875">
        <ele>474.399993896484375</ele>
        <time>2026-09-19T13:31:36.000Z</time>
        <extensions>
          <ns3:TrackPointExtension>
            <ns3:hr>167</ns3:hr>
            <ns3:cad>93</ns3:cad>
          </ns3:TrackPointExtension>
        </extensions>
      </trkpt>
      <trkpt lat="30.5470151267945766448974609375" lon="104.0464937500655651092529296875">
        <ele>474.20001220703125</ele>
        <time>2026-09-19T13:31:37.000Z</time>
        <extensions>
          <ns3:TrackPointExtension>
            <ns3:hr>167</ns3:hr>
            <ns3:cad>93</ns3:cad>
          </ns3:TrackPointExtension>
        </extensions>
      </trkpt>
      <trkpt lat="30.54698101244866847991943359375" lon="104.04648846946656703948974609375">
        <ele>474.20001220703125</ele>
        <time>2026-09-19T13:31:38.000Z</time>
        <extensions>
          <ns3:TrackPointExtension>
            <ns3:hr>167</ns3:hr>
            <ns3:cad>93</ns3:cad>
          </ns3:TrackPointExtension>
        </extensions>
      </trkpt>
      <trkpt lat="30.54696039296686649322509765625" lon="104.0464927442371845245361328125">
        <ele>474.20001220703125</ele>
        <time>2026-09-19T13:31:39.000Z</time>
        <extensions>
          <ns3:TrackPointExtension>
            <ns3:hr>167</ns3:hr>
            <ns3:cad>93</ns3:cad>
          </ns3:TrackPointExtension>
        </extensions>
      </trkpt>
      <trkpt lat="30.5469316430389881134033203125" lon="104.04648293741047382354736328125">
        <ele>474</ele>
        <time>2026-09-19T13:31:40.000Z</time>
        <extensions>
          <ns3:TrackPointExtension>
            <ns3:hr>166</ns3:hr>
            <ns3:cad>93</ns3:cad>
          </ns3:TrackPointExtension>
        </extensions>
      </trkpt>
      <trkpt lat="30.5469071678817272186279296875" lon="104.0464823506772518157958984375">
        <ele>474</ele>
        <time>2026-09-19T13:31:41.000Z</time>
        <extensions>
          <ns3:TrackPointExtension>
            <ns3:hr>167</ns3:hr>
            <ns3:cad>93</ns3:cad>
          </ns3:TrackPointExtension>
        </extensions>
      </trkpt>
      <trkpt lat="30.54687984287738800048828125" lon="104.0464739687740802764892578125">
        <ele>473.79998779296875</ele>
        <time>2026-09-19T13:31:42.000Z</time>
        <extensions>
          <ns3:TrackPointExtension>
            <ns3:hr>167</ns3:hr>
            <ns3:cad>93</ns3:cad>
          </ns3:TrackPointExtension>
        </extensions>
      </trkpt>
      <trkpt lat="30.54685008712112903594970703125" lon="104.04646667651832103729248046875">
        <ele>473.79998779296875</ele>
        <time>2026-09-19T13:31:43.000Z</time>
        <extensions>
          <ns3:TrackPointExtension>
            <ns3:hr>167</ns3:hr>
            <ns3:cad>93</ns3:cad>
          </ns3:TrackPointExtension>
        </extensions>
      </trkpt>
      <trkpt lat="30.54682594723999500274658203125" lon="104.046460725367069244384765625">
        <ele>473.600006103515625</ele>
        <time>2026-09-19T13:31:44.000Z</time>
        <extensions>
          <ns3:TrackPointExtension>
            <ns3:hr>167</ns3:hr>
            <ns3:cad>93</ns3:cad>
          </ns3:TrackPointExtension>
        </extensions>
      </trkpt>
      <trkpt lat="30.54679610766470432281494140625" lon="104.04644940979778766632080078125">
        <ele>473.600006103515625</ele>
        <time>2026-09-19T13:31:45.000Z</time>
        <extensions>
          <ns3:TrackPointExtension>
            <ns3:hr>167</ns3:hr>
            <ns3:cad>92</ns3:cad>
          </ns3:TrackPointExtension>
        </extensions>
      </trkpt>
      <trkpt lat="30.5467723868787288665771484375" lon="104.0464471466839313507080078125">
        <ele>473.600006103515625</ele>
        <time>2026-09-19T13:31:46.000Z</time>
        <extensions>
          <ns3:TrackPointExtension>
            <ns3:hr>166</ns3:hr>
            <ns3:cad>92</ns3:cad>
          </ns3:TrackPointExtension>
        </extensions>
      </trkpt>
      <trkpt lat="30.5467415414750576019287109375" lon="104.0464266948401927947998046875">
        <ele>473.399993896484375</ele>
        <time>2026-09-19T13:31:47.000Z</time>
        <extensions>
          <ns3:TrackPointExtension>
            <ns3:hr>166</ns3:hr>
            <ns3:cad>92</ns3:cad>
          </ns3:TrackPointExtension>
        </extensions>
      </trkpt>
      <trkpt lat="30.54671983234584331512451171875" lon="104.04642392881214618682861328125">
        <ele>473.399993896484375</ele>
        <time>2026-09-19T13:31:48.000Z</time>
        <extensions>
          <ns3:TrackPointExtension>
            <ns3:hr>166</ns3:hr>
            <ns3:cad>92</ns3:cad>
          </ns3:TrackPointExtension>
        </extensions>
      </trkpt>
      <trkpt lat="30.54669074714183807373046875" lon="104.04640481807291507720947265625">
        <ele>473.399993896484375</ele>
        <time>2026-09-19T13:31:49.000Z</time>
        <extensions>
          <ns3:TrackPointExtension>
            <ns3:hr>166</ns3:hr>
            <ns3:cad>92</ns3:cad>
          </ns3:TrackPointExtension>
        </extensions>
      </trkpt>
      <trkpt lat="30.54666752927005290985107421875" lon="104.04639626853168010711669921875">
        <ele>473.20001220703125</ele>
        <time>2026-09-19T13:31:50.000Z</time>
        <extensions>
          <ns3:TrackPointExtension>
            <ns3:hr>166</ns3:hr>
            <ns3:cad>92</ns3:cad>
          </ns3:TrackPointExtension>
        </extensions>
      </trkpt>
      <trkpt lat="30.5466409586369991302490234375" lon="104.04637984000146389007568359375">
        <ele>473.20001220703125</ele>
        <time>2026-09-19T13:31:51.000Z</time>
        <extensions>
          <ns3:TrackPointExtension>
            <ns3:hr>166</ns3:hr>
            <ns3:cad>92</ns3:cad>
          </ns3:TrackPointExtension>
        </extensions>
      </trkpt>
      <trkpt lat="30.54661908186972141265869140625" lon="104.04637330211699008941650390625">
        <ele>473</ele>
        <time>2026-09-19T13:31:52.000Z</time>
        <extensions>
          <ns3:TrackPointExtension>
            <ns3:hr>165</ns3:hr>
            <ns3:cad>93</ns3:cad>
          </ns3:TrackPointExtension>
        </extensions>
      </trkpt>
      <trkpt lat="30.54658890701830387115478515625" lon="104.0463636629283428192138671875">
        <ele>473</ele>
        <time>2026-09-19T13:31:53.000Z</time>
        <extensions>
          <ns3:TrackPointExtension>
            <ns3:hr>165</ns3:hr>
            <ns3:cad>94</ns3:cad>
          </ns3:TrackPointExtension>
        </extensions>
      </trkpt>
      <trkpt lat="30.5465635098516941070556640625" lon="104.04635704122483730316162109375">
        <ele>473</ele>
        <time>2026-09-19T13:31:54.000Z</time>
        <extensions>
          <ns3:TrackPointExtension>
            <ns3:hr>165</ns3:hr>
            <ns3:cad>94</ns3:cad>
          </ns3:TrackPointExtension>
        </extensions>
      </trkpt>
      <trkpt lat="30.54654045961797237396240234375" lon="104.04635201208293437957763671875">
        <ele>473</ele>
        <time>2026-09-19T13:31:55.000Z</time>
        <extensions>
          <ns3:TrackPointExtension>
            <ns3:hr>165</ns3:hr>
            <ns3:cad>93</ns3:cad>
          </ns3:TrackPointExtension>
        </extensions>
      </trkpt>
      <trkpt lat="30.54651397280395030975341796875" lon="104.04634036123752593994140625">
        <ele>473</ele>
        <time>2026-09-19T13:31:56.000Z</time>
        <extensions>
          <ns3:TrackPointExtension>
            <ns3:hr>165</ns3:hr>
            <ns3:cad>92</ns3:cad>
          </ns3:TrackPointExtension>
        </extensions>
      </trkpt>
      <trkpt lat="30.54649553261697292327880859375" lon="104.0463437139987945556640625">
        <ele>473</ele>
        <time>2026-09-19T13:31:57.000Z</time>
        <extensions>
          <ns3:TrackPointExtension>
            <ns3:hr>164</ns3:hr>
            <ns3:cad>92</ns3:cad>
          </ns3:TrackPointExtension>
        </extensions>
      </trkpt>
      <trkpt lat="30.54646812379360198974609375" lon="104.04635150916874408721923828125">
        <ele>473</ele>
        <time>2026-09-19T13:31:58.000Z</time>
        <extensions>
          <ns3:TrackPointExtension>
            <ns3:hr>164</ns3:hr>
            <ns3:cad>93</ns3:cad>
          </ns3:TrackPointExtension>
        </extensions>
      </trkpt>
      <trkpt lat="30.5464428104460239410400390625" lon="104.046354107558727264404296875">
        <ele>473</ele>
        <time>2026-09-19T13:31:59.000Z</time>
        <extensions>
          <ns3:TrackPointExtension>
            <ns3:hr>164</ns3:hr>
            <ns3:cad>93</ns3:cad>
          </ns3:TrackPointExtension>
        </extensions>
      </trkpt>
      <trkpt lat="30.54640886373817920684814453125" lon="104.0463458932936191558837890625">
        <ele>472.79998779296875</ele>
        <time>2026-09-19T13:32:00.000Z</time>
        <extensions>
          <ns3:TrackPointExtension>
            <ns3:hr>164</ns3:hr>
            <ns3:cad>93</ns3:cad>
          </ns3:TrackPointExtension>
        </extensions>
      </trkpt>
      <trkpt lat="30.54638707078993320465087890625" lon="104.0463499166071414947509765625">
        <ele>472.79998779296875</ele>
        <time>2026-09-19T13:32:01.000Z</time>
        <extensions>
          <ns3:TrackPointExtension>
            <ns3:hr>164</ns3:hr>
            <ns3:cad>92</ns3:cad>
          </ns3:TrackPointExtension>
        </extensions>
      </trkpt>
      <trkpt lat="30.54635756649076938629150390625" lon="104.0463549457490444183349609375">
        <ele>473</ele>
        <time>2026-09-19T13:32:02.000Z</time>
        <extensions>
          <ns3:TrackPointExtension>
            <ns3:hr>164</ns3:hr>
            <ns3:cad>92</ns3:cad>
          </ns3:TrackPointExtension>
        </extensions>
      </trkpt>
      <trkpt lat="30.546334348618984222412109375" lon="104.04636047780513763427734375">
        <ele>473</ele>
        <time>2026-09-19T13:32:03.000Z</time>
        <extensions>
          <ns3:TrackPointExtension>
            <ns3:hr>164</ns3:hr>
            <ns3:cad>92</ns3:cad>
          </ns3:TrackPointExtension>
        </extensions>
      </trkpt>
      <trkpt lat="30.54630509577691555023193359375" lon="104.04636316001415252685546875">
        <ele>473</ele>
        <time>2026-09-19T13:32:04.000Z</time>
        <extensions>
          <ns3:TrackPointExtension>
            <ns3:hr>164</ns3:hr>
            <ns3:cad>92</ns3:cad>
          </ns3:TrackPointExtension>
        </extensions>
      </trkpt>
      <trkpt lat="30.54627911187708377838134765625" lon="104.04636877588927745819091796875">
        <ele>473.20001220703125</ele>
        <time>2026-09-19T13:32:05.000Z</time>
        <extensions>
          <ns3:TrackPointExtension>
            <ns3:hr>164</ns3:hr>
            <ns3:cad>92</ns3:cad>
          </ns3:TrackPointExtension>
        </extensions>
      </trkpt>
      <trkpt lat="30.5462530441582202911376953125" lon="104.04637254774570465087890625">
        <ele>473.20001220703125</ele>
        <time>2026-09-19T13:32:06.000Z</time>
        <extensions>
          <ns3:TrackPointExtension>
            <ns3:hr>164</ns3:hr>
            <ns3:cad>93</ns3:cad>
          </ns3:TrackPointExtension>
        </extensions>
      </trkpt>
      <trkpt lat="30.546223707497119903564453125" lon="104.04637933708727359771728515625">
        <ele>473</ele>
        <time>2026-09-19T13:32:07.000Z</time>
        <extensions>
          <ns3:TrackPointExtension>
            <ns3:hr>163</ns3:hr>
            <ns3:cad>93</ns3:cad>
          </ns3:TrackPointExtension>
        </extensions>
      </trkpt>
      <trkpt lat="30.54619998671114444732666015625" lon="104.04638805426657199859619140625">
        <ele>473</ele>
        <time>2026-09-19T13:32:08.000Z</time>
        <extensions>
          <ns3:TrackPointExtension>
            <ns3:hr>163</ns3:hr>
            <ns3:cad>92</ns3:cad>
          </ns3:TrackPointExtension>
        </extensions>
      </trkpt>
      <trkpt lat="30.54617366753518581390380859375" lon="104.046401046216487884521484375">
        <ele>473</ele>
        <time>2026-09-19T13:32:09.000Z</time>
        <extensions>
          <ns3:TrackPointExtension>
            <ns3:hr>163</ns3:hr>
            <ns3:cad>92</ns3:cad>
          </ns3:TrackPointExtension>
        </extensions>
      </trkpt>
      <trkpt lat="30.54614835418760776519775390625" lon="104.0464139543473720550537109375">
        <ele>473</ele>
        <time>2026-09-19T13:32:10.000Z</time>
        <extensions>
          <ns3:TrackPointExtension>
            <ns3:hr>163</ns3:hr>
            <ns3:cad>92</ns3:cad>
          </ns3:TrackPointExtension>
        </extensions>
      </trkpt>
      <trkpt lat="30.54611516185104846954345703125" lon="104.0464253537356853485107421875">
        <ele>473</ele>
        <time>2026-09-19T13:32:11.000Z</time>
        <extensions>
          <ns3:TrackPointExtension>
            <ns3:hr>163</ns3:hr>
            <ns3:cad>92</ns3:cad>
          </ns3:TrackPointExtension>
        </extensions>
      </trkpt>
      <trkpt lat="30.54608733393251895904541015625" lon="104.04643717221915721893310546875">
        <ele>473.20001220703125</ele>
        <time>2026-09-19T13:32:12.000Z</time>
        <extensions>
          <ns3:TrackPointExtension>
            <ns3:hr>164</ns3:hr>
            <ns3:cad>92</ns3:cad>
          </ns3:TrackPointExtension>
        </extensions>
      </trkpt>
      <trkpt lat="30.5460572429001331329345703125" lon="104.04644840396940708160400390625">
        <ele>473.399993896484375</ele>
        <time>2026-09-19T13:32:13.000Z</time>
        <extensions>
          <ns3:TrackPointExtension>
            <ns3:hr>163</ns3:hr>
            <ns3:cad>92</ns3:cad>
          </ns3:TrackPointExtension>
        </extensions>
      </trkpt>
      <trkpt lat="30.54603938944637775421142578125" lon="104.0464603900909423828125">
        <ele>473.79998779296875</ele>
        <time>2026-09-19T13:32:14.000Z</time>
        <extensions>
          <ns3:TrackPointExtension>
            <ns3:hr>163</ns3:hr>
            <ns3:cad>93</ns3:cad>
          </ns3:TrackPointExtension>
        </extensions>
      </trkpt>
      <trkpt lat="30.54601214826107025146484375" lon="104.0464672632515430450439453125">
        <ele>474</ele>
        <time>2026-09-19T13:32:15.000Z</time>
        <extensions>
          <ns3:TrackPointExtension>
            <ns3:hr>163</ns3:hr>
            <ns3:cad>92</ns3:cad>
          </ns3:TrackPointExtension>
        </extensions>
      </trkpt>
      <trkpt lat="30.54598809219896793365478515625" lon="104.04647522605955600738525390625">
        <ele>473.79998779296875</ele>
        <time>2026-09-19T13:32:16.000Z</time>
        <extensions>
          <ns3:TrackPointExtension>
            <ns3:hr>163</ns3:hr>
            <ns3:cad>92</ns3:cad>
          </ns3:TrackPointExtension>
        </extensions>
      </trkpt>
      <trkpt lat="30.54596110247075557708740234375" lon="104.0464796684682369232177734375">
        <ele>473.79998779296875</ele>
        <time>2026-09-19T13:32:17.000Z</time>
        <extensions>
          <ns3:TrackPointExtension>
            <ns3:hr>163</ns3:hr>
            <ns3:cad>92</ns3:cad>
          </ns3:TrackPointExtension>
        </extensions>
      </trkpt>
      <trkpt lat="30.545933358371257781982421875" lon="104.0464887209236621856689453125">
        <ele>473.600006103515625</ele>
        <time>2026-09-19T13:32:18.000Z</time>
        <extensions>
          <ns3:TrackPointExtension>
            <ns3:hr>164</ns3:hr>
            <ns3:cad>92</ns3:cad>
          </ns3:TrackPointExtension>
        </extensions>
      </trkpt>
      <trkpt lat="30.545903854072093963623046875" lon="104.0464934147894382476806640625">
        <ele>473.20001220703125</ele>
        <time>2026-09-19T13:32:19.000Z</time>
        <extensions>
          <ns3:TrackPointExtension>
            <ns3:hr>163</ns3:hr>
            <ns3:cad>92</ns3:cad>
          </ns3:TrackPointExtension>
        </extensions>
      </trkpt>
      <trkpt lat="30.54587443359196186065673828125" lon="104.04650791548192501068115234375">
        <ele>473.20001220703125</ele>
        <time>2026-09-19T13:32:20.000Z</time>
        <extensions>
          <ns3:TrackPointExtension>
            <ns3:hr>163</ns3:hr>
            <ns3:cad>93</ns3:cad>
          </ns3:TrackPointExtension>
        </extensions>
      </trkpt>
      <trkpt lat="30.5458550713956356048583984375" lon="104.04651847667992115020751953125">
        <ele>473.20001220703125</ele>
        <time>2026-09-19T13:32:21.000Z</time>
        <extensions>
          <ns3:TrackPointExtension>
            <ns3:hr>163</ns3:hr>
            <ns3:cad>93</ns3:cad>
          </ns3:TrackPointExtension>
        </extensions>
      </trkpt>
      <trkpt lat="30.54582414217293262481689453125" lon="104.046531133353710174560546875">
        <ele>473.20001220703125</ele>
        <time>2026-09-19T13:32:22.000Z</time>
        <extensions>
          <ns3:TrackPointExtension>
            <ns3:hr>164</ns3:hr>
            <ns3:cad>93</ns3:cad>
          </ns3:TrackPointExtension>
        </extensions>
      </trkpt>
      <trkpt lat="30.54580184631049633026123046875" lon="104.0465356595814228057861328125">
        <ele>473.20001220703125</ele>
        <time>2026-09-19T13:32:23.000Z</time>
        <extensions>
          <ns3:TrackPointExtension>
            <ns3:hr>163</ns3:hr>
            <ns3:cad>93</ns3:cad>
          </ns3:TrackPointExtension>
        </extensions>
      </trkpt>
      <trkpt lat="30.545767731964588165283203125" lon="104.046540521085262298583984375">
        <ele>473.20001220703125</ele>
        <time>2026-09-19T13:32:24.000Z</time>
        <extensions>
          <ns3:TrackPointExtension>
            <ns3:hr>163</ns3:hr>
            <ns3:cad>92</ns3:cad>
          </ns3:TrackPointExtension>
        </extensions>
      </trkpt>
      <trkpt lat="30.54574099369347095489501953125" lon="104.04654957354068756103515625">
        <ele>473.399993896484375</ele>
        <time>2026-09-19T13:32:25.000Z</time>
        <extensions>
          <ns3:TrackPointExtension>
            <ns3:hr>163</ns3:hr>
            <ns3:cad>92</ns3:cad>
          </ns3:TrackPointExtension>
        </extensions>
      </trkpt>
      <trkpt lat="30.5457065440714359283447265625" lon="104.04655133374035358428955078125">
        <ele>473.399993896484375</ele>
        <time>2026-09-19T13:32:26.000Z</time>
        <extensions>
          <ns3:TrackPointExtension>
            <ns3:hr>164</ns3:hr>
            <ns3:cad>92</ns3:cad>
          </ns3:TrackPointExtension>
        </extensions>
      </trkpt>
      <trkpt lat="30.54568567313253879547119140625" lon="104.04655988328158855438232421875">
        <ele>473.399993896484375</ele>
        <time>2026-09-19T13:32:27.000Z</time>
        <extensions>
          <ns3:TrackPointExtension>
            <ns3:hr>163</ns3:hr>
            <ns3:cad>92</ns3:cad>
          </ns3:TrackPointExtension>
        </extensions>
      </trkpt>
      <trkpt lat="30.54565139114856719970703125" lon="104.04656566679477691650390625">
        <ele>473.399993896484375</ele>
        <time>2026-09-19T13:32:28.000Z</time>
        <extensions>
          <ns3:TrackPointExtension>
            <ns3:hr>163</ns3:hr>
            <ns3:cad>92</ns3:cad>
          </ns3:TrackPointExtension>
        </extensions>
      </trkpt>
      <trkpt lat="30.54563186131417751312255859375" lon="104.04657228849828243255615234375">
        <ele>473.399993896484375</ele>
        <time>2026-09-19T13:32:29.000Z</time>
        <extensions>
          <ns3:TrackPointExtension>
            <ns3:hr>163</ns3:hr>
            <ns3:cad>91</ns3:cad>
          </ns3:TrackPointExtension>
        </extensions>
      </trkpt>
      <trkpt lat="30.545599758625030517578125" lon="104.04657463543117046356201171875">
        <ele>473.399993896484375</ele>
        <time>2026-09-19T13:32:30.000Z</time>
        <extensions>
          <ns3:TrackPointExtension>
            <ns3:hr>164</ns3:hr>
            <ns3:cad>91</ns3:cad>
          </ns3:TrackPointExtension>
        </extensions>
      </trkpt>
      <trkpt lat="30.54557620547711849212646484375" lon="104.0465825982391834259033203125">
        <ele>473.399993896484375</ele>
        <time>2026-09-19T13:32:31.000Z</time>
        <extensions>
          <ns3:TrackPointExtension>
            <ns3:hr>163</ns3:hr>
            <ns3:cad>91</ns3:cad>
          </ns3:TrackPointExtension>
        </extensions>
      </trkpt>
      <trkpt lat="30.54554670117795467376708984375" lon="104.0465839393436908721923828125">
        <ele>473.399993896484375</ele>
        <time>2026-09-19T13:32:32.000Z</time>
        <extensions>
          <ns3:TrackPointExtension>
            <ns3:hr>164</ns3:hr>
            <ns3:cad>91</ns3:cad>
          </ns3:TrackPointExtension>
        </extensions>
      </trkpt>
      <trkpt lat="30.545520298182964324951171875" lon="104.046586118638515472412109375">
        <ele>473.399993896484375</ele>
        <time>2026-09-19T13:32:33.000Z</time>
        <extensions>
          <ns3:TrackPointExtension>
            <ns3:hr>164</ns3:hr>
            <ns3:cad>91</ns3:cad>
          </ns3:TrackPointExtension>
        </extensions>
      </trkpt>
      <trkpt lat="30.5454916320741176605224609375" lon="104.0465815924108028411865234375">
        <ele>473.399993896484375</ele>
        <time>2026-09-19T13:32:34.000Z</time>
        <extensions>
          <ns3:TrackPointExtension>
            <ns3:hr>164</ns3:hr>
            <ns3:cad>91</ns3:cad>
          </ns3:TrackPointExtension>
        </extensions>
      </trkpt>
      <trkpt lat="30.54546372033655643463134765625" lon="104.046582765877246856689453125">
        <ele>473.399993896484375</ele>
        <time>2026-09-19T13:32:35.000Z</time>
        <extensions>
          <ns3:TrackPointExtension>
            <ns3:hr>163</ns3:hr>
            <ns3:cad>91</ns3:cad>
          </ns3:TrackPointExtension>
        </extensions>
      </trkpt>
      <trkpt lat="30.5454348027706146240234375" lon="104.0465832687914371490478515625">
        <ele>473.399993896484375</ele>
        <time>2026-09-19T13:32:36.000Z</time>
        <extensions>
          <ns3:TrackPointExtension>
            <ns3:hr>164</ns3:hr>
            <ns3:cad>92</ns3:cad>
          </ns3:TrackPointExtension>
        </extensions>
      </trkpt>
      <trkpt lat="30.54540454410016536712646484375" lon="104.04658251442015171051025390625">
        <ele>473.399993896484375</ele>
        <time>2026-09-19T13:32:37.000Z</time>
        <extensions>
          <ns3:TrackPointExtension>
            <ns3:hr>164</ns3:hr>
            <ns3:cad>92</ns3:cad>
          </ns3:TrackPointExtension>
        </extensions>
      </trkpt>
      <trkpt lat="30.5453769676387310028076171875" lon="104.0465815924108028411865234375">
        <ele>473.399993896484375</ele>
        <time>2026-09-19T13:32:38.000Z</time>
        <extensions>
          <ns3:TrackPointExtension>
            <ns3:hr>164</ns3:hr>
            <ns3:cad>91</ns3:cad>
          </ns3:TrackPointExtension>
        </extensions>
      </trkpt>
      <trkpt lat="30.54534452967345714569091796875" lon="104.04657815583050251007080078125">
        <ele>473.399993896484375</ele>
        <time>2026-09-19T13:32:39.000Z</time>
        <extensions>
          <ns3:TrackPointExtension>
            <ns3:hr>165</ns3:hr>
            <ns3:cad>91</ns3:cad>
          </ns3:TrackPointExtension>
        </extensions>
      </trkpt>
      <trkpt lat="30.54531871341168880462646484375" lon="104.0465792454779148101806640625">
        <ele>473.399993896484375</ele>
        <time>2026-09-19T13:32:40.000Z</time>
        <extensions>
          <ns3:TrackPointExtension>
            <ns3:hr>165</ns3:hr>
            <ns3:cad>93</ns3:cad>
          </ns3:TrackPointExtension>
        </extensions>
      </trkpt>
      <trkpt lat="30.54528552107512950897216796875" lon="104.0465742163360118865966796875">
        <ele>473.399993896484375</ele>
        <time>2026-09-19T13:32:41.000Z</time>
        <extensions>
          <ns3:TrackPointExtension>
            <ns3:hr>165</ns3:hr>
            <ns3:cad>93</ns3:cad>
          </ns3:TrackPointExtension>
        </extensions>
      </trkpt>
      <trkpt lat="30.54525936953723430633544921875" lon="104.0465708635747432708740234375">
        <ele>473.399993896484375</ele>
        <time>2026-09-19T13:32:42.000Z</time>
        <extensions>
          <ns3:TrackPointExtension>
            <ns3:hr>165</ns3:hr>
            <ns3:cad>93</ns3:cad>
          </ns3:TrackPointExtension>
        </extensions>
      </trkpt>
      <trkpt lat="30.5452264286577701568603515625" lon="104.04656642116606235504150390625">
        <ele>473.399993896484375</ele>
        <time>2026-09-19T13:32:43.000Z</time>
        <extensions>
          <ns3:TrackPointExtension>
            <ns3:hr>165</ns3:hr>
            <ns3:cad>92</ns3:cad>
          </ns3:TrackPointExtension>
        </extensions>
      </trkpt>
      <trkpt lat="30.545197091996669769287109375" lon="104.04656432569026947021484375">
        <ele>473.399993896484375</ele>
        <time>2026-09-19T13:32:44.000Z</time>
        <extensions>
          <ns3:TrackPointExtension>
            <ns3:hr>165</ns3:hr>
            <ns3:cad>92</ns3:cad>
          </ns3:TrackPointExtension>
        </extensions>
      </trkpt>
      <trkpt lat="30.54516582749783992767333984375" lon="104.04656675644218921661376953125">
        <ele>473.399993896484375</ele>
        <time>2026-09-19T13:32:45.000Z</time>
        <extensions>
          <ns3:TrackPointExtension>
            <ns3:hr>165</ns3:hr>
            <ns3:cad>92</ns3:cad>
          </ns3:TrackPointExtension>
        </extensions>
      </trkpt>
      <trkpt lat="30.54514068178832530975341796875" lon="104.04657362960278987884521484375">
        <ele>473.399993896484375</ele>
        <time>2026-09-19T13:32:46.000Z</time>
        <extensions>
          <ns3:TrackPointExtension>
            <ns3:hr>165</ns3:hr>
            <ns3:cad>91</ns3:cad>
          </ns3:TrackPointExtension>
        </extensions>
      </trkpt>
      <trkpt lat="30.54511436261236667633056640625" lon="104.04657664708793163299560546875">
        <ele>473.399993896484375</ele>
        <time>2026-09-19T13:32:47.000Z</time>
        <extensions>
          <ns3:TrackPointExtension>
            <ns3:hr>165</ns3:hr>
            <ns3:cad>92</ns3:cad>
          </ns3:TrackPointExtension>
        </extensions>
      </trkpt>
      <trkpt lat="30.54509324021637439727783203125" lon="104.04658402316272258758544921875">
        <ele>473.399993896484375</ele>
        <time>2026-09-19T13:32:48.000Z</time>
        <extensions>
          <ns3:TrackPointExtension>
            <ns3:hr>165</ns3:hr>
            <ns3:cad>93</ns3:cad>
          </ns3:TrackPointExtension>
        </extensions>
      </trkpt>
      <trkpt lat="30.54506859742105007171630859375" lon="104.04658972285687923431396484375">
        <ele>473.399993896484375</ele>
        <time>2026-09-19T13:32:49.000Z</time>
        <extensions>
          <ns3:TrackPointExtension>
            <ns3:hr>166</ns3:hr>
            <ns3:cad>94</ns3:cad>
          </ns3:TrackPointExtension>
        </extensions>
      </trkpt>
      <trkpt lat="30.5450447089970111846923828125" lon="104.0465990267693996429443359375">
        <ele>473.600006103515625</ele>
        <time>2026-09-19T13:32:50.000Z</time>
        <extensions>
          <ns3:TrackPointExtension>
            <ns3:hr>166</ns3:hr>
            <ns3:cad>93</ns3:cad>
          </ns3:TrackPointExtension>
        </extensions>
      </trkpt>
      <trkpt lat="30.545017719268798828125" lon="104.046602211892604827880859375">
        <ele>473.600006103515625</ele>
        <time>2026-09-19T13:32:51.000Z</time>
        <extensions>
          <ns3:TrackPointExtension>
            <ns3:hr>166</ns3:hr>
            <ns3:cad>93</ns3:cad>
          </ns3:TrackPointExtension>
        </extensions>
      </trkpt>
      <trkpt lat="30.54498930461704730987548828125" lon="104.0466037206351757049560546875">
        <ele>473.600006103515625</ele>
        <time>2026-09-19T13:32:52.000Z</time>
        <extensions>
          <ns3:TrackPointExtension>
            <ns3:hr>166</ns3:hr>
            <ns3:cad>93</ns3:cad>
          </ns3:TrackPointExtension>
        </extensions>
      </trkpt>
      <trkpt lat="30.544961392879486083984375" lon="104.04660279862582683563232421875">
        <ele>473.600006103515625</ele>
        <time>2026-09-19T13:32:53.000Z</time>
        <extensions>
          <ns3:TrackPointExtension>
            <ns3:hr>166</ns3:hr>
            <ns3:cad>92</ns3:cad>
          </ns3:TrackPointExtension>
        </extensions>
      </trkpt>
      <trkpt lat="30.5449293740093708038330078125" lon="104.04660095460712909698486328125">
        <ele>473.600006103515625</ele>
        <time>2026-09-19T13:32:54.000Z</time>
        <extensions>
          <ns3:TrackPointExtension>
            <ns3:hr>166</ns3:hr>
            <ns3:cad>93</ns3:cad>
          </ns3:TrackPointExtension>
        </extensions>
      </trkpt>
      <trkpt lat="30.544903390109539031982421875" lon="104.04660078696906566619873046875">
        <ele>473.600006103515625</ele>
        <time>2026-09-19T13:32:55.000Z</time>
        <extensions>
          <ns3:TrackPointExtension>
            <ns3:hr>166</ns3:hr>
            <ns3:cad>93</ns3:cad>
          </ns3:TrackPointExtension>
        </extensions>
      </trkpt>
      <trkpt lat="30.544868521392345428466796875" lon="104.046597518026828765869140625">
        <ele>473.600006103515625</ele>
        <time>2026-09-19T13:32:56.000Z</time>
        <extensions>
          <ns3:TrackPointExtension>
            <ns3:hr>166</ns3:hr>
            <ns3:cad>93</ns3:cad>
          </ns3:TrackPointExtension>
        </extensions>
      </trkpt>
      <trkpt lat="30.54484404623508453369140625" lon="104.0466010384261608123779296875">
        <ele>473.600006103515625</ele>
        <time>2026-09-19T13:32:57.000Z</time>
        <extensions>
          <ns3:TrackPointExtension>
            <ns3:hr>166</ns3:hr>
            <ns3:cad>93</ns3:cad>
          </ns3:TrackPointExtension>
        </extensions>
      </trkpt>
      <trkpt lat="30.54481244646012783050537109375" lon="104.046591483056545257568359375">
        <ele>473.79998779296875</ele>
        <time>2026-09-19T13:32:58.000Z</time>
        <extensions>
          <ns3:TrackPointExtension>
            <ns3:hr>166</ns3:hr>
            <ns3:cad>92</ns3:cad>
          </ns3:TrackPointExtension>
        </extensions>
      </trkpt>
      <trkpt lat="30.54478880949318408966064453125" lon="104.046586789190769195556640625">
        <ele>473.79998779296875</ele>
        <time>2026-09-19T13:32:59.000Z</time>
        <extensions>
          <ns3:TrackPointExtension>
            <ns3:hr>167</ns3:hr>
            <ns3:cad>92</ns3:cad>
          </ns3:TrackPointExtension>
        </extensions>
      </trkpt>
      <trkpt lat="30.54476014338433742523193359375" lon="104.04657346196472644805908203125">
        <ele>473.79998779296875</ele>
        <time>2026-09-19T13:33:00.000Z</time>
        <extensions>
          <ns3:TrackPointExtension>
            <ns3:hr>166</ns3:hr>
            <ns3:cad>91</ns3:cad>
          </ns3:TrackPointExtension>
        </extensions>
      </trkpt>
      <trkpt lat="30.544735752046108245849609375" lon="104.04656792990863323211669921875">
        <ele>473.79998779296875</ele>
        <time>2026-09-19T13:33:01.000Z</time>
        <extensions>
          <ns3:TrackPointExtension>
            <ns3:hr>166</ns3:hr>
            <ns3:cad>91</ns3:cad>
          </ns3:TrackPointExtension>
        </extensions>
      </trkpt>
      <trkpt lat="30.54470599628984928131103515625" lon="104.0465554408729076385498046875">
        <ele>473.79998779296875</ele>
        <time>2026-09-19T13:33:02.000Z</time>
        <extensions>
          <ns3:TrackPointExtension>
            <ns3:hr>166</ns3:hr>
            <ns3:cad>91</ns3:cad>
          </ns3:TrackPointExtension>
        </extensions>
      </trkpt>
      <trkpt lat="30.544679425656795501708984375" lon="104.0465529263019561767578125">
        <ele>473.79998779296875</ele>
        <time>2026-09-19T13:33:03.000Z</time>
        <extensions>
          <ns3:TrackPointExtension>
            <ns3:hr>166</ns3:hr>
            <ns3:cad>92</ns3:cad>
          </ns3:TrackPointExtension>
        </extensions>
      </trkpt>
      <trkpt lat="30.54465151391923427581787109375" lon="104.04654018580913543701171875">
        <ele>473.79998779296875</ele>
        <time>2026-09-19T13:33:04.000Z</time>
        <extensions>
          <ns3:TrackPointExtension>
            <ns3:hr>166</ns3:hr>
            <ns3:cad>92</ns3:cad>
          </ns3:TrackPointExtension>
        </extensions>
      </trkpt>
      <trkpt lat="30.544625110924243927001953125" lon="104.04653658159077167510986328125">
        <ele>473.79998779296875</ele>
        <time>2026-09-19T13:33:05.000Z</time>
        <extensions>
          <ns3:TrackPointExtension>
            <ns3:hr>165</ns3:hr>
            <ns3:cad>92</ns3:cad>
          </ns3:TrackPointExtension>
        </extensions>
      </trkpt>
      <trkpt lat="30.5445977859199047088623046875" lon="104.04653348028659820556640625">
        <ele>473.79998779296875</ele>
        <time>2026-09-19T13:33:06.000Z</time>
        <extensions>
          <ns3:TrackPointExtension>
            <ns3:hr>165</ns3:hr>
            <ns3:cad>92</ns3:cad>
          </ns3:TrackPointExtension>
        </extensions>
      </trkpt>
      <trkpt lat="30.54457088001072406768798828125" lon="104.04653004370629787445068359375">
        <ele>473.79998779296875</ele>
        <time>2026-09-19T13:33:07.000Z</time>
        <extensions>
          <ns3:TrackPointExtension>
            <ns3:hr>165</ns3:hr>
            <ns3:cad>92</ns3:cad>
          </ns3:TrackPointExtension>
        </extensions>
      </trkpt>
      <trkpt lat="30.54454858414828777313232421875" lon="104.04653322882950305938720703125">
        <ele>473.600006103515625</ele>
        <time>2026-09-19T13:33:08.000Z</time>
        <extensions>
          <ns3:TrackPointExtension>
            <ns3:hr>165</ns3:hr>
            <ns3:cad>92</ns3:cad>
          </ns3:TrackPointExtension>
        </extensions>
      </trkpt>
      <trkpt lat="30.54452042095363140106201171875" lon="104.0465299598872661590576171875">
        <ele>473.600006103515625</ele>
        <time>2026-09-19T13:33:09.000Z</time>
        <extensions>
          <ns3:TrackPointExtension>
            <ns3:hr>165</ns3:hr>
            <ns3:cad>92</ns3:cad>
          </ns3:TrackPointExtension>
        </extensions>
      </trkpt>
      <trkpt lat="30.544497035443782806396484375" lon="104.0465314686298370361328125">
        <ele>473.399993896484375</ele>
        <time>2026-09-19T13:33:10.000Z</time>
        <extensions>
          <ns3:TrackPointExtension>
            <ns3:hr>164</ns3:hr>
            <ns3:cad>93</ns3:cad>
          </ns3:TrackPointExtension>
        </extensions>
      </trkpt>
      <trkpt lat="30.54446727968752384185791015625" lon="104.04652811586856842041015625">
        <ele>473.399993896484375</ele>
        <time>2026-09-19T13:33:11.000Z</time>
        <extensions>
          <ns3:TrackPointExtension>
            <ns3:hr>164</ns3:hr>
            <ns3:cad>92</ns3:cad>
          </ns3:TrackPointExtension>
        </extensions>
      </trkpt>
      <trkpt lat="30.544448085129261016845703125" lon="104.04652937315404415130615234375">
        <ele>473.399993896484375</ele>
        <time>2026-09-19T13:33:12.000Z</time>
        <extensions>
          <ns3:TrackPointExtension>
            <ns3:hr>164</ns3:hr>
            <ns3:cad>93</ns3:cad>
          </ns3:TrackPointExtension>
        </extensions>
      </trkpt>
      <trkpt lat="30.54441799409687519073486328125" lon="104.04652409255504608154296875">
        <ele>473.399993896484375</ele>
        <time>2026-09-19T13:33:13.000Z</time>
        <extensions>
          <ns3:TrackPointExtension>
            <ns3:hr>164</ns3:hr>
            <ns3:cad>93</ns3:cad>
          </ns3:TrackPointExtension>
        </extensions>
      </trkpt>
      <trkpt lat="30.5443966202437877655029296875" lon="104.046527110040187835693359375">
        <ele>473.399993896484375</ele>
        <time>2026-09-19T13:33:14.000Z</time>
        <extensions>
          <ns3:TrackPointExtension>
            <ns3:hr>164</ns3:hr>
            <ns3:cad>93</ns3:cad>
          </ns3:TrackPointExtension>
        </extensions>
      </trkpt>
      <trkpt lat="30.54436753503978252410888671875" lon="104.04652409255504608154296875">
        <ele>473.20001220703125</ele>
        <time>2026-09-19T13:33:15.000Z</time>
        <extensions>
          <ns3:TrackPointExtension>
            <ns3:hr>163</ns3:hr>
            <ns3:cad>91</ns3:cad>
          </ns3:TrackPointExtension>
        </extensions>
      </trkpt>
      <trkpt lat="30.54434557445347309112548828125" lon="104.04652937315404415130615234375">
        <ele>473.20001220703125</ele>
        <time>2026-09-19T13:33:16.000Z</time>
        <extensions>
          <ns3:TrackPointExtension>
            <ns3:hr>162</ns3:hr>
            <ns3:cad>91</ns3:cad>
          </ns3:TrackPointExtension>
        </extensions>
      </trkpt>
      <trkpt lat="30.54431430995464324951171875" lon="104.04652317054569721221923828125">
        <ele>473</ele>
        <time>2026-09-19T13:33:17.000Z</time>
        <extensions>
          <ns3:TrackPointExtension>
            <ns3:hr>161</ns3:hr>
            <ns3:cad>91</ns3:cad>
          </ns3:TrackPointExtension>
        </extensions>
      </trkpt>
      <trkpt lat="30.54428882896900177001953125" lon="104.04652384109795093536376953125">
        <ele>473</ele>
        <time>2026-09-19T13:33:18.000Z</time>
        <extensions>
          <ns3:TrackPointExtension>
            <ns3:hr>161</ns3:hr>
            <ns3:cad>93</ns3:cad>
          </ns3:TrackPointExtension>
        </extensions>
      </trkpt>
      <trkpt lat="30.5442574806511402130126953125" lon="104.04651663266122341156005859375">
        <ele>472.79998779296875</ele>
        <time>2026-09-19T13:33:19.000Z</time>
        <extensions>
          <ns3:TrackPointExtension>
            <ns3:hr>160</ns3:hr>
            <ns3:cad>93</ns3:cad>
          </ns3:TrackPointExtension>
        </extensions>
      </trkpt>
      <trkpt lat="30.54423225112259387969970703125" lon="104.04650892131030559539794921875">
        <ele>472.79998779296875</ele>
        <time>2026-09-19T13:33:20.000Z</time>
        <extensions>
          <ns3:TrackPointExtension>
            <ns3:hr>160</ns3:hr>
            <ns3:cad>92</ns3:cad>
          </ns3:TrackPointExtension>
        </extensions>
      </trkpt>
      <trkpt lat="30.54420643486082553863525390625" lon="104.0464981086552143096923828125">
        <ele>472.600006103515625</ele>
        <time>2026-09-19T13:33:21.000Z</time>
        <extensions>
          <ns3:TrackPointExtension>
            <ns3:hr>160</ns3:hr>
            <ns3:cad>92</ns3:cad>
          </ns3:TrackPointExtension>
        </extensions>
      </trkpt>
      <trkpt lat="30.54417743347585201263427734375" lon="104.0464840270578861236572265625">
        <ele>472.600006103515625</ele>
        <time>2026-09-19T13:33:22.000Z</time>
        <extensions>
          <ns3:TrackPointExtension>
            <ns3:hr>161</ns3:hr>
            <ns3:cad>91</ns3:cad>
          </ns3:TrackPointExtension>
        </extensions>
      </trkpt>
      <trkpt lat="30.54415203630924224853515625" lon="104.0464696101844310760498046875">
        <ele>472.399993896484375</ele>
        <time>2026-09-19T13:33:23.000Z</time>
        <extensions>
          <ns3:TrackPointExtension>
            <ns3:hr>161</ns3:hr>
            <ns3:cad>91</ns3:cad>
          </ns3:TrackPointExtension>
        </extensions>
      </trkpt>
      <trkpt lat="30.54412462748587131500244140625" lon="104.0464558638632297515869140625">
        <ele>472.20001220703125</ele>
        <time>2026-09-19T13:33:24.000Z</time>
        <extensions>
          <ns3:TrackPointExtension>
            <ns3:hr>162</ns3:hr>
            <ns3:cad>92</ns3:cad>
          </ns3:TrackPointExtension>
        </extensions>
      </trkpt>
      <trkpt lat="30.544103085994720458984375" lon="104.04644890688359737396240234375">
        <ele>472.20001220703125</ele>
        <time>2026-09-19T13:33:25.000Z</time>
        <extensions>
          <ns3:TrackPointExtension>
            <ns3:hr>162</ns3:hr>
            <ns3:cad>92</ns3:cad>
          </ns3:TrackPointExtension>
        </extensions>
      </trkpt>
      <trkpt lat="30.5440764315426349639892578125" lon="104.0464344061911106109619140625">
        <ele>472</ele>
        <time>2026-09-19T13:33:26.000Z</time>
        <extensions>
          <ns3:TrackPointExtension>
            <ns3:hr>162</ns3:hr>
            <ns3:cad>92</ns3:cad>
          </ns3:TrackPointExtension>
        </extensions>
      </trkpt>
      <trkpt lat="30.5440549738705158233642578125" lon="104.0464310534298419952392578125">
        <ele>472</ele>
        <time>2026-09-19T13:33:27.000Z</time>
        <extensions>
          <ns3:TrackPointExtension>
            <ns3:hr>162</ns3:hr>
            <ns3:cad>92</ns3:cad>
          </ns3:TrackPointExtension>
        </extensions>
      </trkpt>
      <trkpt lat="30.54402236826717853546142578125" lon="104.04641269706189632415771484375">
        <ele>471.79998779296875</ele>
        <time>2026-09-19T13:33:28.000Z</time>
        <extensions>
          <ns3:TrackPointExtension>
            <ns3:hr>162</ns3:hr>
            <ns3:cad>93</ns3:cad>
          </ns3:TrackPointExtension>
        </extensions>
      </trkpt>
      <trkpt lat="30.543997474014759063720703125" lon="104.04640548862516880035400390625">
        <ele>471.600006103515625</ele>
        <time>2026-09-19T13:33:29.000Z</time>
        <extensions>
          <ns3:TrackPointExtension>
            <ns3:hr>162</ns3:hr>
            <ns3:cad>92</ns3:cad>
          </ns3:TrackPointExtension>
        </extensions>
      </trkpt>
      <trkpt lat="30.5439641140401363372802734375" lon="104.0463888086378574371337890625">
        <ele>471.600006103515625</ele>
        <time>2026-09-19T13:33:30.000Z</time>
        <extensions>
          <ns3:TrackPointExtension>
            <ns3:hr>162</ns3:hr>
            <ns3:cad>92</ns3:cad>
          </ns3:TrackPointExtension>
        </extensions>
      </trkpt>
      <trkpt lat="30.54393217898905277252197265625" lon="104.0463727153837680816650390625">
        <ele>471.600006103515625</ele>
        <time>2026-09-19T13:33:31.000Z</time>
        <extensions>
          <ns3:TrackPointExtension>
            <ns3:hr>163</ns3:hr>
            <ns3:cad>92</ns3:cad>
          </ns3:TrackPointExtension>
        </extensions>
      </trkpt>
      <trkpt lat="30.54390686564147472381591796875" lon="104.04635913670063018798828125">
        <ele>471.399993896484375</ele>
        <time>2026-09-19T13:33:32.000Z</time>
        <extensions>
          <ns3:TrackPointExtension>
            <ns3:hr>163</ns3:hr>
            <ns3:cad>92</ns3:cad>
          </ns3:TrackPointExtension>
        </extensions>
      </trkpt>
      <trkpt lat="30.5438759364187717437744140625" lon="104.04634178616106510162353515625">
        <ele>471.600006103515625</ele>
        <time>2026-09-19T13:33:33.000Z</time>
        <extensions>
          <ns3:TrackPointExtension>
            <ns3:hr>163</ns3:hr>
            <ns3:cad>93</ns3:cad>
          </ns3:TrackPointExtension>
        </extensions>
      </trkpt>
      <trkpt lat="30.54385439492762088775634765625" lon="104.04633122496306896209716796875">
        <ele>471.600006103515625</ele>
        <time>2026-09-19T13:33:34.000Z</time>
        <extensions>
          <ns3:TrackPointExtension>
            <ns3:hr>163</ns3:hr>
            <ns3:cad>92</ns3:cad>
          </ns3:TrackPointExtension>
        </extensions>
      </trkpt>
      <trkpt lat="30.54382204078137874603271484375" lon="104.0463153831660747528076171875">
        <ele>471.600006103515625</ele>
        <time>2026-09-19T13:33:35.000Z</time>
        <extensions>
          <ns3:TrackPointExtension>
            <ns3:hr>163</ns3:hr>
            <ns3:cad>92</ns3:cad>
          </ns3:TrackPointExtension>
        </extensions>
      </trkpt>
      <trkpt lat="30.5438013374805450439453125" lon="104.0463103540241718292236328125">
        <ele>471.79998779296875</ele>
        <time>2026-09-19T13:33:36.000Z</time>
        <extensions>
          <ns3:TrackPointExtension>
            <ns3:hr>163</ns3:hr>
            <ns3:cad>92</ns3:cad>
          </ns3:TrackPointExtension>
        </extensions>
      </trkpt>
      <trkpt lat="30.5437691509723663330078125" lon="104.046298451721668243408203125">
        <ele>471.79998779296875</ele>
        <time>2026-09-19T13:33:37.000Z</time>
        <extensions>
          <ns3:TrackPointExtension>
            <ns3:hr>163</ns3:hr>
            <ns3:cad>94</ns3:cad>
          </ns3:TrackPointExtension>
        </extensions>
      </trkpt>
      <trkpt lat="30.54374777711927890777587890625" lon="104.0462952665984630584716796875">
        <ele>471.79998779296875</ele>
        <time>2026-09-19T13:33:38.000Z</time>
        <extensions>
          <ns3:TrackPointExtension>
            <ns3:hr>164</ns3:hr>
            <ns3:cad>94</ns3:cad>
          </ns3:TrackPointExtension>
        </extensions>
      </trkpt>
      <trkpt lat="30.5437195301055908203125" lon="104.04628227464854717254638671875">
        <ele>472</ele>
        <time>2026-09-19T13:33:39.000Z</time>
        <extensions>
          <ns3:TrackPointExtension>
            <ns3:hr>163</ns3:hr>
            <ns3:cad>94</ns3:cad>
          </ns3:TrackPointExtension>
        </extensions>
      </trkpt>
      <trkpt lat="30.54369329474866390228271484375" lon="104.04628009535372257232666015625">
        <ele>472</ele>
        <time>2026-09-19T13:33:40.000Z</time>
        <extensions>
          <ns3:TrackPointExtension>
            <ns3:hr>163</ns3:hr>
            <ns3:cad>93</ns3:cad>
          </ns3:TrackPointExtension>
        </extensions>
      </trkpt>
      <trkpt lat="30.54365892894566059112548828125" lon="104.0462741442024707794189453125">
        <ele>472.20001220703125</ele>
        <time>2026-09-19T13:33:41.000Z</time>
        <extensions>
          <ns3:TrackPointExtension>
            <ns3:hr>164</ns3:hr>
            <ns3:cad>92</ns3:cad>
          </ns3:TrackPointExtension>
        </extensions>
      </trkpt>
      <trkpt lat="30.54363311268389225006103515625" lon="104.0462751500308513641357421875">
        <ele>472.399993896484375</ele>
        <time>2026-09-19T13:33:42.000Z</time>
        <extensions>
          <ns3:TrackPointExtension>
            <ns3:hr>164</ns3:hr>
            <ns3:cad>92</ns3:cad>
          </ns3:TrackPointExtension>
        </extensions>
      </trkpt>
      <trkpt lat="30.5436055362224578857421875" lon="104.04626936651766300201416015625">
        <ele>472.399993896484375</ele>
        <time>2026-09-19T13:33:43.000Z</time>
        <extensions>
          <ns3:TrackPointExtension>
            <ns3:hr>164</ns3:hr>
            <ns3:cad>93</ns3:cad>
          </ns3:TrackPointExtension>
        </extensions>
      </trkpt>
      <trkpt lat="30.54358265362679958343505859375" lon="104.04626852832734584808349609375">
        <ele>472.600006103515625</ele>
        <time>2026-09-19T13:33:44.000Z</time>
        <extensions>
          <ns3:TrackPointExtension>
            <ns3:hr>164</ns3:hr>
            <ns3:cad>94</ns3:cad>
          </ns3:TrackPointExtension>
        </extensions>
      </trkpt>
      <trkpt lat="30.54356731474399566650390625" lon="104.0462659299373626708984375">
        <ele>472.600006103515625</ele>
        <time>2026-09-19T13:33:45.000Z</time>
        <extensions>
          <ns3:TrackPointExtension>
            <ns3:hr>164</ns3:hr>
            <ns3:cad>94</ns3:cad>
          </ns3:TrackPointExtension>
        </extensions>
      </trkpt>
      <trkpt lat="30.54353781044483184814453125" lon="104.046264253556728363037109375">
        <ele>472.79998779296875</ele>
        <time>2026-09-19T13:33:46.000Z</time>
        <extensions>
          <ns3:TrackPointExtension>
            <ns3:hr>164</ns3:hr>
            <ns3:cad>94</ns3:cad>
          </ns3:TrackPointExtension>
        </extensions>
      </trkpt>
      <trkpt lat="30.54351844824850559234619140625" lon="104.046265594661235809326171875">
        <ele>472.79998779296875</ele>
        <time>2026-09-19T13:33:47.000Z</time>
        <extensions>
          <ns3:TrackPointExtension>
            <ns3:hr>164</ns3:hr>
            <ns3:cad>92</ns3:cad>
          </ns3:TrackPointExtension>
        </extensions>
      </trkpt>
      <trkpt lat="30.5434890277683734893798828125" lon="104.0462672710418701171875">
        <ele>473</ele>
        <time>2026-09-19T13:33:48.000Z</time>
        <extensions>
          <ns3:TrackPointExtension>
            <ns3:hr>164</ns3:hr>
            <ns3:cad>92</ns3:cad>
          </ns3:TrackPointExtension>
        </extensions>
      </trkpt>
      <trkpt lat="30.54347000084817409515380859375" lon="104.04627556912600994110107421875">
        <ele>473</ele>
        <time>2026-09-19T13:33:49.000Z</time>
        <extensions>
          <ns3:TrackPointExtension>
            <ns3:hr>164</ns3:hr>
            <ns3:cad>93</ns3:cad>
          </ns3:TrackPointExtension>
        </extensions>
      </trkpt>
      <trkpt lat="30.54344301111996173858642578125" lon="104.04628428630530834197998046875">
        <ele>473.20001220703125</ele>
        <time>2026-09-19T13:33:50.000Z</time>
        <extensions>
          <ns3:TrackPointExtension>
            <ns3:hr>163</ns3:hr>
            <ns3:cad>93</ns3:cad>
          </ns3:TrackPointExtension>
        </extensions>
      </trkpt>
      <trkpt lat="30.54342448711395263671875" lon="104.0462939254939556121826171875">
        <ele>473.20001220703125</ele>
        <time>2026-09-19T13:33:51.000Z</time>
        <extensions>
          <ns3:TrackPointExtension>
            <ns3:hr>164</ns3:hr>
            <ns3:cad>93</ns3:cad>
          </ns3:TrackPointExtension>
        </extensions>
      </trkpt>
      <trkpt lat="30.543393976986408233642578125" lon="104.04630507342517375946044921875">
        <ele>473.20001220703125</ele>
        <time>2026-09-19T13:33:52.000Z</time>
        <extensions>
          <ns3:TrackPointExtension>
            <ns3:hr>164</ns3:hr>
            <ns3:cad>92</ns3:cad>
          </ns3:TrackPointExtension>
        </extensions>
      </trkpt>
      <trkpt lat="30.54337696172297000885009765625" lon="104.0463200770318508148193359375">
        <ele>473.399993896484375</ele>
        <time>2026-09-19T13:33:53.000Z</time>
        <extensions>
          <ns3:TrackPointExtension>
            <ns3:hr>164</ns3:hr>
            <ns3:cad>92</ns3:cad>
          </ns3:TrackPointExtension>
        </extensions>
      </trkpt>
      <trkpt lat="30.54334737360477447509765625" lon="104.04633239842951297760009765625">
        <ele>473.399993896484375</ele>
        <time>2026-09-19T13:33:54.000Z</time>
        <extensions>
          <ns3:TrackPointExtension>
            <ns3:hr>164</ns3:hr>
            <ns3:cad>93</ns3:cad>
          </ns3:TrackPointExtension>
        </extensions>
      </trkpt>
      <trkpt lat="30.5433274246752262115478515625" lon="104.04634530656039714813232421875">
        <ele>473.600006103515625</ele>
        <time>2026-09-19T13:33:55.000Z</time>
        <extensions>
          <ns3:TrackPointExtension>
            <ns3:hr>164</ns3:hr>
            <ns3:cad>93</ns3:cad>
          </ns3:TrackPointExtension>
        </extensions>
      </trkpt>
      <trkpt lat="30.5433016084134578704833984375" lon="104.0463532693684101104736328125">
        <ele>473.600006103515625</ele>
        <time>2026-09-19T13:33:56.000Z</time>
        <extensions>
          <ns3:TrackPointExtension>
            <ns3:hr>164</ns3:hr>
            <ns3:cad>92</ns3:cad>
          </ns3:TrackPointExtension>
        </extensions>
      </trkpt>
      <trkpt lat="30.54328241385519504547119140625" lon="104.04636324383318424224853515625">
        <ele>473.79998779296875</ele>
        <time>2026-09-19T13:33:57.000Z</time>
        <extensions>
          <ns3:TrackPointExtension>
            <ns3:hr>164</ns3:hr>
            <ns3:cad>92</ns3:cad>
          </ns3:TrackPointExtension>
        </extensions>
      </trkpt>
      <trkpt lat="30.54325743578374385833740234375" lon="104.0463713742792606353759765625">
        <ele>473.79998779296875</ele>
        <time>2026-09-19T13:33:58.000Z</time>
        <extensions>
          <ns3:TrackPointExtension>
            <ns3:hr>164</ns3:hr>
            <ns3:cad>92</ns3:cad>
          </ns3:TrackPointExtension>
        </extensions>
      </trkpt>
      <trkpt lat="30.54323161952197551727294921875" lon="104.046380929648876190185546875">
        <ele>474</ele>
        <time>2026-09-19T13:33:59.000Z</time>
        <extensions>
          <ns3:TrackPointExtension>
            <ns3:hr>164</ns3:hr>
            <ns3:cad>91</ns3:cad>
          </ns3:TrackPointExtension>
        </extensions>
      </trkpt>
      <trkpt lat="30.54320848546922206878662109375" lon="104.04639174230396747589111328125">
        <ele>474.20001220703125</ele>
        <time>2026-09-19T13:34:00.000Z</time>
        <extensions>
          <ns3:TrackPointExtension>
            <ns3:hr>165</ns3:hr>
            <ns3:cad>91</ns3:cad>
          </ns3:TrackPointExtension>
        </extensions>
      </trkpt>
      <trkpt lat="30.54318199865520000457763671875" lon="104.04639392159879207611083984375">
        <ele>474.399993896484375</ele>
        <time>2026-09-19T13:34:01.000Z</time>
        <extensions>
          <ns3:TrackPointExtension>
            <ns3:hr>165</ns3:hr>
            <ns3:cad>91</ns3:cad>
          </ns3:TrackPointExtension>
        </extensions>
      </trkpt>
      <trkpt lat="30.5431629717350006103515625" lon="104.0464059077203273773193359375">
        <ele>474.600006103515625</ele>
        <time>2026-09-19T13:34:02.000Z</time>
        <extensions>
          <ns3:TrackPointExtension>
            <ns3:hr>165</ns3:hr>
            <ns3:cad>91</ns3:cad>
          </ns3:TrackPointExtension>
        </extensions>
      </trkpt>
      <trkpt lat="30.54313371889293193817138671875" lon="104.04641135595738887786865234375">
        <ele>474.600006103515625</ele>
        <time>2026-09-19T13:34:03.000Z</time>
        <extensions>
          <ns3:TrackPointExtension>
            <ns3:hr>165</ns3:hr>
            <ns3:cad>92</ns3:cad>
          </ns3:TrackPointExtension>
        </extensions>
      </trkpt>
      <trkpt lat="30.54311594925820827484130859375" lon="104.04642174951732158660888671875">
        <ele>474.79998779296875</ele>
        <time>2026-09-19T13:34:04.000Z</time>
        <extensions>
          <ns3:TrackPointExtension>
            <ns3:hr>165</ns3:hr>
            <ns3:cad>92</ns3:cad>
          </ns3:TrackPointExtension>
        </extensions>
      </trkpt>
      <trkpt lat="30.5430851876735687255859375" lon="104.046425856649875640869140625">
        <ele>474.79998779296875</ele>
        <time>2026-09-19T13:34:05.000Z</time>
        <extensions>
          <ns3:TrackPointExtension>
            <ns3:hr>166</ns3:hr>
            <ns3:cad>92</ns3:cad>
          </ns3:TrackPointExtension>
        </extensions>
      </trkpt>
      <trkpt lat="30.54306498728692531585693359375" lon="104.046436250209808349609375">
        <ele>474.79998779296875</ele>
        <time>2026-09-19T13:34:06.000Z</time>
        <extensions>
          <ns3:TrackPointExtension>
            <ns3:hr>166</ns3:hr>
            <ns3:cad>92</ns3:cad>
          </ns3:TrackPointExtension>
        </extensions>
      </trkpt>
      <trkpt lat="30.54303330369293689727783203125" lon="104.04643968679010868072509765625">
        <ele>475</ele>
        <time>2026-09-19T13:34:07.000Z</time>
        <extensions>
          <ns3:TrackPointExtension>
            <ns3:hr>166</ns3:hr>
            <ns3:cad>92</ns3:cad>
          </ns3:TrackPointExtension>
        </extensions>
      </trkpt>
      <trkpt lat="30.543014444410800933837890625" lon="104.04644572176039218902587890625">
        <ele>474.79998779296875</ele>
        <time>2026-09-19T13:34:08.000Z</time>
        <extensions>
          <ns3:TrackPointExtension>
            <ns3:hr>166</ns3:hr>
            <ns3:cad>92</ns3:cad>
          </ns3:TrackPointExtension>
        </extensions>
      </trkpt>
      <trkpt lat="30.5429864488542079925537109375" lon="104.04643985442817211151123046875">
        <ele>475</ele>
        <time>2026-09-19T13:34:09.000Z</time>
        <extensions>
          <ns3:TrackPointExtension>
            <ns3:hr>166</ns3:hr>
            <ns3:cad>91</ns3:cad>
          </ns3:TrackPointExtension>
        </extensions>
      </trkpt>
      <trkpt lat="30.5429649911820888519287109375" lon="104.04644236899912357330322265625">
        <ele>475</ele>
        <time>2026-09-19T13:34:10.000Z</time>
        <extensions>
          <ns3:TrackPointExtension>
            <ns3:hr>167</ns3:hr>
            <ns3:cad>91</ns3:cad>
          </ns3:TrackPointExtension>
        </extensions>
      </trkpt>
      <trkpt lat="30.5429358221590518951416015625" lon="104.04643666930496692657470703125">
        <ele>475</ele>
        <time>2026-09-19T13:34:11.000Z</time>
        <extensions>
          <ns3:TrackPointExtension>
            <ns3:hr>167</ns3:hr>
            <ns3:cad>93</ns3:cad>
          </ns3:TrackPointExtension>
        </extensions>
      </trkpt>
      <trkpt lat="30.54291126318275928497314453125" lon="104.04643717221915721893310546875">
        <ele>475</ele>
        <time>2026-09-19T13:34:12.000Z</time>
        <extensions>
          <ns3:TrackPointExtension>
            <ns3:hr>167</ns3:hr>
            <ns3:cad>93</ns3:cad>
          </ns3:TrackPointExtension>
        </extensions>
      </trkpt>
      <trkpt lat="30.54288276471197605133056640625" lon="104.04643298126757144927978515625">
        <ele>475.20001220703125</ele>
        <time>2026-09-19T13:34:13.000Z</time>
        <extensions>
          <ns3:TrackPointExtension>
            <ns3:hr>167</ns3:hr>
            <ns3:cad>93</ns3:cad>
          </ns3:TrackPointExtension>
        </extensions>
      </trkpt>
      <trkpt lat="30.54285761900246143341064453125" lon="104.04643113724887371063232421875">
        <ele>475</ele>
        <time>2026-09-19T13:34:14.000Z</time>
        <extensions>
          <ns3:TrackPointExtension>
            <ns3:hr>167</ns3:hr>
            <ns3:cad>92</ns3:cad>
          </ns3:TrackPointExtension>
        </extensions>
      </trkpt>
      <trkpt lat="30.5428335629403591156005859375" lon="104.04642677865922451019287109375">
        <ele>475</ele>
        <time>2026-09-19T13:34:15.000Z</time>
        <extensions>
          <ns3:TrackPointExtension>
            <ns3:hr>167</ns3:hr>
            <ns3:cad>92</ns3:cad>
          </ns3:TrackPointExtension>
        </extensions>
      </trkpt>
      <trkpt lat="30.54280783049762248992919921875" lon="104.04642359353601932525634765625">
        <ele>475</ele>
        <time>2026-09-19T13:34:16.000Z</time>
        <extensions>
          <ns3:TrackPointExtension>
            <ns3:hr>167</ns3:hr>
            <ns3:cad>92</ns3:cad>
          </ns3:TrackPointExtension>
        </extensions>
      </trkpt>
      <trkpt lat="30.5427886359393596649169921875" lon="104.046423844993114471435546875">
        <ele>475</ele>
        <time>2026-09-19T13:34:17.000Z</time>
        <extensions>
          <ns3:TrackPointExtension>
            <ns3:hr>167</ns3:hr>
            <ns3:cad>92</ns3:cad>
          </ns3:TrackPointExtension>
        </extensions>
      </trkpt>
      <trkpt lat="30.54275871254503726959228515625" lon="104.04641822911798954010009765625">
        <ele>475</ele>
        <time>2026-09-19T13:34:18.000Z</time>
        <extensions>
          <ns3:TrackPointExtension>
            <ns3:hr>167</ns3:hr>
            <ns3:cad>92</ns3:cad>
          </ns3:TrackPointExtension>
        </extensions>
      </trkpt>
      <trkpt lat="30.54273490794003009796142578125" lon="104.04642040841281414031982421875">
        <ele>475</ele>
        <time>2026-09-19T13:34:19.000Z</time>
        <extensions>
          <ns3:TrackPointExtension>
            <ns3:hr>167</ns3:hr>
            <ns3:cad>92</ns3:cad>
          </ns3:TrackPointExtension>
        </extensions>
      </trkpt>
      <trkpt lat="30.54269819520413875579833984375" lon="104.04641118831932544708251953125">
        <ele>475</ele>
        <time>2026-09-19T13:34:20.000Z</time>
        <extensions>
          <ns3:TrackPointExtension>
            <ns3:hr>167</ns3:hr>
            <ns3:cad>92</ns3:cad>
          </ns3:TrackPointExtension>
        </extensions>
      </trkpt>
      <trkpt lat="30.54266969673335552215576171875" lon="104.0464075841009616851806640625">
        <ele>474.79998779296875</ele>
        <time>2026-09-19T13:34:21.000Z</time>
        <extensions>
          <ns3:TrackPointExtension>
            <ns3:hr>167</ns3:hr>
            <ns3:cad>92</ns3:cad>
          </ns3:TrackPointExtension>
        </extensions>
      </trkpt>
      <trkpt lat="30.542638264596462249755859375" lon="104.04639811255037784576416015625">
        <ele>474.79998779296875</ele>
        <time>2026-09-19T13:34:22.000Z</time>
        <extensions>
          <ns3:TrackPointExtension>
            <ns3:hr>167</ns3:hr>
            <ns3:cad>93</ns3:cad>
          </ns3:TrackPointExtension>
        </extensions>
      </trkpt>
      <trkpt lat="30.54261538200080394744873046875" lon="104.0463981963694095611572265625">
        <ele>474.79998779296875</ele>
        <time>2026-09-19T13:34:23.000Z</time>
        <extensions>
          <ns3:TrackPointExtension>
            <ns3:hr>167</ns3:hr>
            <ns3:cad>93</ns3:cad>
          </ns3:TrackPointExtension>
        </extensions>
      </trkpt>
      <trkpt lat="30.542584955692291259765625" lon="104.046399705111980438232421875">
        <ele>474.600006103515625</ele>
        <time>2026-09-19T13:34:24.000Z</time>
        <extensions>
          <ns3:TrackPointExtension>
            <ns3:hr>167</ns3:hr>
            <ns3:cad>93</ns3:cad>
          </ns3:TrackPointExtension>
        </extensions>
      </trkpt>
      <trkpt lat="30.54256416857242584228515625" lon="104.04639995656907558441162109375">
        <ele>474.600006103515625</ele>
        <time>2026-09-19T13:34:25.000Z</time>
        <extensions>
          <ns3:TrackPointExtension>
            <ns3:hr>167</ns3:hr>
            <ns3:cad>93</ns3:cad>
          </ns3:TrackPointExtension>
        </extensions>
      </trkpt>
      <trkpt lat="30.542531646788120269775390625" lon="104.0463935025036334991455078125">
        <ele>474.600006103515625</ele>
        <time>2026-09-19T13:34:26.000Z</time>
        <extensions>
          <ns3:TrackPointExtension>
            <ns3:hr>166</ns3:hr>
            <ns3:cad>93</ns3:cad>
          </ns3:TrackPointExtension>
        </extensions>
      </trkpt>
      <trkpt lat="30.5425036512315273284912109375" lon="104.04639090411365032196044921875">
        <ele>474.600006103515625</ele>
        <time>2026-09-19T13:34:27.000Z</time>
        <extensions>
          <ns3:TrackPointExtension>
            <ns3:hr>166</ns3:hr>
            <ns3:cad>93</ns3:cad>
          </ns3:TrackPointExtension>
        </extensions>
      </trkpt>
      <trkpt lat="30.54248043335974216461181640625" lon="104.0463871322572231292724609375">
        <ele>474.399993896484375</ele>
        <time>2026-09-19T13:34:28.000Z</time>
        <extensions>
          <ns3:TrackPointExtension>
            <ns3:hr>166</ns3:hr>
            <ns3:cad>93</ns3:cad>
          </ns3:TrackPointExtension>
        </extensions>
      </trkpt>
      <trkpt lat="30.54245327599346637725830078125" lon="104.04638461768627166748046875">
        <ele>474.399993896484375</ele>
        <time>2026-09-19T13:34:29.000Z</time>
        <extensions>
          <ns3:TrackPointExtension>
            <ns3:hr>166</ns3:hr>
            <ns3:cad>93</ns3:cad>
          </ns3:TrackPointExtension>
        </extensions>
      </trkpt>
      <trkpt lat="30.542439110577106475830078125" lon="104.04638201929628849029541015625">
        <ele>474.399993896484375</ele>
        <time>2026-09-19T13:34:30.000Z</time>
        <extensions>
          <ns3:TrackPointExtension>
            <ns3:hr>166</ns3:hr>
            <ns3:cad>93</ns3:cad>
          </ns3:TrackPointExtension>
        </extensions>
      </trkpt>
      <trkpt lat="30.54241170175373554229736328125" lon="104.04637564904987812042236328125">
        <ele>474.399993896484375</ele>
        <time>2026-09-19T13:34:31.000Z</time>
        <extensions>
          <ns3:TrackPointExtension>
            <ns3:hr>166</ns3:hr>
            <ns3:cad>93</ns3:cad>
          </ns3:TrackPointExtension>
        </extensions>
      </trkpt>
      <trkpt lat="30.5423913337290287017822265625" lon="104.04637833125889301300048828125">
        <ele>474.399993896484375</ele>
        <time>2026-09-19T13:34:32.000Z</time>
        <extensions>
          <ns3:TrackPointExtension>
            <ns3:hr>166</ns3:hr>
            <ns3:cad>93</ns3:cad>
          </ns3:TrackPointExtension>
        </extensions>
      </trkpt>
      <trkpt lat="30.5423588119447231292724609375" lon="104.04637933708727359771728515625">
        <ele>474.399993896484375</ele>
        <time>2026-09-19T13:34:33.000Z</time>
        <extensions>
          <ns3:TrackPointExtension>
            <ns3:hr>166</ns3:hr>
            <ns3:cad>92</ns3:cad>
          </ns3:TrackPointExtension>
        </extensions>
      </trkpt>
      <trkpt lat="30.54233877919614315032958984375" lon="104.0463847853243350982666015625">
        <ele>474.399993896484375</ele>
        <time>2026-09-19T13:34:34.000Z</time>
        <extensions>
          <ns3:TrackPointExtension>
            <ns3:hr>166</ns3:hr>
            <ns3:cad>92</ns3:cad>
          </ns3:TrackPointExtension>
        </extensions>
      </trkpt>
      <trkpt lat="30.54230290465056896209716796875" lon="104.0463844500482082366943359375">
        <ele>474.399993896484375</ele>
        <time>2026-09-19T13:34:35.000Z</time>
        <extensions>
          <ns3:TrackPointExtension>
            <ns3:hr>166</ns3:hr>
            <ns3:cad>93</ns3:cad>
          </ns3:TrackPointExtension>
        </extensions>
      </trkpt>
      <trkpt lat="30.542274825274944305419921875" lon="104.0463898144662380218505859375">
        <ele>474.20001220703125</ele>
        <time>2026-09-19T13:34:36.000Z</time>
        <extensions>
          <ns3:TrackPointExtension>
            <ns3:hr>166</ns3:hr>
            <ns3:cad>94</ns3:cad>
          </ns3:TrackPointExtension>
        </extensions>
      </trkpt>
      <trkpt lat="30.542246997356414794921875" lon="104.046385288238525390625">
        <ele>474.20001220703125</ele>
        <time>2026-09-19T13:34:37.000Z</time>
        <extensions>
          <ns3:TrackPointExtension>
            <ns3:hr>166</ns3:hr>
            <ns3:cad>93</ns3:cad>
          </ns3:TrackPointExtension>
        </extensions>
      </trkpt>
      <trkpt lat="30.54222495295107364654541015625" lon="104.04639308340847492218017578125">
        <ele>474.20001220703125</ele>
        <time>2026-09-19T13:34:38.000Z</time>
        <extensions>
          <ns3:TrackPointExtension>
            <ns3:hr>165</ns3:hr>
            <ns3:cad>93</ns3:cad>
          </ns3:TrackPointExtension>
        </extensions>
      </trkpt>
      <trkpt lat="30.5421962030231952667236328125" lon="104.04639224521815776824951171875">
        <ele>474.20001220703125</ele>
        <time>2026-09-19T13:34:39.000Z</time>
        <extensions>
          <ns3:TrackPointExtension>
            <ns3:hr>166</ns3:hr>
            <ns3:cad>93</ns3:cad>
          </ns3:TrackPointExtension>
        </extensions>
      </trkpt>
      <trkpt lat="30.54216795600950717926025390625" lon="104.04638939537107944488525390625">
        <ele>474.20001220703125</ele>
        <time>2026-09-19T13:34:40.000Z</time>
        <extensions>
          <ns3:TrackPointExtension>
            <ns3:hr>166</ns3:hr>
            <ns3:cad>92</ns3:cad>
          </ns3:TrackPointExtension>
        </extensions>
      </trkpt>
      <trkpt lat="30.5421418882906436920166015625" lon="104.0463871322572231292724609375">
        <ele>474.20001220703125</ele>
        <time>2026-09-19T13:34:41.000Z</time>
        <extensions>
          <ns3:TrackPointExtension>
            <ns3:hr>166</ns3:hr>
            <ns3:cad>93</ns3:cad>
          </ns3:TrackPointExtension>
        </extensions>
      </trkpt>
      <trkpt lat="30.542115233838558197021484375" lon="104.04638084582984447479248046875">
        <ele>474.20001220703125</ele>
        <time>2026-09-19T13:34:42.000Z</time>
        <extensions>
          <ns3:TrackPointExtension>
            <ns3:hr>165</ns3:hr>
            <ns3:cad>92</ns3:cad>
          </ns3:TrackPointExtension>
        </extensions>
      </trkpt>
      <trkpt lat="30.5420922674238681793212890625" lon="104.04637967236340045928955078125">
        <ele>474.20001220703125</ele>
        <time>2026-09-19T13:34:43.000Z</time>
        <extensions>
          <ns3:TrackPointExtension>
            <ns3:hr>166</ns3:hr>
            <ns3:cad>93</ns3:cad>
          </ns3:TrackPointExtension>
        </extensions>
      </trkpt>
      <trkpt lat="30.54206133820116519927978515625" lon="104.0463705360889434814453125">
        <ele>474.20001220703125</ele>
        <time>2026-09-19T13:34:44.000Z</time>
        <extensions>
          <ns3:TrackPointExtension>
            <ns3:hr>166</ns3:hr>
            <ns3:cad>94</ns3:cad>
          </ns3:TrackPointExtension>
        </extensions>
      </trkpt>
      <trkpt lat="30.54203954525291919708251953125" lon="104.0463683567941188812255859375">
        <ele>474.20001220703125</ele>
        <time>2026-09-19T13:34:45.000Z</time>
        <extensions>
          <ns3:TrackPointExtension>
            <ns3:hr>166</ns3:hr>
            <ns3:cad>94</ns3:cad>
          </ns3:TrackPointExtension>
        </extensions>
      </trkpt>
      <trkpt lat="30.542007274925708770751953125" lon="104.04636408202350139617919921875">
        <ele>474.20001220703125</ele>
        <time>2026-09-19T13:34:46.000Z</time>
        <extensions>
          <ns3:TrackPointExtension>
            <ns3:hr>166</ns3:hr>
            <ns3:cad>92</ns3:cad>
          </ns3:TrackPointExtension>
        </extensions>
      </trkpt>
      <trkpt lat="30.54198347032070159912109375" lon="104.04636190272867679595947265625">
        <ele>474.20001220703125</ele>
        <time>2026-09-19T13:34:47.000Z</time>
        <extensions>
          <ns3:TrackPointExtension>
            <ns3:hr>165</ns3:hr>
            <ns3:cad>92</ns3:cad>
          </ns3:TrackPointExtension>
        </extensions>
      </trkpt>
      <trkpt lat="30.54195287637412548065185546875" lon="104.04634899459779262542724609375">
        <ele>474.20001220703125</ele>
        <time>2026-09-19T13:34:48.000Z</time>
        <extensions>
          <ns3:TrackPointExtension>
            <ns3:hr>166</ns3:hr>
            <ns3:cad>92</ns3:cad>
          </ns3:TrackPointExtension>
        </extensions>
      </trkpt>
      <trkpt lat="30.5419269762933254241943359375" lon="104.04634262435138225555419921875">
        <ele>474.20001220703125</ele>
        <time>2026-09-19T13:34:49.000Z</time>
        <extensions>
          <ns3:TrackPointExtension>
            <ns3:hr>165</ns3:hr>
            <ns3:cad>93</ns3:cad>
          </ns3:TrackPointExtension>
        </extensions>
      </trkpt>
      <trkpt lat="30.54189772345125675201416015625" lon="104.04633021913468837738037109375">
        <ele>474</ele>
        <time>2026-09-19T13:34:50.000Z</time>
        <extensions>
          <ns3:TrackPointExtension>
            <ns3:hr>165</ns3:hr>
            <ns3:cad>93</ns3:cad>
          </ns3:TrackPointExtension>
        </extensions>
      </trkpt>
      <trkpt lat="30.54187207482755184173583984375" lon="104.04632502235472202301025390625">
        <ele>474</ele>
        <time>2026-09-19T13:34:51.000Z</time>
        <extensions>
          <ns3:TrackPointExtension>
            <ns3:hr>165</ns3:hr>
            <ns3:cad>93</ns3:cad>
          </ns3:TrackPointExtension>
        </extensions>
      </trkpt>
      <trkpt lat="30.5418441630899906158447265625" lon="104.046311862766742706298828125">
        <ele>474</ele>
        <time>2026-09-19T13:34:52.000Z</time>
        <extensions>
          <ns3:TrackPointExtension>
            <ns3:hr>165</ns3:hr>
            <ns3:cad>93</ns3:cad>
          </ns3:TrackPointExtension>
        </extensions>
      </trkpt>
      <trkpt lat="30.54181985557079315185546875" lon="104.04630037955939769744873046875">
        <ele>474</ele>
        <time>2026-09-19T13:34:53.000Z</time>
        <extensions>
          <ns3:TrackPointExtension>
            <ns3:hr>165</ns3:hr>
            <ns3:cad>92</ns3:cad>
          </ns3:TrackPointExtension>
        </extensions>
      </trkpt>
      <trkpt lat="30.5417968891561031341552734375" lon="104.046283699572086334228515625">
        <ele>474</ele>
        <time>2026-09-19T13:34:54.000Z</time>
        <extensions>
          <ns3:TrackPointExtension>
            <ns3:hr>165</ns3:hr>
            <ns3:cad>93</ns3:cad>
          </ns3:TrackPointExtension>
        </extensions>
      </trkpt>
      <trkpt lat="30.54176964797079563140869140625" lon="104.04626567848026752471923828125">
        <ele>474</ele>
        <time>2026-09-19T13:34:55.000Z</time>
        <extensions>
          <ns3:TrackPointExtension>
            <ns3:hr>165</ns3:hr>
            <ns3:cad>92</ns3:cad>
          </ns3:TrackPointExtension>
        </extensions>
      </trkpt>
      <trkpt lat="30.5417502857744693756103515625" lon="104.0462543629109859466552734375">
        <ele>474</ele>
        <time>2026-09-19T13:34:56.000Z</time>
        <extensions>
          <ns3:TrackPointExtension>
            <ns3:hr>166</ns3:hr>
            <ns3:cad>92</ns3:cad>
          </ns3:TrackPointExtension>
        </extensions>
      </trkpt>
      <trkpt lat="30.54172061383724212646484375" lon="104.046235419809818267822265625">
        <ele>474.20001220703125</ele>
        <time>2026-09-19T13:34:57.000Z</time>
        <extensions>
          <ns3:TrackPointExtension>
            <ns3:hr>166</ns3:hr>
            <ns3:cad>91</ns3:cad>
          </ns3:TrackPointExtension>
        </extensions>
      </trkpt>
      <trkpt lat="30.54170183837413787841796875" lon="104.04622594825923442840576171875">
        <ele>474</ele>
        <time>2026-09-19T13:34:58.000Z</time>
        <extensions>
          <ns3:TrackPointExtension>
            <ns3:hr>166</ns3:hr>
            <ns3:cad>91</ns3:cad>
          </ns3:TrackPointExtension>
        </extensions>
      </trkpt>
      <trkpt lat="30.5416738428175449371337890625" lon="104.04620532877743244171142578125">
        <ele>474</ele>
        <time>2026-09-19T13:34:59.000Z</time>
        <extensions>
          <ns3:TrackPointExtension>
            <ns3:hr>165</ns3:hr>
            <ns3:cad>92</ns3:cad>
          </ns3:TrackPointExtension>
        </extensions>
      </trkpt>
      <trkpt lat="30.5416513793170452117919921875" lon="104.04619560576975345611572265625">
        <ele>474</ele>
        <time>2026-09-19T13:35:00.000Z</time>
        <extensions>
          <ns3:TrackPointExtension>
            <ns3:hr>165</ns3:hr>
            <ns3:cad>92</ns3:cad>
          </ns3:TrackPointExtension>
        </extensions>
      </trkpt>
      <trkpt lat="30.54162447340786457061767578125" lon="104.0461747348308563232421875">
        <ele>474</ele>
        <time>2026-09-19T13:35:01.000Z</time>
        <extensions>
          <ns3:TrackPointExtension>
            <ns3:hr>165</ns3:hr>
            <ns3:cad>92</ns3:cad>
          </ns3:TrackPointExtension>
        </extensions>
      </trkpt>
      <trkpt lat="30.54160603322088718414306640625" lon="104.046166352927684783935546875">
        <ele>474.20001220703125</ele>
        <time>2026-09-19T13:35:02.000Z</time>
        <extensions>
          <ns3:TrackPointExtension>
            <ns3:hr>165</ns3:hr>
            <ns3:cad>94</ns3:cad>
          </ns3:TrackPointExtension>
        </extensions>
      </trkpt>
      <trkpt lat="30.54158222861588001251220703125" lon="104.046142213046550750732421875">
        <ele>474.20001220703125</ele>
        <time>2026-09-19T13:35:03.000Z</time>
        <extensions>
          <ns3:TrackPointExtension>
            <ns3:hr>165</ns3:hr>
            <ns3:cad>94</ns3:cad>
          </ns3:TrackPointExtension>
        </extensions>
      </trkpt>
      <trkpt lat="30.541559346020221710205078125" lon="104.0461293049156665802001953125">
        <ele>474.20001220703125</ele>
        <time>2026-09-19T13:35:04.000Z</time>
        <extensions>
          <ns3:TrackPointExtension>
            <ns3:hr>165</ns3:hr>
            <ns3:cad>94</ns3:cad>
          </ns3:TrackPointExtension>
        </extensions>
      </trkpt>
      <trkpt lat="30.54153730161488056182861328125" lon="104.0461098589003086090087890625">
        <ele>474</ele>
        <time>2026-09-19T13:35:05.000Z</time>
        <extensions>
          <ns3:TrackPointExtension>
            <ns3:hr>165</ns3:hr>
            <ns3:cad>94</ns3:cad>
          </ns3:TrackPointExtension>
        </extensions>
      </trkpt>
      <trkpt lat="30.541517771780490875244140625" lon="104.0460947714745998382568359375">
        <ele>474</ele>
        <time>2026-09-19T13:35:06.000Z</time>
        <extensions>
          <ns3:TrackPointExtension>
            <ns3:hr>165</ns3:hr>
            <ns3:cad>92</ns3:cad>
          </ns3:TrackPointExtension>
        </extensions>
      </trkpt>
      <trkpt lat="30.54149606265127658843994140625" lon="104.04607591219246387481689453125">
        <ele>473.79998779296875</ele>
        <time>2026-09-19T13:35:07.000Z</time>
        <extensions>
          <ns3:TrackPointExtension>
            <ns3:hr>166</ns3:hr>
            <ns3:cad>92</ns3:cad>
          </ns3:TrackPointExtension>
        </extensions>
      </trkpt>
      <trkpt lat="30.541474185883998870849609375" lon="104.0460582263767719268798828125">
        <ele>473.79998779296875</ele>
        <time>2026-09-19T13:35:08.000Z</time>
        <extensions>
          <ns3:TrackPointExtension>
            <ns3:hr>166</ns3:hr>
            <ns3:cad>92</ns3:cad>
          </ns3:TrackPointExtension>
        </extensions>
      </trkpt>
      <trkpt lat="30.5414545722305774688720703125" lon="104.0460384450852870941162109375">
        <ele>473.79998779296875</ele>
        <time>2026-09-19T13:35:09.000Z</time>
        <extensions>
          <ns3:TrackPointExtension>
            <ns3:hr>166</ns3:hr>
            <ns3:cad>92</ns3:cad>
          </ns3:TrackPointExtension>
        </extensions>
      </trkpt>
      <trkpt lat="30.541429929435253143310546875" lon="104.04601556248962879180908203125">
        <ele>473.79998779296875</ele>
        <time>2026-09-19T13:35:10.000Z</time>
        <extensions>
          <ns3:TrackPointExtension>
            <ns3:hr>166</ns3:hr>
            <ns3:cad>92</ns3:cad>
          </ns3:TrackPointExtension>
        </extensions>
      </trkpt>
      <trkpt lat="30.54141090251505374908447265625" lon="104.04600315727293491363525390625">
        <ele>473.79998779296875</ele>
        <time>2026-09-19T13:35:11.000Z</time>
        <extensions>
          <ns3:TrackPointExtension>
            <ns3:hr>166</ns3:hr>
            <ns3:cad>92</ns3:cad>
          </ns3:TrackPointExtension>
        </extensions>
      </trkpt>
      <trkpt lat="30.54138760082423686981201171875" lon="104.04597465880215167999267578125">
        <ele>473.79998779296875</ele>
        <time>2026-09-19T13:35:12.000Z</time>
        <extensions>
          <ns3:TrackPointExtension>
            <ns3:hr>166</ns3:hr>
            <ns3:cad>91</ns3:cad>
          </ns3:TrackPointExtension>
        </extensions>
      </trkpt>
      <trkpt lat="30.54137033410370349884033203125" lon="104.045955799520015716552734375">
        <ele>473.79998779296875</ele>
        <time>2026-09-19T13:35:13.000Z</time>
        <extensions>
          <ns3:TrackPointExtension>
            <ns3:hr>166</ns3:hr>
            <ns3:cad>91</ns3:cad>
          </ns3:TrackPointExtension>
        </extensions>
      </trkpt>
      <trkpt lat="30.5413492955267429351806640625" lon="104.04593132436275482177734375">
        <ele>474</ele>
        <time>2026-09-19T13:35:14.000Z</time>
        <extensions>
          <ns3:TrackPointExtension>
            <ns3:hr>165</ns3:hr>
            <ns3:cad>92</ns3:cad>
          </ns3:TrackPointExtension>
        </extensions>
      </trkpt>
      <trkpt lat="30.54133244790136814117431640625" lon="104.045915566384792327880859375">
        <ele>474</ele>
        <time>2026-09-19T13:35:15.000Z</time>
        <extensions>
          <ns3:TrackPointExtension>
            <ns3:hr>165</ns3:hr>
            <ns3:cad>94</ns3:cad>
          </ns3:TrackPointExtension>
        </extensions>
      </trkpt>
      <trkpt lat="30.5413110740482807159423828125" lon="104.04589436016976833343505859375">
        <ele>474</ele>
        <time>2026-09-19T13:35:16.000Z</time>
        <extensions>
          <ns3:TrackPointExtension>
            <ns3:hr>165</ns3:hr>
            <ns3:cad>94</ns3:cad>
          </ns3:TrackPointExtension>
        </extensions>
      </trkpt>
      <trkpt lat="30.54129892028868198394775390625" lon="104.04588195495307445526123046875">
        <ele>474.20001220703125</ele>
        <time>2026-09-19T13:35:17.000Z</time>
        <extensions>
          <ns3:TrackPointExtension>
            <ns3:hr>165</ns3:hr>
            <ns3:cad>92</ns3:cad>
          </ns3:TrackPointExtension>
        </extensions>
      </trkpt>
      <trkpt lat="30.54127310402691364288330078125" lon="104.045857898890972137451171875">
        <ele>474.20001220703125</ele>
        <time>2026-09-19T13:35:18.000Z</time>
        <extensions>
          <ns3:TrackPointExtension>
            <ns3:hr>165</ns3:hr>
            <ns3:cad>92</ns3:cad>
          </ns3:TrackPointExtension>
        </extensions>
      </trkpt>
      <trkpt lat="30.54124862886965274810791015625" lon="104.04584256000816822052001953125">
        <ele>474</ele>
        <time>2026-09-19T13:35:19.000Z</time>
        <extensions>
          <ns3:TrackPointExtension>
            <ns3:hr>165</ns3:hr>
            <ns3:cad>92</ns3:cad>
          </ns3:TrackPointExtension>
        </extensions>
      </trkpt>
      <trkpt lat="30.54122432135045528411865234375" lon="104.04582579620182514190673828125">
        <ele>473.79998779296875</ele>
        <time>2026-09-19T13:35:20.000Z</time>
        <extensions>
          <ns3:TrackPointExtension>
            <ns3:hr>165</ns3:hr>
            <ns3:cad>92</ns3:cad>
          </ns3:TrackPointExtension>
        </extensions>
      </trkpt>
      <trkpt lat="30.54119632579386234283447265625" lon="104.04580735601484775543212890625">
        <ele>473.79998779296875</ele>
        <time>2026-09-19T13:35:21.000Z</time>
        <extensions>
          <ns3:TrackPointExtension>
            <ns3:hr>164</ns3:hr>
            <ns3:cad>92</ns3:cad>
          </ns3:TrackPointExtension>
        </extensions>
      </trkpt>
      <trkpt lat="30.54117612540721893310546875" lon="104.0457987226545810699462890625">
        <ele>473.79998779296875</ele>
        <time>2026-09-19T13:35:22.000Z</time>
        <extensions>
          <ns3:TrackPointExtension>
            <ns3:hr>164</ns3:hr>
            <ns3:cad>91</ns3:cad>
          </ns3:TrackPointExtension>
        </extensions>
      </trkpt>
      <trkpt lat="30.54114704020321369171142578125" lon="104.0457859821617603302001953125">
        <ele>473.79998779296875</ele>
        <time>2026-09-19T13:35:23.000Z</time>
        <extensions>
          <ns3:TrackPointExtension>
            <ns3:hr>164</ns3:hr>
            <ns3:cad>91</ns3:cad>
          </ns3:TrackPointExtension>
        </extensions>
      </trkpt>
      <trkpt lat="30.5411263369023799896240234375" lon="104.04578656889498233795166015625">
        <ele>473.600006103515625</ele>
        <time>2026-09-19T13:35:24.000Z</time>
        <extensions>
          <ns3:TrackPointExtension>
            <ns3:hr>164</ns3:hr>
            <ns3:cad>91</ns3:cad>
          </ns3:TrackPointExtension>
        </extensions>
      </trkpt>
      <trkpt lat="30.54109892807900905609130859375" lon="104.04578489251434803009033203125">
        <ele>473.600006103515625</ele>
        <time>2026-09-19T13:35:25.000Z</time>
        <extensions>
          <ns3:TrackPointExtension>
            <ns3:hr>164</ns3:hr>
            <ns3:cad>91</ns3:cad>
          </ns3:TrackPointExtension>
        </extensions>
      </trkpt>
      <trkpt lat="30.541079901158809661865234375" lon="104.0457911789417266845703125">
        <ele>473.600006103515625</ele>
        <time>2026-09-19T13:35:26.000Z</time>
        <extensions>
          <ns3:TrackPointExtension>
            <ns3:hr>164</ns3:hr>
            <ns3:cad>92</ns3:cad>
          </ns3:TrackPointExtension>
        </extensions>
      </trkpt>
      <trkpt lat="30.54105265997350215911865234375" lon="104.0457987226545810699462890625">
        <ele>473.600006103515625</ele>
        <time>2026-09-19T13:35:27.000Z</time>
        <extensions>
          <ns3:TrackPointExtension>
            <ns3:hr>164</ns3:hr>
            <ns3:cad>93</ns3:cad>
          </ns3:TrackPointExtension>
        </extensions>
      </trkpt>
      <trkpt lat="30.541033633053302764892578125" lon="104.0458064340054988861083984375">
        <ele>473.600006103515625</ele>
        <time>2026-09-19T13:35:28.000Z</time>
        <extensions>
          <ns3:TrackPointExtension>
            <ns3:hr>164</ns3:hr>
            <ns3:cad>93</ns3:cad>
          </ns3:TrackPointExtension>
        </extensions>
      </trkpt>
      <trkpt lat="30.5410059727728366851806640625" lon="104.0458141453564167022705078125">
        <ele>473.600006103515625</ele>
        <time>2026-09-19T13:35:29.000Z</time>
        <extensions>
          <ns3:TrackPointExtension>
            <ns3:hr>164</ns3:hr>
            <ns3:cad>92</ns3:cad>
          </ns3:TrackPointExtension>
        </extensions>
      </trkpt>
      <trkpt lat="30.54098426364362239837646484375" lon="104.0458262152969837188720703125">
        <ele>473.600006103515625</ele>
        <time>2026-09-19T13:35:30.000Z</time>
        <extensions>
          <ns3:TrackPointExtension>
            <ns3:hr>164</ns3:hr>
            <ns3:cad>92</ns3:cad>
          </ns3:TrackPointExtension>
        </extensions>
      </trkpt>
      <trkpt lat="30.5409556813538074493408203125" lon="104.04584423638880252838134765625">
        <ele>473.399993896484375</ele>
        <time>2026-09-19T13:35:31.000Z</time>
        <extensions>
          <ns3:TrackPointExtension>
            <ns3:hr>163</ns3:hr>
            <ns3:cad>91</ns3:cad>
          </ns3:TrackPointExtension>
        </extensions>
      </trkpt>
      <trkpt lat="30.54093464277684688568115234375" lon="104.0458604134619235992431640625">
        <ele>473.20001220703125</ele>
        <time>2026-09-19T13:35:32.000Z</time>
        <extensions>
          <ns3:TrackPointExtension>
            <ns3:hr>163</ns3:hr>
            <ns3:cad>91</ns3:cad>
          </ns3:TrackPointExtension>
        </extensions>
      </trkpt>
      <trkpt lat="30.5409141071140766143798828125" lon="104.0458832122385501861572265625">
        <ele>473.20001220703125</ele>
        <time>2026-09-19T13:35:33.000Z</time>
        <extensions>
          <ns3:TrackPointExtension>
            <ns3:hr>163</ns3:hr>
            <ns3:cad>90</ns3:cad>
          </ns3:TrackPointExtension>
        </extensions>
      </trkpt>
      <trkpt lat="30.54091067053377628326416015625" lon="104.04591062106192111968994140625">
        <ele>473</ele>
        <time>2026-09-19T13:35:34.000Z</time>
        <extensions>
          <ns3:TrackPointExtension>
            <ns3:hr>163</ns3:hr>
            <ns3:cad>90</ns3:cad>
          </ns3:TrackPointExtension>
        </extensions>
      </trkpt>
      <trkpt lat="30.54091469384729862213134765625" lon="104.04594213701784610748291015625">
        <ele>473</ele>
        <time>2026-09-19T13:35:35.000Z</time>
        <extensions>
          <ns3:TrackPointExtension>
            <ns3:hr>163</ns3:hr>
            <ns3:cad>90</ns3:cad>
          </ns3:TrackPointExtension>
        </extensions>
      </trkpt>
      <trkpt lat="30.5409248359501361846923828125" lon="104.0459673665463924407958984375">
        <ele>473</ele>
        <time>2026-09-19T13:35:36.000Z</time>
        <extensions>
          <ns3:TrackPointExtension>
            <ns3:hr>163</ns3:hr>
            <ns3:cad>90</ns3:cad>
          </ns3:TrackPointExtension>
        </extensions>
      </trkpt>
      <trkpt lat="30.54093514569103717803955078125" lon="104.04599946923553943634033203125">
        <ele>472.79998779296875</ele>
        <time>2026-09-19T13:35:37.000Z</time>
        <extensions>
          <ns3:TrackPointExtension>
            <ns3:hr>163</ns3:hr>
            <ns3:cad>91</ns3:cad>
          </ns3:TrackPointExtension>
        </extensions>
      </trkpt>
      <trkpt lat="30.540943779051303863525390625" lon="104.046032913029193878173828125">
        <ele>472.399993896484375</ele>
        <time>2026-09-19T13:35:38.000Z</time>
        <extensions>
          <ns3:TrackPointExtension>
            <ns3:hr>163</ns3:hr>
            <ns3:cad>92</ns3:cad>
          </ns3:TrackPointExtension>
        </extensions>
      </trkpt>
      <trkpt lat="30.5409439466893672943115234375" lon="104.04606518335640430450439453125">
        <ele>472.20001220703125</ele>
        <time>2026-09-19T13:35:39.000Z</time>
        <extensions>
          <ns3:TrackPointExtension>
            <ns3:hr>163</ns3:hr>
            <ns3:cad>92</ns3:cad>
          </ns3:TrackPointExtension>
        </extensions>
      </trkpt>
      <trkpt lat="30.54093539714813232421875" lon="104.0460942685604095458984375">
        <ele>471.79998779296875</ele>
        <time>2026-09-19T13:35:40.000Z</time>
        <extensions>
          <ns3:TrackPointExtension>
            <ns3:hr>163</ns3:hr>
            <ns3:cad>92</ns3:cad>
          </ns3:TrackPointExtension>
        </extensions>
      </trkpt>
      <trkpt lat="30.54091603495180606842041015625" lon="104.04611882753670215606689453125">
        <ele>471.399993896484375</ele>
        <time>2026-09-19T13:35:41.000Z</time>
        <extensions>
          <ns3:TrackPointExtension>
            <ns3:hr>163</ns3:hr>
            <ns3:cad>93</ns3:cad>
          </ns3:TrackPointExtension>
        </extensions>
      </trkpt>
      <trkpt lat="30.5408919788897037506103515625" lon="104.04614053666591644287109375">
        <ele>471.20001220703125</ele>
        <time>2026-09-19T13:35:42.000Z</time>
        <extensions>
          <ns3:TrackPointExtension>
            <ns3:hr>162</ns3:hr>
            <ns3:cad>93</ns3:cad>
          </ns3:TrackPointExtension>
        </extensions>
      </trkpt>
      <trkpt lat="30.540868341922760009765625" lon="104.04615822248160839080810546875">
        <ele>471</ele>
        <time>2026-09-19T13:35:43.000Z</time>
        <extensions>
          <ns3:TrackPointExtension>
            <ns3:hr>162</ns3:hr>
            <ns3:cad>93</ns3:cad>
          </ns3:TrackPointExtension>
        </extensions>
      </trkpt>
      <trkpt lat="30.5408383347094058990478515625" lon="104.0461698733270168304443359375">
        <ele>470.79998779296875</ele>
        <time>2026-09-19T13:35:44.000Z</time>
        <extensions>
          <ns3:TrackPointExtension>
            <ns3:hr>162</ns3:hr>
            <ns3:cad>93</ns3:cad>
          </ns3:TrackPointExtension>
        </extensions>
      </trkpt>
      <trkpt lat="30.54081402719020843505859375" lon="104.04617683030664920806884765625">
        <ele>470.600006103515625</ele>
        <time>2026-09-19T13:35:45.000Z</time>
        <extensions>
          <ns3:TrackPointExtension>
            <ns3:hr>162</ns3:hr>
            <ns3:cad>93</ns3:cad>
          </ns3:TrackPointExtension>
        </extensions>
      </trkpt>
      <trkpt lat="30.5407820083200931549072265625" lon="104.046169035136699676513671875">
        <ele>470.20001220703125</ele>
        <time>2026-09-19T13:35:46.000Z</time>
        <extensions>
          <ns3:TrackPointExtension>
            <ns3:hr>162</ns3:hr>
            <ns3:cad>92</ns3:cad>
          </ns3:TrackPointExtension>
        </extensions>
      </trkpt>
      <trkpt lat="30.54075501859188079833984375" lon="104.04616308398544788360595703125">
        <ele>469.79998779296875</ele>
        <time>2026-09-19T13:35:47.000Z</time>
        <extensions>
          <ns3:TrackPointExtension>
            <ns3:hr>162</ns3:hr>
            <ns3:cad>93</ns3:cad>
          </ns3:TrackPointExtension>
        </extensions>
      </trkpt>
      <trkpt lat="30.54073221981525421142578125" lon="104.04615084640681743621826171875">
        <ele>469.399993896484375</ele>
        <time>2026-09-19T13:35:48.000Z</time>
        <extensions>
          <ns3:TrackPointExtension>
            <ns3:hr>161</ns3:hr>
            <ns3:cad>93</ns3:cad>
          </ns3:TrackPointExtension>
        </extensions>
      </trkpt>
      <trkpt lat="30.5407085828483104705810546875" lon="104.04613240621984004974365234375">
        <ele>469.20001220703125</ele>
        <time>2026-09-19T13:35:49.000Z</time>
        <extensions>
          <ns3:TrackPointExtension>
            <ns3:hr>162</ns3:hr>
            <ns3:cad>93</ns3:cad>
          </ns3:TrackPointExtension>
        </extensions>
      </trkpt>
      <trkpt lat="30.5406898073852062225341796875" lon="104.0461130440235137939453125">
        <ele>468.79998779296875</ele>
        <time>2026-09-19T13:35:50.000Z</time>
        <extensions>
          <ns3:TrackPointExtension>
            <ns3:hr>162</ns3:hr>
            <ns3:cad>93</ns3:cad>
          </ns3:TrackPointExtension>
        </extensions>
      </trkpt>
      <trkpt lat="30.540668852627277374267578125" lon="104.04608731158077716827392578125">
        <ele>468.600006103515625</ele>
        <time>2026-09-19T13:35:51.000Z</time>
        <extensions>
          <ns3:TrackPointExtension>
            <ns3:hr>162</ns3:hr>
            <ns3:cad>93</ns3:cad>
          </ns3:TrackPointExtension>
        </extensions>
      </trkpt>
      <trkpt lat="30.540654771029949188232421875" lon="104.04606275260448455810546875">
        <ele>468.399993896484375</ele>
        <time>2026-09-19T13:35:52.000Z</time>
        <extensions>
          <ns3:TrackPointExtension>
            <ns3:hr>162</ns3:hr>
            <ns3:cad>93</ns3:cad>
          </ns3:TrackPointExtension>
        </extensions>
      </trkpt>
      <trkpt lat="30.540642701089382171630859375" lon="104.0460312366485595703125">
        <ele>468.20001220703125</ele>
        <time>2026-09-19T13:35:53.000Z</time>
        <extensions>
          <ns3:TrackPointExtension>
            <ns3:hr>161</ns3:hr>
            <ns3:cad>93</ns3:cad>
          </ns3:TrackPointExtension>
        </extensions>
      </trkpt>
      <trkpt lat="30.54063440300524234771728515625" lon="104.04600399546325206756591796875">
        <ele>468</ele>
        <time>2026-09-19T13:35:54.000Z</time>
        <extensions>
          <ns3:TrackPointExtension>
            <ns3:hr>161</ns3:hr>
            <ns3:cad>93</ns3:cad>
          </ns3:TrackPointExtension>
        </extensions>
      </trkpt>
      <trkpt lat="30.54062535054981708526611328125" lon="104.04598270542919635772705078125">
        <ele>468</ele>
        <time>2026-09-19T13:35:55.000Z</time>
        <extensions>
          <ns3:TrackPointExtension>
            <ns3:hr>161</ns3:hr>
            <ns3:cad>93</ns3:cad>
          </ns3:TrackPointExtension>
        </extensions>
      </trkpt>
    </trkseg>
  </trk>
</gpx>
