<gpx xmlns:ns3="http://www.garmin.com/xmlschemas/TrackPointExtension/v1" xmlns="http://www.topografix.com/GPX/1/1" xmlns:xsi="http://www.w3.org/2001/XMLSchema-instance" xmlns:ns2="http://www.garmin.com/xmlschemas/GpxExtensions/v3" creator="Garmin Connect" version="1.1" xsi:schemaLocation="http://www.topografix.com/GPX/1/1 http://www.topografix.com/GPX/11.xsd">
  <extensions>
<distance>7233.75</distance>
<average_hr>155.0</average_hr>
<average_speed>2.882999897003174</average_speed>
<start_time>2026-09-21T13:12:12+00:00</start_time>
<end_time>2026-09-21T13:54:00.685000+00:00</end_time>
<moving_time>2486.65</moving_time>
<elapsed_time>2508.685</elapsed_time>
<calories>480.0</calories>
<elevation_loss>36.0</elevation_loss>
<min_elevation>473.6</min_elevation>
<max_elevation>483.4</max_elevation>
<avg_power>262.0</avg_power>
<max_power>410.0</max_power>
<aerobic_te>3.5</aerobic_te>
<anaerobic_te>0.0</anaerobic_te>
<avg_stride_length>95.29000244140626</avg_stride_length>
<hr_zones>[{"zone": 1, "seconds": 0.0, "low_boundary": 103}, {"zone": 2, "seconds": 0.998, "low_boundary": 121}, {"zone": 3, "seconds": 1951.586, "low_boundary": 137}, {"zone": 4, "seconds": 555.951, "low_boundary": 161}, {"zone": 5, "seconds": 0.0, "low_boundary": 177}]</hr_zones>
</extensions>
<metadata>
    <link href="connect.garmin.com">
      <text>Garmin Connect</text>
    </link>
    <time>2026-09-21T13:12:12.000Z</time>
  </metadata>
  <trk>
    <name>成都市 - 基础训练</name>
    <type>running</type>
    <trkseg>
      <trkpt lat="30.541119463741779327392578125" lon="104.04576770961284637451171875">
        <ele>483.20001220703125</ele>
        <time>2026-09-21T13:12:12.000Z</time>
        <extensions>
          <ns3:TrackPointExtension>
            <ns3:hr>140</ns3:hr>
            <ns3:cad>0</ns3:cad>
          </ns3:TrackPointExtension>
        </extensions>
      </trkpt>
      <trkpt lat="30.54112650454044342041015625" lon="104.0457812882959842681884765625">
        <ele>483.20001220703125</ele>
        <time>2026-09-21T13:12:13.000Z</time>
        <extensions>
          <ns3:TrackPointExtension>
            <ns3:hr>139</ns3:hr>
            <ns3:cad>0</ns3:cad>
          </ns3:TrackPointExtension>
        </extensions>
      </trkpt>
      <trkpt lat="30.54114662110805511474609375" lon="104.04578170739114284515380859375">
        <ele>483.20001220703125</ele>
        <time>2026-09-21T13:12:14.000Z</time>
        <extensions>
          <ns3:TrackPointExtension>
            <ns3:hr>139</ns3:hr>
            <ns3:cad>0</ns3:cad>
          </ns3:TrackPointExtension>
        </extensions>
      </trkpt>
      <trkpt lat="30.54117285646498203277587890625" lon="104.0457884967327117919921875">
        <ele>483.20001220703125</ele>
        <time>2026-09-21T13:12:15.000Z</time>
        <extensions>
          <ns3:TrackPointExtension>
            <ns3:hr>138</ns3:hr>
            <ns3:cad>0</ns3:cad>
          </ns3:TrackPointExtension>
        </extensions>
      </trkpt>
      <trkpt lat="30.5411947332322597503662109375" lon="104.045804254710674285888671875">
        <ele>483</ele>
        <time>2026-09-21T13:12:16.000Z</time>
        <extensions>
          <ns3:TrackPointExtension>
            <ns3:hr>138</ns3:hr>
            <ns3:cad>0</ns3:cad>
          </ns3:TrackPointExtension>
        </extensions>
      </trkpt>
      <trkpt lat="30.541215352714061737060546875" lon="104.0458114631474018096923828125">
        <ele>482.79998779296875</ele>
        <time>2026-09-21T13:12:17.000Z</time>
        <extensions>
          <ns3:TrackPointExtension>
            <ns3:hr>138</ns3:hr>
            <ns3:cad>88</ns3:cad>
          </ns3:TrackPointExtension>
        </extensions>
      </trkpt>
      <trkpt lat="30.5412425100803375244140625" lon="104.0458314120769500732421875">
        <ele>482.79998779296875</ele>
        <time>2026-09-21T13:12:18.000Z</time>
        <extensions>
          <ns3:TrackPointExtension>
            <ns3:hr>138</ns3:hr>
            <ns3:cad>88</ns3:cad>
          </ns3:TrackPointExtension>
        </extensions>
      </trkpt>
      <trkpt lat="30.5412678234279155731201171875" lon="104.0458480082452297210693359375">
        <ele>482.79998779296875</ele>
        <time>2026-09-21T13:12:19.000Z</time>
        <extensions>
          <ns3:TrackPointExtension>
            <ns3:hr>139</ns3:hr>
            <ns3:cad>90</ns3:cad>
          </ns3:TrackPointExtension>
        </extensions>
      </trkpt>
      <trkpt lat="30.5412916280329227447509765625" lon="104.0458689630031585693359375">
        <ele>482.79998779296875</ele>
        <time>2026-09-21T13:12:20.000Z</time>
        <extensions>
          <ns3:TrackPointExtension>
            <ns3:hr>139</ns3:hr>
            <ns3:cad>90</ns3:cad>
          </ns3:TrackPointExtension>
        </extensions>
      </trkpt>
      <trkpt lat="30.54131316952407360076904296875" lon="104.04588145203888416290283203125">
        <ele>482.79998779296875</ele>
        <time>2026-09-21T13:12:21.000Z</time>
        <extensions>
          <ns3:TrackPointExtension>
            <ns3:hr>140</ns3:hr>
            <ns3:cad>91</ns3:cad>
          </ns3:TrackPointExtension>
        </extensions>
      </trkpt>
      <trkpt lat="30.54133278317749500274658203125" lon="104.04590240679681301116943359375">
        <ele>483</ele>
        <time>2026-09-21T13:12:22.000Z</time>
        <extensions>
          <ns3:TrackPointExtension>
            <ns3:hr>141</ns3:hr>
            <ns3:cad>90</ns3:cad>
          </ns3:TrackPointExtension>
        </extensions>
      </trkpt>
      <trkpt lat="30.54135323502123355865478515625" lon="104.04591665603220462799072265625">
        <ele>483</ele>
        <time>2026-09-21T13:12:23.000Z</time>
        <extensions>
          <ns3:TrackPointExtension>
            <ns3:hr>141</ns3:hr>
            <ns3:cad>91</ns3:cad>
          </ns3:TrackPointExtension>
        </extensions>
      </trkpt>
      <trkpt lat="30.54137335158884525299072265625" lon="104.04593559913337230682373046875">
        <ele>482.79998779296875</ele>
        <time>2026-09-21T13:12:24.000Z</time>
        <extensions>
          <ns3:TrackPointExtension>
            <ns3:hr>141</ns3:hr>
            <ns3:cad>91</ns3:cad>
          </ns3:TrackPointExtension>
        </extensions>
      </trkpt>
      <trkpt lat="30.54139472544193267822265625" lon="104.04595085419714450836181640625">
        <ele>483</ele>
        <time>2026-09-21T13:12:25.000Z</time>
        <extensions>
          <ns3:TrackPointExtension>
            <ns3:hr>141</ns3:hr>
            <ns3:cad>91</ns3:cad>
          </ns3:TrackPointExtension>
        </extensions>
      </trkpt>
      <trkpt lat="30.54141475819051265716552734375" lon="104.045968540012836456298828125">
        <ele>483</ele>
        <time>2026-09-21T13:12:26.000Z</time>
        <extensions>
          <ns3:TrackPointExtension>
            <ns3:hr>141</ns3:hr>
            <ns3:cad>91</ns3:cad>
          </ns3:TrackPointExtension>
        </extensions>
      </trkpt>
      <trkpt lat="30.54143420420587062835693359375" lon="104.0459851361811161041259765625">
        <ele>482.79998779296875</ele>
        <time>2026-09-21T13:12:27.000Z</time>
        <extensions>
          <ns3:TrackPointExtension>
            <ns3:hr>141</ns3:hr>
            <ns3:cad>91</ns3:cad>
          </ns3:TrackPointExtension>
        </extensions>
      </trkpt>
      <trkpt lat="30.54145381785929203033447265625" lon="104.0460045821964740753173828125">
        <ele>482.79998779296875</ele>
        <time>2026-09-21T13:12:28.000Z</time>
        <extensions>
          <ns3:TrackPointExtension>
            <ns3:hr>141</ns3:hr>
            <ns3:cad>91</ns3:cad>
          </ns3:TrackPointExtension>
        </extensions>
      </trkpt>
      <trkpt lat="30.54147527553141117095947265625" lon="104.0460257045924663543701171875">
        <ele>483</ele>
        <time>2026-09-21T13:12:29.000Z</time>
        <extensions>
          <ns3:TrackPointExtension>
            <ns3:hr>140</ns3:hr>
            <ns3:cad>91</ns3:cad>
          </ns3:TrackPointExtension>
        </extensions>
      </trkpt>
      <trkpt lat="30.54149321280419826507568359375" lon="104.0460458211600780487060546875">
        <ele>483</ele>
        <time>2026-09-21T13:12:30.000Z</time>
        <extensions>
          <ns3:TrackPointExtension>
            <ns3:hr>140</ns3:hr>
            <ns3:cad>91</ns3:cad>
          </ns3:TrackPointExtension>
        </extensions>
      </trkpt>
      <trkpt lat="30.54151366464793682098388671875" lon="104.04606820084154605865478515625">
        <ele>483</ele>
        <time>2026-09-21T13:12:31.000Z</time>
        <extensions>
          <ns3:TrackPointExtension>
            <ns3:hr>140</ns3:hr>
            <ns3:cad>91</ns3:cad>
          </ns3:TrackPointExtension>
        </extensions>
      </trkpt>
      <trkpt lat="30.5415310151875019073486328125" lon="104.04608764685690402984619140625">
        <ele>483</ele>
        <time>2026-09-21T13:12:32.000Z</time>
        <extensions>
          <ns3:TrackPointExtension>
            <ns3:hr>140</ns3:hr>
            <ns3:cad>91</ns3:cad>
          </ns3:TrackPointExtension>
        </extensions>
      </trkpt>
      <trkpt lat="30.541550628840923309326171875" lon="104.04611103236675262451171875">
        <ele>483</ele>
        <time>2026-09-21T13:12:33.000Z</time>
        <extensions>
          <ns3:TrackPointExtension>
            <ns3:hr>140</ns3:hr>
            <ns3:cad>91</ns3:cad>
          </ns3:TrackPointExtension>
        </extensions>
      </trkpt>
      <trkpt lat="30.54156848229467868804931640625" lon="104.0461229346692562103271484375">
        <ele>482.79998779296875</ele>
        <time>2026-09-21T13:12:34.000Z</time>
        <extensions>
          <ns3:TrackPointExtension>
            <ns3:hr>140</ns3:hr>
            <ns3:cad>91</ns3:cad>
          </ns3:TrackPointExtension>
        </extensions>
      </trkpt>
      <trkpt lat="30.54159513674676418304443359375" lon="104.0461440570652484893798828125">
        <ele>482.79998779296875</ele>
        <time>2026-09-21T13:12:35.000Z</time>
        <extensions>
          <ns3:TrackPointExtension>
            <ns3:hr>140</ns3:hr>
            <ns3:cad>92</ns3:cad>
          </ns3:TrackPointExtension>
        </extensions>
      </trkpt>
      <trkpt lat="30.54161743260920047760009765625" lon="104.04615260660648345947265625">
        <ele>482.79998779296875</ele>
        <time>2026-09-21T13:12:36.000Z</time>
        <extensions>
          <ns3:TrackPointExtension>
            <ns3:hr>141</ns3:hr>
            <ns3:cad>91</ns3:cad>
          </ns3:TrackPointExtension>
        </extensions>
      </trkpt>
      <trkpt lat="30.54164576344192028045654296875" lon="104.04617465101182460784912109375">
        <ele>482.79998779296875</ele>
        <time>2026-09-21T13:12:37.000Z</time>
        <extensions>
          <ns3:TrackPointExtension>
            <ns3:hr>141</ns3:hr>
            <ns3:cad>90</ns3:cad>
          </ns3:TrackPointExtension>
        </extensions>
      </trkpt>
      <trkpt lat="30.54166772402822971343994140625" lon="104.04618487693369388580322265625">
        <ele>482.79998779296875</ele>
        <time>2026-09-21T13:12:38.000Z</time>
        <extensions>
          <ns3:TrackPointExtension>
            <ns3:hr>142</ns3:hr>
            <ns3:cad>90</ns3:cad>
          </ns3:TrackPointExtension>
        </extensions>
      </trkpt>
      <trkpt lat="30.54169203154742717742919921875" lon="104.04620415531098842620849609375">
        <ele>482.79998779296875</ele>
        <time>2026-09-21T13:12:39.000Z</time>
        <extensions>
          <ns3:TrackPointExtension>
            <ns3:hr>143</ns3:hr>
            <ns3:cad>92</ns3:cad>
          </ns3:TrackPointExtension>
        </extensions>
      </trkpt>
      <trkpt lat="30.54171415977180004119873046875" lon="104.0462107770144939422607421875">
        <ele>482.79998779296875</ele>
        <time>2026-09-21T13:12:40.000Z</time>
        <extensions>
          <ns3:TrackPointExtension>
            <ns3:hr>143</ns3:hr>
            <ns3:cad>92</ns3:cad>
          </ns3:TrackPointExtension>
        </extensions>
      </trkpt>
      <trkpt lat="30.541742742061614990234375" lon="104.0462308935821056365966796875">
        <ele>482.79998779296875</ele>
        <time>2026-09-21T13:12:41.000Z</time>
        <extensions>
          <ns3:TrackPointExtension>
            <ns3:hr>143</ns3:hr>
            <ns3:cad>93</ns3:cad>
          </ns3:TrackPointExtension>
        </extensions>
      </trkpt>
      <trkpt lat="30.54175958968698978424072265625" lon="104.04624002985656261444091796875">
        <ele>482.79998779296875</ele>
        <time>2026-09-21T13:12:42.000Z</time>
        <extensions>
          <ns3:TrackPointExtension>
            <ns3:hr>143</ns3:hr>
            <ns3:cad>92</ns3:cad>
          </ns3:TrackPointExtension>
        </extensions>
      </trkpt>
      <trkpt lat="30.5417838133871555328369140625" lon="104.0462577156722545623779296875">
        <ele>482.79998779296875</ele>
        <time>2026-09-21T13:12:43.000Z</time>
        <extensions>
          <ns3:TrackPointExtension>
            <ns3:hr>143</ns3:hr>
            <ns3:cad>92</ns3:cad>
          </ns3:TrackPointExtension>
        </extensions>
      </trkpt>
      <trkpt lat="30.54181122221052646636962890625" lon="104.04626903124153614044189453125">
        <ele>482.79998779296875</ele>
        <time>2026-09-21T13:12:44.000Z</time>
        <extensions>
          <ns3:TrackPointExtension>
            <ns3:hr>143</ns3:hr>
            <ns3:cad>92</ns3:cad>
          </ns3:TrackPointExtension>
        </extensions>
      </trkpt>
      <trkpt lat="30.54183351807296276092529296875" lon="104.046285040676593780517578125">
        <ele>482.79998779296875</ele>
        <time>2026-09-21T13:12:45.000Z</time>
        <extensions>
          <ns3:TrackPointExtension>
            <ns3:hr>143</ns3:hr>
            <ns3:cad>91</ns3:cad>
          </ns3:TrackPointExtension>
        </extensions>
      </trkpt>
      <trkpt lat="30.5418594181537628173828125" lon="104.0462956018745899200439453125">
        <ele>482.79998779296875</ele>
        <time>2026-09-21T13:12:46.000Z</time>
        <extensions>
          <ns3:TrackPointExtension>
            <ns3:hr>143</ns3:hr>
            <ns3:cad>91</ns3:cad>
          </ns3:TrackPointExtension>
        </extensions>
      </trkpt>
      <trkpt lat="30.54188280366361141204833984375" lon="104.0463086776435375213623046875">
        <ele>482.79998779296875</ele>
        <time>2026-09-21T13:12:47.000Z</time>
        <extensions>
          <ns3:TrackPointExtension>
            <ns3:hr>143</ns3:hr>
            <ns3:cad>91</ns3:cad>
          </ns3:TrackPointExtension>
        </extensions>
      </trkpt>
      <trkpt lat="30.5419065244495868682861328125" lon="104.04631714336574077606201171875">
        <ele>482.600006103515625</ele>
        <time>2026-09-21T13:12:48.000Z</time>
        <extensions>
          <ns3:TrackPointExtension>
            <ns3:hr>144</ns3:hr>
            <ns3:cad>91</ns3:cad>
          </ns3:TrackPointExtension>
        </extensions>
      </trkpt>
      <trkpt lat="30.54192739538848400115966796875" lon="104.04632887803018093109130859375">
        <ele>482.79998779296875</ele>
        <time>2026-09-21T13:12:49.000Z</time>
        <extensions>
          <ns3:TrackPointExtension>
            <ns3:hr>143</ns3:hr>
            <ns3:cad>92</ns3:cad>
          </ns3:TrackPointExtension>
        </extensions>
      </trkpt>
      <trkpt lat="30.5419534631073474884033203125" lon="104.04634094797074794769287109375">
        <ele>482.79998779296875</ele>
        <time>2026-09-21T13:12:50.000Z</time>
        <extensions>
          <ns3:TrackPointExtension>
            <ns3:hr>143</ns3:hr>
            <ns3:cad>92</ns3:cad>
          </ns3:TrackPointExtension>
        </extensions>
      </trkpt>
      <trkpt lat="30.541975758969783782958984375" lon="104.046353437006473541259765625">
        <ele>482.79998779296875</ele>
        <time>2026-09-21T13:12:51.000Z</time>
        <extensions>
          <ns3:TrackPointExtension>
            <ns3:hr>142</ns3:hr>
            <ns3:cad>92</ns3:cad>
          </ns3:TrackPointExtension>
        </extensions>
      </trkpt>
      <trkpt lat="30.542003922164440155029296875" lon="104.046362824738025665283203125">
        <ele>482.79998779296875</ele>
        <time>2026-09-21T13:12:52.000Z</time>
        <extensions>
          <ns3:TrackPointExtension>
            <ns3:hr>142</ns3:hr>
            <ns3:cad>92</ns3:cad>
          </ns3:TrackPointExtension>
        </extensions>
      </trkpt>
      <trkpt lat="30.54202814586460590362548828125" lon="104.04636944644153118133544921875">
        <ele>482.79998779296875</ele>
        <time>2026-09-21T13:12:53.000Z</time>
        <extensions>
          <ns3:TrackPointExtension>
            <ns3:hr>142</ns3:hr>
            <ns3:cad>92</ns3:cad>
          </ns3:TrackPointExtension>
        </extensions>
      </trkpt>
      <trkpt lat="30.54205513559281826019287109375" lon="104.0463759005069732666015625">
        <ele>482.79998779296875</ele>
        <time>2026-09-21T13:12:54.000Z</time>
        <extensions>
          <ns3:TrackPointExtension>
            <ns3:hr>142</ns3:hr>
            <ns3:cad>92</ns3:cad>
          </ns3:TrackPointExtension>
        </extensions>
      </trkpt>
      <trkpt lat="30.54208128713071346282958984375" lon="104.0463774092495441436767578125">
        <ele>482.79998779296875</ele>
        <time>2026-09-21T13:12:55.000Z</time>
        <extensions>
          <ns3:TrackPointExtension>
            <ns3:hr>142</ns3:hr>
            <ns3:cad>92</ns3:cad>
          </ns3:TrackPointExtension>
        </extensions>
      </trkpt>
      <trkpt lat="30.542114563286304473876953125" lon="104.0463847853243350982666015625">
        <ele>482.79998779296875</ele>
        <time>2026-09-21T13:12:56.000Z</time>
        <extensions>
          <ns3:TrackPointExtension>
            <ns3:hr>142</ns3:hr>
            <ns3:cad>92</ns3:cad>
          </ns3:TrackPointExtension>
        </extensions>
      </trkpt>
      <trkpt lat="30.54213761352002620697021484375" lon="104.04638403095304965972900390625">
        <ele>482.79998779296875</ele>
        <time>2026-09-21T13:12:57.000Z</time>
        <extensions>
          <ns3:TrackPointExtension>
            <ns3:hr>141</ns3:hr>
            <ns3:cad>92</ns3:cad>
          </ns3:TrackPointExtension>
        </extensions>
      </trkpt>
      <trkpt lat="30.54216854274272918701171875" lon="104.046390987932682037353515625">
        <ele>482.79998779296875</ele>
        <time>2026-09-21T13:12:58.000Z</time>
        <extensions>
          <ns3:TrackPointExtension>
            <ns3:hr>141</ns3:hr>
            <ns3:cad>92</ns3:cad>
          </ns3:TrackPointExtension>
        </extensions>
      </trkpt>
      <trkpt lat="30.54219075478613376617431640625" lon="104.04638872481882572174072265625">
        <ele>482.79998779296875</ele>
        <time>2026-09-21T13:12:59.000Z</time>
        <extensions>
          <ns3:TrackPointExtension>
            <ns3:hr>141</ns3:hr>
            <ns3:cad>92</ns3:cad>
          </ns3:TrackPointExtension>
        </extensions>
      </trkpt>
      <trkpt lat="30.54221958853304386138916015625" lon="104.04639693908393383026123046875">
        <ele>482.79998779296875</ele>
        <time>2026-09-21T13:13:00.000Z</time>
        <extensions>
          <ns3:TrackPointExtension>
            <ns3:hr>141</ns3:hr>
            <ns3:cad>92</ns3:cad>
          </ns3:TrackPointExtension>
        </extensions>
      </trkpt>
      <trkpt lat="30.54224423132836818695068359375" lon="104.046395681798458099365234375">
        <ele>482.79998779296875</ele>
        <time>2026-09-21T13:13:01.000Z</time>
        <extensions>
          <ns3:TrackPointExtension>
            <ns3:hr>141</ns3:hr>
            <ns3:cad>92</ns3:cad>
          </ns3:TrackPointExtension>
        </extensions>
      </trkpt>
      <trkpt lat="30.54227272979915142059326171875" lon="104.04640196822583675384521484375">
        <ele>482.79998779296875</ele>
        <time>2026-09-21T13:13:02.000Z</time>
        <extensions>
          <ns3:TrackPointExtension>
            <ns3:hr>142</ns3:hr>
            <ns3:cad>93</ns3:cad>
          </ns3:TrackPointExtension>
        </extensions>
      </trkpt>
      <trkpt lat="30.54230039007961750030517578125" lon="104.04640330933034420013427734375">
        <ele>482.79998779296875</ele>
        <time>2026-09-21T13:13:03.000Z</time>
        <extensions>
          <ns3:TrackPointExtension>
            <ns3:hr>143</ns3:hr>
            <ns3:cad>94</ns3:cad>
          </ns3:TrackPointExtension>
        </extensions>
      </trkpt>
      <trkpt lat="30.5423236079514026641845703125" lon="104.046409763395786285400390625">
        <ele>482.79998779296875</ele>
        <time>2026-09-21T13:13:04.000Z</time>
        <extensions>
          <ns3:TrackPointExtension>
            <ns3:hr>144</ns3:hr>
            <ns3:cad>93</ns3:cad>
          </ns3:TrackPointExtension>
        </extensions>
      </trkpt>
      <trkpt lat="30.54235319606959819793701171875" lon="104.04641303233802318572998046875">
        <ele>482.79998779296875</ele>
        <time>2026-09-21T13:13:05.000Z</time>
        <extensions>
          <ns3:TrackPointExtension>
            <ns3:hr>143</ns3:hr>
            <ns3:cad>93</ns3:cad>
          </ns3:TrackPointExtension>
        </extensions>
      </trkpt>
      <trkpt lat="30.54237750358879566192626953125" lon="104.04641789384186267852783203125">
        <ele>482.79998779296875</ele>
        <time>2026-09-21T13:13:06.000Z</time>
        <extensions>
          <ns3:TrackPointExtension>
            <ns3:hr>143</ns3:hr>
            <ns3:cad>93</ns3:cad>
          </ns3:TrackPointExtension>
        </extensions>
      </trkpt>
      <trkpt lat="30.54240667261183261871337890625" lon="104.0464213304221630096435546875">
        <ele>482.79998779296875</ele>
        <time>2026-09-21T13:13:07.000Z</time>
        <extensions>
          <ns3:TrackPointExtension>
            <ns3:hr>143</ns3:hr>
            <ns3:cad>92</ns3:cad>
          </ns3:TrackPointExtension>
        </extensions>
      </trkpt>
      <trkpt lat="30.54243165068328380584716796875" lon="104.04641889967024326324462890625">
        <ele>482.79998779296875</ele>
        <time>2026-09-21T13:13:08.000Z</time>
        <extensions>
          <ns3:TrackPointExtension>
            <ns3:hr>142</ns3:hr>
            <ns3:cad>92</ns3:cad>
          </ns3:TrackPointExtension>
        </extensions>
      </trkpt>
      <trkpt lat="30.54246492683887481689453125" lon="104.04641705565154552459716796875">
        <ele>482.79998779296875</ele>
        <time>2026-09-21T13:13:09.000Z</time>
        <extensions>
          <ns3:TrackPointExtension>
            <ns3:hr>142</ns3:hr>
            <ns3:cad>92</ns3:cad>
          </ns3:TrackPointExtension>
        </extensions>
      </trkpt>
      <trkpt lat="30.54248630069196224212646484375" lon="104.0464107692241668701171875">
        <ele>483</ele>
        <time>2026-09-21T13:13:10.000Z</time>
        <extensions>
          <ns3:TrackPointExtension>
            <ns3:hr>142</ns3:hr>
            <ns3:cad>92</ns3:cad>
          </ns3:TrackPointExtension>
        </extensions>
      </trkpt>
      <trkpt lat="30.5425173975527286529541015625" lon="104.04640967957675457000732421875">
        <ele>483</ele>
        <time>2026-09-21T13:13:11.000Z</time>
        <extensions>
          <ns3:TrackPointExtension>
            <ns3:hr>142</ns3:hr>
            <ns3:cad>93</ns3:cad>
          </ns3:TrackPointExtension>
        </extensions>
      </trkpt>
      <trkpt lat="30.542542375624179840087890625" lon="104.046408422291278839111328125">
        <ele>483</ele>
        <time>2026-09-21T13:13:12.000Z</time>
        <extensions>
          <ns3:TrackPointExtension>
            <ns3:hr>143</ns3:hr>
            <ns3:cad>93</ns3:cad>
          </ns3:TrackPointExtension>
        </extensions>
      </trkpt>
      <trkpt lat="30.54257028736174106597900390625" lon="104.0464119426906108856201171875">
        <ele>483</ele>
        <time>2026-09-21T13:13:13.000Z</time>
        <extensions>
          <ns3:TrackPointExtension>
            <ns3:hr>142</ns3:hr>
            <ns3:cad>93</ns3:cad>
          </ns3:TrackPointExtension>
        </extensions>
      </trkpt>
      <trkpt lat="30.54259459488093852996826171875" lon="104.04640674591064453125">
        <ele>483</ele>
        <time>2026-09-21T13:13:14.000Z</time>
        <extensions>
          <ns3:TrackPointExtension>
            <ns3:hr>142</ns3:hr>
            <ns3:cad>92</ns3:cad>
          </ns3:TrackPointExtension>
        </extensions>
      </trkpt>
      <trkpt lat="30.54261957295238971710205078125" lon="104.04640481807291507720947265625">
        <ele>483</ele>
        <time>2026-09-21T13:13:15.000Z</time>
        <extensions>
          <ns3:TrackPointExtension>
            <ns3:hr>142</ns3:hr>
            <ns3:cad>92</ns3:cad>
          </ns3:TrackPointExtension>
        </extensions>
      </trkpt>
      <trkpt lat="30.54265058599412441253662109375" lon="104.04640339314937591552734375">
        <ele>483</ele>
        <time>2026-09-21T13:13:16.000Z</time>
        <extensions>
          <ns3:TrackPointExtension>
            <ns3:hr>142</ns3:hr>
            <ns3:cad>92</ns3:cad>
          </ns3:TrackPointExtension>
        </extensions>
      </trkpt>
      <trkpt lat="30.54267556406557559967041015625" lon="104.04640666209161281585693359375">
        <ele>482.79998779296875</ele>
        <time>2026-09-21T13:13:17.000Z</time>
        <extensions>
          <ns3:TrackPointExtension>
            <ns3:hr>141</ns3:hr>
            <ns3:cad>92</ns3:cad>
          </ns3:TrackPointExtension>
        </extensions>
      </trkpt>
      <trkpt lat="30.54270775057375431060791015625" lon="104.04640716500580310821533203125">
        <ele>482.79998779296875</ele>
        <time>2026-09-21T13:13:18.000Z</time>
        <extensions>
          <ns3:TrackPointExtension>
            <ns3:hr>141</ns3:hr>
            <ns3:cad>92</ns3:cad>
          </ns3:TrackPointExtension>
        </extensions>
      </trkpt>
      <trkpt lat="30.542734824120998382568359375" lon="104.04641269706189632415771484375">
        <ele>482.79998779296875</ele>
        <time>2026-09-21T13:13:19.000Z</time>
        <extensions>
          <ns3:TrackPointExtension>
            <ns3:hr>141</ns3:hr>
            <ns3:cad>92</ns3:cad>
          </ns3:TrackPointExtension>
        </extensions>
      </trkpt>
      <trkpt lat="30.5427660048007965087890625" lon="104.04641789384186267852783203125">
        <ele>482.79998779296875</ele>
        <time>2026-09-21T13:13:20.000Z</time>
        <extensions>
          <ns3:TrackPointExtension>
            <ns3:hr>142</ns3:hr>
            <ns3:cad>91</ns3:cad>
          </ns3:TrackPointExtension>
        </extensions>
      </trkpt>
      <trkpt lat="30.5427862890064716339111328125" lon="104.0464142896234989166259765625">
        <ele>482.79998779296875</ele>
        <time>2026-09-21T13:13:21.000Z</time>
        <extensions>
          <ns3:TrackPointExtension>
            <ns3:hr>142</ns3:hr>
            <ns3:cad>91</ns3:cad>
          </ns3:TrackPointExtension>
        </extensions>
      </trkpt>
      <trkpt lat="30.5428174696862697601318359375" lon="104.04642309062182903289794921875">
        <ele>482.79998779296875</ele>
        <time>2026-09-21T13:13:22.000Z</time>
        <extensions>
          <ns3:TrackPointExtension>
            <ns3:hr>142</ns3:hr>
            <ns3:cad>91</ns3:cad>
          </ns3:TrackPointExtension>
        </extensions>
      </trkpt>
      <trkpt lat="30.5428395979106426239013671875" lon="104.04642007313668727874755859375">
        <ele>483</ele>
        <time>2026-09-21T13:13:23.000Z</time>
        <extensions>
          <ns3:TrackPointExtension>
            <ns3:hr>142</ns3:hr>
            <ns3:cad>92</ns3:cad>
          </ns3:TrackPointExtension>
        </extensions>
      </trkpt>
      <trkpt lat="30.54287153296172618865966796875" lon="104.046425856649875640869140625">
        <ele>483</ele>
        <time>2026-09-21T13:13:24.000Z</time>
        <extensions>
          <ns3:TrackPointExtension>
            <ns3:hr>142</ns3:hr>
            <ns3:cad>92</ns3:cad>
          </ns3:TrackPointExtension>
        </extensions>
      </trkpt>
      <trkpt lat="30.54289265535771846771240234375" lon="104.04642275534570217132568359375">
        <ele>483.20001220703125</ele>
        <time>2026-09-21T13:13:25.000Z</time>
        <extensions>
          <ns3:TrackPointExtension>
            <ns3:hr>141</ns3:hr>
            <ns3:cad>93</ns3:cad>
          </ns3:TrackPointExtension>
        </extensions>
      </trkpt>
      <trkpt lat="30.54292450658977031707763671875" lon="104.0464243479073047637939453125">
        <ele>483.20001220703125</ele>
        <time>2026-09-21T13:13:26.000Z</time>
        <extensions>
          <ns3:TrackPointExtension>
            <ns3:hr>142</ns3:hr>
            <ns3:cad>92</ns3:cad>
          </ns3:TrackPointExtension>
        </extensions>
      </trkpt>
      <trkpt lat="30.54294596426188945770263671875" lon="104.0464250184595584869384765625">
        <ele>483.399993896484375</ele>
        <time>2026-09-21T13:13:27.000Z</time>
        <extensions>
          <ns3:TrackPointExtension>
            <ns3:hr>142</ns3:hr>
            <ns3:cad>93</ns3:cad>
          </ns3:TrackPointExtension>
        </extensions>
      </trkpt>
      <trkpt lat="30.54297546856105327606201171875" lon="104.04642661102116107940673828125">
        <ele>483.399993896484375</ele>
        <time>2026-09-21T13:13:28.000Z</time>
        <extensions>
          <ns3:TrackPointExtension>
            <ns3:hr>142</ns3:hr>
            <ns3:cad>92</ns3:cad>
          </ns3:TrackPointExtension>
        </extensions>
      </trkpt>
      <trkpt lat="30.5429971776902675628662109375" lon="104.0464230068027973175048828125">
        <ele>483.399993896484375</ele>
        <time>2026-09-21T13:13:29.000Z</time>
        <extensions>
          <ns3:TrackPointExtension>
            <ns3:hr>142</ns3:hr>
            <ns3:cad>92</ns3:cad>
          </ns3:TrackPointExtension>
        </extensions>
      </trkpt>
      <trkpt lat="30.5430229939520359039306640625" lon="104.04642493464052677154541015625">
        <ele>483.399993896484375</ele>
        <time>2026-09-21T13:13:30.000Z</time>
        <extensions>
          <ns3:TrackPointExtension>
            <ns3:hr>142</ns3:hr>
            <ns3:cad>92</ns3:cad>
          </ns3:TrackPointExtension>
        </extensions>
      </trkpt>
      <trkpt lat="30.54304738529026508331298828125" lon="104.04641839675605297088623046875">
        <ele>483.20001220703125</ele>
        <time>2026-09-21T13:13:31.000Z</time>
        <extensions>
          <ns3:TrackPointExtension>
            <ns3:hr>142</ns3:hr>
            <ns3:cad>92</ns3:cad>
          </ns3:TrackPointExtension>
        </extensions>
      </trkpt>
      <trkpt lat="30.54307647049427032470703125" lon="104.04641789384186267852783203125">
        <ele>483.20001220703125</ele>
        <time>2026-09-21T13:13:32.000Z</time>
        <extensions>
          <ns3:TrackPointExtension>
            <ns3:hr>142</ns3:hr>
            <ns3:cad>91</ns3:cad>
          </ns3:TrackPointExtension>
        </extensions>
      </trkpt>
      <trkpt lat="30.54310061037540435791015625" lon="104.04641219414770603179931640625">
        <ele>483.20001220703125</ele>
        <time>2026-09-21T13:13:33.000Z</time>
        <extensions>
          <ns3:TrackPointExtension>
            <ns3:hr>143</ns3:hr>
            <ns3:cad>91</ns3:cad>
          </ns3:TrackPointExtension>
        </extensions>
      </trkpt>
      <trkpt lat="30.5431309528648853302001953125" lon="104.046405069530010223388671875">
        <ele>483</ele>
        <time>2026-09-21T13:13:34.000Z</time>
        <extensions>
          <ns3:TrackPointExtension>
            <ns3:hr>142</ns3:hr>
            <ns3:cad>91</ns3:cad>
          </ns3:TrackPointExtension>
        </extensions>
      </trkpt>
      <trkpt lat="30.54315718822181224822998046875" lon="104.04639844782650470733642578125">
        <ele>483</ele>
        <time>2026-09-21T13:13:35.000Z</time>
        <extensions>
          <ns3:TrackPointExtension>
            <ns3:hr>142</ns3:hr>
            <ns3:cad>90</ns3:cad>
          </ns3:TrackPointExtension>
        </extensions>
      </trkpt>
      <trkpt lat="30.5431842617690563201904296875" lon="104.04639526270329952239990234375">
        <ele>482.79998779296875</ele>
        <time>2026-09-21T13:13:36.000Z</time>
        <extensions>
          <ns3:TrackPointExtension>
            <ns3:hr>142</ns3:hr>
            <ns3:cad>90</ns3:cad>
          </ns3:TrackPointExtension>
        </extensions>
      </trkpt>
      <trkpt lat="30.5432112514972686767578125" lon="104.04638721607625484466552734375">
        <ele>482.79998779296875</ele>
        <time>2026-09-21T13:13:37.000Z</time>
        <extensions>
          <ns3:TrackPointExtension>
            <ns3:hr>143</ns3:hr>
            <ns3:cad>90</ns3:cad>
          </ns3:TrackPointExtension>
        </extensions>
      </trkpt>
      <trkpt lat="30.54323949851095676422119140625" lon="104.0463800914585590362548828125">
        <ele>482.600006103515625</ele>
        <time>2026-09-21T13:13:38.000Z</time>
        <extensions>
          <ns3:TrackPointExtension>
            <ns3:hr>142</ns3:hr>
            <ns3:cad>90</ns3:cad>
          </ns3:TrackPointExtension>
        </extensions>
      </trkpt>
      <trkpt lat="30.54326514713466167449951171875" lon="104.0463717095553874969482421875">
        <ele>482.399993896484375</ele>
        <time>2026-09-21T13:13:39.000Z</time>
        <extensions>
          <ns3:TrackPointExtension>
            <ns3:hr>142</ns3:hr>
            <ns3:cad>91</ns3:cad>
          </ns3:TrackPointExtension>
        </extensions>
      </trkpt>
      <trkpt lat="30.5432902090251445770263671875" lon="104.04636584222316741943359375">
        <ele>482.20001220703125</ele>
        <time>2026-09-21T13:13:40.000Z</time>
        <extensions>
          <ns3:TrackPointExtension>
            <ns3:hr>142</ns3:hr>
            <ns3:cad>91</ns3:cad>
          </ns3:TrackPointExtension>
        </extensions>
      </trkpt>
      <trkpt lat="30.54332256317138671875" lon="104.04635586775839328765869140625">
        <ele>482.20001220703125</ele>
        <time>2026-09-21T13:13:41.000Z</time>
        <extensions>
          <ns3:TrackPointExtension>
            <ns3:hr>142</ns3:hr>
            <ns3:cad>92</ns3:cad>
          </ns3:TrackPointExtension>
        </extensions>
      </trkpt>
      <trkpt lat="30.54334469139575958251953125" lon="104.046346731483936309814453125">
        <ele>482</ele>
        <time>2026-09-21T13:13:42.000Z</time>
        <extensions>
          <ns3:TrackPointExtension>
            <ns3:hr>142</ns3:hr>
            <ns3:cad>91</ns3:cad>
          </ns3:TrackPointExtension>
        </extensions>
      </trkpt>
      <trkpt lat="30.5433710105717182159423828125" lon="104.0463341586291790008544921875">
        <ele>482</ele>
        <time>2026-09-21T13:13:43.000Z</time>
        <extensions>
          <ns3:TrackPointExtension>
            <ns3:hr>142</ns3:hr>
            <ns3:cad>91</ns3:cad>
          </ns3:TrackPointExtension>
        </extensions>
      </trkpt>
      <trkpt lat="30.543400011956691741943359375" lon="104.0463237650692462921142578125">
        <ele>482</ele>
        <time>2026-09-21T13:13:44.000Z</time>
        <extensions>
          <ns3:TrackPointExtension>
            <ns3:hr>142</ns3:hr>
            <ns3:cad>91</ns3:cad>
          </ns3:TrackPointExtension>
        </extensions>
      </trkpt>
      <trkpt lat="30.54343144409358501434326171875" lon="104.04631353914737701416015625">
        <ele>481.79998779296875</ele>
        <time>2026-09-21T13:13:45.000Z</time>
        <extensions>
          <ns3:TrackPointExtension>
            <ns3:hr>142</ns3:hr>
            <ns3:cad>92</ns3:cad>
          </ns3:TrackPointExtension>
        </extensions>
      </trkpt>
      <trkpt lat="30.54345868527889251708984375" lon="104.04630457051098346710205078125">
        <ele>481.79998779296875</ele>
        <time>2026-09-21T13:13:46.000Z</time>
        <extensions>
          <ns3:TrackPointExtension>
            <ns3:hr>142</ns3:hr>
            <ns3:cad>92</ns3:cad>
          </ns3:TrackPointExtension>
        </extensions>
      </trkpt>
      <trkpt lat="30.54349263198673725128173828125" lon="104.04629434458911418914794921875">
        <ele>481.600006103515625</ele>
        <time>2026-09-21T13:13:47.000Z</time>
        <extensions>
          <ns3:TrackPointExtension>
            <ns3:hr>143</ns3:hr>
            <ns3:cad>92</ns3:cad>
          </ns3:TrackPointExtension>
        </extensions>
      </trkpt>
      <trkpt lat="30.54351559840142726898193359375" lon="104.04628562740981578826904296875">
        <ele>481.399993896484375</ele>
        <time>2026-09-21T13:13:48.000Z</time>
        <extensions>
          <ns3:TrackPointExtension>
            <ns3:hr>143</ns3:hr>
            <ns3:cad>91</ns3:cad>
          </ns3:TrackPointExtension>
        </extensions>
      </trkpt>
      <trkpt lat="30.5435500480234622955322265625" lon="104.04628294520080089569091796875">
        <ele>481.399993896484375</ele>
        <time>2026-09-21T13:13:49.000Z</time>
        <extensions>
          <ns3:TrackPointExtension>
            <ns3:hr>143</ns3:hr>
            <ns3:cad>91</ns3:cad>
          </ns3:TrackPointExtension>
        </extensions>
      </trkpt>
      <trkpt lat="30.54357041604816913604736328125" lon="104.04627322219312191009521484375">
        <ele>481.399993896484375</ele>
        <time>2026-09-21T13:13:50.000Z</time>
        <extensions>
          <ns3:TrackPointExtension>
            <ns3:hr>143</ns3:hr>
            <ns3:cad>91</ns3:cad>
          </ns3:TrackPointExtension>
        </extensions>
      </trkpt>
      <trkpt lat="30.5436046980321407318115234375" lon="104.0462660975754261016845703125">
        <ele>481.20001220703125</ele>
        <time>2026-09-21T13:13:51.000Z</time>
        <extensions>
          <ns3:TrackPointExtension>
            <ns3:hr>143</ns3:hr>
            <ns3:cad>91</ns3:cad>
          </ns3:TrackPointExtension>
        </extensions>
      </trkpt>
      <trkpt lat="30.54362439550459384918212890625" lon="104.04625830240547657012939453125">
        <ele>481</ele>
        <time>2026-09-21T13:13:52.000Z</time>
        <extensions>
          <ns3:TrackPointExtension>
            <ns3:hr>144</ns3:hr>
            <ns3:cad>91</ns3:cad>
          </ns3:TrackPointExtension>
        </extensions>
      </trkpt>
      <trkpt lat="30.54365507327020168304443359375" lon="104.04625855386257171630859375">
        <ele>480.79998779296875</ele>
        <time>2026-09-21T13:13:53.000Z</time>
        <extensions>
          <ns3:TrackPointExtension>
            <ns3:hr>143</ns3:hr>
            <ns3:cad>91</ns3:cad>
          </ns3:TrackPointExtension>
        </extensions>
      </trkpt>
      <trkpt lat="30.54367996752262115478515625" lon="104.046257548034191131591796875">
        <ele>480.79998779296875</ele>
        <time>2026-09-21T13:13:54.000Z</time>
        <extensions>
          <ns3:TrackPointExtension>
            <ns3:hr>143</ns3:hr>
            <ns3:cad>91</ns3:cad>
          </ns3:TrackPointExtension>
        </extensions>
      </trkpt>
      <trkpt lat="30.5437106452882289886474609375" lon="104.04626391828060150146484375">
        <ele>480.600006103515625</ele>
        <time>2026-09-21T13:13:55.000Z</time>
        <extensions>
          <ns3:TrackPointExtension>
            <ns3:hr>143</ns3:hr>
            <ns3:cad>91</ns3:cad>
          </ns3:TrackPointExtension>
        </extensions>
      </trkpt>
      <trkpt lat="30.5437351204454898834228515625" lon="104.04626391828060150146484375">
        <ele>480.399993896484375</ele>
        <time>2026-09-21T13:13:56.000Z</time>
        <extensions>
          <ns3:TrackPointExtension>
            <ns3:hr>142</ns3:hr>
            <ns3:cad>91</ns3:cad>
          </ns3:TrackPointExtension>
        </extensions>
      </trkpt>
      <trkpt lat="30.5437689833343029022216796875" lon="104.04627657495439052581787109375">
        <ele>480.399993896484375</ele>
        <time>2026-09-21T13:13:57.000Z</time>
        <extensions>
          <ns3:TrackPointExtension>
            <ns3:hr>142</ns3:hr>
            <ns3:cad>92</ns3:cad>
          </ns3:TrackPointExtension>
        </extensions>
      </trkpt>
      <trkpt lat="30.54379664361476898193359375" lon="104.0462815202772617340087890625">
        <ele>480.20001220703125</ele>
        <time>2026-09-21T13:13:58.000Z</time>
        <extensions>
          <ns3:TrackPointExtension>
            <ns3:hr>142</ns3:hr>
            <ns3:cad>92</ns3:cad>
          </ns3:TrackPointExtension>
        </extensions>
      </trkpt>
      <trkpt lat="30.5438300035893917083740234375" lon="104.04629568569362163543701171875">
        <ele>480.20001220703125</ele>
        <time>2026-09-21T13:13:59.000Z</time>
        <extensions>
          <ns3:TrackPointExtension>
            <ns3:hr>142</ns3:hr>
            <ns3:cad>92</ns3:cad>
          </ns3:TrackPointExtension>
        </extensions>
      </trkpt>
      <trkpt lat="30.5438528023660182952880859375" lon="104.04630389995872974395751953125">
        <ele>480.20001220703125</ele>
        <time>2026-09-21T13:14:00.000Z</time>
        <extensions>
          <ns3:TrackPointExtension>
            <ns3:hr>142</ns3:hr>
            <ns3:cad>91</ns3:cad>
          </ns3:TrackPointExtension>
        </extensions>
      </trkpt>
      <trkpt lat="30.5438843183219432830810546875" lon="104.04632292687892913818359375">
        <ele>480</ele>
        <time>2026-09-21T13:14:01.000Z</time>
        <extensions>
          <ns3:TrackPointExtension>
            <ns3:hr>141</ns3:hr>
            <ns3:cad>91</ns3:cad>
          </ns3:TrackPointExtension>
        </extensions>
      </trkpt>
      <trkpt lat="30.54390661418437957763671875" lon="104.0463324822485446929931640625">
        <ele>480</ele>
        <time>2026-09-21T13:14:02.000Z</time>
        <extensions>
          <ns3:TrackPointExtension>
            <ns3:hr>141</ns3:hr>
            <ns3:cad>90</ns3:cad>
          </ns3:TrackPointExtension>
        </extensions>
      </trkpt>
      <trkpt lat="30.54393611848354339599609375" lon="104.0463536046445369720458984375">
        <ele>480</ele>
        <time>2026-09-21T13:14:03.000Z</time>
        <extensions>
          <ns3:TrackPointExtension>
            <ns3:hr>141</ns3:hr>
            <ns3:cad>90</ns3:cad>
          </ns3:TrackPointExtension>
        </extensions>
      </trkpt>
      <trkpt lat="30.54396159946918487548828125" lon="104.04636274091899394989013671875">
        <ele>479.79998779296875</ele>
        <time>2026-09-21T13:14:04.000Z</time>
        <extensions>
          <ns3:TrackPointExtension>
            <ns3:hr>141</ns3:hr>
            <ns3:cad>90</ns3:cad>
          </ns3:TrackPointExtension>
        </extensions>
      </trkpt>
      <trkpt lat="30.54399001412093639373779296875" lon="104.0463787503540515899658203125">
        <ele>479.79998779296875</ele>
        <time>2026-09-21T13:14:05.000Z</time>
        <extensions>
          <ns3:TrackPointExtension>
            <ns3:hr>141</ns3:hr>
            <ns3:cad>90</ns3:cad>
          </ns3:TrackPointExtension>
        </extensions>
      </trkpt>
      <trkpt lat="30.5440113879740238189697265625" lon="104.04638336040079593658447265625">
        <ele>479.600006103515625</ele>
        <time>2026-09-21T13:14:06.000Z</time>
        <extensions>
          <ns3:TrackPointExtension>
            <ns3:hr>141</ns3:hr>
            <ns3:cad>90</ns3:cad>
          </ns3:TrackPointExtension>
        </extensions>
      </trkpt>
      <trkpt lat="30.54403628222644329071044921875" lon="104.046401046216487884521484375">
        <ele>479.600006103515625</ele>
        <time>2026-09-21T13:14:07.000Z</time>
        <extensions>
          <ns3:TrackPointExtension>
            <ns3:hr>141</ns3:hr>
            <ns3:cad>89</ns3:cad>
          </ns3:TrackPointExtension>
        </extensions>
      </trkpt>
      <trkpt lat="30.544055812060832977294921875" lon="104.04640733264386653900146484375">
        <ele>479.600006103515625</ele>
        <time>2026-09-21T13:14:08.000Z</time>
        <extensions>
          <ns3:TrackPointExtension>
            <ns3:hr>141</ns3:hr>
            <ns3:cad>90</ns3:cad>
          </ns3:TrackPointExtension>
        </extensions>
      </trkpt>
      <trkpt lat="30.54407986812293529510498046875" lon="104.04642174951732158660888671875">
        <ele>479.600006103515625</ele>
        <time>2026-09-21T13:14:09.000Z</time>
        <extensions>
          <ns3:TrackPointExtension>
            <ns3:hr>141</ns3:hr>
            <ns3:cad>90</ns3:cad>
          </ns3:TrackPointExtension>
        </extensions>
      </trkpt>
      <trkpt lat="30.5441015772521495819091796875" lon="104.04642677865922451019287109375">
        <ele>479.600006103515625</ele>
        <time>2026-09-21T13:14:10.000Z</time>
        <extensions>
          <ns3:TrackPointExtension>
            <ns3:hr>140</ns3:hr>
            <ns3:cad>90</ns3:cad>
          </ns3:TrackPointExtension>
        </extensions>
      </trkpt>
      <trkpt lat="30.5441287346184253692626953125" lon="104.04644421301782131195068359375">
        <ele>479.600006103515625</ele>
        <time>2026-09-21T13:14:11.000Z</time>
        <extensions>
          <ns3:TrackPointExtension>
            <ns3:hr>140</ns3:hr>
            <ns3:cad>90</ns3:cad>
          </ns3:TrackPointExtension>
        </extensions>
      </trkpt>
      <trkpt lat="30.54415203630924224853515625" lon="104.046452678740024566650390625">
        <ele>479.600006103515625</ele>
        <time>2026-09-21T13:14:12.000Z</time>
        <extensions>
          <ns3:TrackPointExtension>
            <ns3:hr>140</ns3:hr>
            <ns3:cad>90</ns3:cad>
          </ns3:TrackPointExtension>
        </extensions>
      </trkpt>
      <trkpt lat="30.54417793639004230499267578125" lon="104.04646835289895534515380859375">
        <ele>479.600006103515625</ele>
        <time>2026-09-21T13:14:13.000Z</time>
        <extensions>
          <ns3:TrackPointExtension>
            <ns3:hr>140</ns3:hr>
            <ns3:cad>90</ns3:cad>
          </ns3:TrackPointExtension>
        </extensions>
      </trkpt>
      <trkpt lat="30.5442041717469692230224609375" lon="104.04647740535438060760498046875">
        <ele>479.79998779296875</ele>
        <time>2026-09-21T13:14:14.000Z</time>
        <extensions>
          <ns3:TrackPointExtension>
            <ns3:hr>140</ns3:hr>
            <ns3:cad>90</ns3:cad>
          </ns3:TrackPointExtension>
        </extensions>
      </trkpt>
      <trkpt lat="30.5442279763519763946533203125" lon="104.04649081639945507049560546875">
        <ele>479.79998779296875</ele>
        <time>2026-09-21T13:14:15.000Z</time>
        <extensions>
          <ns3:TrackPointExtension>
            <ns3:hr>139</ns3:hr>
            <ns3:cad>91</ns3:cad>
          </ns3:TrackPointExtension>
        </extensions>
      </trkpt>
      <trkpt lat="30.54424985311925411224365234375" lon="104.0464965999126434326171875">
        <ele>480</ele>
        <time>2026-09-21T13:14:16.000Z</time>
        <extensions>
          <ns3:TrackPointExtension>
            <ns3:hr>139</ns3:hr>
            <ns3:cad>91</ns3:cad>
          </ns3:TrackPointExtension>
        </extensions>
      </trkpt>
      <trkpt lat="30.54427181370556354522705078125" lon="104.04650540091097354888916015625">
        <ele>480.20001220703125</ele>
        <time>2026-09-21T13:14:17.000Z</time>
        <extensions>
          <ns3:TrackPointExtension>
            <ns3:hr>138</ns3:hr>
            <ns3:cad>91</ns3:cad>
          </ns3:TrackPointExtension>
        </extensions>
      </trkpt>
      <trkpt lat="30.54429377429187297821044921875" lon="104.04650808311998844146728515625">
        <ele>480.20001220703125</ele>
        <time>2026-09-21T13:14:18.000Z</time>
        <extensions>
          <ns3:TrackPointExtension>
            <ns3:hr>137</ns3:hr>
            <ns3:cad>91</ns3:cad>
          </ns3:TrackPointExtension>
        </extensions>
      </trkpt>
      <trkpt lat="30.544317997992038726806640625" lon="104.0465131960809230804443359375">
        <ele>480.399993896484375</ele>
        <time>2026-09-21T13:14:19.000Z</time>
        <extensions>
          <ns3:TrackPointExtension>
            <ns3:hr>137</ns3:hr>
            <ns3:cad>91</ns3:cad>
          </ns3:TrackPointExtension>
        </extensions>
      </trkpt>
      <trkpt lat="30.54433953948318958282470703125" lon="104.0465155430138111114501953125">
        <ele>480.399993896484375</ele>
        <time>2026-09-21T13:14:20.000Z</time>
        <extensions>
          <ns3:TrackPointExtension>
            <ns3:hr>136</ns3:hr>
            <ns3:cad>91</ns3:cad>
          </ns3:TrackPointExtension>
        </extensions>
      </trkpt>
      <trkpt lat="30.54436418227851390838623046875" lon="104.0465202368795871734619140625">
        <ele>480.399993896484375</ele>
        <time>2026-09-21T13:14:21.000Z</time>
        <extensions>
          <ns3:TrackPointExtension>
            <ns3:hr>137</ns3:hr>
            <ns3:cad>91</ns3:cad>
          </ns3:TrackPointExtension>
        </extensions>
      </trkpt>
      <trkpt lat="30.5443922616541385650634765625" lon="104.04652182944118976593017578125">
        <ele>480.399993896484375</ele>
        <time>2026-09-21T13:14:22.000Z</time>
        <extensions>
          <ns3:TrackPointExtension>
            <ns3:hr>137</ns3:hr>
            <ns3:cad>92</ns3:cad>
          </ns3:TrackPointExtension>
        </extensions>
      </trkpt>
      <trkpt lat="30.5444160662591457366943359375" lon="104.046527110040187835693359375">
        <ele>480.399993896484375</ele>
        <time>2026-09-21T13:14:23.000Z</time>
        <extensions>
          <ns3:TrackPointExtension>
            <ns3:hr>138</ns3:hr>
            <ns3:cad>92</ns3:cad>
          </ns3:TrackPointExtension>
        </extensions>
      </trkpt>
      <trkpt lat="30.54443903267383575439453125" lon="104.04653021134436130523681640625">
        <ele>480.600006103515625</ele>
        <time>2026-09-21T13:14:24.000Z</time>
        <extensions>
          <ns3:TrackPointExtension>
            <ns3:hr>138</ns3:hr>
            <ns3:cad>91</ns3:cad>
          </ns3:TrackPointExtension>
        </extensions>
      </trkpt>
      <trkpt lat="30.54445990361273288726806640625" lon="104.04653088189661502838134765625">
        <ele>480.600006103515625</ele>
        <time>2026-09-21T13:14:25.000Z</time>
        <extensions>
          <ns3:TrackPointExtension>
            <ns3:hr>139</ns3:hr>
            <ns3:cad>91</ns3:cad>
          </ns3:TrackPointExtension>
        </extensions>
      </trkpt>
      <trkpt lat="30.5444804392755031585693359375" lon="104.0465276129543781280517578125">
        <ele>480.79998779296875</ele>
        <time>2026-09-21T13:14:26.000Z</time>
        <extensions>
          <ns3:TrackPointExtension>
            <ns3:hr>140</ns3:hr>
            <ns3:cad>91</ns3:cad>
          </ns3:TrackPointExtension>
        </extensions>
      </trkpt>
      <trkpt lat="30.54450080730020999908447265625" lon="104.04652719385921955108642578125">
        <ele>480.79998779296875</ele>
        <time>2026-09-21T13:14:27.000Z</time>
        <extensions>
          <ns3:TrackPointExtension>
            <ns3:hr>141</ns3:hr>
            <ns3:cad>91</ns3:cad>
          </ns3:TrackPointExtension>
        </extensions>
      </trkpt>
      <trkpt lat="30.54453131742775440216064453125" lon="104.04652669094502925872802734375">
        <ele>481</ele>
        <time>2026-09-21T13:14:28.000Z</time>
        <extensions>
          <ns3:TrackPointExtension>
            <ns3:hr>142</ns3:hr>
            <ns3:cad>91</ns3:cad>
          </ns3:TrackPointExtension>
        </extensions>
      </trkpt>
      <trkpt lat="30.5445528589189052581787109375" lon="104.04652811586856842041015625">
        <ele>481</ele>
        <time>2026-09-21T13:14:29.000Z</time>
        <extensions>
          <ns3:TrackPointExtension>
            <ns3:hr>142</ns3:hr>
            <ns3:cad>91</ns3:cad>
          </ns3:TrackPointExtension>
        </extensions>
      </trkpt>
      <trkpt lat="30.54458118975162506103515625" lon="104.04652451165020465850830078125">
        <ele>481.20001220703125</ele>
        <time>2026-09-21T13:14:30.000Z</time>
        <extensions>
          <ns3:TrackPointExtension>
            <ns3:hr>143</ns3:hr>
            <ns3:cad>92</ns3:cad>
          </ns3:TrackPointExtension>
        </extensions>
      </trkpt>
      <trkpt lat="30.54460155777633190155029296875" lon="104.04652082361280918121337890625">
        <ele>481.20001220703125</ele>
        <time>2026-09-21T13:14:31.000Z</time>
        <extensions>
          <ns3:TrackPointExtension>
            <ns3:hr>143</ns3:hr>
            <ns3:cad>92</ns3:cad>
          </ns3:TrackPointExtension>
        </extensions>
      </trkpt>
      <trkpt lat="30.544635169208049774169921875" lon="104.04651696793735027313232421875">
        <ele>481</ele>
        <time>2026-09-21T13:14:32.000Z</time>
        <extensions>
          <ns3:TrackPointExtension>
            <ns3:hr>143</ns3:hr>
            <ns3:cad>91</ns3:cad>
          </ns3:TrackPointExtension>
        </extensions>
      </trkpt>
      <trkpt lat="30.54465872235596179962158203125" lon="104.0465135313570499420166015625">
        <ele>481</ele>
        <time>2026-09-21T13:14:33.000Z</time>
        <extensions>
          <ns3:TrackPointExtension>
            <ns3:hr>143</ns3:hr>
            <ns3:cad>92</ns3:cad>
          </ns3:TrackPointExtension>
        </extensions>
      </trkpt>
      <trkpt lat="30.5446940101683139801025390625" lon="104.0465148724615573883056640625">
        <ele>481</ele>
        <time>2026-09-21T13:14:34.000Z</time>
        <extensions>
          <ns3:TrackPointExtension>
            <ns3:hr>143</ns3:hr>
            <ns3:cad>92</ns3:cad>
          </ns3:TrackPointExtension>
        </extensions>
      </trkpt>
      <trkpt lat="30.5447211675345897674560546875" lon="104.04652384109795093536376953125">
        <ele>481</ele>
        <time>2026-09-21T13:14:35.000Z</time>
        <extensions>
          <ns3:TrackPointExtension>
            <ns3:hr>144</ns3:hr>
            <ns3:cad>92</ns3:cad>
          </ns3:TrackPointExtension>
        </extensions>
      </trkpt>
      <trkpt lat="30.54475075565278530120849609375" lon="104.04653624631464481353759765625">
        <ele>481</ele>
        <time>2026-09-21T13:14:36.000Z</time>
        <extensions>
          <ns3:TrackPointExtension>
            <ns3:hr>144</ns3:hr>
            <ns3:cad>92</ns3:cad>
          </ns3:TrackPointExtension>
        </extensions>
      </trkpt>
      <trkpt lat="30.54477372206747531890869140625" lon="104.04654412530362606048583984375">
        <ele>481</ele>
        <time>2026-09-21T13:14:37.000Z</time>
        <extensions>
          <ns3:TrackPointExtension>
            <ns3:hr>144</ns3:hr>
            <ns3:cad>92</ns3:cad>
          </ns3:TrackPointExtension>
        </extensions>
      </trkpt>
      <trkpt lat="30.54480305872857570648193359375" lon="104.0465547703206539154052734375">
        <ele>481</ele>
        <time>2026-09-21T13:14:38.000Z</time>
        <extensions>
          <ns3:TrackPointExtension>
            <ns3:hr>144</ns3:hr>
            <ns3:cad>91</ns3:cad>
          </ns3:TrackPointExtension>
        </extensions>
      </trkpt>
      <trkpt lat="30.5448237620294094085693359375" lon="104.046558625996112823486328125">
        <ele>481</ele>
        <time>2026-09-21T13:14:39.000Z</time>
        <extensions>
          <ns3:TrackPointExtension>
            <ns3:hr>144</ns3:hr>
            <ns3:cad>90</ns3:cad>
          </ns3:TrackPointExtension>
        </extensions>
      </trkpt>
      <trkpt lat="30.54485251195728778839111328125" lon="104.04656642116606235504150390625">
        <ele>481</ele>
        <time>2026-09-21T13:14:40.000Z</time>
        <extensions>
          <ns3:TrackPointExtension>
            <ns3:hr>144</ns3:hr>
            <ns3:cad>90</ns3:cad>
          </ns3:TrackPointExtension>
        </extensions>
      </trkpt>
      <trkpt lat="30.54487514309585094451904296875" lon="104.046569354832172393798828125">
        <ele>481</ele>
        <time>2026-09-21T13:14:41.000Z</time>
        <extensions>
          <ns3:TrackPointExtension>
            <ns3:hr>145</ns3:hr>
            <ns3:cad>91</ns3:cad>
          </ns3:TrackPointExtension>
        </extensions>
      </trkpt>
      <trkpt lat="30.54490649141371250152587890625" lon="104.04657094739377498626708984375">
        <ele>481</ele>
        <time>2026-09-21T13:14:42.000Z</time>
        <extensions>
          <ns3:TrackPointExtension>
            <ns3:hr>144</ns3:hr>
            <ns3:cad>90</ns3:cad>
          </ns3:TrackPointExtension>
        </extensions>
      </trkpt>
      <trkpt lat="30.54492560215294361114501953125" lon="104.04656709171831607818603515625">
        <ele>481</ele>
        <time>2026-09-21T13:14:43.000Z</time>
        <extensions>
          <ns3:TrackPointExtension>
            <ns3:hr>144</ns3:hr>
            <ns3:cad>90</ns3:cad>
          </ns3:TrackPointExtension>
        </extensions>
      </trkpt>
      <trkpt lat="30.544955693185329437255859375" lon="104.04657061211764812469482421875">
        <ele>481</ele>
        <time>2026-09-21T13:14:44.000Z</time>
        <extensions>
          <ns3:TrackPointExtension>
            <ns3:hr>145</ns3:hr>
            <ns3:cad>90</ns3:cad>
          </ns3:TrackPointExtension>
        </extensions>
      </trkpt>
      <trkpt lat="30.5449786596000194549560546875" lon="104.04656742699444293975830078125">
        <ele>481</ele>
        <time>2026-09-21T13:14:45.000Z</time>
        <extensions>
          <ns3:TrackPointExtension>
            <ns3:hr>145</ns3:hr>
            <ns3:cad>91</ns3:cad>
          </ns3:TrackPointExtension>
        </extensions>
      </trkpt>
      <trkpt lat="30.54501160047948360443115234375" lon="104.0465631522238254547119140625">
        <ele>481</ele>
        <time>2026-09-21T13:14:46.000Z</time>
        <extensions>
          <ns3:TrackPointExtension>
            <ns3:hr>145</ns3:hr>
            <ns3:cad>92</ns3:cad>
          </ns3:TrackPointExtension>
        </extensions>
      </trkpt>
      <trkpt lat="30.545033477246761322021484375" lon="104.04655837453901767730712890625">
        <ele>481</ele>
        <time>2026-09-21T13:14:47.000Z</time>
        <extensions>
          <ns3:TrackPointExtension>
            <ns3:hr>145</ns3:hr>
            <ns3:cad>92</ns3:cad>
          </ns3:TrackPointExtension>
        </extensions>
      </trkpt>
      <trkpt lat="30.5450624786317348480224609375" lon="104.04655762016773223876953125">
        <ele>481</ele>
        <time>2026-09-21T13:14:48.000Z</time>
        <extensions>
          <ns3:TrackPointExtension>
            <ns3:hr>144</ns3:hr>
            <ns3:cad>92</ns3:cad>
          </ns3:TrackPointExtension>
        </extensions>
      </trkpt>
      <trkpt lat="30.5450866185128688812255859375" lon="104.04655233956873416900634765625">
        <ele>480.79998779296875</ele>
        <time>2026-09-21T13:14:49.000Z</time>
        <extensions>
          <ns3:TrackPointExtension>
            <ns3:hr>145</ns3:hr>
            <ns3:cad>92</ns3:cad>
          </ns3:TrackPointExtension>
        </extensions>
      </trkpt>
      <trkpt lat="30.545111931860446929931640625" lon="104.046546556055545806884765625">
        <ele>480.79998779296875</ele>
        <time>2026-09-21T13:14:50.000Z</time>
        <extensions>
          <ns3:TrackPointExtension>
            <ns3:hr>145</ns3:hr>
            <ns3:cad>92</ns3:cad>
          </ns3:TrackPointExtension>
        </extensions>
      </trkpt>
      <trkpt lat="30.54513162933290004730224609375" lon="104.04653943143784999847412109375">
        <ele>480.79998779296875</ele>
        <time>2026-09-21T13:14:51.000Z</time>
        <extensions>
          <ns3:TrackPointExtension>
            <ns3:hr>144</ns3:hr>
            <ns3:cad>92</ns3:cad>
          </ns3:TrackPointExtension>
        </extensions>
      </trkpt>
      <trkpt lat="30.54515761323273181915283203125" lon="104.0465453825891017913818359375">
        <ele>480.79998779296875</ele>
        <time>2026-09-21T13:14:52.000Z</time>
        <extensions>
          <ns3:TrackPointExtension>
            <ns3:hr>144</ns3:hr>
            <ns3:cad>92</ns3:cad>
          </ns3:TrackPointExtension>
        </extensions>
      </trkpt>
      <trkpt lat="30.5451835133135318756103515625" lon="104.04654462821781635284423828125">
        <ele>480.79998779296875</ele>
        <time>2026-09-21T13:14:53.000Z</time>
        <extensions>
          <ns3:TrackPointExtension>
            <ns3:hr>144</ns3:hr>
            <ns3:cad>92</ns3:cad>
          </ns3:TrackPointExtension>
        </extensions>
      </trkpt>
      <trkpt lat="30.5452130176126956939697265625" lon="104.04655384831130504608154296875">
        <ele>480.79998779296875</ele>
        <time>2026-09-21T13:14:54.000Z</time>
        <extensions>
          <ns3:TrackPointExtension>
            <ns3:hr>144</ns3:hr>
            <ns3:cad>92</ns3:cad>
          </ns3:TrackPointExtension>
        </extensions>
      </trkpt>
      <trkpt lat="30.54524545557796955108642578125" lon="104.04655485413968563079833984375">
        <ele>480.79998779296875</ele>
        <time>2026-09-21T13:14:55.000Z</time>
        <extensions>
          <ns3:TrackPointExtension>
            <ns3:hr>144</ns3:hr>
            <ns3:cad>92</ns3:cad>
          </ns3:TrackPointExtension>
        </extensions>
      </trkpt>
      <trkpt lat="30.54527630098164081573486328125" lon="104.04655820690095424652099609375">
        <ele>480.600006103515625</ele>
        <time>2026-09-21T13:14:56.000Z</time>
        <extensions>
          <ns3:TrackPointExtension>
            <ns3:hr>144</ns3:hr>
            <ns3:cad>91</ns3:cad>
          </ns3:TrackPointExtension>
        </extensions>
      </trkpt>
      <trkpt lat="30.545304380357265472412109375" lon="104.04655938036739826202392578125">
        <ele>480.600006103515625</ele>
        <time>2026-09-21T13:14:57.000Z</time>
        <extensions>
          <ns3:TrackPointExtension>
            <ns3:hr>144</ns3:hr>
            <ns3:cad>91</ns3:cad>
          </ns3:TrackPointExtension>
        </extensions>
      </trkpt>
      <trkpt lat="30.54533086717128753662109375" lon="104.04656105674803256988525390625">
        <ele>480.399993896484375</ele>
        <time>2026-09-21T13:14:58.000Z</time>
        <extensions>
          <ns3:TrackPointExtension>
            <ns3:hr>144</ns3:hr>
            <ns3:cad>91</ns3:cad>
          </ns3:TrackPointExtension>
        </extensions>
      </trkpt>
      <trkpt lat="30.54535995237529277801513671875" lon="104.04656172730028629302978515625">
        <ele>480.399993896484375</ele>
        <time>2026-09-21T13:14:59.000Z</time>
        <extensions>
          <ns3:TrackPointExtension>
            <ns3:hr>144</ns3:hr>
            <ns3:cad>91</ns3:cad>
          </ns3:TrackPointExtension>
        </extensions>
      </trkpt>
      <trkpt lat="30.54538643918931484222412109375" lon="104.0465608052909374237060546875">
        <ele>480.399993896484375</ele>
        <time>2026-09-21T13:15:00.000Z</time>
        <extensions>
          <ns3:TrackPointExtension>
            <ns3:hr>144</ns3:hr>
            <ns3:cad>91</ns3:cad>
          </ns3:TrackPointExtension>
        </extensions>
      </trkpt>
      <trkpt lat="30.5454192124307155609130859375" lon="104.046562649309635162353515625">
        <ele>480.399993896484375</ele>
        <time>2026-09-21T13:15:01.000Z</time>
        <extensions>
          <ns3:TrackPointExtension>
            <ns3:hr>144</ns3:hr>
            <ns3:cad>90</ns3:cad>
          </ns3:TrackPointExtension>
        </extensions>
      </trkpt>
      <trkpt lat="30.5454430170357227325439453125" lon="104.0465691871941089630126953125">
        <ele>480.399993896484375</ele>
        <time>2026-09-21T13:15:02.000Z</time>
        <extensions>
          <ns3:TrackPointExtension>
            <ns3:hr>145</ns3:hr>
            <ns3:cad>90</ns3:cad>
          </ns3:TrackPointExtension>
        </extensions>
      </trkpt>
      <trkpt lat="30.545469336211681365966796875" lon="104.0465722046792507171630859375">
        <ele>480.600006103515625</ele>
        <time>2026-09-21T13:15:03.000Z</time>
        <extensions>
          <ns3:TrackPointExtension>
            <ns3:hr>145</ns3:hr>
            <ns3:cad>90</ns3:cad>
          </ns3:TrackPointExtension>
        </extensions>
      </trkpt>
      <trkpt lat="30.54549071006476879119873046875" lon="104.046579413115978240966796875">
        <ele>480.600006103515625</ele>
        <time>2026-09-21T13:15:04.000Z</time>
        <extensions>
          <ns3:TrackPointExtension>
            <ns3:hr>145</ns3:hr>
            <ns3:cad>91</ns3:cad>
          </ns3:TrackPointExtension>
        </extensions>
      </trkpt>
      <trkpt lat="30.54551937617361545562744140625" lon="104.046579413115978240966796875">
        <ele>480.600006103515625</ele>
        <time>2026-09-21T13:15:05.000Z</time>
        <extensions>
          <ns3:TrackPointExtension>
            <ns3:hr>145</ns3:hr>
            <ns3:cad>91</ns3:cad>
          </ns3:TrackPointExtension>
        </extensions>
      </trkpt>
      <trkpt lat="30.54554083384573459625244140625" lon="104.0465856157243251800537109375">
        <ele>480.600006103515625</ele>
        <time>2026-09-21T13:15:06.000Z</time>
        <extensions>
          <ns3:TrackPointExtension>
            <ns3:hr>145</ns3:hr>
            <ns3:cad>92</ns3:cad>
          </ns3:TrackPointExtension>
        </extensions>
      </trkpt>
      <trkpt lat="30.54557285271584987640380859375" lon="104.04659106396138668060302734375">
        <ele>480.600006103515625</ele>
        <time>2026-09-21T13:15:07.000Z</time>
        <extensions>
          <ns3:TrackPointExtension>
            <ns3:hr>145</ns3:hr>
            <ns3:cad>91</ns3:cad>
          </ns3:TrackPointExtension>
        </extensions>
      </trkpt>
      <trkpt lat="30.545597076416015625" lon="104.0465919859707355499267578125">
        <ele>480.600006103515625</ele>
        <time>2026-09-21T13:15:08.000Z</time>
        <extensions>
          <ns3:TrackPointExtension>
            <ns3:hr>146</ns3:hr>
            <ns3:cad>91</ns3:cad>
          </ns3:TrackPointExtension>
        </extensions>
      </trkpt>
      <trkpt lat="30.5456279218196868896484375" lon="104.04659139923751354217529296875">
        <ele>480.600006103515625</ele>
        <time>2026-09-21T13:15:09.000Z</time>
        <extensions>
          <ns3:TrackPointExtension>
            <ns3:hr>145</ns3:hr>
            <ns3:cad>91</ns3:cad>
          </ns3:TrackPointExtension>
        </extensions>
      </trkpt>
      <trkpt lat="30.5456502176821231842041015625" lon="104.04658519662916660308837890625">
        <ele>480.600006103515625</ele>
        <time>2026-09-21T13:15:10.000Z</time>
        <extensions>
          <ns3:TrackPointExtension>
            <ns3:hr>146</ns3:hr>
            <ns3:cad>91</ns3:cad>
          </ns3:TrackPointExtension>
        </extensions>
      </trkpt>
      <trkpt lat="30.54567821323871612548828125" lon="104.04657899402081966400146484375">
        <ele>480.600006103515625</ele>
        <time>2026-09-21T13:15:11.000Z</time>
        <extensions>
          <ns3:TrackPointExtension>
            <ns3:hr>146</ns3:hr>
            <ns3:cad>91</ns3:cad>
          </ns3:TrackPointExtension>
        </extensions>
      </trkpt>
      <trkpt lat="30.54570042528212070465087890625" lon="104.04657212086021900177001953125">
        <ele>480.600006103515625</ele>
        <time>2026-09-21T13:15:12.000Z</time>
        <extensions>
          <ns3:TrackPointExtension>
            <ns3:hr>146</ns3:hr>
            <ns3:cad>92</ns3:cad>
          </ns3:TrackPointExtension>
        </extensions>
      </trkpt>
      <trkpt lat="30.54573051631450653076171875" lon="104.046563990414142608642578125">
        <ele>480.600006103515625</ele>
        <time>2026-09-21T13:15:13.000Z</time>
        <extensions>
          <ns3:TrackPointExtension>
            <ns3:hr>146</ns3:hr>
            <ns3:cad>92</ns3:cad>
          </ns3:TrackPointExtension>
        </extensions>
      </trkpt>
      <trkpt lat="30.54575465619564056396484375" lon="104.04655368067324161529541015625">
        <ele>480.600006103515625</ele>
        <time>2026-09-21T13:15:14.000Z</time>
        <extensions>
          <ns3:TrackPointExtension>
            <ns3:hr>147</ns3:hr>
            <ns3:cad>92</ns3:cad>
          </ns3:TrackPointExtension>
        </extensions>
      </trkpt>
      <trkpt lat="30.5457883514463901519775390625" lon="104.04654311947524547576904296875">
        <ele>480.600006103515625</ele>
        <time>2026-09-21T13:15:15.000Z</time>
        <extensions>
          <ns3:TrackPointExtension>
            <ns3:hr>147</ns3:hr>
            <ns3:cad>92</ns3:cad>
          </ns3:TrackPointExtension>
        </extensions>
      </trkpt>
      <trkpt lat="30.5458141677081584930419921875" lon="104.0465333126485347747802734375">
        <ele>480.600006103515625</ele>
        <time>2026-09-21T13:15:16.000Z</time>
        <extensions>
          <ns3:TrackPointExtension>
            <ns3:hr>149</ns3:hr>
            <ns3:cad>92</ns3:cad>
          </ns3:TrackPointExtension>
        </extensions>
      </trkpt>
      <trkpt lat="30.54584627039730548858642578125" lon="104.0465286187827587127685546875">
        <ele>480.600006103515625</ele>
        <time>2026-09-21T13:15:17.000Z</time>
        <extensions>
          <ns3:TrackPointExtension>
            <ns3:hr>149</ns3:hr>
            <ns3:cad>92</ns3:cad>
          </ns3:TrackPointExtension>
        </extensions>
      </trkpt>
      <trkpt lat="30.54586973972618579864501953125" lon="104.04651847667992115020751953125">
        <ele>480.399993896484375</ele>
        <time>2026-09-21T13:15:18.000Z</time>
        <extensions>
          <ns3:TrackPointExtension>
            <ns3:hr>150</ns3:hr>
            <ns3:cad>92</ns3:cad>
          </ns3:TrackPointExtension>
        </extensions>
      </trkpt>
      <trkpt lat="30.54589622654020786285400390625" lon="104.0465105138719081878662109375">
        <ele>480.399993896484375</ele>
        <time>2026-09-21T13:15:19.000Z</time>
        <extensions>
          <ns3:TrackPointExtension>
            <ns3:hr>149</ns3:hr>
            <ns3:cad>92</ns3:cad>
          </ns3:TrackPointExtension>
        </extensions>
      </trkpt>
      <trkpt lat="30.5459181033074855804443359375" lon="104.046497605741024017333984375">
        <ele>480.399993896484375</ele>
        <time>2026-09-21T13:15:20.000Z</time>
        <extensions>
          <ns3:TrackPointExtension>
            <ns3:hr>149</ns3:hr>
            <ns3:cad>92</ns3:cad>
          </ns3:TrackPointExtension>
        </extensions>
      </trkpt>
      <trkpt lat="30.54594065062701702117919921875" lon="104.04648863710463047027587890625">
        <ele>480.399993896484375</ele>
        <time>2026-09-21T13:15:21.000Z</time>
        <extensions>
          <ns3:TrackPointExtension>
            <ns3:hr>149</ns3:hr>
            <ns3:cad>92</ns3:cad>
          </ns3:TrackPointExtension>
        </extensions>
      </trkpt>
      <trkpt lat="30.5459687300026416778564453125" lon="104.0464826859533786773681640625">
        <ele>480.399993896484375</ele>
        <time>2026-09-21T13:15:22.000Z</time>
        <extensions>
          <ns3:TrackPointExtension>
            <ns3:hr>149</ns3:hr>
            <ns3:cad>93</ns3:cad>
          </ns3:TrackPointExtension>
        </extensions>
      </trkpt>
      <trkpt lat="30.545992366969585418701171875" lon="104.04647874645888805389404296875">
        <ele>480.600006103515625</ele>
        <time>2026-09-21T13:15:23.000Z</time>
        <extensions>
          <ns3:TrackPointExtension>
            <ns3:hr>148</ns3:hr>
            <ns3:cad>92</ns3:cad>
          </ns3:TrackPointExtension>
        </extensions>
      </trkpt>
      <trkpt lat="30.54602614603936672210693359375" lon="104.0464679338037967681884765625">
        <ele>480.399993896484375</ele>
        <time>2026-09-21T13:15:24.000Z</time>
        <extensions>
          <ns3:TrackPointExtension>
            <ns3:hr>148</ns3:hr>
            <ns3:cad>92</ns3:cad>
          </ns3:TrackPointExtension>
        </extensions>
      </trkpt>
      <trkpt lat="30.546049363911151885986328125" lon="104.046454019844532012939453125">
        <ele>480.399993896484375</ele>
        <time>2026-09-21T13:15:25.000Z</time>
        <extensions>
          <ns3:TrackPointExtension>
            <ns3:hr>148</ns3:hr>
            <ns3:cad>92</ns3:cad>
          </ns3:TrackPointExtension>
        </extensions>
      </trkpt>
      <trkpt lat="30.54608029313385486602783203125" lon="104.04644320718944072723388671875">
        <ele>480.399993896484375</ele>
        <time>2026-09-21T13:15:26.000Z</time>
        <extensions>
          <ns3:TrackPointExtension>
            <ns3:hr>148</ns3:hr>
            <ns3:cad>92</ns3:cad>
          </ns3:TrackPointExtension>
        </extensions>
      </trkpt>
      <trkpt lat="30.5460994876921176910400390625" lon="104.046431891620159149169921875">
        <ele>480.399993896484375</ele>
        <time>2026-09-21T13:15:27.000Z</time>
        <extensions>
          <ns3:TrackPointExtension>
            <ns3:hr>148</ns3:hr>
            <ns3:cad>92</ns3:cad>
          </ns3:TrackPointExtension>
        </extensions>
      </trkpt>
      <trkpt lat="30.54612840525805950164794921875" lon="104.04641705565154552459716796875">
        <ele>480.600006103515625</ele>
        <time>2026-09-21T13:15:28.000Z</time>
        <extensions>
          <ns3:TrackPointExtension>
            <ns3:hr>148</ns3:hr>
            <ns3:cad>92</ns3:cad>
          </ns3:TrackPointExtension>
        </extensions>
      </trkpt>
      <trkpt lat="30.5461494438350200653076171875" lon="104.046410433948040008544921875">
        <ele>480.600006103515625</ele>
        <time>2026-09-21T13:15:29.000Z</time>
        <extensions>
          <ns3:TrackPointExtension>
            <ns3:hr>148</ns3:hr>
            <ns3:cad>93</ns3:cad>
          </ns3:TrackPointExtension>
        </extensions>
      </trkpt>
      <trkpt lat="30.5461823008954524993896484375" lon="104.04639760963618755340576171875">
        <ele>480.600006103515625</ele>
        <time>2026-09-21T13:15:30.000Z</time>
        <extensions>
          <ns3:TrackPointExtension>
            <ns3:hr>147</ns3:hr>
            <ns3:cad>93</ns3:cad>
          </ns3:TrackPointExtension>
        </extensions>
      </trkpt>
      <trkpt lat="30.5462020821869373321533203125" lon="104.04638587497174739837646484375">
        <ele>480.600006103515625</ele>
        <time>2026-09-21T13:15:31.000Z</time>
        <extensions>
          <ns3:TrackPointExtension>
            <ns3:hr>147</ns3:hr>
            <ns3:cad>93</ns3:cad>
          </ns3:TrackPointExtension>
        </extensions>
      </trkpt>
      <trkpt lat="30.5462335981428623199462890625" lon="104.04637648724019527435302734375">
        <ele>480.79998779296875</ele>
        <time>2026-09-21T13:15:32.000Z</time>
        <extensions>
          <ns3:TrackPointExtension>
            <ns3:hr>147</ns3:hr>
            <ns3:cad>92</ns3:cad>
          </ns3:TrackPointExtension>
        </extensions>
      </trkpt>
      <trkpt lat="30.5462547205388545989990234375" lon="104.0463660098612308502197265625">
        <ele>480.79998779296875</ele>
        <time>2026-09-21T13:15:33.000Z</time>
        <extensions>
          <ns3:TrackPointExtension>
            <ns3:hr>147</ns3:hr>
            <ns3:cad>92</ns3:cad>
          </ns3:TrackPointExtension>
        </extensions>
      </trkpt>
      <trkpt lat="30.54628430865705013275146484375" lon="104.04635402373969554901123046875">
        <ele>480.79998779296875</ele>
        <time>2026-09-21T13:15:34.000Z</time>
        <extensions>
          <ns3:TrackPointExtension>
            <ns3:hr>147</ns3:hr>
            <ns3:cad>92</ns3:cad>
          </ns3:TrackPointExtension>
        </extensions>
      </trkpt>
      <trkpt lat="30.54630258120596408843994140625" lon="104.0463425405323505401611328125">
        <ele>480.79998779296875</ele>
        <time>2026-09-21T13:15:35.000Z</time>
        <extensions>
          <ns3:TrackPointExtension>
            <ns3:hr>146</ns3:hr>
            <ns3:cad>92</ns3:cad>
          </ns3:TrackPointExtension>
        </extensions>
      </trkpt>
      <trkpt lat="30.54633208550512790679931640625" lon="104.046338684856891632080078125">
        <ele>480.79998779296875</ele>
        <time>2026-09-21T13:15:36.000Z</time>
        <extensions>
          <ns3:TrackPointExtension>
            <ns3:hr>147</ns3:hr>
            <ns3:cad>92</ns3:cad>
          </ns3:TrackPointExtension>
        </extensions>
      </trkpt>
      <trkpt lat="30.54635555483400821685791015625" lon="104.046333990991115570068359375">
        <ele>480.79998779296875</ele>
        <time>2026-09-21T13:15:37.000Z</time>
        <extensions>
          <ns3:TrackPointExtension>
            <ns3:hr>147</ns3:hr>
            <ns3:cad>92</ns3:cad>
          </ns3:TrackPointExtension>
        </extensions>
      </trkpt>
      <trkpt lat="30.54638438858091831207275390625" lon="104.04633759520947933197021484375">
        <ele>480.79998779296875</ele>
        <time>2026-09-21T13:15:38.000Z</time>
        <extensions>
          <ns3:TrackPointExtension>
            <ns3:hr>147</ns3:hr>
            <ns3:cad>92</ns3:cad>
          </ns3:TrackPointExtension>
        </extensions>
      </trkpt>
      <trkpt lat="30.5464072711765766143798828125" lon="104.0463358350098133087158203125">
        <ele>480.79998779296875</ele>
        <time>2026-09-21T13:15:39.000Z</time>
        <extensions>
          <ns3:TrackPointExtension>
            <ns3:hr>147</ns3:hr>
            <ns3:cad>93</ns3:cad>
          </ns3:TrackPointExtension>
        </extensions>
      </trkpt>
      <trkpt lat="30.5464347638189792633056640625" lon="104.04633499681949615478515625">
        <ele>480.79998779296875</ele>
        <time>2026-09-21T13:15:40.000Z</time>
        <extensions>
          <ns3:TrackPointExtension>
            <ns3:hr>147</ns3:hr>
            <ns3:cad>92</ns3:cad>
          </ns3:TrackPointExtension>
        </extensions>
      </trkpt>
      <trkpt lat="30.54645697586238384246826171875" lon="104.0463358350098133087158203125">
        <ele>480.79998779296875</ele>
        <time>2026-09-21T13:15:41.000Z</time>
        <extensions>
          <ns3:TrackPointExtension>
            <ns3:hr>148</ns3:hr>
            <ns3:cad>92</ns3:cad>
          </ns3:TrackPointExtension>
        </extensions>
      </trkpt>
      <trkpt lat="30.5464857257902622222900390625" lon="104.04634262435138225555419921875">
        <ele>480.79998779296875</ele>
        <time>2026-09-21T13:15:42.000Z</time>
        <extensions>
          <ns3:TrackPointExtension>
            <ns3:hr>148</ns3:hr>
            <ns3:cad>92</ns3:cad>
          </ns3:TrackPointExtension>
        </extensions>
      </trkpt>
      <trkpt lat="30.54651414044201374053955078125" lon="104.0463422052562236785888671875">
        <ele>480.79998779296875</ele>
        <time>2026-09-21T13:15:43.000Z</time>
        <extensions>
          <ns3:TrackPointExtension>
            <ns3:hr>149</ns3:hr>
            <ns3:cad>92</ns3:cad>
          </ns3:TrackPointExtension>
        </extensions>
      </trkpt>
      <trkpt lat="30.5465425550937652587890625" lon="104.0463562868535518646240234375">
        <ele>480.79998779296875</ele>
        <time>2026-09-21T13:15:44.000Z</time>
        <extensions>
          <ns3:TrackPointExtension>
            <ns3:hr>149</ns3:hr>
            <ns3:cad>92</ns3:cad>
          </ns3:TrackPointExtension>
        </extensions>
      </trkpt>
      <trkpt lat="30.54657432250678539276123046875" lon="104.0463626570999622344970703125">
        <ele>480.79998779296875</ele>
        <time>2026-09-21T13:15:45.000Z</time>
        <extensions>
          <ns3:TrackPointExtension>
            <ns3:hr>150</ns3:hr>
            <ns3:cad>91</ns3:cad>
          </ns3:TrackPointExtension>
        </extensions>
      </trkpt>
      <trkpt lat="30.54660181514918804168701171875" lon="104.0463720448315143585205078125">
        <ele>480.600006103515625</ele>
        <time>2026-09-21T13:15:46.000Z</time>
        <extensions>
          <ns3:TrackPointExtension>
            <ns3:hr>151</ns3:hr>
            <ns3:cad>92</ns3:cad>
          </ns3:TrackPointExtension>
        </extensions>
      </trkpt>
      <trkpt lat="30.54663844406604766845703125" lon="104.0463866293430328369140625">
        <ele>480.600006103515625</ele>
        <time>2026-09-21T13:15:47.000Z</time>
        <extensions>
          <ns3:TrackPointExtension>
            <ns3:hr>151</ns3:hr>
            <ns3:cad>91</ns3:cad>
          </ns3:TrackPointExtension>
        </extensions>
      </trkpt>
      <trkpt lat="30.546662248671054840087890625" lon="104.04638939537107944488525390625">
        <ele>480.600006103515625</ele>
        <time>2026-09-21T13:15:48.000Z</time>
        <extensions>
          <ns3:TrackPointExtension>
            <ns3:hr>151</ns3:hr>
            <ns3:cad>91</ns3:cad>
          </ns3:TrackPointExtension>
        </extensions>
      </trkpt>
      <trkpt lat="30.54669200442731380462646484375" lon="104.046403057873249053955078125">
        <ele>480.600006103515625</ele>
        <time>2026-09-21T13:15:49.000Z</time>
        <extensions>
          <ns3:TrackPointExtension>
            <ns3:hr>152</ns3:hr>
            <ns3:cad>91</ns3:cad>
          </ns3:TrackPointExtension>
        </extensions>
      </trkpt>
      <trkpt lat="30.5467142164707183837890625" lon="104.046413786709308624267578125">
        <ele>480.600006103515625</ele>
        <time>2026-09-21T13:15:50.000Z</time>
        <extensions>
          <ns3:TrackPointExtension>
            <ns3:hr>152</ns3:hr>
            <ns3:cad>91</ns3:cad>
          </ns3:TrackPointExtension>
        </extensions>
      </trkpt>
      <trkpt lat="30.546741373836994171142578125" lon="104.04642946086823940277099609375">
        <ele>480.79998779296875</ele>
        <time>2026-09-21T13:15:51.000Z</time>
        <extensions>
          <ns3:TrackPointExtension>
            <ns3:hr>153</ns3:hr>
            <ns3:cad>92</ns3:cad>
          </ns3:TrackPointExtension>
        </extensions>
      </trkpt>
      <trkpt lat="30.54676325060427188873291015625" lon="104.04643415473401546478271484375">
        <ele>480.79998779296875</ele>
        <time>2026-09-21T13:15:52.000Z</time>
        <extensions>
          <ns3:TrackPointExtension>
            <ns3:hr>153</ns3:hr>
            <ns3:cad>92</ns3:cad>
          </ns3:TrackPointExtension>
        </extensions>
      </trkpt>
      <trkpt lat="30.54678822867572307586669921875" lon="104.046446979045867919921875">
        <ele>480.79998779296875</ele>
        <time>2026-09-21T13:15:53.000Z</time>
        <extensions>
          <ns3:TrackPointExtension>
            <ns3:hr>153</ns3:hr>
            <ns3:cad>92</ns3:cad>
          </ns3:TrackPointExtension>
        </extensions>
      </trkpt>
      <trkpt lat="30.54681085981428623199462890625" lon="104.04645343311131000518798828125">
        <ele>481</ele>
        <time>2026-09-21T13:15:54.000Z</time>
        <extensions>
          <ns3:TrackPointExtension>
            <ns3:hr>153</ns3:hr>
            <ns3:cad>93</ns3:cad>
          </ns3:TrackPointExtension>
        </extensions>
      </trkpt>
      <trkpt lat="30.546838603913784027099609375" lon="104.046461395919322967529296875">
        <ele>481</ele>
        <time>2026-09-21T13:15:55.000Z</time>
        <extensions>
          <ns3:TrackPointExtension>
            <ns3:hr>153</ns3:hr>
            <ns3:cad>93</ns3:cad>
          </ns3:TrackPointExtension>
        </extensions>
      </trkpt>
      <trkpt lat="30.5468665994703769683837890625" lon="104.04646382667124271392822265625">
        <ele>481</ele>
        <time>2026-09-21T13:15:56.000Z</time>
        <extensions>
          <ns3:TrackPointExtension>
            <ns3:hr>153</ns3:hr>
            <ns3:cad>93</ns3:cad>
          </ns3:TrackPointExtension>
        </extensions>
      </trkpt>
      <trkpt lat="30.546888895332813262939453125" lon="104.046473465859889984130859375">
        <ele>481.20001220703125</ele>
        <time>2026-09-21T13:15:57.000Z</time>
        <extensions>
          <ns3:TrackPointExtension>
            <ns3:hr>153</ns3:hr>
            <ns3:cad>93</ns3:cad>
          </ns3:TrackPointExtension>
        </extensions>
      </trkpt>
      <trkpt lat="30.54691747762262821197509765625" lon="104.046482853591442108154296875">
        <ele>481.20001220703125</ele>
        <time>2026-09-21T13:15:58.000Z</time>
        <extensions>
          <ns3:TrackPointExtension>
            <ns3:hr>153</ns3:hr>
            <ns3:cad>92</ns3:cad>
          </ns3:TrackPointExtension>
        </extensions>
      </trkpt>
      <trkpt lat="30.54694262333214282989501953125" lon="104.04648578725755214691162109375">
        <ele>481.20001220703125</ele>
        <time>2026-09-21T13:15:59.000Z</time>
        <extensions>
          <ns3:TrackPointExtension>
            <ns3:hr>153</ns3:hr>
            <ns3:cad>92</ns3:cad>
          </ns3:TrackPointExtension>
        </extensions>
      </trkpt>
      <trkpt lat="30.5469762347638607025146484375" lon="104.04649182222783565521240234375">
        <ele>481.399993896484375</ele>
        <time>2026-09-21T13:16:00.000Z</time>
        <extensions>
          <ns3:TrackPointExtension>
            <ns3:hr>153</ns3:hr>
            <ns3:cad>91</ns3:cad>
          </ns3:TrackPointExtension>
        </extensions>
      </trkpt>
      <trkpt lat="30.54700029082596302032470703125" lon="104.04648863710463047027587890625">
        <ele>481.600006103515625</ele>
        <time>2026-09-21T13:16:01.000Z</time>
        <extensions>
          <ns3:TrackPointExtension>
            <ns3:hr>153</ns3:hr>
            <ns3:cad>92</ns3:cad>
          </ns3:TrackPointExtension>
        </extensions>
      </trkpt>
      <trkpt lat="30.5470282025635242462158203125" lon="104.0464917384088039398193359375">
        <ele>481.600006103515625</ele>
        <time>2026-09-21T13:16:02.000Z</time>
        <extensions>
          <ns3:TrackPointExtension>
            <ns3:hr>154</ns3:hr>
            <ns3:cad>94</ns3:cad>
          </ns3:TrackPointExtension>
        </extensions>
      </trkpt>
      <trkpt lat="30.54705058224499225616455078125" lon="104.0464934147894382476806640625">
        <ele>482</ele>
        <time>2026-09-21T13:16:03.000Z</time>
        <extensions>
          <ns3:TrackPointExtension>
            <ns3:hr>153</ns3:hr>
            <ns3:cad>94</ns3:cad>
          </ns3:TrackPointExtension>
        </extensions>
      </trkpt>
      <trkpt lat="30.54707991890609264373779296875" lon="104.04649668373167514801025390625">
        <ele>482.20001220703125</ele>
        <time>2026-09-21T13:16:04.000Z</time>
        <extensions>
          <ns3:TrackPointExtension>
            <ns3:hr>153</ns3:hr>
            <ns3:cad>93</ns3:cad>
          </ns3:TrackPointExtension>
        </extensions>
      </trkpt>
      <trkpt lat="30.54709953255951404571533203125" lon="104.046493582427501678466796875">
        <ele>482.20001220703125</ele>
        <time>2026-09-21T13:16:05.000Z</time>
        <extensions>
          <ns3:TrackPointExtension>
            <ns3:hr>153</ns3:hr>
            <ns3:cad>92</ns3:cad>
          </ns3:TrackPointExtension>
        </extensions>
      </trkpt>
      <trkpt lat="30.54712593555450439453125" lon="104.046494923532009124755859375">
        <ele>482.20001220703125</ele>
        <time>2026-09-21T13:16:06.000Z</time>
        <extensions>
          <ns3:TrackPointExtension>
            <ns3:hr>154</ns3:hr>
            <ns3:cad>92</ns3:cad>
          </ns3:TrackPointExtension>
        </extensions>
      </trkpt>
      <trkpt lat="30.54715049453079700469970703125" lon="104.04649266041815280914306640625">
        <ele>482.20001220703125</ele>
        <time>2026-09-21T13:16:07.000Z</time>
        <extensions>
          <ns3:TrackPointExtension>
            <ns3:hr>154</ns3:hr>
            <ns3:cad>92</ns3:cad>
          </ns3:TrackPointExtension>
        </extensions>
      </trkpt>
      <trkpt lat="30.5471750535070896148681640625" lon="104.046496264636516571044921875">
        <ele>482</ele>
        <time>2026-09-21T13:16:08.000Z</time>
        <extensions>
          <ns3:TrackPointExtension>
            <ns3:hr>154</ns3:hr>
            <ns3:cad>91</ns3:cad>
          </ns3:TrackPointExtension>
        </extensions>
      </trkpt>
      <trkpt lat="30.54720095358788967132568359375" lon="104.04649919830262660980224609375">
        <ele>481.79998779296875</ele>
        <time>2026-09-21T13:16:09.000Z</time>
        <extensions>
          <ns3:TrackPointExtension>
            <ns3:hr>153</ns3:hr>
            <ns3:cad>91</ns3:cad>
          </ns3:TrackPointExtension>
        </extensions>
      </trkpt>
      <trkpt lat="30.5472246743738651275634765625" lon="104.04650338925421237945556640625">
        <ele>481.79998779296875</ele>
        <time>2026-09-21T13:16:10.000Z</time>
        <extensions>
          <ns3:TrackPointExtension>
            <ns3:hr>153</ns3:hr>
            <ns3:cad>93</ns3:cad>
          </ns3:TrackPointExtension>
        </extensions>
      </trkpt>
      <trkpt lat="30.5472545139491558074951171875" lon="104.04650590382516384124755859375">
        <ele>481.79998779296875</ele>
        <time>2026-09-21T13:16:11.000Z</time>
        <extensions>
          <ns3:TrackPointExtension>
            <ns3:hr>153</ns3:hr>
            <ns3:cad>93</ns3:cad>
          </ns3:TrackPointExtension>
        </extensions>
      </trkpt>
      <trkpt lat="30.5472763068974018096923828125" lon="104.04650070704519748687744140625">
        <ele>481.600006103515625</ele>
        <time>2026-09-21T13:16:12.000Z</time>
        <extensions>
          <ns3:TrackPointExtension>
            <ns3:hr>154</ns3:hr>
            <ns3:cad>92</ns3:cad>
          </ns3:TrackPointExtension>
        </extensions>
      </trkpt>
      <trkpt lat="30.54730639792978763580322265625" lon="104.046498276293277740478515625">
        <ele>481.600006103515625</ele>
        <time>2026-09-21T13:16:13.000Z</time>
        <extensions>
          <ns3:TrackPointExtension>
            <ns3:hr>153</ns3:hr>
            <ns3:cad>92</ns3:cad>
          </ns3:TrackPointExtension>
        </extensions>
      </trkpt>
      <trkpt lat="30.54732617922127246856689453125" lon="104.046497605741024017333984375">
        <ele>481.600006103515625</ele>
        <time>2026-09-21T13:16:14.000Z</time>
        <extensions>
          <ns3:TrackPointExtension>
            <ns3:hr>153</ns3:hr>
            <ns3:cad>91</ns3:cad>
          </ns3:TrackPointExtension>
        </extensions>
      </trkpt>
      <trkpt lat="30.5473567731678485870361328125" lon="104.04650037176907062530517578125">
        <ele>481.600006103515625</ele>
        <time>2026-09-21T13:16:15.000Z</time>
        <extensions>
          <ns3:TrackPointExtension>
            <ns3:hr>152</ns3:hr>
            <ns3:cad>91</ns3:cad>
          </ns3:TrackPointExtension>
        </extensions>
      </trkpt>
      <trkpt lat="30.547380410134792327880859375" lon="104.04650020413100719451904296875">
        <ele>481.600006103515625</ele>
        <time>2026-09-21T13:16:16.000Z</time>
        <extensions>
          <ns3:TrackPointExtension>
            <ns3:hr>152</ns3:hr>
            <ns3:cad>93</ns3:cad>
          </ns3:TrackPointExtension>
        </extensions>
      </trkpt>
      <trkpt lat="30.54741335101425647735595703125" lon="104.0465021319687366485595703125">
        <ele>481.600006103515625</ele>
        <time>2026-09-21T13:16:17.000Z</time>
        <extensions>
          <ns3:TrackPointExtension>
            <ns3:hr>152</ns3:hr>
            <ns3:cad>93</ns3:cad>
          </ns3:TrackPointExtension>
        </extensions>
      </trkpt>
      <trkpt lat="30.547432042658329010009765625" lon="104.04649366624653339385986328125">
        <ele>481.600006103515625</ele>
        <time>2026-09-21T13:16:18.000Z</time>
        <extensions>
          <ns3:TrackPointExtension>
            <ns3:hr>152</ns3:hr>
            <ns3:cad>93</ns3:cad>
          </ns3:TrackPointExtension>
        </extensions>
      </trkpt>
      <trkpt lat="30.54746112786233425140380859375" lon="104.04649249278008937835693359375">
        <ele>481.399993896484375</ele>
        <time>2026-09-21T13:16:19.000Z</time>
        <extensions>
          <ns3:TrackPointExtension>
            <ns3:hr>152</ns3:hr>
            <ns3:cad>92</ns3:cad>
          </ns3:TrackPointExtension>
        </extensions>
      </trkpt>
      <trkpt lat="30.54748107679188251495361328125" lon="104.04648662544786930084228515625">
        <ele>481.399993896484375</ele>
        <time>2026-09-21T13:16:20.000Z</time>
        <extensions>
          <ns3:TrackPointExtension>
            <ns3:hr>151</ns3:hr>
            <ns3:cad>92</ns3:cad>
          </ns3:TrackPointExtension>
        </extensions>
      </trkpt>
      <trkpt lat="30.5475089885294437408447265625" lon="104.04648394323885440826416015625">
        <ele>481.399993896484375</ele>
        <time>2026-09-21T13:16:21.000Z</time>
        <extensions>
          <ns3:TrackPointExtension>
            <ns3:hr>151</ns3:hr>
            <ns3:cad>93</ns3:cad>
          </ns3:TrackPointExtension>
        </extensions>
      </trkpt>
      <trkpt lat="30.54753354750573635101318359375" lon="104.04647790826857089996337890625">
        <ele>481.399993896484375</ele>
        <time>2026-09-21T13:16:22.000Z</time>
        <extensions>
          <ns3:TrackPointExtension>
            <ns3:hr>150</ns3:hr>
            <ns3:cad>92</ns3:cad>
          </ns3:TrackPointExtension>
        </extensions>
      </trkpt>
      <trkpt lat="30.54755601100623607635498046875" lon="104.0464722923934459686279296875">
        <ele>481.399993896484375</ele>
        <time>2026-09-21T13:16:23.000Z</time>
        <extensions>
          <ns3:TrackPointExtension>
            <ns3:hr>150</ns3:hr>
            <ns3:cad>92</ns3:cad>
          </ns3:TrackPointExtension>
        </extensions>
      </trkpt>
      <trkpt lat="30.54757897742092609405517578125" lon="104.04646667651832103729248046875">
        <ele>481.399993896484375</ele>
        <time>2026-09-21T13:16:24.000Z</time>
        <extensions>
          <ns3:TrackPointExtension>
            <ns3:hr>149</ns3:hr>
            <ns3:cad>92</ns3:cad>
          </ns3:TrackPointExtension>
        </extensions>
      </trkpt>
      <trkpt lat="30.54760647006332874298095703125" lon="104.046464078128337860107421875">
        <ele>481.399993896484375</ele>
        <time>2026-09-21T13:16:25.000Z</time>
        <extensions>
          <ns3:TrackPointExtension>
            <ns3:hr>149</ns3:hr>
            <ns3:cad>91</ns3:cad>
          </ns3:TrackPointExtension>
        </extensions>
      </trkpt>
      <trkpt lat="30.5476303584873676300048828125" lon="104.0464588813483715057373046875">
        <ele>481.399993896484375</ele>
        <time>2026-09-21T13:16:26.000Z</time>
        <extensions>
          <ns3:TrackPointExtension>
            <ns3:hr>149</ns3:hr>
            <ns3:cad>91</ns3:cad>
          </ns3:TrackPointExtension>
        </extensions>
      </trkpt>
      <trkpt lat="30.5476524867117404937744140625" lon="104.04644907452166080474853515625">
        <ele>481.399993896484375</ele>
        <time>2026-09-21T13:16:27.000Z</time>
        <extensions>
          <ns3:TrackPointExtension>
            <ns3:hr>149</ns3:hr>
            <ns3:cad>91</ns3:cad>
          </ns3:TrackPointExtension>
        </extensions>
      </trkpt>
      <trkpt lat="30.547676794230937957763671875" lon="104.04644186608493328094482421875">
        <ele>481.20001220703125</ele>
        <time>2026-09-21T13:16:28.000Z</time>
        <extensions>
          <ns3:TrackPointExtension>
            <ns3:hr>148</ns3:hr>
            <ns3:cad>92</ns3:cad>
          </ns3:TrackPointExtension>
        </extensions>
      </trkpt>
      <trkpt lat="30.54770085029304027557373046875" lon="104.046431891620159149169921875">
        <ele>481.20001220703125</ele>
        <time>2026-09-21T13:16:29.000Z</time>
        <extensions>
          <ns3:TrackPointExtension>
            <ns3:hr>149</ns3:hr>
            <ns3:cad>93</ns3:cad>
          </ns3:TrackPointExtension>
        </extensions>
      </trkpt>
      <trkpt lat="30.54772800765931606292724609375" lon="104.04642392881214618682861328125">
        <ele>481.20001220703125</ele>
        <time>2026-09-21T13:16:30.000Z</time>
        <extensions>
          <ns3:TrackPointExtension>
            <ns3:hr>149</ns3:hr>
            <ns3:cad>92</ns3:cad>
          </ns3:TrackPointExtension>
        </extensions>
      </trkpt>
      <trkpt lat="30.547751225531101226806640625" lon="104.04641638509929180145263671875">
        <ele>481.20001220703125</ele>
        <time>2026-09-21T13:16:31.000Z</time>
        <extensions>
          <ns3:TrackPointExtension>
            <ns3:hr>149</ns3:hr>
            <ns3:cad>92</ns3:cad>
          </ns3:TrackPointExtension>
        </extensions>
      </trkpt>
      <trkpt lat="30.5477788858115673065185546875" lon="104.04641009867191314697265625">
        <ele>481</ele>
        <time>2026-09-21T13:16:32.000Z</time>
        <extensions>
          <ns3:TrackPointExtension>
            <ns3:hr>149</ns3:hr>
            <ns3:cad>92</ns3:cad>
          </ns3:TrackPointExtension>
        </extensions>
      </trkpt>
      <trkpt lat="30.54780185222625732421875" lon="104.04640599153935909271240234375">
        <ele>481</ele>
        <time>2026-09-21T13:16:33.000Z</time>
        <extensions>
          <ns3:TrackPointExtension>
            <ns3:hr>149</ns3:hr>
            <ns3:cad>93</ns3:cad>
          </ns3:TrackPointExtension>
        </extensions>
      </trkpt>
      <trkpt lat="30.54782976396381855010986328125" lon="104.04639744199812412261962890625">
        <ele>480.79998779296875</ele>
        <time>2026-09-21T13:16:34.000Z</time>
        <extensions>
          <ns3:TrackPointExtension>
            <ns3:hr>149</ns3:hr>
            <ns3:cad>93</ns3:cad>
          </ns3:TrackPointExtension>
        </extensions>
      </trkpt>
      <trkpt lat="30.54785122163593769073486328125" lon="104.0463898144662380218505859375">
        <ele>480.79998779296875</ele>
        <time>2026-09-21T13:16:35.000Z</time>
        <extensions>
          <ns3:TrackPointExtension>
            <ns3:hr>150</ns3:hr>
            <ns3:cad>93</ns3:cad>
          </ns3:TrackPointExtension>
        </extensions>
      </trkpt>
      <trkpt lat="30.54788089357316493988037109375" lon="104.04639073647558689117431640625">
        <ele>480.600006103515625</ele>
        <time>2026-09-21T13:16:36.000Z</time>
        <extensions>
          <ns3:TrackPointExtension>
            <ns3:hr>150</ns3:hr>
            <ns3:cad>91</ns3:cad>
          </ns3:TrackPointExtension>
        </extensions>
      </trkpt>
      <trkpt lat="30.547903440892696380615234375" lon="104.04638587497174739837646484375">
        <ele>480.399993896484375</ele>
        <time>2026-09-21T13:16:37.000Z</time>
        <extensions>
          <ns3:TrackPointExtension>
            <ns3:hr>150</ns3:hr>
            <ns3:cad>91</ns3:cad>
          </ns3:TrackPointExtension>
        </extensions>
      </trkpt>
      <trkpt lat="30.54793395102024078369140625" lon="104.04638788662850856781005859375">
        <ele>480.399993896484375</ele>
        <time>2026-09-21T13:16:38.000Z</time>
        <extensions>
          <ns3:TrackPointExtension>
            <ns3:hr>149</ns3:hr>
            <ns3:cad>91</ns3:cad>
          </ns3:TrackPointExtension>
        </extensions>
      </trkpt>
      <trkpt lat="30.54795951582491397857666015625" lon="104.04638595879077911376953125">
        <ele>480.20001220703125</ele>
        <time>2026-09-21T13:16:39.000Z</time>
        <extensions>
          <ns3:TrackPointExtension>
            <ns3:hr>149</ns3:hr>
            <ns3:cad>92</ns3:cad>
          </ns3:TrackPointExtension>
        </extensions>
      </trkpt>
      <trkpt lat="30.54799103178083896636962890625" lon="104.04638729989528656005859375">
        <ele>480</ele>
        <time>2026-09-21T13:16:40.000Z</time>
        <extensions>
          <ns3:TrackPointExtension>
            <ns3:hr>149</ns3:hr>
            <ns3:cad>92</ns3:cad>
          </ns3:TrackPointExtension>
        </extensions>
      </trkpt>
      <trkpt lat="30.54801483638584613800048828125" lon="104.04638729989528656005859375">
        <ele>479.79998779296875</ele>
        <time>2026-09-21T13:16:41.000Z</time>
        <extensions>
          <ns3:TrackPointExtension>
            <ns3:hr>149</ns3:hr>
            <ns3:cad>92</ns3:cad>
          </ns3:TrackPointExtension>
        </extensions>
      </trkpt>
      <trkpt lat="30.54804702289402484893798828125" lon="104.04638906009495258331298828125">
        <ele>479.79998779296875</ele>
        <time>2026-09-21T13:16:42.000Z</time>
        <extensions>
          <ns3:TrackPointExtension>
            <ns3:hr>148</ns3:hr>
            <ns3:cad>92</ns3:cad>
          </ns3:TrackPointExtension>
        </extensions>
      </trkpt>
      <trkpt lat="30.54807652719318866729736328125" lon="104.0463884733617305755615234375">
        <ele>479.600006103515625</ele>
        <time>2026-09-21T13:16:43.000Z</time>
        <extensions>
          <ns3:TrackPointExtension>
            <ns3:hr>148</ns3:hr>
            <ns3:cad>91</ns3:cad>
          </ns3:TrackPointExtension>
        </extensions>
      </trkpt>
      <trkpt lat="30.54810603149235248565673828125" lon="104.0463901497423648834228515625">
        <ele>479.600006103515625</ele>
        <time>2026-09-21T13:16:44.000Z</time>
        <extensions>
          <ns3:TrackPointExtension>
            <ns3:hr>148</ns3:hr>
            <ns3:cad>91</ns3:cad>
          </ns3:TrackPointExtension>
        </extensions>
      </trkpt>
      <trkpt lat="30.54813587106764316558837890625" lon="104.04639073647558689117431640625">
        <ele>479.600006103515625</ele>
        <time>2026-09-21T13:16:45.000Z</time>
        <extensions>
          <ns3:TrackPointExtension>
            <ns3:hr>148</ns3:hr>
            <ns3:cad>91</ns3:cad>
          </ns3:TrackPointExtension>
        </extensions>
      </trkpt>
      <trkpt lat="30.5481617711484432220458984375" lon="104.04639140702784061431884765625">
        <ele>479.399993896484375</ele>
        <time>2026-09-21T13:16:46.000Z</time>
        <extensions>
          <ns3:TrackPointExtension>
            <ns3:hr>147</ns3:hr>
            <ns3:cad>92</ns3:cad>
          </ns3:TrackPointExtension>
        </extensions>
      </trkpt>
      <trkpt lat="30.5481932871043682098388671875" lon="104.046393334865570068359375">
        <ele>479.399993896484375</ele>
        <time>2026-09-21T13:16:47.000Z</time>
        <extensions>
          <ns3:TrackPointExtension>
            <ns3:hr>148</ns3:hr>
            <ns3:cad>93</ns3:cad>
          </ns3:TrackPointExtension>
        </extensions>
      </trkpt>
      <trkpt lat="30.548217929899692535400390625" lon="104.04639065265655517578125">
        <ele>479.600006103515625</ele>
        <time>2026-09-21T13:16:48.000Z</time>
        <extensions>
          <ns3:TrackPointExtension>
            <ns3:hr>148</ns3:hr>
            <ns3:cad>93</ns3:cad>
          </ns3:TrackPointExtension>
        </extensions>
      </trkpt>
      <trkpt lat="30.5482499487698078155517578125" lon="104.04638998210430145263671875">
        <ele>479.600006103515625</ele>
        <time>2026-09-21T13:16:49.000Z</time>
        <extensions>
          <ns3:TrackPointExtension>
            <ns3:hr>147</ns3:hr>
            <ns3:cad>93</ns3:cad>
          </ns3:TrackPointExtension>
        </extensions>
      </trkpt>
      <trkpt lat="30.54827392101287841796875" lon="104.04638637788593769073486328125">
        <ele>479.600006103515625</ele>
        <time>2026-09-21T13:16:50.000Z</time>
        <extensions>
          <ns3:TrackPointExtension>
            <ns3:hr>147</ns3:hr>
            <ns3:cad>93</ns3:cad>
          </ns3:TrackPointExtension>
        </extensions>
      </trkpt>
      <trkpt lat="30.54830468259751796722412109375" lon="104.046387970447540283203125">
        <ele>479.600006103515625</ele>
        <time>2026-09-21T13:16:51.000Z</time>
        <extensions>
          <ns3:TrackPointExtension>
            <ns3:hr>148</ns3:hr>
            <ns3:cad>93</ns3:cad>
          </ns3:TrackPointExtension>
        </extensions>
      </trkpt>
      <trkpt lat="30.5483289062976837158203125" lon="104.04638721607625484466552734375">
        <ele>479.600006103515625</ele>
        <time>2026-09-21T13:16:52.000Z</time>
        <extensions>
          <ns3:TrackPointExtension>
            <ns3:hr>148</ns3:hr>
            <ns3:cad>93</ns3:cad>
          </ns3:TrackPointExtension>
        </extensions>
      </trkpt>
      <trkpt lat="30.54835371673107147216796875" lon="104.04638470150530338287353515625">
        <ele>479.600006103515625</ele>
        <time>2026-09-21T13:16:53.000Z</time>
        <extensions>
          <ns3:TrackPointExtension>
            <ns3:hr>148</ns3:hr>
            <ns3:cad>92</ns3:cad>
          </ns3:TrackPointExtension>
        </extensions>
      </trkpt>
      <trkpt lat="30.54837919771671295166015625" lon="104.04638151638209819793701171875">
        <ele>479.600006103515625</ele>
        <time>2026-09-21T13:16:54.000Z</time>
        <extensions>
          <ns3:TrackPointExtension>
            <ns3:hr>148</ns3:hr>
            <ns3:cad>92</ns3:cad>
          </ns3:TrackPointExtension>
        </extensions>
      </trkpt>
      <trkpt lat="30.5484040081501007080078125" lon="104.046374224126338958740234375">
        <ele>479.79998779296875</ele>
        <time>2026-09-21T13:16:55.000Z</time>
        <extensions>
          <ns3:TrackPointExtension>
            <ns3:hr>148</ns3:hr>
            <ns3:cad>91</ns3:cad>
          </ns3:TrackPointExtension>
        </extensions>
      </trkpt>
      <trkpt lat="30.54843141697347164154052734375" lon="104.0463770739734172821044921875">
        <ele>479.79998779296875</ele>
        <time>2026-09-21T13:16:56.000Z</time>
        <extensions>
          <ns3:TrackPointExtension>
            <ns3:hr>148</ns3:hr>
            <ns3:cad>91</ns3:cad>
          </ns3:TrackPointExtension>
        </extensions>
      </trkpt>
      <trkpt lat="30.548450611531734466552734375" lon="104.04637497849762439727783203125">
        <ele>479.79998779296875</ele>
        <time>2026-09-21T13:16:57.000Z</time>
        <extensions>
          <ns3:TrackPointExtension>
            <ns3:hr>148</ns3:hr>
            <ns3:cad>92</ns3:cad>
          </ns3:TrackPointExtension>
        </extensions>
      </trkpt>
      <trkpt lat="30.5484776012599468231201171875" lon="104.04637682251632213592529296875">
        <ele>479.79998779296875</ele>
        <time>2026-09-21T13:16:58.000Z</time>
        <extensions>
          <ns3:TrackPointExtension>
            <ns3:hr>148</ns3:hr>
            <ns3:cad>92</ns3:cad>
          </ns3:TrackPointExtension>
        </extensions>
      </trkpt>
      <trkpt lat="30.5485024116933345794677734375" lon="104.046373553574085235595703125">
        <ele>479.600006103515625</ele>
        <time>2026-09-21T13:16:59.000Z</time>
        <extensions>
          <ns3:TrackPointExtension>
            <ns3:hr>148</ns3:hr>
            <ns3:cad>93</ns3:cad>
          </ns3:TrackPointExtension>
        </extensions>
      </trkpt>
      <trkpt lat="30.54853199981153011322021484375" lon="104.04638034291565418243408203125">
        <ele>479.600006103515625</ele>
        <time>2026-09-21T13:17:00.000Z</time>
        <extensions>
          <ns3:TrackPointExtension>
            <ns3:hr>148</ns3:hr>
            <ns3:cad>94</ns3:cad>
          </ns3:TrackPointExtension>
        </extensions>
      </trkpt>
      <trkpt lat="30.5485604144632816314697265625" lon="104.0463790856301784515380859375">
        <ele>479.600006103515625</ele>
        <time>2026-09-21T13:17:01.000Z</time>
        <extensions>
          <ns3:TrackPointExtension>
            <ns3:hr>148</ns3:hr>
            <ns3:cad>94</ns3:cad>
          </ns3:TrackPointExtension>
        </extensions>
      </trkpt>
      <trkpt lat="30.54859469644725322723388671875" lon="104.04638134874403476715087890625">
        <ele>479.600006103515625</ele>
        <time>2026-09-21T13:17:02.000Z</time>
        <extensions>
          <ns3:TrackPointExtension>
            <ns3:hr>148</ns3:hr>
            <ns3:cad>94</ns3:cad>
          </ns3:TrackPointExtension>
        </extensions>
      </trkpt>
      <trkpt lat="30.54862000979483127593994140625" lon="104.04637967236340045928955078125">
        <ele>479.79998779296875</ele>
        <time>2026-09-21T13:17:03.000Z</time>
        <extensions>
          <ns3:TrackPointExtension>
            <ns3:hr>148</ns3:hr>
            <ns3:cad>94</ns3:cad>
          </ns3:TrackPointExtension>
        </extensions>
      </trkpt>
      <trkpt lat="30.54864431731402873992919921875" lon="104.04637900181114673614501953125">
        <ele>479.79998779296875</ele>
        <time>2026-09-21T13:17:04.000Z</time>
        <extensions>
          <ns3:TrackPointExtension>
            <ns3:hr>148</ns3:hr>
            <ns3:cad>93</ns3:cad>
          </ns3:TrackPointExtension>
        </extensions>
      </trkpt>
      <trkpt lat="30.54867113940417766571044921875" lon="104.046375565230846405029296875">
        <ele>479.79998779296875</ele>
        <time>2026-09-21T13:17:05.000Z</time>
        <extensions>
          <ns3:TrackPointExtension>
            <ns3:hr>148</ns3:hr>
            <ns3:cad>93</ns3:cad>
          </ns3:TrackPointExtension>
        </extensions>
      </trkpt>
      <trkpt lat="30.54869377054274082183837890625" lon="104.046372212469577789306640625">
        <ele>479.79998779296875</ele>
        <time>2026-09-21T13:17:06.000Z</time>
        <extensions>
          <ns3:TrackPointExtension>
            <ns3:hr>148</ns3:hr>
            <ns3:cad>93</ns3:cad>
          </ns3:TrackPointExtension>
        </extensions>
      </trkpt>
      <trkpt lat="30.5487226881086826324462890625" lon="104.04636056162416934967041015625">
        <ele>479.600006103515625</ele>
        <time>2026-09-21T13:17:07.000Z</time>
        <extensions>
          <ns3:TrackPointExtension>
            <ns3:hr>148</ns3:hr>
            <ns3:cad>91</ns3:cad>
          </ns3:TrackPointExtension>
        </extensions>
      </trkpt>
      <trkpt lat="30.548748336732387542724609375" lon="104.04634195379912853240966796875">
        <ele>479.600006103515625</ele>
        <time>2026-09-21T13:17:08.000Z</time>
        <extensions>
          <ns3:TrackPointExtension>
            <ns3:hr>149</ns3:hr>
            <ns3:cad>91</ns3:cad>
          </ns3:TrackPointExtension>
        </extensions>
      </trkpt>
      <trkpt lat="30.54877457208931446075439453125" lon="104.04632368125021457672119140625">
        <ele>479.79998779296875</ele>
        <time>2026-09-21T13:17:09.000Z</time>
        <extensions>
          <ns3:TrackPointExtension>
            <ns3:hr>148</ns3:hr>
            <ns3:cad>93</ns3:cad>
          </ns3:TrackPointExtension>
        </extensions>
      </trkpt>
      <trkpt lat="30.548789240419864654541015625" lon="104.04631027020514011383056640625">
        <ele>479.79998779296875</ele>
        <time>2026-09-21T13:17:10.000Z</time>
        <extensions>
          <ns3:TrackPointExtension>
            <ns3:hr>148</ns3:hr>
            <ns3:cad>93</ns3:cad>
          </ns3:TrackPointExtension>
        </extensions>
      </trkpt>
      <trkpt lat="30.54880675859749317169189453125" lon="104.0462845377624034881591796875">
        <ele>479.79998779296875</ele>
        <time>2026-09-21T13:17:11.000Z</time>
        <extensions>
          <ns3:TrackPointExtension>
            <ns3:hr>148</ns3:hr>
            <ns3:cad>93</ns3:cad>
          </ns3:TrackPointExtension>
        </extensions>
      </trkpt>
      <trkpt lat="30.5488170683383941650390625" lon="104.0462597273290157318115234375">
        <ele>479.79998779296875</ele>
        <time>2026-09-21T13:17:12.000Z</time>
        <extensions>
          <ns3:TrackPointExtension>
            <ns3:hr>148</ns3:hr>
            <ns3:cad>92</ns3:cad>
          </ns3:TrackPointExtension>
        </extensions>
      </trkpt>
      <trkpt lat="30.548834837973117828369140625" lon="104.04623500071465969085693359375">
        <ele>480</ele>
        <time>2026-09-21T13:17:13.000Z</time>
        <extensions>
          <ns3:TrackPointExtension>
            <ns3:hr>148</ns3:hr>
            <ns3:cad>92</ns3:cad>
          </ns3:TrackPointExtension>
        </extensions>
      </trkpt>
      <trkpt lat="30.54884766228497028350830078125" lon="104.046206586062908172607421875">
        <ele>480</ele>
        <time>2026-09-21T13:17:14.000Z</time>
        <extensions>
          <ns3:TrackPointExtension>
            <ns3:hr>148</ns3:hr>
            <ns3:cad>92</ns3:cad>
          </ns3:TrackPointExtension>
        </extensions>
      </trkpt>
      <trkpt lat="30.54886191152036190032958984375" lon="104.04618479311466217041015625">
        <ele>480</ele>
        <time>2026-09-21T13:17:15.000Z</time>
        <extensions>
          <ns3:TrackPointExtension>
            <ns3:hr>149</ns3:hr>
            <ns3:cad>94</ns3:cad>
          </ns3:TrackPointExtension>
        </extensions>
      </trkpt>
      <trkpt lat="30.54888353683054447174072265625" lon="104.04616593383252620697021484375">
        <ele>480.20001220703125</ele>
        <time>2026-09-21T13:17:16.000Z</time>
        <extensions>
          <ns3:TrackPointExtension>
            <ns3:hr>148</ns3:hr>
            <ns3:cad>94</ns3:cad>
          </ns3:TrackPointExtension>
        </extensions>
      </trkpt>
      <trkpt lat="30.5488990433514118194580078125" lon="104.0461470745503902435302734375">
        <ele>480.399993896484375</ele>
        <time>2026-09-21T13:17:17.000Z</time>
        <extensions>
          <ns3:TrackPointExtension>
            <ns3:hr>149</ns3:hr>
            <ns3:cad>94</ns3:cad>
          </ns3:TrackPointExtension>
        </extensions>
      </trkpt>
      <trkpt lat="30.548921339213848114013671875" lon="104.04612905345857143402099609375">
        <ele>480.600006103515625</ele>
        <time>2026-09-21T13:17:18.000Z</time>
        <extensions>
          <ns3:TrackPointExtension>
            <ns3:hr>149</ns3:hr>
            <ns3:cad>93</ns3:cad>
          </ns3:TrackPointExtension>
        </extensions>
      </trkpt>
      <trkpt lat="30.54894204251468181610107421875" lon="104.0461184084415435791015625">
        <ele>480.79998779296875</ele>
        <time>2026-09-21T13:17:19.000Z</time>
        <extensions>
          <ns3:TrackPointExtension>
            <ns3:hr>149</ns3:hr>
            <ns3:cad>93</ns3:cad>
          </ns3:TrackPointExtension>
        </extensions>
      </trkpt>
      <trkpt lat="30.5489681102335453033447265625" lon="104.04610491357743740081787109375">
        <ele>480.79998779296875</ele>
        <time>2026-09-21T13:17:20.000Z</time>
        <extensions>
          <ns3:TrackPointExtension>
            <ns3:hr>149</ns3:hr>
            <ns3:cad>93</ns3:cad>
          </ns3:TrackPointExtension>
        </extensions>
      </trkpt>
      <trkpt lat="30.548989064991474151611328125" lon="104.04609569348394870758056640625">
        <ele>481</ele>
        <time>2026-09-21T13:17:21.000Z</time>
        <extensions>
          <ns3:TrackPointExtension>
            <ns3:hr>150</ns3:hr>
            <ns3:cad>93</ns3:cad>
          </ns3:TrackPointExtension>
        </extensions>
      </trkpt>
      <trkpt lat="30.549017898738384246826171875" lon="104.04609351418912410736083984375">
        <ele>481.20001220703125</ele>
        <time>2026-09-21T13:17:22.000Z</time>
        <extensions>
          <ns3:TrackPointExtension>
            <ns3:hr>150</ns3:hr>
            <ns3:cad>93</ns3:cad>
          </ns3:TrackPointExtension>
        </extensions>
      </trkpt>
      <trkpt lat="30.54903558455407619476318359375" lon="104.0460877306759357452392578125">
        <ele>481.399993896484375</ele>
        <time>2026-09-21T13:17:23.000Z</time>
        <extensions>
          <ns3:TrackPointExtension>
            <ns3:hr>150</ns3:hr>
            <ns3:cad>92</ns3:cad>
          </ns3:TrackPointExtension>
        </extensions>
      </trkpt>
      <trkpt lat="30.5490676872432231903076171875" lon="104.046091251075267791748046875">
        <ele>481.600006103515625</ele>
        <time>2026-09-21T13:17:24.000Z</time>
        <extensions>
          <ns3:TrackPointExtension>
            <ns3:hr>150</ns3:hr>
            <ns3:cad>92</ns3:cad>
          </ns3:TrackPointExtension>
        </extensions>
      </trkpt>
      <trkpt lat="30.54909040220081806182861328125" lon="104.04608563520014286041259765625">
        <ele>481.600006103515625</ele>
        <time>2026-09-21T13:17:25.000Z</time>
        <extensions>
          <ns3:TrackPointExtension>
            <ns3:hr>150</ns3:hr>
            <ns3:cad>92</ns3:cad>
          </ns3:TrackPointExtension>
        </extensions>
      </trkpt>
      <trkpt lat="30.549116469919681549072265625" lon="104.04608328826725482940673828125">
        <ele>481.79998779296875</ele>
        <time>2026-09-21T13:17:26.000Z</time>
        <extensions>
          <ns3:TrackPointExtension>
            <ns3:hr>151</ns3:hr>
            <ns3:cad>92</ns3:cad>
          </ns3:TrackPointExtension>
        </extensions>
      </trkpt>
      <trkpt lat="30.5491416156291961669921875" lon="104.04608027078211307525634765625">
        <ele>481.79998779296875</ele>
        <time>2026-09-21T13:17:27.000Z</time>
        <extensions>
          <ns3:TrackPointExtension>
            <ns3:hr>151</ns3:hr>
            <ns3:cad>92</ns3:cad>
          </ns3:TrackPointExtension>
        </extensions>
      </trkpt>
      <trkpt lat="30.54917044937610626220703125" lon="104.04608496464788913726806640625">
        <ele>481.79998779296875</ele>
        <time>2026-09-21T13:17:28.000Z</time>
        <extensions>
          <ns3:TrackPointExtension>
            <ns3:hr>152</ns3:hr>
            <ns3:cad>93</ns3:cad>
          </ns3:TrackPointExtension>
        </extensions>
      </trkpt>
      <trkpt lat="30.54919467307627201080322265625" lon="104.04608245007693767547607421875">
        <ele>482</ele>
        <time>2026-09-21T13:17:29.000Z</time>
        <extensions>
          <ns3:TrackPointExtension>
            <ns3:hr>152</ns3:hr>
            <ns3:cad>93</ns3:cad>
          </ns3:TrackPointExtension>
        </extensions>
      </trkpt>
      <trkpt lat="30.54922183044254779815673828125" lon="104.04608932323753833770751953125">
        <ele>482</ele>
        <time>2026-09-21T13:17:30.000Z</time>
        <extensions>
          <ns3:TrackPointExtension>
            <ns3:hr>153</ns3:hr>
            <ns3:cad>93</ns3:cad>
          </ns3:TrackPointExtension>
        </extensions>
      </trkpt>
      <trkpt lat="30.54924429394304752349853515625" lon="104.046087563037872314453125">
        <ele>481.79998779296875</ele>
        <time>2026-09-21T13:17:31.000Z</time>
        <extensions>
          <ns3:TrackPointExtension>
            <ns3:hr>153</ns3:hr>
            <ns3:cad>92</ns3:cad>
          </ns3:TrackPointExtension>
        </extensions>
      </trkpt>
      <trkpt lat="30.54926776327192783355712890625" lon="104.0460900776088237762451171875">
        <ele>481.79998779296875</ele>
        <time>2026-09-21T13:17:32.000Z</time>
        <extensions>
          <ns3:TrackPointExtension>
            <ns3:hr>153</ns3:hr>
            <ns3:cad>92</ns3:cad>
          </ns3:TrackPointExtension>
        </extensions>
      </trkpt>
      <trkpt lat="30.549292154610157012939453125" lon="104.04608915559947490692138671875">
        <ele>481.79998779296875</ele>
        <time>2026-09-21T13:17:33.000Z</time>
        <extensions>
          <ns3:TrackPointExtension>
            <ns3:hr>154</ns3:hr>
            <ns3:cad>92</ns3:cad>
          </ns3:TrackPointExtension>
        </extensions>
      </trkpt>
      <trkpt lat="30.54931654594838619232177734375" lon="104.0460915863513946533203125">
        <ele>481.600006103515625</ele>
        <time>2026-09-21T13:17:34.000Z</time>
        <extensions>
          <ns3:TrackPointExtension>
            <ns3:hr>153</ns3:hr>
            <ns3:cad>92</ns3:cad>
          </ns3:TrackPointExtension>
        </extensions>
      </trkpt>
      <trkpt lat="30.5493442900478839874267578125" lon="104.046091251075267791748046875">
        <ele>481.600006103515625</ele>
        <time>2026-09-21T13:17:35.000Z</time>
        <extensions>
          <ns3:TrackPointExtension>
            <ns3:hr>153</ns3:hr>
            <ns3:cad>92</ns3:cad>
          </ns3:TrackPointExtension>
        </extensions>
      </trkpt>
      <trkpt lat="30.54937052540481090545654296875" lon="104.0460920892655849456787109375">
        <ele>481.600006103515625</ele>
        <time>2026-09-21T13:17:36.000Z</time>
        <extensions>
          <ns3:TrackPointExtension>
            <ns3:hr>154</ns3:hr>
            <ns3:cad>92</ns3:cad>
          </ns3:TrackPointExtension>
        </extensions>
      </trkpt>
      <trkpt lat="30.54939977824687957763671875" lon="104.0460920892655849456787109375">
        <ele>481.600006103515625</ele>
        <time>2026-09-21T13:17:37.000Z</time>
        <extensions>
          <ns3:TrackPointExtension>
            <ns3:hr>153</ns3:hr>
            <ns3:cad>92</ns3:cad>
          </ns3:TrackPointExtension>
        </extensions>
      </trkpt>
      <trkpt lat="30.549424253404140472412109375" lon="104.04608613811433315277099609375">
        <ele>481.399993896484375</ele>
        <time>2026-09-21T13:17:38.000Z</time>
        <extensions>
          <ns3:TrackPointExtension>
            <ns3:hr>153</ns3:hr>
            <ns3:cad>92</ns3:cad>
          </ns3:TrackPointExtension>
        </extensions>
      </trkpt>
      <trkpt lat="30.5494562722742557525634765625" lon="104.04608194716274738311767578125">
        <ele>481.20001220703125</ele>
        <time>2026-09-21T13:17:39.000Z</time>
        <extensions>
          <ns3:TrackPointExtension>
            <ns3:hr>154</ns3:hr>
            <ns3:cad>92</ns3:cad>
          </ns3:TrackPointExtension>
        </extensions>
      </trkpt>
      <trkpt lat="30.54947664029896259307861328125" lon="104.0460860542953014373779296875">
        <ele>481</ele>
        <time>2026-09-21T13:17:40.000Z</time>
        <extensions>
          <ns3:TrackPointExtension>
            <ns3:hr>154</ns3:hr>
            <ns3:cad>90</ns3:cad>
          </ns3:TrackPointExtension>
        </extensions>
      </trkpt>
      <trkpt lat="30.5495048873126506805419921875" lon="104.04608965851366519927978515625">
        <ele>480.79998779296875</ele>
        <time>2026-09-21T13:17:41.000Z</time>
        <extensions>
          <ns3:TrackPointExtension>
            <ns3:hr>154</ns3:hr>
            <ns3:cad>90</ns3:cad>
          </ns3:TrackPointExtension>
        </extensions>
      </trkpt>
      <trkpt lat="30.54952408187091350555419921875" lon="104.046094603836536407470703125">
        <ele>480.600006103515625</ele>
        <time>2026-09-21T13:17:42.000Z</time>
        <extensions>
          <ns3:TrackPointExtension>
            <ns3:hr>153</ns3:hr>
            <ns3:cad>90</ns3:cad>
          </ns3:TrackPointExtension>
        </extensions>
      </trkpt>
      <trkpt lat="30.5495545081794261932373046875" lon="104.0460957773029804229736328125">
        <ele>480.600006103515625</ele>
        <time>2026-09-21T13:17:43.000Z</time>
        <extensions>
          <ns3:TrackPointExtension>
            <ns3:hr>154</ns3:hr>
            <ns3:cad>91</ns3:cad>
          </ns3:TrackPointExtension>
        </extensions>
      </trkpt>
      <trkpt lat="30.54957537911832332611083984375" lon="104.0460930950939655303955078125">
        <ele>480.600006103515625</ele>
        <time>2026-09-21T13:17:44.000Z</time>
        <extensions>
          <ns3:TrackPointExtension>
            <ns3:hr>154</ns3:hr>
            <ns3:cad>91</ns3:cad>
          </ns3:TrackPointExtension>
        </extensions>
      </trkpt>
      <trkpt lat="30.54960756562650203704833984375" lon="104.04609753750264644622802734375">
        <ele>480.79998779296875</ele>
        <time>2026-09-21T13:17:45.000Z</time>
        <extensions>
          <ns3:TrackPointExtension>
            <ns3:hr>154</ns3:hr>
            <ns3:cad>91</ns3:cad>
          </ns3:TrackPointExtension>
        </extensions>
      </trkpt>
      <trkpt lat="30.549629442393779754638671875" lon="104.04609435237944126129150390625">
        <ele>480.79998779296875</ele>
        <time>2026-09-21T13:17:46.000Z</time>
        <extensions>
          <ns3:TrackPointExtension>
            <ns3:hr>154</ns3:hr>
            <ns3:cad>91</ns3:cad>
          </ns3:TrackPointExtension>
        </extensions>
      </trkpt>
      <trkpt lat="30.54965802468359470367431640625" lon="104.0460951067507266998291015625">
        <ele>480.79998779296875</ele>
        <time>2026-09-21T13:17:47.000Z</time>
        <extensions>
          <ns3:TrackPointExtension>
            <ns3:hr>154</ns3:hr>
            <ns3:cad>93</ns3:cad>
          </ns3:TrackPointExtension>
        </extensions>
      </trkpt>
      <trkpt lat="30.5496862716972827911376953125" lon="104.046090580523014068603515625">
        <ele>480.79998779296875</ele>
        <time>2026-09-21T13:17:48.000Z</time>
        <extensions>
          <ns3:TrackPointExtension>
            <ns3:hr>154</ns3:hr>
            <ns3:cad>93</ns3:cad>
          </ns3:TrackPointExtension>
        </extensions>
      </trkpt>
      <trkpt lat="30.54971602745354175567626953125" lon="104.04608689248561859130859375">
        <ele>480.79998779296875</ele>
        <time>2026-09-21T13:17:49.000Z</time>
        <extensions>
          <ns3:TrackPointExtension>
            <ns3:hr>154</ns3:hr>
            <ns3:cad>93</ns3:cad>
          </ns3:TrackPointExtension>
        </extensions>
      </trkpt>
      <trkpt lat="30.54974067024886608123779296875" lon="104.0460783429443836212158203125">
        <ele>480.600006103515625</ele>
        <time>2026-09-21T13:17:50.000Z</time>
        <extensions>
          <ns3:TrackPointExtension>
            <ns3:hr>154</ns3:hr>
            <ns3:cad>93</ns3:cad>
          </ns3:TrackPointExtension>
        </extensions>
      </trkpt>
      <trkpt lat="30.5497674085199832916259765625" lon="104.04606820084154605865478515625">
        <ele>480.600006103515625</ele>
        <time>2026-09-21T13:17:51.000Z</time>
        <extensions>
          <ns3:TrackPointExtension>
            <ns3:hr>154</ns3:hr>
            <ns3:cad>93</ns3:cad>
          </ns3:TrackPointExtension>
        </extensions>
      </trkpt>
      <trkpt lat="30.54979540407657623291015625" lon="104.046055376529693603515625">
        <ele>480.399993896484375</ele>
        <time>2026-09-21T13:17:52.000Z</time>
        <extensions>
          <ns3:TrackPointExtension>
            <ns3:hr>154</ns3:hr>
            <ns3:cad>92</ns3:cad>
          </ns3:TrackPointExtension>
        </extensions>
      </trkpt>
      <trkpt lat="30.54981711320579051971435546875" lon="104.046042300760746002197265625">
        <ele>480.399993896484375</ele>
        <time>2026-09-21T13:17:53.000Z</time>
        <extensions>
          <ns3:TrackPointExtension>
            <ns3:hr>155</ns3:hr>
            <ns3:cad>92</ns3:cad>
          </ns3:TrackPointExtension>
        </extensions>
      </trkpt>
      <trkpt lat="30.5498458631336688995361328125" lon="104.04602520167827606201171875">
        <ele>480</ele>
        <time>2026-09-21T13:17:54.000Z</time>
        <extensions>
          <ns3:TrackPointExtension>
            <ns3:hr>155</ns3:hr>
            <ns3:cad>92</ns3:cad>
          </ns3:TrackPointExtension>
        </extensions>
      </trkpt>
      <trkpt lat="30.54987008683383464813232421875" lon="104.04601103626191616058349609375">
        <ele>479.79998779296875</ele>
        <time>2026-09-21T13:17:55.000Z</time>
        <extensions>
          <ns3:TrackPointExtension>
            <ns3:hr>155</ns3:hr>
            <ns3:cad>92</ns3:cad>
          </ns3:TrackPointExtension>
        </extensions>
      </trkpt>
      <trkpt lat="30.5499005131423473358154296875" lon="104.04599561356008052825927734375">
        <ele>479.600006103515625</ele>
        <time>2026-09-21T13:17:56.000Z</time>
        <extensions>
          <ns3:TrackPointExtension>
            <ns3:hr>156</ns3:hr>
            <ns3:cad>92</ns3:cad>
          </ns3:TrackPointExtension>
        </extensions>
      </trkpt>
      <trkpt lat="30.54992683231830596923828125" lon="104.04598362743854522705078125">
        <ele>479.600006103515625</ele>
        <time>2026-09-21T13:17:57.000Z</time>
        <extensions>
          <ns3:TrackPointExtension>
            <ns3:hr>156</ns3:hr>
            <ns3:cad>92</ns3:cad>
          </ns3:TrackPointExtension>
        </extensions>
      </trkpt>
      <trkpt lat="30.549955330789089202880859375" lon="104.0459754131734371185302734375">
        <ele>479.399993896484375</ele>
        <time>2026-09-21T13:17:58.000Z</time>
        <extensions>
          <ns3:TrackPointExtension>
            <ns3:hr>155</ns3:hr>
            <ns3:cad>92</ns3:cad>
          </ns3:TrackPointExtension>
        </extensions>
      </trkpt>
      <trkpt lat="30.54997687228024005889892578125" lon="104.04596778564155101776123046875">
        <ele>479.20001220703125</ele>
        <time>2026-09-21T13:17:59.000Z</time>
        <extensions>
          <ns3:TrackPointExtension>
            <ns3:hr>155</ns3:hr>
            <ns3:cad>92</ns3:cad>
          </ns3:TrackPointExtension>
        </extensions>
      </trkpt>
      <trkpt lat="30.55000738240778446197509765625" lon="104.04596091248095035552978515625">
        <ele>479</ele>
        <time>2026-09-21T13:18:00.000Z</time>
        <extensions>
          <ns3:TrackPointExtension>
            <ns3:hr>155</ns3:hr>
            <ns3:cad>92</ns3:cad>
          </ns3:TrackPointExtension>
        </extensions>
      </trkpt>
      <trkpt lat="30.55003722198307514190673828125" lon="104.0459589846432209014892578125">
        <ele>478.79998779296875</ele>
        <time>2026-09-21T13:18:01.000Z</time>
        <extensions>
          <ns3:TrackPointExtension>
            <ns3:hr>155</ns3:hr>
            <ns3:cad>91</ns3:cad>
          </ns3:TrackPointExtension>
        </extensions>
      </trkpt>
      <trkpt lat="30.55006756447255611419677734375" lon="104.04595789499580860137939453125">
        <ele>478.600006103515625</ele>
        <time>2026-09-21T13:18:02.000Z</time>
        <extensions>
          <ns3:TrackPointExtension>
            <ns3:hr>155</ns3:hr>
            <ns3:cad>92</ns3:cad>
          </ns3:TrackPointExtension>
        </extensions>
      </trkpt>
      <trkpt lat="30.55009447038173675537109375" lon="104.04595722444355487823486328125">
        <ele>478.20001220703125</ele>
        <time>2026-09-21T13:18:03.000Z</time>
        <extensions>
          <ns3:TrackPointExtension>
            <ns3:hr>154</ns3:hr>
            <ns3:cad>92</ns3:cad>
          </ns3:TrackPointExtension>
        </extensions>
      </trkpt>
      <trkpt lat="30.5501259863376617431640625" lon="104.04595973901450634002685546875">
        <ele>478</ele>
        <time>2026-09-21T13:18:04.000Z</time>
        <extensions>
          <ns3:TrackPointExtension>
            <ns3:hr>154</ns3:hr>
            <ns3:cad>92</ns3:cad>
          </ns3:TrackPointExtension>
        </extensions>
      </trkpt>
      <trkpt lat="30.5501512996852397918701171875" lon="104.04596485197544097900390625">
        <ele>477.79998779296875</ele>
        <time>2026-09-21T13:18:05.000Z</time>
        <extensions>
          <ns3:TrackPointExtension>
            <ns3:hr>153</ns3:hr>
            <ns3:cad>92</ns3:cad>
          </ns3:TrackPointExtension>
        </extensions>
      </trkpt>
      <trkpt lat="30.55018289946019649505615234375" lon="104.04597868211567401885986328125">
        <ele>477.600006103515625</ele>
        <time>2026-09-21T13:18:06.000Z</time>
        <extensions>
          <ns3:TrackPointExtension>
            <ns3:hr>152</ns3:hr>
            <ns3:cad>91</ns3:cad>
          </ns3:TrackPointExtension>
        </extensions>
      </trkpt>
      <trkpt lat="30.55021089501678943634033203125" lon="104.0459881536662578582763671875">
        <ele>477.399993896484375</ele>
        <time>2026-09-21T13:18:07.000Z</time>
        <extensions>
          <ns3:TrackPointExtension>
            <ns3:hr>152</ns3:hr>
            <ns3:cad>91</ns3:cad>
          </ns3:TrackPointExtension>
        </extensions>
      </trkpt>
      <trkpt lat="30.5502413213253021240234375" lon="104.0460029058158397674560546875">
        <ele>477.20001220703125</ele>
        <time>2026-09-21T13:18:08.000Z</time>
        <extensions>
          <ns3:TrackPointExtension>
            <ns3:hr>152</ns3:hr>
            <ns3:cad>92</ns3:cad>
          </ns3:TrackPointExtension>
        </extensions>
      </trkpt>
      <trkpt lat="30.55026571266353130340576171875" lon="104.0460099466145038604736328125">
        <ele>477</ele>
        <time>2026-09-21T13:18:09.000Z</time>
        <extensions>
          <ns3:TrackPointExtension>
            <ns3:hr>152</ns3:hr>
            <ns3:cad>92</ns3:cad>
          </ns3:TrackPointExtension>
        </extensions>
      </trkpt>
      <trkpt lat="30.55030041374266147613525390625" lon="104.0460169874131679534912109375">
        <ele>476.600006103515625</ele>
        <time>2026-09-21T13:18:10.000Z</time>
        <extensions>
          <ns3:TrackPointExtension>
            <ns3:hr>152</ns3:hr>
            <ns3:cad>92</ns3:cad>
          </ns3:TrackPointExtension>
        </extensions>
      </trkpt>
      <trkpt lat="30.55032941512763500213623046875" lon="104.04602243565022945404052734375">
        <ele>476.399993896484375</ele>
        <time>2026-09-21T13:18:11.000Z</time>
        <extensions>
          <ns3:TrackPointExtension>
            <ns3:hr>152</ns3:hr>
            <ns3:cad>90</ns3:cad>
          </ns3:TrackPointExtension>
        </extensions>
      </trkpt>
      <trkpt lat="30.550362356007099151611328125" lon="104.04603567905724048614501953125">
        <ele>476.20001220703125</ele>
        <time>2026-09-21T13:18:12.000Z</time>
        <extensions>
          <ns3:TrackPointExtension>
            <ns3:hr>152</ns3:hr>
            <ns3:cad>90</ns3:cad>
          </ns3:TrackPointExtension>
        </extensions>
      </trkpt>
      <trkpt lat="30.550390519201755523681640625" lon="104.0460397861897945404052734375">
        <ele>476</ele>
        <time>2026-09-21T13:18:13.000Z</time>
        <extensions>
          <ns3:TrackPointExtension>
            <ns3:hr>151</ns3:hr>
            <ns3:cad>90</ns3:cad>
          </ns3:TrackPointExtension>
        </extensions>
      </trkpt>
      <trkpt lat="30.5504185147583484649658203125" lon="104.0460525266826152801513671875">
        <ele>475.79998779296875</ele>
        <time>2026-09-21T13:18:14.000Z</time>
        <extensions>
          <ns3:TrackPointExtension>
            <ns3:hr>151</ns3:hr>
            <ns3:cad>90</ns3:cad>
          </ns3:TrackPointExtension>
        </extensions>
      </trkpt>
      <trkpt lat="30.55044173263013362884521484375" lon="104.04605680145323276519775390625">
        <ele>475.79998779296875</ele>
        <time>2026-09-21T13:18:15.000Z</time>
        <extensions>
          <ns3:TrackPointExtension>
            <ns3:hr>151</ns3:hr>
            <ns3:cad>91</ns3:cad>
          </ns3:TrackPointExtension>
        </extensions>
      </trkpt>
      <trkpt lat="30.5504693090915679931640625" lon="104.04606199823319911956787109375">
        <ele>475.79998779296875</ele>
        <time>2026-09-21T13:18:16.000Z</time>
        <extensions>
          <ns3:TrackPointExtension>
            <ns3:hr>151</ns3:hr>
            <ns3:cad>91</ns3:cad>
          </ns3:TrackPointExtension>
        </extensions>
      </trkpt>
      <trkpt lat="30.5504952929913997650146484375" lon="104.04606618918478488922119140625">
        <ele>475.600006103515625</ele>
        <time>2026-09-21T13:18:17.000Z</time>
        <extensions>
          <ns3:TrackPointExtension>
            <ns3:hr>151</ns3:hr>
            <ns3:cad>91</ns3:cad>
          </ns3:TrackPointExtension>
        </extensions>
      </trkpt>
      <trkpt lat="30.55052286945283412933349609375" lon="104.046072475612163543701171875">
        <ele>475.600006103515625</ele>
        <time>2026-09-21T13:18:18.000Z</time>
        <extensions>
          <ns3:TrackPointExtension>
            <ns3:hr>150</ns3:hr>
            <ns3:cad>92</ns3:cad>
          </ns3:TrackPointExtension>
        </extensions>
      </trkpt>
      <trkpt lat="30.5505551397800445556640625" lon="104.04607591219246387481689453125">
        <ele>475.79998779296875</ele>
        <time>2026-09-21T13:18:19.000Z</time>
        <extensions>
          <ns3:TrackPointExtension>
            <ns3:hr>150</ns3:hr>
            <ns3:cad>92</ns3:cad>
          </ns3:TrackPointExtension>
        </extensions>
      </trkpt>
      <trkpt lat="30.55058372206985950469970703125" lon="104.04608228243887424468994140625">
        <ele>475.79998779296875</ele>
        <time>2026-09-21T13:18:20.000Z</time>
        <extensions>
          <ns3:TrackPointExtension>
            <ns3:hr>150</ns3:hr>
            <ns3:cad>92</ns3:cad>
          </ns3:TrackPointExtension>
        </extensions>
      </trkpt>
      <trkpt lat="30.55061674676835536956787109375" lon="104.046087898313999176025390625">
        <ele>475.600006103515625</ele>
        <time>2026-09-21T13:18:21.000Z</time>
        <extensions>
          <ns3:TrackPointExtension>
            <ns3:hr>150</ns3:hr>
            <ns3:cad>91</ns3:cad>
          </ns3:TrackPointExtension>
        </extensions>
      </trkpt>
      <trkpt lat="30.55064206011593341827392578125" lon="104.04609167017042636871337890625">
        <ele>475.600006103515625</ele>
        <time>2026-09-21T13:18:22.000Z</time>
        <extensions>
          <ns3:TrackPointExtension>
            <ns3:hr>150</ns3:hr>
            <ns3:cad>92</ns3:cad>
          </ns3:TrackPointExtension>
        </extensions>
      </trkpt>
      <trkpt lat="30.55067525245249271392822265625" lon="104.04609359800815582275390625">
        <ele>475.600006103515625</ele>
        <time>2026-09-21T13:18:23.000Z</time>
        <extensions>
          <ns3:TrackPointExtension>
            <ns3:hr>150</ns3:hr>
            <ns3:cad>92</ns3:cad>
          </ns3:TrackPointExtension>
        </extensions>
      </trkpt>
      <trkpt lat="30.5507026612758636474609375" lon="104.04609368182718753814697265625">
        <ele>475.399993896484375</ele>
        <time>2026-09-21T13:18:24.000Z</time>
        <extensions>
          <ns3:TrackPointExtension>
            <ns3:hr>149</ns3:hr>
            <ns3:cad>92</ns3:cad>
          </ns3:TrackPointExtension>
        </extensions>
      </trkpt>
      <trkpt lat="30.55073291994631290435791015625" lon="104.0460917539894580841064453125">
        <ele>475.399993896484375</ele>
        <time>2026-09-21T13:18:25.000Z</time>
        <extensions>
          <ns3:TrackPointExtension>
            <ns3:hr>149</ns3:hr>
            <ns3:cad>92</ns3:cad>
          </ns3:TrackPointExtension>
        </extensions>
      </trkpt>
      <trkpt lat="30.5507574789226055145263671875" lon="104.046089909970760345458984375">
        <ele>475.399993896484375</ele>
        <time>2026-09-21T13:18:26.000Z</time>
        <extensions>
          <ns3:TrackPointExtension>
            <ns3:hr>149</ns3:hr>
            <ns3:cad>92</ns3:cad>
          </ns3:TrackPointExtension>
        </extensions>
      </trkpt>
      <trkpt lat="30.5507863126695156097412109375" lon="104.046088568866252899169921875">
        <ele>475.600006103515625</ele>
        <time>2026-09-21T13:18:27.000Z</time>
        <extensions>
          <ns3:TrackPointExtension>
            <ns3:hr>149</ns3:hr>
            <ns3:cad>92</ns3:cad>
          </ns3:TrackPointExtension>
        </extensions>
      </trkpt>
      <trkpt lat="30.55080927908420562744140625" lon="104.0460873953998088836669921875">
        <ele>475.600006103515625</ele>
        <time>2026-09-21T13:18:28.000Z</time>
        <extensions>
          <ns3:TrackPointExtension>
            <ns3:hr>149</ns3:hr>
            <ns3:cad>91</ns3:cad>
          </ns3:TrackPointExtension>
        </extensions>
      </trkpt>
      <trkpt lat="30.5508362688124179840087890625" lon="104.046092927455902099609375">
        <ele>475.399993896484375</ele>
        <time>2026-09-21T13:18:29.000Z</time>
        <extensions>
          <ns3:TrackPointExtension>
            <ns3:hr>149</ns3:hr>
            <ns3:cad>91</ns3:cad>
          </ns3:TrackPointExtension>
        </extensions>
      </trkpt>
      <trkpt lat="30.550859235227108001708984375" lon="104.04609334655106067657470703125">
        <ele>475.600006103515625</ele>
        <time>2026-09-21T13:18:30.000Z</time>
        <extensions>
          <ns3:TrackPointExtension>
            <ns3:hr>149</ns3:hr>
            <ns3:cad>92</ns3:cad>
          </ns3:TrackPointExtension>
        </extensions>
      </trkpt>
      <trkpt lat="30.5508818663656711578369140625" lon="104.04609401710331439971923828125">
        <ele>475.600006103515625</ele>
        <time>2026-09-21T13:18:31.000Z</time>
        <extensions>
          <ns3:TrackPointExtension>
            <ns3:hr>149</ns3:hr>
            <ns3:cad>93</ns3:cad>
          </ns3:TrackPointExtension>
        </extensions>
      </trkpt>
      <trkpt lat="30.5509016476571559906005859375" lon="104.0460917539894580841064453125">
        <ele>475.600006103515625</ele>
        <time>2026-09-21T13:18:32.000Z</time>
        <extensions>
          <ns3:TrackPointExtension>
            <ns3:hr>148</ns3:hr>
            <ns3:cad>93</ns3:cad>
          </ns3:TrackPointExtension>
        </extensions>
      </trkpt>
      <trkpt lat="30.55092972703278064727783203125" lon="104.0460937656462192535400390625">
        <ele>475.600006103515625</ele>
        <time>2026-09-21T13:18:33.000Z</time>
        <extensions>
          <ns3:TrackPointExtension>
            <ns3:hr>149</ns3:hr>
            <ns3:cad>92</ns3:cad>
          </ns3:TrackPointExtension>
        </extensions>
      </trkpt>
      <trkpt lat="30.55095654912292957305908203125" lon="104.046091921627521514892578125">
        <ele>475.600006103515625</ele>
        <time>2026-09-21T13:18:34.000Z</time>
        <extensions>
          <ns3:TrackPointExtension>
            <ns3:hr>149</ns3:hr>
            <ns3:cad>92</ns3:cad>
          </ns3:TrackPointExtension>
        </extensions>
      </trkpt>
      <trkpt lat="30.55098270066082477569580078125" lon="104.0460937656462192535400390625">
        <ele>475.600006103515625</ele>
        <time>2026-09-21T13:18:35.000Z</time>
        <extensions>
          <ns3:TrackPointExtension>
            <ns3:hr>148</ns3:hr>
            <ns3:cad>93</ns3:cad>
          </ns3:TrackPointExtension>
        </extensions>
      </trkpt>
      <trkpt lat="30.55101170204579830169677734375" lon="104.04609653167426586151123046875">
        <ele>475.600006103515625</ele>
        <time>2026-09-21T13:18:36.000Z</time>
        <extensions>
          <ns3:TrackPointExtension>
            <ns3:hr>148</ns3:hr>
            <ns3:cad>93</ns3:cad>
          </ns3:TrackPointExtension>
        </extensions>
      </trkpt>
      <trkpt lat="30.5510384403169155120849609375" lon="104.0460987947881221771240234375">
        <ele>475.600006103515625</ele>
        <time>2026-09-21T13:18:37.000Z</time>
        <extensions>
          <ns3:TrackPointExtension>
            <ns3:hr>148</ns3:hr>
            <ns3:cad>93</ns3:cad>
          </ns3:TrackPointExtension>
        </extensions>
      </trkpt>
      <trkpt lat="30.5510669387876987457275390625" lon="104.0460969507694244384765625">
        <ele>475.600006103515625</ele>
        <time>2026-09-21T13:18:38.000Z</time>
        <extensions>
          <ns3:TrackPointExtension>
            <ns3:hr>148</ns3:hr>
            <ns3:cad>92</ns3:cad>
          </ns3:TrackPointExtension>
        </extensions>
      </trkpt>
      <trkpt lat="30.55109216831624507904052734375" lon="104.04609653167426586151123046875">
        <ele>475.79998779296875</ele>
        <time>2026-09-21T13:18:39.000Z</time>
        <extensions>
          <ns3:TrackPointExtension>
            <ns3:hr>148</ns3:hr>
            <ns3:cad>92</ns3:cad>
          </ns3:TrackPointExtension>
        </extensions>
      </trkpt>
      <trkpt lat="30.551124103367328643798828125" lon="104.04610021971166133880615234375">
        <ele>475.600006103515625</ele>
        <time>2026-09-21T13:18:40.000Z</time>
        <extensions>
          <ns3:TrackPointExtension>
            <ns3:hr>148</ns3:hr>
            <ns3:cad>92</ns3:cad>
          </ns3:TrackPointExtension>
        </extensions>
      </trkpt>
      <trkpt lat="30.55114950053393840789794921875" lon="104.0460967831313610076904296875">
        <ele>475.79998779296875</ele>
        <time>2026-09-21T13:18:41.000Z</time>
        <extensions>
          <ns3:TrackPointExtension>
            <ns3:hr>148</ns3:hr>
            <ns3:cad>92</ns3:cad>
          </ns3:TrackPointExtension>
        </extensions>
      </trkpt>
      <trkpt lat="30.55118084885179996490478515625" lon="104.04610021971166133880615234375">
        <ele>475.79998779296875</ele>
        <time>2026-09-21T13:18:42.000Z</time>
        <extensions>
          <ns3:TrackPointExtension>
            <ns3:hr>149</ns3:hr>
            <ns3:cad>92</ns3:cad>
          </ns3:TrackPointExtension>
        </extensions>
      </trkpt>
      <trkpt lat="30.55120917968451976776123046875" lon="104.04609837569296360015869140625">
        <ele>475.79998779296875</ele>
        <time>2026-09-21T13:18:43.000Z</time>
        <extensions>
          <ns3:TrackPointExtension>
            <ns3:hr>148</ns3:hr>
            <ns3:cad>92</ns3:cad>
          </ns3:TrackPointExtension>
        </extensions>
      </trkpt>
      <trkpt lat="30.55123985745012760162353515625" lon="104.046105332672595977783203125">
        <ele>475.79998779296875</ele>
        <time>2026-09-21T13:18:44.000Z</time>
        <extensions>
          <ns3:TrackPointExtension>
            <ns3:hr>149</ns3:hr>
            <ns3:cad>93</ns3:cad>
          </ns3:TrackPointExtension>
        </extensions>
      </trkpt>
      <trkpt lat="30.5512674339115619659423828125" lon="104.04610541649162769317626953125">
        <ele>475.79998779296875</ele>
        <time>2026-09-21T13:18:45.000Z</time>
        <extensions>
          <ns3:TrackPointExtension>
            <ns3:hr>149</ns3:hr>
            <ns3:cad>93</ns3:cad>
          </ns3:TrackPointExtension>
        </extensions>
      </trkpt>
      <trkpt lat="30.55129752494394779205322265625" lon="104.0461076796054840087890625">
        <ele>475.79998779296875</ele>
        <time>2026-09-21T13:18:46.000Z</time>
        <extensions>
          <ns3:TrackPointExtension>
            <ns3:hr>149</ns3:hr>
            <ns3:cad>93</ns3:cad>
          </ns3:TrackPointExtension>
        </extensions>
      </trkpt>
      <trkpt lat="30.55132904089987277984619140625" lon="104.04611011035740375518798828125">
        <ele>475.79998779296875</ele>
        <time>2026-09-21T13:18:47.000Z</time>
        <extensions>
          <ns3:TrackPointExtension>
            <ns3:hr>148</ns3:hr>
            <ns3:cad>93</ns3:cad>
          </ns3:TrackPointExtension>
        </extensions>
      </trkpt>
      <trkpt lat="30.55135519243776798248291015625" lon="104.04611664824187755584716796875">
        <ele>475.600006103515625</ele>
        <time>2026-09-21T13:18:48.000Z</time>
        <extensions>
          <ns3:TrackPointExtension>
            <ns3:hr>149</ns3:hr>
            <ns3:cad>92</ns3:cad>
          </ns3:TrackPointExtension>
        </extensions>
      </trkpt>
      <trkpt lat="30.55138419382274150848388671875" lon="104.0461170673370361328125">
        <ele>475.600006103515625</ele>
        <time>2026-09-21T13:18:49.000Z</time>
        <extensions>
          <ns3:TrackPointExtension>
            <ns3:hr>148</ns3:hr>
            <ns3:cad>92</ns3:cad>
          </ns3:TrackPointExtension>
        </extensions>
      </trkpt>
      <trkpt lat="30.551409088075160980224609375" lon="104.04611446894705295562744140625">
        <ele>475.600006103515625</ele>
        <time>2026-09-21T13:18:50.000Z</time>
        <extensions>
          <ns3:TrackPointExtension>
            <ns3:hr>148</ns3:hr>
            <ns3:cad>93</ns3:cad>
          </ns3:TrackPointExtension>
        </extensions>
      </trkpt>
      <trkpt lat="30.55143834091722965240478515625" lon="104.0461185760796070098876953125">
        <ele>475.600006103515625</ele>
        <time>2026-09-21T13:18:51.000Z</time>
        <extensions>
          <ns3:TrackPointExtension>
            <ns3:hr>148</ns3:hr>
            <ns3:cad>93</ns3:cad>
          </ns3:TrackPointExtension>
        </extensions>
      </trkpt>
      <trkpt lat="30.55145812220871448516845703125" lon="104.0461189113557338714599609375">
        <ele>475.600006103515625</ele>
        <time>2026-09-21T13:18:52.000Z</time>
        <extensions>
          <ns3:TrackPointExtension>
            <ns3:hr>148</ns3:hr>
            <ns3:cad>93</ns3:cad>
          </ns3:TrackPointExtension>
        </extensions>
      </trkpt>
      <trkpt lat="30.5514833517372608184814453125" lon="104.04611798934638500213623046875">
        <ele>475.600006103515625</ele>
        <time>2026-09-21T13:18:53.000Z</time>
        <extensions>
          <ns3:TrackPointExtension>
            <ns3:hr>148</ns3:hr>
            <ns3:cad>92</ns3:cad>
          </ns3:TrackPointExtension>
        </extensions>
      </trkpt>
      <trkpt lat="30.551507659256458282470703125" lon="104.04610709287226200103759765625">
        <ele>475.600006103515625</ele>
        <time>2026-09-21T13:18:54.000Z</time>
        <extensions>
          <ns3:TrackPointExtension>
            <ns3:hr>148</ns3:hr>
            <ns3:cad>92</ns3:cad>
          </ns3:TrackPointExtension>
        </extensions>
      </trkpt>
      <trkpt lat="30.55153942666947841644287109375" lon="104.04610658995807170867919921875">
        <ele>475.600006103515625</ele>
        <time>2026-09-21T13:18:55.000Z</time>
        <extensions>
          <ns3:TrackPointExtension>
            <ns3:hr>148</ns3:hr>
            <ns3:cad>92</ns3:cad>
          </ns3:TrackPointExtension>
        </extensions>
      </trkpt>
      <trkpt lat="30.55156507529318332672119140625" lon="104.0461031533777713775634765625">
        <ele>475.600006103515625</ele>
        <time>2026-09-21T13:18:56.000Z</time>
        <extensions>
          <ns3:TrackPointExtension>
            <ns3:hr>148</ns3:hr>
            <ns3:cad>93</ns3:cad>
          </ns3:TrackPointExtension>
        </extensions>
      </trkpt>
      <trkpt lat="30.55159240029752254486083984375" lon="104.04610357247292995452880859375">
        <ele>475.600006103515625</ele>
        <time>2026-09-21T13:18:57.000Z</time>
        <extensions>
          <ns3:TrackPointExtension>
            <ns3:hr>148</ns3:hr>
            <ns3:cad>93</ns3:cad>
          </ns3:TrackPointExtension>
        </extensions>
      </trkpt>
      <trkpt lat="30.55161930620670318603515625" lon="104.0461011417210102081298828125">
        <ele>475.600006103515625</ele>
        <time>2026-09-21T13:18:58.000Z</time>
        <extensions>
          <ns3:TrackPointExtension>
            <ns3:hr>148</ns3:hr>
            <ns3:cad>93</ns3:cad>
          </ns3:TrackPointExtension>
        </extensions>
      </trkpt>
      <trkpt lat="30.5516473017632961273193359375" lon="104.0460987947881221771240234375">
        <ele>475.600006103515625</ele>
        <time>2026-09-21T13:18:59.000Z</time>
        <extensions>
          <ns3:TrackPointExtension>
            <ns3:hr>148</ns3:hr>
            <ns3:cad>93</ns3:cad>
          </ns3:TrackPointExtension>
        </extensions>
      </trkpt>
      <trkpt lat="30.55167739279568195343017578125" lon="104.046095274388790130615234375">
        <ele>475.600006103515625</ele>
        <time>2026-09-21T13:19:00.000Z</time>
        <extensions>
          <ns3:TrackPointExtension>
            <ns3:hr>148</ns3:hr>
            <ns3:cad>93</ns3:cad>
          </ns3:TrackPointExtension>
        </extensions>
      </trkpt>
      <trkpt lat="30.55170287378132343292236328125" lon="104.0460917539894580841064453125">
        <ele>475.600006103515625</ele>
        <time>2026-09-21T13:19:01.000Z</time>
        <extensions>
          <ns3:TrackPointExtension>
            <ns3:hr>148</ns3:hr>
            <ns3:cad>93</ns3:cad>
          </ns3:TrackPointExtension>
        </extensions>
      </trkpt>
      <trkpt lat="30.551732294261455535888671875" lon="104.04608697630465030670166015625">
        <ele>475.600006103515625</ele>
        <time>2026-09-21T13:19:02.000Z</time>
        <extensions>
          <ns3:TrackPointExtension>
            <ns3:hr>148</ns3:hr>
            <ns3:cad>93</ns3:cad>
          </ns3:TrackPointExtension>
        </extensions>
      </trkpt>
      <trkpt lat="30.551753081381320953369140625" lon="104.046079851686954498291015625">
        <ele>475.600006103515625</ele>
        <time>2026-09-21T13:19:03.000Z</time>
        <extensions>
          <ns3:TrackPointExtension>
            <ns3:hr>149</ns3:hr>
            <ns3:cad>93</ns3:cad>
          </ns3:TrackPointExtension>
        </extensions>
      </trkpt>
      <trkpt lat="30.5517881177365779876708984375" lon="104.0460759960114955902099609375">
        <ele>475.600006103515625</ele>
        <time>2026-09-21T13:19:04.000Z</time>
        <extensions>
          <ns3:TrackPointExtension>
            <ns3:hr>149</ns3:hr>
            <ns3:cad>92</ns3:cad>
          </ns3:TrackPointExtension>
        </extensions>
      </trkpt>
      <trkpt lat="30.551808066666126251220703125" lon="104.04606870375573635101318359375">
        <ele>475.600006103515625</ele>
        <time>2026-09-21T13:19:05.000Z</time>
        <extensions>
          <ns3:TrackPointExtension>
            <ns3:hr>149</ns3:hr>
            <ns3:cad>92</ns3:cad>
          </ns3:TrackPointExtension>
        </extensions>
      </trkpt>
      <trkpt lat="30.55184151045978069305419921875" lon="104.04606719501316547393798828125">
        <ele>475.600006103515625</ele>
        <time>2026-09-21T13:19:06.000Z</time>
        <extensions>
          <ns3:TrackPointExtension>
            <ns3:hr>148</ns3:hr>
            <ns3:cad>92</ns3:cad>
          </ns3:TrackPointExtension>
        </extensions>
      </trkpt>
      <trkpt lat="30.5518618784844875335693359375" lon="104.0460602380335330963134765625">
        <ele>475.600006103515625</ele>
        <time>2026-09-21T13:19:07.000Z</time>
        <extensions>
          <ns3:TrackPointExtension>
            <ns3:hr>149</ns3:hr>
            <ns3:cad>92</ns3:cad>
          </ns3:TrackPointExtension>
        </extensions>
      </trkpt>
      <trkpt lat="30.5518930591642856597900390625" lon="104.04606233350932598114013671875">
        <ele>475.600006103515625</ele>
        <time>2026-09-21T13:19:08.000Z</time>
        <extensions>
          <ns3:TrackPointExtension>
            <ns3:hr>149</ns3:hr>
            <ns3:cad>92</ns3:cad>
          </ns3:TrackPointExtension>
        </extensions>
      </trkpt>
      <trkpt lat="30.5519205518066883087158203125" lon="104.04605763964354991912841796875">
        <ele>475.600006103515625</ele>
        <time>2026-09-21T13:19:09.000Z</time>
        <extensions>
          <ns3:TrackPointExtension>
            <ns3:hr>148</ns3:hr>
            <ns3:cad>92</ns3:cad>
          </ns3:TrackPointExtension>
        </extensions>
      </trkpt>
      <trkpt lat="30.55195114575326442718505859375" lon="104.04606132768094539642333984375">
        <ele>475.600006103515625</ele>
        <time>2026-09-21T13:19:10.000Z</time>
        <extensions>
          <ns3:TrackPointExtension>
            <ns3:hr>149</ns3:hr>
            <ns3:cad>93</ns3:cad>
          </ns3:TrackPointExtension>
        </extensions>
      </trkpt>
      <trkpt lat="30.5519755370914936065673828125" lon="104.046054370701313018798828125">
        <ele>475.600006103515625</ele>
        <time>2026-09-21T13:19:11.000Z</time>
        <extensions>
          <ns3:TrackPointExtension>
            <ns3:hr>149</ns3:hr>
            <ns3:cad>92</ns3:cad>
          </ns3:TrackPointExtension>
        </extensions>
      </trkpt>
      <trkpt lat="30.55200160481035709381103515625" lon="104.04605059884488582611083984375">
        <ele>475.600006103515625</ele>
        <time>2026-09-21T13:19:12.000Z</time>
        <extensions>
          <ns3:TrackPointExtension>
            <ns3:hr>149</ns3:hr>
            <ns3:cad>91</ns3:cad>
          </ns3:TrackPointExtension>
        </extensions>
      </trkpt>
      <trkpt lat="30.552028678357601165771484375" lon="104.04604607261717319488525390625">
        <ele>475.600006103515625</ele>
        <time>2026-09-21T13:19:13.000Z</time>
        <extensions>
          <ns3:TrackPointExtension>
            <ns3:hr>149</ns3:hr>
            <ns3:cad>91</ns3:cad>
          </ns3:TrackPointExtension>
        </extensions>
      </trkpt>
      <trkpt lat="30.5520513094961643218994140625" lon="104.0460434742271900177001953125">
        <ele>475.600006103515625</ele>
        <time>2026-09-21T13:19:14.000Z</time>
        <extensions>
          <ns3:TrackPointExtension>
            <ns3:hr>150</ns3:hr>
            <ns3:cad>91</ns3:cad>
          </ns3:TrackPointExtension>
        </extensions>
      </trkpt>
      <trkpt lat="30.552084334194660186767578125" lon="104.04603567905724048614501953125">
        <ele>475.600006103515625</ele>
        <time>2026-09-21T13:19:15.000Z</time>
        <extensions>
          <ns3:TrackPointExtension>
            <ns3:hr>150</ns3:hr>
            <ns3:cad>93</ns3:cad>
          </ns3:TrackPointExtension>
        </extensions>
      </trkpt>
      <trkpt lat="30.55210755206644535064697265625" lon="104.04603433795273303985595703125">
        <ele>475.600006103515625</ele>
        <time>2026-09-21T13:19:16.000Z</time>
        <extensions>
          <ns3:TrackPointExtension>
            <ns3:hr>150</ns3:hr>
            <ns3:cad>93</ns3:cad>
          </ns3:TrackPointExtension>
        </extensions>
      </trkpt>
      <trkpt lat="30.5521391518414020538330078125" lon="104.046028219163417816162109375">
        <ele>475.600006103515625</ele>
        <time>2026-09-21T13:19:17.000Z</time>
        <extensions>
          <ns3:TrackPointExtension>
            <ns3:hr>150</ns3:hr>
            <ns3:cad>93</ns3:cad>
          </ns3:TrackPointExtension>
        </extensions>
      </trkpt>
      <trkpt lat="30.55216035805642604827880859375" lon="104.0460243634879589080810546875">
        <ele>475.600006103515625</ele>
        <time>2026-09-21T13:19:18.000Z</time>
        <extensions>
          <ns3:TrackPointExtension>
            <ns3:hr>150</ns3:hr>
            <ns3:cad>93</ns3:cad>
          </ns3:TrackPointExtension>
        </extensions>
      </trkpt>
      <trkpt lat="30.55218868888914585113525390625" lon="104.0460193343460559844970703125">
        <ele>475.600006103515625</ele>
        <time>2026-09-21T13:19:19.000Z</time>
        <extensions>
          <ns3:TrackPointExtension>
            <ns3:hr>150</ns3:hr>
            <ns3:cad>93</ns3:cad>
          </ns3:TrackPointExtension>
        </extensions>
      </trkpt>
      <trkpt lat="30.55221215821802616119384765625" lon="104.04601455666124820709228515625">
        <ele>475.600006103515625</ele>
        <time>2026-09-21T13:19:20.000Z</time>
        <extensions>
          <ns3:TrackPointExtension>
            <ns3:hr>150</ns3:hr>
            <ns3:cad>93</ns3:cad>
          </ns3:TrackPointExtension>
        </extensions>
      </trkpt>
      <trkpt lat="30.552240572869777679443359375" lon="104.046007096767425537109375">
        <ele>475.399993896484375</ele>
        <time>2026-09-21T13:19:21.000Z</time>
        <extensions>
          <ns3:TrackPointExtension>
            <ns3:hr>150</ns3:hr>
            <ns3:cad>93</ns3:cad>
          </ns3:TrackPointExtension>
        </extensions>
      </trkpt>
      <trkpt lat="30.55226228199899196624755859375" lon="104.0459978766739368438720703125">
        <ele>475.399993896484375</ele>
        <time>2026-09-21T13:19:22.000Z</time>
        <extensions>
          <ns3:TrackPointExtension>
            <ns3:hr>151</ns3:hr>
            <ns3:cad>93</ns3:cad>
          </ns3:TrackPointExtension>
        </extensions>
      </trkpt>
      <trkpt lat="30.55229245685040950775146484375" lon="104.04599435627460479736328125">
        <ele>475.399993896484375</ele>
        <time>2026-09-21T13:19:23.000Z</time>
        <extensions>
          <ns3:TrackPointExtension>
            <ns3:hr>150</ns3:hr>
            <ns3:cad>92</ns3:cad>
          </ns3:TrackPointExtension>
        </extensions>
      </trkpt>
      <trkpt lat="30.5523178540170192718505859375" lon="104.04598706401884555816650390625">
        <ele>475.399993896484375</ele>
        <time>2026-09-21T13:19:24.000Z</time>
        <extensions>
          <ns3:TrackPointExtension>
            <ns3:hr>150</ns3:hr>
            <ns3:cad>92</ns3:cad>
          </ns3:TrackPointExtension>
        </extensions>
      </trkpt>
      <trkpt lat="30.5523426644504070281982421875" lon="104.04598035849630832672119140625">
        <ele>475.399993896484375</ele>
        <time>2026-09-21T13:19:25.000Z</time>
        <extensions>
          <ns3:TrackPointExtension>
            <ns3:hr>150</ns3:hr>
            <ns3:cad>92</ns3:cad>
          </ns3:TrackPointExtension>
        </extensions>
      </trkpt>
      <trkpt lat="30.5523704923689365386962890625" lon="104.04597331769764423370361328125">
        <ele>475.399993896484375</ele>
        <time>2026-09-21T13:19:26.000Z</time>
        <extensions>
          <ns3:TrackPointExtension>
            <ns3:hr>151</ns3:hr>
            <ns3:cad>92</ns3:cad>
          </ns3:TrackPointExtension>
        </extensions>
      </trkpt>
      <trkpt lat="30.552394129335880279541015625" lon="104.04597222805023193359375">
        <ele>475.399993896484375</ele>
        <time>2026-09-21T13:19:27.000Z</time>
        <extensions>
          <ns3:TrackPointExtension>
            <ns3:hr>150</ns3:hr>
            <ns3:cad>92</ns3:cad>
          </ns3:TrackPointExtension>
        </extensions>
      </trkpt>
      <trkpt lat="30.552425645291805267333984375" lon="104.04596962966024875640869140625">
        <ele>475.399993896484375</ele>
        <time>2026-09-21T13:19:28.000Z</time>
        <extensions>
          <ns3:TrackPointExtension>
            <ns3:hr>150</ns3:hr>
            <ns3:cad>93</ns3:cad>
          </ns3:TrackPointExtension>
        </extensions>
      </trkpt>
      <trkpt lat="30.5524502880871295928955078125" lon="104.0459643490612506866455078125">
        <ele>475.399993896484375</ele>
        <time>2026-09-21T13:19:29.000Z</time>
        <extensions>
          <ns3:TrackPointExtension>
            <ns3:hr>151</ns3:hr>
            <ns3:cad>92</ns3:cad>
          </ns3:TrackPointExtension>
        </extensions>
      </trkpt>
      <trkpt lat="30.5524834804236888885498046875" lon="104.04596124775707721710205078125">
        <ele>475.20001220703125</ele>
        <time>2026-09-21T13:19:30.000Z</time>
        <extensions>
          <ns3:TrackPointExtension>
            <ns3:hr>151</ns3:hr>
            <ns3:cad>92</ns3:cad>
          </ns3:TrackPointExtension>
        </extensions>
      </trkpt>
      <trkpt lat="30.5525056086480617523193359375" lon="104.04595722444355487823486328125">
        <ele>475.20001220703125</ele>
        <time>2026-09-21T13:19:31.000Z</time>
        <extensions>
          <ns3:TrackPointExtension>
            <ns3:hr>151</ns3:hr>
            <ns3:cad>92</ns3:cad>
          </ns3:TrackPointExtension>
        </extensions>
      </trkpt>
      <trkpt lat="30.5525386333465576171875" lon="104.0459542907774448394775390625">
        <ele>475.20001220703125</ele>
        <time>2026-09-21T13:19:32.000Z</time>
        <extensions>
          <ns3:TrackPointExtension>
            <ns3:hr>151</ns3:hr>
            <ns3:cad>93</ns3:cad>
          </ns3:TrackPointExtension>
        </extensions>
      </trkpt>
      <trkpt lat="30.55256168358027935028076171875" lon="104.04594917781651020050048828125">
        <ele>475.20001220703125</ele>
        <time>2026-09-21T13:19:33.000Z</time>
        <extensions>
          <ns3:TrackPointExtension>
            <ns3:hr>151</ns3:hr>
            <ns3:cad>93</ns3:cad>
          </ns3:TrackPointExtension>
        </extensions>
      </trkpt>
      <trkpt lat="30.55259303189814090728759765625" lon="104.04595521278679370880126953125">
        <ele>475.20001220703125</ele>
        <time>2026-09-21T13:19:34.000Z</time>
        <extensions>
          <ns3:TrackPointExtension>
            <ns3:hr>151</ns3:hr>
            <ns3:cad>93</ns3:cad>
          </ns3:TrackPointExtension>
        </extensions>
      </trkpt>
      <trkpt lat="30.5526182614266872406005859375" lon="104.04595085419714450836181640625">
        <ele>475.20001220703125</ele>
        <time>2026-09-21T13:19:35.000Z</time>
        <extensions>
          <ns3:TrackPointExtension>
            <ns3:hr>151</ns3:hr>
            <ns3:cad>92</ns3:cad>
          </ns3:TrackPointExtension>
        </extensions>
      </trkpt>
      <trkpt lat="30.552646256983280181884765625" lon="104.0459495969116687774658203125">
        <ele>475.399993896484375</ele>
        <time>2026-09-21T13:19:36.000Z</time>
        <extensions>
          <ns3:TrackPointExtension>
            <ns3:hr>151</ns3:hr>
            <ns3:cad>92</ns3:cad>
          </ns3:TrackPointExtension>
        </extensions>
      </trkpt>
      <trkpt lat="30.55267282761633396148681640625" lon="104.04594548977911472320556640625">
        <ele>475.399993896484375</ele>
        <time>2026-09-21T13:19:37.000Z</time>
        <extensions>
          <ns3:TrackPointExtension>
            <ns3:hr>151</ns3:hr>
            <ns3:cad>93</ns3:cad>
          </ns3:TrackPointExtension>
        </extensions>
      </trkpt>
      <trkpt lat="30.5526967160403728485107421875" lon="104.04595018364489078521728515625">
        <ele>475.399993896484375</ele>
        <time>2026-09-21T13:19:38.000Z</time>
        <extensions>
          <ns3:TrackPointExtension>
            <ns3:hr>151</ns3:hr>
            <ns3:cad>94</ns3:cad>
          </ns3:TrackPointExtension>
        </extensions>
      </trkpt>
      <trkpt lat="30.5527238734066486358642578125" lon="104.04595546424388885498046875">
        <ele>475.399993896484375</ele>
        <time>2026-09-21T13:19:39.000Z</time>
        <extensions>
          <ns3:TrackPointExtension>
            <ns3:hr>152</ns3:hr>
            <ns3:cad>94</ns3:cad>
          </ns3:TrackPointExtension>
        </extensions>
      </trkpt>
      <trkpt lat="30.5527473427355289459228515625" lon="104.04596351087093353271484375">
        <ele>475.399993896484375</ele>
        <time>2026-09-21T13:19:40.000Z</time>
        <extensions>
          <ns3:TrackPointExtension>
            <ns3:hr>151</ns3:hr>
            <ns3:cad>92</ns3:cad>
          </ns3:TrackPointExtension>
        </extensions>
      </trkpt>
      <trkpt lat="30.55277667939662933349609375" lon="104.0459673665463924407958984375">
        <ele>475.399993896484375</ele>
        <time>2026-09-21T13:19:41.000Z</time>
        <extensions>
          <ns3:TrackPointExtension>
            <ns3:hr>151</ns3:hr>
            <ns3:cad>92</ns3:cad>
          </ns3:TrackPointExtension>
        </extensions>
      </trkpt>
      <trkpt lat="30.55280207656323909759521484375" lon="104.0459646843373775482177734375">
        <ele>475.399993896484375</ele>
        <time>2026-09-21T13:19:42.000Z</time>
        <extensions>
          <ns3:TrackPointExtension>
            <ns3:hr>152</ns3:hr>
            <ns3:cad>92</ns3:cad>
          </ns3:TrackPointExtension>
        </extensions>
      </trkpt>
      <trkpt lat="30.55283091031014919281005859375" lon="104.04595948755741119384765625">
        <ele>475.399993896484375</ele>
        <time>2026-09-21T13:19:43.000Z</time>
        <extensions>
          <ns3:TrackPointExtension>
            <ns3:hr>152</ns3:hr>
            <ns3:cad>91</ns3:cad>
          </ns3:TrackPointExtension>
        </extensions>
      </trkpt>
      <trkpt lat="30.5528546310961246490478515625" lon="104.045953452587127685546875">
        <ele>475.399993896484375</ele>
        <time>2026-09-21T13:19:44.000Z</time>
        <extensions>
          <ns3:TrackPointExtension>
            <ns3:hr>152</ns3:hr>
            <ns3:cad>91</ns3:cad>
          </ns3:TrackPointExtension>
        </extensions>
      </trkpt>
      <trkpt lat="30.552879273891448974609375" lon="104.0459459088742733001708984375">
        <ele>475.399993896484375</ele>
        <time>2026-09-21T13:19:45.000Z</time>
        <extensions>
          <ns3:TrackPointExtension>
            <ns3:hr>152</ns3:hr>
            <ns3:cad>91</ns3:cad>
          </ns3:TrackPointExtension>
        </extensions>
      </trkpt>
      <trkpt lat="30.552903078496456146240234375" lon="104.045941717922687530517578125">
        <ele>475.600006103515625</ele>
        <time>2026-09-21T13:19:46.000Z</time>
        <extensions>
          <ns3:TrackPointExtension>
            <ns3:hr>153</ns3:hr>
            <ns3:cad>91</ns3:cad>
          </ns3:TrackPointExtension>
        </extensions>
      </trkpt>
      <trkpt lat="30.552930571138858795166015625" lon="104.0459385327994823455810546875">
        <ele>475.600006103515625</ele>
        <time>2026-09-21T13:19:47.000Z</time>
        <extensions>
          <ns3:TrackPointExtension>
            <ns3:hr>153</ns3:hr>
            <ns3:cad>91</ns3:cad>
          </ns3:TrackPointExtension>
        </extensions>
      </trkpt>
      <trkpt lat="30.55295445956289768218994140625" lon="104.04593459330499172210693359375">
        <ele>475.600006103515625</ele>
        <time>2026-09-21T13:19:48.000Z</time>
        <extensions>
          <ns3:TrackPointExtension>
            <ns3:hr>153</ns3:hr>
            <ns3:cad>92</ns3:cad>
          </ns3:TrackPointExtension>
        </extensions>
      </trkpt>
      <trkpt lat="30.55298044346272945404052734375" lon="104.04593911953270435333251953125">
        <ele>475.600006103515625</ele>
        <time>2026-09-21T13:19:49.000Z</time>
        <extensions>
          <ns3:TrackPointExtension>
            <ns3:hr>153</ns3:hr>
            <ns3:cad>93</ns3:cad>
          </ns3:TrackPointExtension>
        </extensions>
      </trkpt>
      <trkpt lat="30.5530065111815929412841796875" lon="104.04593710787594318389892578125">
        <ele>475.600006103515625</ele>
        <time>2026-09-21T13:19:50.000Z</time>
        <extensions>
          <ns3:TrackPointExtension>
            <ns3:hr>153</ns3:hr>
            <ns3:cad>93</ns3:cad>
          </ns3:TrackPointExtension>
        </extensions>
      </trkpt>
      <trkpt lat="30.55303023196756839752197265625" lon="104.04594280757009983062744140625">
        <ele>475.600006103515625</ele>
        <time>2026-09-21T13:19:51.000Z</time>
        <extensions>
          <ns3:TrackPointExtension>
            <ns3:hr>154</ns3:hr>
            <ns3:cad>93</ns3:cad>
          </ns3:TrackPointExtension>
        </extensions>
      </trkpt>
      <trkpt lat="30.55305487476289272308349609375" lon="104.04594398103654384613037109375">
        <ele>475.600006103515625</ele>
        <time>2026-09-21T13:19:52.000Z</time>
        <extensions>
          <ns3:TrackPointExtension>
            <ns3:hr>154</ns3:hr>
            <ns3:cad>92</ns3:cad>
          </ns3:TrackPointExtension>
        </extensions>
      </trkpt>
      <trkpt lat="30.5530785955488681793212890625" lon="104.04595303349196910858154296875">
        <ele>475.600006103515625</ele>
        <time>2026-09-21T13:19:53.000Z</time>
        <extensions>
          <ns3:TrackPointExtension>
            <ns3:hr>154</ns3:hr>
            <ns3:cad>92</ns3:cad>
          </ns3:TrackPointExtension>
        </extensions>
      </trkpt>
      <trkpt lat="30.55310298688709735870361328125" lon="104.04595638625323772430419921875">
        <ele>475.600006103515625</ele>
        <time>2026-09-21T13:19:54.000Z</time>
        <extensions>
          <ns3:TrackPointExtension>
            <ns3:hr>155</ns3:hr>
            <ns3:cad>92</ns3:cad>
          </ns3:TrackPointExtension>
        </extensions>
      </trkpt>
      <trkpt lat="30.5531278811395168304443359375" lon="104.045954458415508270263671875">
        <ele>475.600006103515625</ele>
        <time>2026-09-21T13:19:55.000Z</time>
        <extensions>
          <ns3:TrackPointExtension>
            <ns3:hr>155</ns3:hr>
            <ns3:cad>92</ns3:cad>
          </ns3:TrackPointExtension>
        </extensions>
      </trkpt>
      <trkpt lat="30.5531530268490314483642578125" lon="104.0459546260535717010498046875">
        <ele>475.600006103515625</ele>
        <time>2026-09-21T13:19:56.000Z</time>
        <extensions>
          <ns3:TrackPointExtension>
            <ns3:hr>155</ns3:hr>
            <ns3:cad>93</ns3:cad>
          </ns3:TrackPointExtension>
        </extensions>
      </trkpt>
      <trkpt lat="30.55318026803433895111083984375" lon="104.0459569729864597320556640625">
        <ele>475.600006103515625</ele>
        <time>2026-09-21T13:19:57.000Z</time>
        <extensions>
          <ns3:TrackPointExtension>
            <ns3:hr>155</ns3:hr>
            <ns3:cad>92</ns3:cad>
          </ns3:TrackPointExtension>
        </extensions>
      </trkpt>
      <trkpt lat="30.553208179771900177001953125" lon="104.04596258886158466339111328125">
        <ele>475.79998779296875</ele>
        <time>2026-09-21T13:19:58.000Z</time>
        <extensions>
          <ns3:TrackPointExtension>
            <ns3:hr>156</ns3:hr>
            <ns3:cad>92</ns3:cad>
          </ns3:TrackPointExtension>
        </extensions>
      </trkpt>
      <trkpt lat="30.55323173291981220245361328125" lon="104.045972563326358795166015625">
        <ele>475.79998779296875</ele>
        <time>2026-09-21T13:19:59.000Z</time>
        <extensions>
          <ns3:TrackPointExtension>
            <ns3:hr>155</ns3:hr>
            <ns3:cad>92</ns3:cad>
          </ns3:TrackPointExtension>
        </extensions>
      </trkpt>
      <trkpt lat="30.5532599799335002899169921875" lon="104.04598094522953033447265625">
        <ele>475.79998779296875</ele>
        <time>2026-09-21T13:20:00.000Z</time>
        <extensions>
          <ns3:TrackPointExtension>
            <ns3:hr>155</ns3:hr>
            <ns3:cad>93</ns3:cad>
          </ns3:TrackPointExtension>
        </extensions>
      </trkpt>
      <trkpt lat="30.5532797612249851226806640625" lon="104.04599444009363651275634765625">
        <ele>475.79998779296875</ele>
        <time>2026-09-21T13:20:01.000Z</time>
        <extensions>
          <ns3:TrackPointExtension>
            <ns3:hr>155</ns3:hr>
            <ns3:cad>93</ns3:cad>
          </ns3:TrackPointExtension>
        </extensions>
      </trkpt>
      <trkpt lat="30.5532963573932647705078125" lon="104.046007432043552398681640625">
        <ele>475.79998779296875</ele>
        <time>2026-09-21T13:20:02.000Z</time>
        <extensions>
          <ns3:TrackPointExtension>
            <ns3:hr>155</ns3:hr>
            <ns3:cad>93</ns3:cad>
          </ns3:TrackPointExtension>
        </extensions>
      </trkpt>
      <trkpt lat="30.55330432020127773284912109375" lon="104.0460111200809478759765625">
        <ele>475.79998779296875</ele>
        <time>2026-09-21T13:20:03.000Z</time>
        <extensions>
          <ns3:TrackPointExtension>
            <ns3:hr>156</ns3:hr>
            <ns3:cad>92</ns3:cad>
          </ns3:TrackPointExtension>
        </extensions>
      </trkpt>
      <trkpt lat="30.5533102713525295257568359375" lon="104.04601438902318477630615234375">
        <ele>475.600006103515625</ele>
        <time>2026-09-21T13:20:04.000Z</time>
        <extensions>
          <ns3:TrackPointExtension>
            <ns3:hr>155</ns3:hr>
            <ns3:cad>92</ns3:cad>
          </ns3:TrackPointExtension>
        </extensions>
      </trkpt>
      <trkpt lat="30.5533132888376712799072265625" lon="104.046011455357074737548828125">
        <ele>475.399993896484375</ele>
        <time>2026-09-21T13:20:05.000Z</time>
        <extensions>
          <ns3:TrackPointExtension>
            <ns3:hr>155</ns3:hr>
            <ns3:cad>0</ns3:cad>
          </ns3:TrackPointExtension>
        </extensions>
      </trkpt>
      <trkpt lat="30.553318150341510772705078125" lon="104.04600835405290126800537109375">
        <ele>475.20001220703125</ele>
        <time>2026-09-21T13:20:06.000Z</time>
        <extensions>
          <ns3:TrackPointExtension>
            <ns3:hr>155</ns3:hr>
            <ns3:cad>0</ns3:cad>
          </ns3:TrackPointExtension>
        </extensions>
      </trkpt>
      <trkpt lat="30.55332276038825511932373046875" lon="104.04600600712001323699951171875">
        <ele>475</ele>
        <time>2026-09-21T13:20:07.000Z</time>
        <extensions>
          <ns3:TrackPointExtension>
            <ns3:hr>156</ns3:hr>
            <ns3:cad>0</ns3:cad>
          </ns3:TrackPointExtension>
        </extensions>
      </trkpt>
      <trkpt lat="30.55332443676888942718505859375" lon="104.04600835405290126800537109375">
        <ele>475</ele>
        <time>2026-09-21T13:20:08.000Z</time>
        <extensions>
          <ns3:TrackPointExtension>
            <ns3:hr>155</ns3:hr>
            <ns3:cad>0</ns3:cad>
          </ns3:TrackPointExtension>
        </extensions>
      </trkpt>
      <trkpt lat="30.55332393385469913482666015625" lon="104.04600634239614009857177734375">
        <ele>475</ele>
        <time>2026-09-21T13:20:09.000Z</time>
        <extensions>
          <ns3:TrackPointExtension>
            <ns3:hr>155</ns3:hr>
            <ns3:cad>0</ns3:cad>
          </ns3:TrackPointExtension>
        </extensions>
      </trkpt>
      <trkpt lat="30.55332192219793796539306640625" lon="104.04600642621517181396484375">
        <ele>475</ele>
        <time>2026-09-21T13:20:10.000Z</time>
        <extensions>
          <ns3:TrackPointExtension>
            <ns3:hr>154</ns3:hr>
            <ns3:cad>0</ns3:cad>
          </ns3:TrackPointExtension>
        </extensions>
      </trkpt>
      <trkpt lat="30.55332007817924022674560546875" lon="104.04600600712001323699951171875">
        <ele>475</ele>
        <time>2026-09-21T13:20:11.000Z</time>
        <extensions>
          <ns3:TrackPointExtension>
            <ns3:hr>154</ns3:hr>
            <ns3:cad>0</ns3:cad>
          </ns3:TrackPointExtension>
        </extensions>
      </trkpt>
      <trkpt lat="30.55331806652247905731201171875" lon="104.04600466601550579071044921875">
        <ele>475</ele>
        <time>2026-09-21T13:20:12.000Z</time>
        <extensions>
          <ns3:TrackPointExtension>
            <ns3:hr>153</ns3:hr>
            <ns3:cad>0</ns3:cad>
          </ns3:TrackPointExtension>
        </extensions>
      </trkpt>
      <trkpt lat="30.5533186532557010650634765625" lon="104.04599946923553943634033203125">
        <ele>475</ele>
        <time>2026-09-21T13:20:13.000Z</time>
        <extensions>
          <ns3:TrackPointExtension>
            <ns3:hr>153</ns3:hr>
            <ns3:cad>0</ns3:cad>
          </ns3:TrackPointExtension>
        </extensions>
      </trkpt>
      <trkpt lat="30.5533204972743988037109375" lon="104.04599997214972972869873046875">
        <ele>475</ele>
        <time>2026-09-21T13:20:14.000Z</time>
        <extensions>
          <ns3:TrackPointExtension>
            <ns3:hr>153</ns3:hr>
            <ns3:cad>0</ns3:cad>
          </ns3:TrackPointExtension>
        </extensions>
      </trkpt>
      <trkpt lat="30.55332058109343051910400390625" lon="104.04599997214972972869873046875">
        <ele>475</ele>
        <time>2026-09-21T13:20:15.000Z</time>
        <extensions>
          <ns3:TrackPointExtension>
            <ns3:hr>152</ns3:hr>
            <ns3:cad>0</ns3:cad>
          </ns3:TrackPointExtension>
        </extensions>
      </trkpt>
      <trkpt lat="30.55332058109343051910400390625" lon="104.04599997214972972869873046875">
        <ele>474.79998779296875</ele>
        <time>2026-09-21T13:20:16.000Z</time>
        <extensions>
          <ns3:TrackPointExtension>
            <ns3:hr>152</ns3:hr>
            <ns3:cad>0</ns3:cad>
          </ns3:TrackPointExtension>
        </extensions>
      </trkpt>
      <trkpt lat="30.55332091636955738067626953125" lon="104.04599963687360286712646484375">
        <ele>475</ele>
        <time>2026-09-21T13:20:17.000Z</time>
        <extensions>
          <ns3:TrackPointExtension>
            <ns3:hr>152</ns3:hr>
            <ns3:cad>0</ns3:cad>
          </ns3:TrackPointExtension>
        </extensions>
      </trkpt>
      <trkpt lat="30.5533327348530292510986328125" lon="104.04600433073937892913818359375">
        <ele>475</ele>
        <time>2026-09-21T13:20:18.000Z</time>
        <extensions>
          <ns3:TrackPointExtension>
            <ns3:hr>150</ns3:hr>
            <ns3:cad>0</ns3:cad>
          </ns3:TrackPointExtension>
        </extensions>
      </trkpt>
      <trkpt lat="30.5533572100102901458740234375" lon="104.04601925052702426910400390625">
        <ele>475.20001220703125</ele>
        <time>2026-09-21T13:20:19.000Z</time>
        <extensions>
          <ns3:TrackPointExtension>
            <ns3:hr>149</ns3:hr>
            <ns3:cad>0</ns3:cad>
          </ns3:TrackPointExtension>
        </extensions>
      </trkpt>
      <trkpt lat="30.55336986668407917022705078125" lon="104.04603299684822559356689453125">
        <ele>475.20001220703125</ele>
        <time>2026-09-21T13:20:20.000Z</time>
        <extensions>
          <ns3:TrackPointExtension>
            <ns3:hr>149</ns3:hr>
            <ns3:cad>0</ns3:cad>
          </ns3:TrackPointExtension>
        </extensions>
      </trkpt>
      <trkpt lat="30.5533706210553646087646484375" lon="104.046028219163417816162109375">
        <ele>475.399993896484375</ele>
        <time>2026-09-21T13:20:21.000Z</time>
        <extensions>
          <ns3:TrackPointExtension>
            <ns3:hr>150</ns3:hr>
            <ns3:cad>0</ns3:cad>
          </ns3:TrackPointExtension>
        </extensions>
      </trkpt>
      <trkpt lat="30.55337657220661640167236328125" lon="104.0460298955440521240234375">
        <ele>475.399993896484375</ele>
        <time>2026-09-21T13:20:22.000Z</time>
        <extensions>
          <ns3:TrackPointExtension>
            <ns3:hr>150</ns3:hr>
            <ns3:cad>88</ns3:cad>
          </ns3:TrackPointExtension>
        </extensions>
      </trkpt>
      <trkpt lat="30.553378164768218994140625" lon="104.0460364334285259246826171875">
        <ele>475.20001220703125</ele>
        <time>2026-09-21T13:20:23.000Z</time>
        <extensions>
          <ns3:TrackPointExtension>
            <ns3:hr>150</ns3:hr>
            <ns3:cad>88</ns3:cad>
          </ns3:TrackPointExtension>
        </extensions>
      </trkpt>
      <trkpt lat="30.553377158939838409423828125" lon="104.0460379421710968017578125">
        <ele>475.20001220703125</ele>
        <time>2026-09-21T13:20:24.000Z</time>
        <extensions>
          <ns3:TrackPointExtension>
            <ns3:hr>149</ns3:hr>
            <ns3:cad>88</ns3:cad>
          </ns3:TrackPointExtension>
        </extensions>
      </trkpt>
      <trkpt lat="30.55337875150144100189208984375" lon="104.04604037292301654815673828125">
        <ele>475</ele>
        <time>2026-09-21T13:20:25.000Z</time>
        <extensions>
          <ns3:TrackPointExtension>
            <ns3:hr>148</ns3:hr>
            <ns3:cad>0</ns3:cad>
          </ns3:TrackPointExtension>
        </extensions>
      </trkpt>
      <trkpt lat="30.55337875150144100189208984375" lon="104.046040959656238555908203125">
        <ele>474.79998779296875</ele>
        <time>2026-09-21T13:20:26.000Z</time>
        <extensions>
          <ns3:TrackPointExtension>
            <ns3:hr>147</ns3:hr>
            <ns3:cad>0</ns3:cad>
          </ns3:TrackPointExtension>
        </extensions>
      </trkpt>
      <trkpt lat="30.55338042788207530975341796875" lon="104.04603995382785797119140625">
        <ele>474.600006103515625</ele>
        <time>2026-09-21T13:20:27.000Z</time>
        <extensions>
          <ns3:TrackPointExtension>
            <ns3:hr>146</ns3:hr>
            <ns3:cad>0</ns3:cad>
          </ns3:TrackPointExtension>
        </extensions>
      </trkpt>
      <trkpt lat="30.55338076315820217132568359375" lon="104.04603936709463596343994140625">
        <ele>474.600006103515625</ele>
        <time>2026-09-21T13:20:28.000Z</time>
        <extensions>
          <ns3:TrackPointExtension>
            <ns3:hr>146</ns3:hr>
            <ns3:cad>0</ns3:cad>
          </ns3:TrackPointExtension>
        </extensions>
      </trkpt>
      <trkpt lat="30.55338160134851932525634765625" lon="104.04603836126625537872314453125">
        <ele>474.600006103515625</ele>
        <time>2026-09-21T13:20:29.000Z</time>
        <extensions>
          <ns3:TrackPointExtension>
            <ns3:hr>146</ns3:hr>
            <ns3:cad>0</ns3:cad>
          </ns3:TrackPointExtension>
        </extensions>
      </trkpt>
      <trkpt lat="30.55338612757623195648193359375" lon="104.0460379421710968017578125">
        <ele>474.600006103515625</ele>
        <time>2026-09-21T13:20:30.000Z</time>
        <extensions>
          <ns3:TrackPointExtension>
            <ns3:hr>145</ns3:hr>
            <ns3:cad>0</ns3:cad>
          </ns3:TrackPointExtension>
        </extensions>
      </trkpt>
      <trkpt lat="30.55339417420327663421630859375" lon="104.04604037292301654815673828125">
        <ele>474.600006103515625</ele>
        <time>2026-09-21T13:20:31.000Z</time>
        <extensions>
          <ns3:TrackPointExtension>
            <ns3:hr>145</ns3:hr>
            <ns3:cad>0</ns3:cad>
          </ns3:TrackPointExtension>
        </extensions>
      </trkpt>
      <trkpt lat="30.55340741761028766632080078125" lon="104.04604925774037837982177734375">
        <ele>474.79998779296875</ele>
        <time>2026-09-21T13:20:32.000Z</time>
        <extensions>
          <ns3:TrackPointExtension>
            <ns3:hr>145</ns3:hr>
            <ns3:cad>0</ns3:cad>
          </ns3:TrackPointExtension>
        </extensions>
      </trkpt>
      <trkpt lat="30.553430132567882537841796875" lon="104.04605814255774021148681640625">
        <ele>475</ele>
        <time>2026-09-21T13:20:33.000Z</time>
        <extensions>
          <ns3:TrackPointExtension>
            <ns3:hr>144</ns3:hr>
            <ns3:cad>0</ns3:cad>
          </ns3:TrackPointExtension>
        </extensions>
      </trkpt>
      <trkpt lat="30.55346005596220493316650390625" lon="104.0460716374218463897705078125">
        <ele>475</ele>
        <time>2026-09-21T13:20:34.000Z</time>
        <extensions>
          <ns3:TrackPointExtension>
            <ns3:hr>144</ns3:hr>
            <ns3:cad>0</ns3:cad>
          </ns3:TrackPointExtension>
        </extensions>
      </trkpt>
      <trkpt lat="30.5534903146326541900634765625" lon="104.04608597047626972198486328125">
        <ele>475.20001220703125</ele>
        <time>2026-09-21T13:20:35.000Z</time>
        <extensions>
          <ns3:TrackPointExtension>
            <ns3:hr>144</ns3:hr>
            <ns3:cad>0</ns3:cad>
          </ns3:TrackPointExtension>
        </extensions>
      </trkpt>
      <trkpt lat="30.55351420305669307708740234375" lon="104.04610692523419857025146484375">
        <ele>475.20001220703125</ele>
        <time>2026-09-21T13:20:36.000Z</time>
        <extensions>
          <ns3:TrackPointExtension>
            <ns3:hr>144</ns3:hr>
            <ns3:cad>88</ns3:cad>
          </ns3:TrackPointExtension>
        </extensions>
      </trkpt>
      <trkpt lat="30.55353440344333648681640625" lon="104.046130143105983734130859375">
        <ele>475.20001220703125</ele>
        <time>2026-09-21T13:20:37.000Z</time>
        <extensions>
          <ns3:TrackPointExtension>
            <ns3:hr>145</ns3:hr>
            <ns3:cad>88</ns3:cad>
          </ns3:TrackPointExtension>
        </extensions>
      </trkpt>
      <trkpt lat="30.5535560287535190582275390625" lon="104.04615218751132488250732421875">
        <ele>475.20001220703125</ele>
        <time>2026-09-21T13:20:38.000Z</time>
        <extensions>
          <ns3:TrackPointExtension>
            <ns3:hr>147</ns3:hr>
            <ns3:cad>89</ns3:cad>
          </ns3:TrackPointExtension>
        </extensions>
      </trkpt>
      <trkpt lat="30.55356214754283428192138671875" lon="104.046187810599803924560546875">
        <ele>475.20001220703125</ele>
        <time>2026-09-21T13:20:39.000Z</time>
        <extensions>
          <ns3:TrackPointExtension>
            <ns3:hr>147</ns3:hr>
            <ns3:cad>90</ns3:cad>
          </ns3:TrackPointExtension>
        </extensions>
      </trkpt>
      <trkpt lat="30.5535645782947540283203125" lon="104.04621832072734832763671875">
        <ele>475.20001220703125</ele>
        <time>2026-09-21T13:20:40.000Z</time>
        <extensions>
          <ns3:TrackPointExtension>
            <ns3:hr>148</ns3:hr>
            <ns3:cad>90</ns3:cad>
          </ns3:TrackPointExtension>
        </extensions>
      </trkpt>
      <trkpt lat="30.55356415919959545135498046875" lon="104.0462496690452098846435546875">
        <ele>475.399993896484375</ele>
        <time>2026-09-21T13:20:41.000Z</time>
        <extensions>
          <ns3:TrackPointExtension>
            <ns3:hr>147</ns3:hr>
            <ns3:cad>90</ns3:cad>
          </ns3:TrackPointExtension>
        </extensions>
      </trkpt>
      <trkpt lat="30.553563572466373443603515625" lon="104.04627875424921512603759765625">
        <ele>475.399993896484375</ele>
        <time>2026-09-21T13:20:42.000Z</time>
        <extensions>
          <ns3:TrackPointExtension>
            <ns3:hr>147</ns3:hr>
            <ns3:cad>91</ns3:cad>
          </ns3:TrackPointExtension>
        </extensions>
      </trkpt>
      <trkpt lat="30.55356432683765888214111328125" lon="104.04631412588059902191162109375">
        <ele>475.600006103515625</ele>
        <time>2026-09-21T13:20:43.000Z</time>
        <extensions>
          <ns3:TrackPointExtension>
            <ns3:hr>148</ns3:hr>
            <ns3:cad>91</ns3:cad>
          </ns3:TrackPointExtension>
        </extensions>
      </trkpt>
      <trkpt lat="30.55356667377054691314697265625" lon="104.04634145088493824005126953125">
        <ele>475.600006103515625</ele>
        <time>2026-09-21T13:20:44.000Z</time>
        <extensions>
          <ns3:TrackPointExtension>
            <ns3:hr>148</ns3:hr>
            <ns3:cad>91</ns3:cad>
          </ns3:TrackPointExtension>
        </extensions>
      </trkpt>
      <trkpt lat="30.5535623989999294281005859375" lon="104.04637849889695644378662109375">
        <ele>475.600006103515625</ele>
        <time>2026-09-21T13:20:45.000Z</time>
        <extensions>
          <ns3:TrackPointExtension>
            <ns3:hr>148</ns3:hr>
            <ns3:cad>91</ns3:cad>
          </ns3:TrackPointExtension>
        </extensions>
      </trkpt>
      <trkpt lat="30.553557872772216796875" lon="104.04640766791999340057373046875">
        <ele>475.600006103515625</ele>
        <time>2026-09-21T13:20:46.000Z</time>
        <extensions>
          <ns3:TrackPointExtension>
            <ns3:hr>148</ns3:hr>
            <ns3:cad>91</ns3:cad>
          </ns3:TrackPointExtension>
        </extensions>
      </trkpt>
      <trkpt lat="30.5535422824323177337646484375" lon="104.0464421175420284271240234375">
        <ele>475.399993896484375</ele>
        <time>2026-09-21T13:20:47.000Z</time>
        <extensions>
          <ns3:TrackPointExtension>
            <ns3:hr>148</ns3:hr>
            <ns3:cad>91</ns3:cad>
          </ns3:TrackPointExtension>
        </extensions>
      </trkpt>
      <trkpt lat="30.55352141149342060089111328125" lon="104.0464531816542148590087890625">
        <ele>475.399993896484375</ele>
        <time>2026-09-21T13:20:48.000Z</time>
        <extensions>
          <ns3:TrackPointExtension>
            <ns3:hr>148</ns3:hr>
            <ns3:cad>90</ns3:cad>
          </ns3:TrackPointExtension>
        </extensions>
      </trkpt>
      <trkpt lat="30.55349953472614288330078125" lon="104.0464501641690731048583984375">
        <ele>475.399993896484375</ele>
        <time>2026-09-21T13:20:49.000Z</time>
        <extensions>
          <ns3:TrackPointExtension>
            <ns3:hr>148</ns3:hr>
            <ns3:cad>90</ns3:cad>
          </ns3:TrackPointExtension>
        </extensions>
      </trkpt>
      <trkpt lat="30.5534876324236392974853515625" lon="104.04644488357007503509521484375">
        <ele>475.399993896484375</ele>
        <time>2026-09-21T13:20:50.000Z</time>
        <extensions>
          <ns3:TrackPointExtension>
            <ns3:hr>148</ns3:hr>
            <ns3:cad>90</ns3:cad>
          </ns3:TrackPointExtension>
        </extensions>
      </trkpt>
      <trkpt lat="30.55346776731312274932861328125" lon="104.0464323945343494415283203125">
        <ele>475.600006103515625</ele>
        <time>2026-09-21T13:20:51.000Z</time>
        <extensions>
          <ns3:TrackPointExtension>
            <ns3:hr>147</ns3:hr>
            <ns3:cad>90</ns3:cad>
          </ns3:TrackPointExtension>
        </extensions>
      </trkpt>
      <trkpt lat="30.5534490756690502166748046875" lon="104.0464273653924465179443359375">
        <ele>475.79998779296875</ele>
        <time>2026-09-21T13:20:52.000Z</time>
        <extensions>
          <ns3:TrackPointExtension>
            <ns3:hr>146</ns3:hr>
            <ns3:cad>89</ns3:cad>
          </ns3:TrackPointExtension>
        </extensions>
      </trkpt>
      <trkpt lat="30.55342535488307476043701171875" lon="104.0464152954518795013427734375">
        <ele>476</ele>
        <time>2026-09-21T13:20:53.000Z</time>
        <extensions>
          <ns3:TrackPointExtension>
            <ns3:hr>146</ns3:hr>
            <ns3:cad>89</ns3:cad>
          </ns3:TrackPointExtension>
        </extensions>
      </trkpt>
      <trkpt lat="30.55340029299259185791015625" lon="104.0464049018919467926025390625">
        <ele>476</ele>
        <time>2026-09-21T13:20:54.000Z</time>
        <extensions>
          <ns3:TrackPointExtension>
            <ns3:hr>145</ns3:hr>
            <ns3:cad>89</ns3:cad>
          </ns3:TrackPointExtension>
        </extensions>
      </trkpt>
      <trkpt lat="30.5533766560256481170654296875" lon="104.0463941730558872222900390625">
        <ele>476.20001220703125</ele>
        <time>2026-09-21T13:20:55.000Z</time>
        <extensions>
          <ns3:TrackPointExtension>
            <ns3:hr>145</ns3:hr>
            <ns3:cad>89</ns3:cad>
          </ns3:TrackPointExtension>
        </extensions>
      </trkpt>
      <trkpt lat="30.553355701267719268798828125" lon="104.0463884733617305755615234375">
        <ele>476.399993896484375</ele>
        <time>2026-09-21T13:20:56.000Z</time>
        <extensions>
          <ns3:TrackPointExtension>
            <ns3:hr>145</ns3:hr>
            <ns3:cad>90</ns3:cad>
          </ns3:TrackPointExtension>
        </extensions>
      </trkpt>
      <trkpt lat="30.55333457887172698974609375" lon="104.04637279920279979705810546875">
        <ele>476.399993896484375</ele>
        <time>2026-09-21T13:20:57.000Z</time>
        <extensions>
          <ns3:TrackPointExtension>
            <ns3:hr>145</ns3:hr>
            <ns3:cad>90</ns3:cad>
          </ns3:TrackPointExtension>
        </extensions>
      </trkpt>
      <trkpt lat="30.55331437848508358001708984375" lon="104.0463616512715816497802734375">
        <ele>476.399993896484375</ele>
        <time>2026-09-21T13:20:58.000Z</time>
        <extensions>
          <ns3:TrackPointExtension>
            <ns3:hr>145</ns3:hr>
            <ns3:cad>92</ns3:cad>
          </ns3:TrackPointExtension>
        </extensions>
      </trkpt>
      <trkpt lat="30.55328889749944210052490234375" lon="104.04634295962750911712646484375">
        <ele>476.399993896484375</ele>
        <time>2026-09-21T13:20:59.000Z</time>
        <extensions>
          <ns3:TrackPointExtension>
            <ns3:hr>144</ns3:hr>
            <ns3:cad>92</ns3:cad>
          </ns3:TrackPointExtension>
        </extensions>
      </trkpt>
      <trkpt lat="30.5532596446573734283447265625" lon="104.046329967677593231201171875">
        <ele>476.399993896484375</ele>
        <time>2026-09-21T13:21:00.000Z</time>
        <extensions>
          <ns3:TrackPointExtension>
            <ns3:hr>145</ns3:hr>
            <ns3:cad>92</ns3:cad>
          </ns3:TrackPointExtension>
        </extensions>
      </trkpt>
      <trkpt lat="30.5532294698059558868408203125" lon="104.04631697572767734527587890625">
        <ele>476.20001220703125</ele>
        <time>2026-09-21T13:21:01.000Z</time>
        <extensions>
          <ns3:TrackPointExtension>
            <ns3:hr>145</ns3:hr>
            <ns3:cad>93</ns3:cad>
          </ns3:TrackPointExtension>
        </extensions>
      </trkpt>
      <trkpt lat="30.5532026477158069610595703125" lon="104.04630574397742748260498046875">
        <ele>476.399993896484375</ele>
        <time>2026-09-21T13:21:02.000Z</time>
        <extensions>
          <ns3:TrackPointExtension>
            <ns3:hr>146</ns3:hr>
            <ns3:cad>93</ns3:cad>
          </ns3:TrackPointExtension>
        </extensions>
      </trkpt>
      <trkpt lat="30.55317498743534088134765625" lon="104.04629467986524105072021484375">
        <ele>476.399993896484375</ele>
        <time>2026-09-21T13:21:03.000Z</time>
        <extensions>
          <ns3:TrackPointExtension>
            <ns3:hr>146</ns3:hr>
            <ns3:cad>93</ns3:cad>
          </ns3:TrackPointExtension>
        </extensions>
      </trkpt>
      <trkpt lat="30.55314506404101848602294921875" lon="104.04629115946590900421142578125">
        <ele>476.600006103515625</ele>
        <time>2026-09-21T13:21:04.000Z</time>
        <extensions>
          <ns3:TrackPointExtension>
            <ns3:hr>147</ns3:hr>
            <ns3:cad>94</ns3:cad>
          </ns3:TrackPointExtension>
        </extensions>
      </trkpt>
      <trkpt lat="30.5531188286840915679931640625" lon="104.04628981836140155792236328125">
        <ele>476.600006103515625</ele>
        <time>2026-09-21T13:21:05.000Z</time>
        <extensions>
          <ns3:TrackPointExtension>
            <ns3:hr>147</ns3:hr>
            <ns3:cad>94</ns3:cad>
          </ns3:TrackPointExtension>
        </extensions>
      </trkpt>
      <trkpt lat="30.55308655835688114166259765625" lon="104.04628596268594264984130859375">
        <ele>476.79998779296875</ele>
        <time>2026-09-21T13:21:06.000Z</time>
        <extensions>
          <ns3:TrackPointExtension>
            <ns3:hr>148</ns3:hr>
            <ns3:cad>94</ns3:cad>
          </ns3:TrackPointExtension>
        </extensions>
      </trkpt>
      <trkpt lat="30.553063340485095977783203125" lon="104.046285711228847503662109375">
        <ele>476.79998779296875</ele>
        <time>2026-09-21T13:21:07.000Z</time>
        <extensions>
          <ns3:TrackPointExtension>
            <ns3:hr>148</ns3:hr>
            <ns3:cad>92</ns3:cad>
          </ns3:TrackPointExtension>
        </extensions>
      </trkpt>
      <trkpt lat="30.5530309863388538360595703125" lon="104.0462818555533885955810546875">
        <ele>476.79998779296875</ele>
        <time>2026-09-21T13:21:08.000Z</time>
        <extensions>
          <ns3:TrackPointExtension>
            <ns3:hr>148</ns3:hr>
            <ns3:cad>92</ns3:cad>
          </ns3:TrackPointExtension>
        </extensions>
      </trkpt>
      <trkpt lat="30.5530107021331787109375" lon="104.046283029019832611083984375">
        <ele>476.79998779296875</ele>
        <time>2026-09-21T13:21:09.000Z</time>
        <extensions>
          <ns3:TrackPointExtension>
            <ns3:hr>148</ns3:hr>
            <ns3:cad>92</ns3:cad>
          </ns3:TrackPointExtension>
        </extensions>
      </trkpt>
      <trkpt lat="30.55298111401498317718505859375" lon="104.04627959243953227996826171875">
        <ele>476.600006103515625</ele>
        <time>2026-09-21T13:21:10.000Z</time>
        <extensions>
          <ns3:TrackPointExtension>
            <ns3:hr>149</ns3:hr>
            <ns3:cad>93</ns3:cad>
          </ns3:TrackPointExtension>
        </extensions>
      </trkpt>
      <trkpt lat="30.5529583990573883056640625" lon="104.04627875424921512603759765625">
        <ele>476.600006103515625</ele>
        <time>2026-09-21T13:21:11.000Z</time>
        <extensions>
          <ns3:TrackPointExtension>
            <ns3:hr>148</ns3:hr>
            <ns3:cad>93</ns3:cad>
          </ns3:TrackPointExtension>
        </extensions>
      </trkpt>
      <trkpt lat="30.55292914621531963348388671875" lon="104.04627791605889797210693359375">
        <ele>476.600006103515625</ele>
        <time>2026-09-21T13:21:12.000Z</time>
        <extensions>
          <ns3:TrackPointExtension>
            <ns3:hr>148</ns3:hr>
            <ns3:cad>93</ns3:cad>
          </ns3:TrackPointExtension>
        </extensions>
      </trkpt>
      <trkpt lat="30.5529020726680755615234375" lon="104.0462825261056423187255859375">
        <ele>476.600006103515625</ele>
        <time>2026-09-21T13:21:13.000Z</time>
        <extensions>
          <ns3:TrackPointExtension>
            <ns3:hr>148</ns3:hr>
            <ns3:cad>93</ns3:cad>
          </ns3:TrackPointExtension>
        </extensions>
      </trkpt>
      <trkpt lat="30.55287860333919525146484375" lon="104.0462892316281795501708984375">
        <ele>476.600006103515625</ele>
        <time>2026-09-21T13:21:14.000Z</time>
        <extensions>
          <ns3:TrackPointExtension>
            <ns3:hr>148</ns3:hr>
            <ns3:cad>93</ns3:cad>
          </ns3:TrackPointExtension>
        </extensions>
      </trkpt>
      <trkpt lat="30.552852116525173187255859375" lon="104.04629652388393878936767578125">
        <ele>476.600006103515625</ele>
        <time>2026-09-21T13:21:15.000Z</time>
        <extensions>
          <ns3:TrackPointExtension>
            <ns3:hr>149</ns3:hr>
            <ns3:cad>92</ns3:cad>
          </ns3:TrackPointExtension>
        </extensions>
      </trkpt>
      <trkpt lat="30.55282956920564174652099609375" lon="104.0463033132255077362060546875">
        <ele>476.600006103515625</ele>
        <time>2026-09-21T13:21:16.000Z</time>
        <extensions>
          <ns3:TrackPointExtension>
            <ns3:hr>149</ns3:hr>
            <ns3:cad>92</ns3:cad>
          </ns3:TrackPointExtension>
        </extensions>
      </trkpt>
      <trkpt lat="30.5528028309345245361328125" lon="104.04631395824253559112548828125">
        <ele>476.600006103515625</ele>
        <time>2026-09-21T13:21:17.000Z</time>
        <extensions>
          <ns3:TrackPointExtension>
            <ns3:hr>149</ns3:hr>
            <ns3:cad>92</ns3:cad>
          </ns3:TrackPointExtension>
        </extensions>
      </trkpt>
      <trkpt lat="30.5527899228036403656005859375" lon="104.04633357189595699310302734375">
        <ele>476.600006103515625</ele>
        <time>2026-09-21T13:21:18.000Z</time>
        <extensions>
          <ns3:TrackPointExtension>
            <ns3:hr>150</ns3:hr>
            <ns3:cad>93</ns3:cad>
          </ns3:TrackPointExtension>
        </extensions>
      </trkpt>
      <trkpt lat="30.5527641065418720245361328125" lon="104.04635217972099781036376953125">
        <ele>476.600006103515625</ele>
        <time>2026-09-21T13:21:19.000Z</time>
        <extensions>
          <ns3:TrackPointExtension>
            <ns3:hr>150</ns3:hr>
            <ns3:cad>93</ns3:cad>
          </ns3:TrackPointExtension>
        </extensions>
      </trkpt>
      <trkpt lat="30.552742816507816314697265625" lon="104.04636894352734088897705078125">
        <ele>476.79998779296875</ele>
        <time>2026-09-21T13:21:20.000Z</time>
        <extensions>
          <ns3:TrackPointExtension>
            <ns3:hr>151</ns3:hr>
            <ns3:cad>92</ns3:cad>
          </ns3:TrackPointExtension>
        </extensions>
      </trkpt>
      <trkpt lat="30.552718341350555419921875" lon="104.0463841147720813751220703125">
        <ele>477</ele>
        <time>2026-09-21T13:21:21.000Z</time>
        <extensions>
          <ns3:TrackPointExtension>
            <ns3:hr>151</ns3:hr>
            <ns3:cad>92</ns3:cad>
          </ns3:TrackPointExtension>
        </extensions>
      </trkpt>
      <trkpt lat="30.55269747041165828704833984375" lon="104.04640649445354938507080078125">
        <ele>477.20001220703125</ele>
        <time>2026-09-21T13:21:22.000Z</time>
        <extensions>
          <ns3:TrackPointExtension>
            <ns3:hr>152</ns3:hr>
            <ns3:cad>92</ns3:cad>
          </ns3:TrackPointExtension>
        </extensions>
      </trkpt>
      <trkpt lat="30.55267198942601680755615234375" lon="104.04642350971698760986328125">
        <ele>477.20001220703125</ele>
        <time>2026-09-21T13:21:23.000Z</time>
        <extensions>
          <ns3:TrackPointExtension>
            <ns3:hr>152</ns3:hr>
            <ns3:cad>92</ns3:cad>
          </ns3:TrackPointExtension>
        </extensions>
      </trkpt>
      <trkpt lat="30.55264935828745365142822265625" lon="104.046443961560726165771484375">
        <ele>477.399993896484375</ele>
        <time>2026-09-21T13:21:24.000Z</time>
        <extensions>
          <ns3:TrackPointExtension>
            <ns3:hr>153</ns3:hr>
            <ns3:cad>92</ns3:cad>
          </ns3:TrackPointExtension>
        </extensions>
      </trkpt>
      <trkpt lat="30.5526246316730976104736328125" lon="104.04645837843418121337890625">
        <ele>477.399993896484375</ele>
        <time>2026-09-21T13:21:25.000Z</time>
        <extensions>
          <ns3:TrackPointExtension>
            <ns3:hr>153</ns3:hr>
            <ns3:cad>92</ns3:cad>
          </ns3:TrackPointExtension>
        </extensions>
      </trkpt>
      <trkpt lat="30.552599988877773284912109375" lon="104.0464749746024608612060546875">
        <ele>477.600006103515625</ele>
        <time>2026-09-21T13:21:26.000Z</time>
        <extensions>
          <ns3:TrackPointExtension>
            <ns3:hr>153</ns3:hr>
            <ns3:cad>93</ns3:cad>
          </ns3:TrackPointExtension>
        </extensions>
      </trkpt>
      <trkpt lat="30.55257928557693958282470703125" lon="104.0464880503714084625244140625">
        <ele>477.79998779296875</ele>
        <time>2026-09-21T13:21:27.000Z</time>
        <extensions>
          <ns3:TrackPointExtension>
            <ns3:hr>154</ns3:hr>
            <ns3:cad>93</ns3:cad>
          </ns3:TrackPointExtension>
        </extensions>
      </trkpt>
      <trkpt lat="30.55255196057260036468505859375" lon="104.0465014614164829254150390625">
        <ele>477.79998779296875</ele>
        <time>2026-09-21T13:21:28.000Z</time>
        <extensions>
          <ns3:TrackPointExtension>
            <ns3:hr>154</ns3:hr>
            <ns3:cad>93</ns3:cad>
          </ns3:TrackPointExtension>
        </extensions>
      </trkpt>
      <trkpt lat="30.5525327660143375396728515625" lon="104.04651227407157421112060546875">
        <ele>478</ele>
        <time>2026-09-21T13:21:29.000Z</time>
        <extensions>
          <ns3:TrackPointExtension>
            <ns3:hr>155</ns3:hr>
            <ns3:cad>93</ns3:cad>
          </ns3:TrackPointExtension>
        </extensions>
      </trkpt>
      <trkpt lat="30.55250418372452259063720703125" lon="104.0465262718498706817626953125">
        <ele>478</ele>
        <time>2026-09-21T13:21:30.000Z</time>
        <extensions>
          <ns3:TrackPointExtension>
            <ns3:hr>155</ns3:hr>
            <ns3:cad>93</ns3:cad>
          </ns3:TrackPointExtension>
        </extensions>
      </trkpt>
      <trkpt lat="30.55248457007110118865966796875" lon="104.04654085636138916015625">
        <ele>478</ele>
        <time>2026-09-21T13:21:31.000Z</time>
        <extensions>
          <ns3:TrackPointExtension>
            <ns3:hr>155</ns3:hr>
            <ns3:cad>92</ns3:cad>
          </ns3:TrackPointExtension>
        </extensions>
      </trkpt>
      <trkpt lat="30.55245439521968364715576171875" lon="104.04654999263584613800048828125">
        <ele>478.20001220703125</ele>
        <time>2026-09-21T13:21:32.000Z</time>
        <extensions>
          <ns3:TrackPointExtension>
            <ns3:hr>156</ns3:hr>
            <ns3:cad>92</ns3:cad>
          </ns3:TrackPointExtension>
        </extensions>
      </trkpt>
      <trkpt lat="30.552433021366596221923828125" lon="104.04656424187123775482177734375">
        <ele>478.20001220703125</ele>
        <time>2026-09-21T13:21:33.000Z</time>
        <extensions>
          <ns3:TrackPointExtension>
            <ns3:hr>156</ns3:hr>
            <ns3:cad>92</ns3:cad>
          </ns3:TrackPointExtension>
        </extensions>
      </trkpt>
      <trkpt lat="30.5524036847054958343505859375" lon="104.04656340368092060089111328125">
        <ele>478.399993896484375</ele>
        <time>2026-09-21T13:21:34.000Z</time>
        <extensions>
          <ns3:TrackPointExtension>
            <ns3:hr>156</ns3:hr>
            <ns3:cad>92</ns3:cad>
          </ns3:TrackPointExtension>
        </extensions>
      </trkpt>
      <trkpt lat="30.5523805506527423858642578125" lon="104.04656876809895038604736328125">
        <ele>478.399993896484375</ele>
        <time>2026-09-21T13:21:35.000Z</time>
        <extensions>
          <ns3:TrackPointExtension>
            <ns3:hr>156</ns3:hr>
            <ns3:cad>92</ns3:cad>
          </ns3:TrackPointExtension>
        </extensions>
      </trkpt>
      <trkpt lat="30.55235079489648342132568359375" lon="104.046571366488933563232421875">
        <ele>478.600006103515625</ele>
        <time>2026-09-21T13:21:36.000Z</time>
        <extensions>
          <ns3:TrackPointExtension>
            <ns3:hr>156</ns3:hr>
            <ns3:cad>92</ns3:cad>
          </ns3:TrackPointExtension>
        </extensions>
      </trkpt>
      <trkpt lat="30.55232866667211055755615234375" lon="104.0465779043734073638916015625">
        <ele>478.600006103515625</ele>
        <time>2026-09-21T13:21:37.000Z</time>
        <extensions>
          <ns3:TrackPointExtension>
            <ns3:hr>157</ns3:hr>
            <ns3:cad>93</ns3:cad>
          </ns3:TrackPointExtension>
        </extensions>
      </trkpt>
      <trkpt lat="30.552301593124866485595703125" lon="104.04657731764018535614013671875">
        <ele>478.600006103515625</ele>
        <time>2026-09-21T13:21:38.000Z</time>
        <extensions>
          <ns3:TrackPointExtension>
            <ns3:hr>157</ns3:hr>
            <ns3:cad>92</ns3:cad>
          </ns3:TrackPointExtension>
        </extensions>
      </trkpt>
      <trkpt lat="30.55227778851985931396484375" lon="104.046582095324993133544921875">
        <ele>478.79998779296875</ele>
        <time>2026-09-21T13:21:39.000Z</time>
        <extensions>
          <ns3:TrackPointExtension>
            <ns3:hr>157</ns3:hr>
            <ns3:cad>93</ns3:cad>
          </ns3:TrackPointExtension>
        </extensions>
      </trkpt>
      <trkpt lat="30.55225155316293239593505859375" lon="104.04658670537173748016357421875">
        <ele>478.79998779296875</ele>
        <time>2026-09-21T13:21:40.000Z</time>
        <extensions>
          <ns3:TrackPointExtension>
            <ns3:hr>157</ns3:hr>
            <ns3:cad>92</ns3:cad>
          </ns3:TrackPointExtension>
        </extensions>
      </trkpt>
      <trkpt lat="30.552223138511180877685546875" lon="104.0465913154184818267822265625">
        <ele>478.79998779296875</ele>
        <time>2026-09-21T13:21:41.000Z</time>
        <extensions>
          <ns3:TrackPointExtension>
            <ns3:hr>157</ns3:hr>
            <ns3:cad>91</ns3:cad>
          </ns3:TrackPointExtension>
        </extensions>
      </trkpt>
      <trkpt lat="30.5522015132009983062744140625" lon="104.04659978114068508148193359375">
        <ele>478.79998779296875</ele>
        <time>2026-09-21T13:21:42.000Z</time>
        <extensions>
          <ns3:TrackPointExtension>
            <ns3:hr>156</ns3:hr>
            <ns3:cad>91</ns3:cad>
          </ns3:TrackPointExtension>
        </extensions>
      </trkpt>
      <trkpt lat="30.5521698296070098876953125" lon="104.04660430736839771270751953125">
        <ele>478.79998779296875</ele>
        <time>2026-09-21T13:21:43.000Z</time>
        <extensions>
          <ns3:TrackPointExtension>
            <ns3:hr>156</ns3:hr>
            <ns3:cad>92</ns3:cad>
          </ns3:TrackPointExtension>
        </extensions>
      </trkpt>
      <trkpt lat="30.55214594118297100067138671875" lon="104.04661319218575954437255859375">
        <ele>478.79998779296875</ele>
        <time>2026-09-21T13:21:44.000Z</time>
        <extensions>
          <ns3:TrackPointExtension>
            <ns3:hr>156</ns3:hr>
            <ns3:cad>92</ns3:cad>
          </ns3:TrackPointExtension>
        </extensions>
      </trkpt>
      <trkpt lat="30.55211727507412433624267578125" lon="104.0466214902698993682861328125">
        <ele>478.79998779296875</ele>
        <time>2026-09-21T13:21:45.000Z</time>
        <extensions>
          <ns3:TrackPointExtension>
            <ns3:hr>156</ns3:hr>
            <ns3:cad>92</ns3:cad>
          </ns3:TrackPointExtension>
        </extensions>
      </trkpt>
      <trkpt lat="30.55209673941135406494140625" lon="104.046630375087261199951171875">
        <ele>478.79998779296875</ele>
        <time>2026-09-21T13:21:46.000Z</time>
        <extensions>
          <ns3:TrackPointExtension>
            <ns3:hr>155</ns3:hr>
            <ns3:cad>91</ns3:cad>
          </ns3:TrackPointExtension>
        </extensions>
      </trkpt>
      <trkpt lat="30.55206111632287502288818359375" lon="104.0466308780014514923095703125">
        <ele>478.79998779296875</ele>
        <time>2026-09-21T13:21:47.000Z</time>
        <extensions>
          <ns3:TrackPointExtension>
            <ns3:hr>155</ns3:hr>
            <ns3:cad>91</ns3:cad>
          </ns3:TrackPointExtension>
        </extensions>
      </trkpt>
      <trkpt lat="30.5520345456898212432861328125" lon="104.04663498513400554656982421875">
        <ele>479</ele>
        <time>2026-09-21T13:21:48.000Z</time>
        <extensions>
          <ns3:TrackPointExtension>
            <ns3:hr>155</ns3:hr>
            <ns3:cad>91</ns3:cad>
          </ns3:TrackPointExtension>
        </extensions>
      </trkpt>
      <trkpt lat="30.5520035326480865478515625" lon="104.04662727378308773040771484375">
        <ele>478.79998779296875</ele>
        <time>2026-09-21T13:21:49.000Z</time>
        <extensions>
          <ns3:TrackPointExtension>
            <ns3:hr>156</ns3:hr>
            <ns3:cad>91</ns3:cad>
          </ns3:TrackPointExtension>
        </extensions>
      </trkpt>
      <trkpt lat="30.55198383517563343048095703125" lon="104.04662995599210262298583984375">
        <ele>478.79998779296875</ele>
        <time>2026-09-21T13:21:50.000Z</time>
        <extensions>
          <ns3:TrackPointExtension>
            <ns3:hr>156</ns3:hr>
            <ns3:cad>91</ns3:cad>
          </ns3:TrackPointExtension>
        </extensions>
      </trkpt>
      <trkpt lat="30.5519564263522624969482421875" lon="104.04662174172699451446533203125">
        <ele>478.79998779296875</ele>
        <time>2026-09-21T13:21:51.000Z</time>
        <extensions>
          <ns3:TrackPointExtension>
            <ns3:hr>156</ns3:hr>
            <ns3:cad>92</ns3:cad>
          </ns3:TrackPointExtension>
        </extensions>
      </trkpt>
      <trkpt lat="30.55193119682371616363525390625" lon="104.04661931097507476806640625">
        <ele>478.79998779296875</ele>
        <time>2026-09-21T13:21:52.000Z</time>
        <extensions>
          <ns3:TrackPointExtension>
            <ns3:hr>156</ns3:hr>
            <ns3:cad>93</ns3:cad>
          </ns3:TrackPointExtension>
        </extensions>
      </trkpt>
      <trkpt lat="30.55190806277096271514892578125" lon="104.04660799540579319000244140625">
        <ele>478.79998779296875</ele>
        <time>2026-09-21T13:21:53.000Z</time>
        <extensions>
          <ns3:TrackPointExtension>
            <ns3:hr>156</ns3:hr>
            <ns3:cad>93</ns3:cad>
          </ns3:TrackPointExtension>
        </extensions>
      </trkpt>
      <trkpt lat="30.551886521279811859130859375" lon="104.04660346917808055877685546875">
        <ele>478.79998779296875</ele>
        <time>2026-09-21T13:21:54.000Z</time>
        <extensions>
          <ns3:TrackPointExtension>
            <ns3:hr>156</ns3:hr>
            <ns3:cad>93</ns3:cad>
          </ns3:TrackPointExtension>
        </extensions>
      </trkpt>
      <trkpt lat="30.55186850018799304962158203125" lon="104.0465931594371795654296875">
        <ele>478.79998779296875</ele>
        <time>2026-09-21T13:21:55.000Z</time>
        <extensions>
          <ns3:TrackPointExtension>
            <ns3:hr>156</ns3:hr>
            <ns3:cad>92</ns3:cad>
          </ns3:TrackPointExtension>
        </extensions>
      </trkpt>
      <trkpt lat="30.55184268392622470855712890625" lon="104.0465819276869297027587890625">
        <ele>479</ele>
        <time>2026-09-21T13:21:56.000Z</time>
        <extensions>
          <ns3:TrackPointExtension>
            <ns3:hr>156</ns3:hr>
            <ns3:cad>92</ns3:cad>
          </ns3:TrackPointExtension>
        </extensions>
      </trkpt>
      <trkpt lat="30.551818795502185821533203125" lon="104.04657966457307338714599609375">
        <ele>479</ele>
        <time>2026-09-21T13:21:57.000Z</time>
        <extensions>
          <ns3:TrackPointExtension>
            <ns3:hr>156</ns3:hr>
            <ns3:cad>91</ns3:cad>
          </ns3:TrackPointExtension>
        </extensions>
      </trkpt>
      <trkpt lat="30.55179272778332233428955078125" lon="104.04656927101314067840576171875">
        <ele>479.20001220703125</ele>
        <time>2026-09-21T13:21:58.000Z</time>
        <extensions>
          <ns3:TrackPointExtension>
            <ns3:hr>156</ns3:hr>
            <ns3:cad>91</ns3:cad>
          </ns3:TrackPointExtension>
        </extensions>
      </trkpt>
      <trkpt lat="30.5517686717212200164794921875" lon="104.04656642116606235504150390625">
        <ele>479.20001220703125</ele>
        <time>2026-09-21T13:21:59.000Z</time>
        <extensions>
          <ns3:TrackPointExtension>
            <ns3:hr>156</ns3:hr>
            <ns3:cad>92</ns3:cad>
          </ns3:TrackPointExtension>
        </extensions>
      </trkpt>
      <trkpt lat="30.55174092762172222137451171875" lon="104.04655535705387592315673828125">
        <ele>479.20001220703125</ele>
        <time>2026-09-21T13:22:00.000Z</time>
        <extensions>
          <ns3:TrackPointExtension>
            <ns3:hr>156</ns3:hr>
            <ns3:cad>92</ns3:cad>
          </ns3:TrackPointExtension>
        </extensions>
      </trkpt>
      <trkpt lat="30.55172164924442768096923828125" lon="104.04655150137841701507568359375">
        <ele>479.20001220703125</ele>
        <time>2026-09-21T13:22:01.000Z</time>
        <extensions>
          <ns3:TrackPointExtension>
            <ns3:hr>156</ns3:hr>
            <ns3:cad>92</ns3:cad>
          </ns3:TrackPointExtension>
        </extensions>
      </trkpt>
      <trkpt lat="30.551695413887500762939453125" lon="104.0465386770665645599365234375">
        <ele>479.399993896484375</ele>
        <time>2026-09-21T13:22:02.000Z</time>
        <extensions>
          <ns3:TrackPointExtension>
            <ns3:hr>155</ns3:hr>
            <ns3:cad>94</ns3:cad>
          </ns3:TrackPointExtension>
        </extensions>
      </trkpt>
      <trkpt lat="30.55167538113892078399658203125" lon="104.04653272591531276702880859375">
        <ele>479.399993896484375</ele>
        <time>2026-09-21T13:22:03.000Z</time>
        <extensions>
          <ns3:TrackPointExtension>
            <ns3:hr>155</ns3:hr>
            <ns3:cad>93</ns3:cad>
          </ns3:TrackPointExtension>
        </extensions>
      </trkpt>
      <trkpt lat="30.55164813995361328125" lon="104.046523757278919219970703125">
        <ele>479.399993896484375</ele>
        <time>2026-09-21T13:22:04.000Z</time>
        <extensions>
          <ns3:TrackPointExtension>
            <ns3:hr>156</ns3:hr>
            <ns3:cad>93</ns3:cad>
          </ns3:TrackPointExtension>
        </extensions>
      </trkpt>
      <trkpt lat="30.55163137614727020263671875" lon="104.0465185604989528656005859375">
        <ele>479.399993896484375</ele>
        <time>2026-09-21T13:22:05.000Z</time>
        <extensions>
          <ns3:TrackPointExtension>
            <ns3:hr>156</ns3:hr>
            <ns3:cad>93</ns3:cad>
          </ns3:TrackPointExtension>
        </extensions>
      </trkpt>
      <trkpt lat="30.5516063980758190155029296875" lon="104.0465118549764156341552734375">
        <ele>479.20001220703125</ele>
        <time>2026-09-21T13:22:06.000Z</time>
        <extensions>
          <ns3:TrackPointExtension>
            <ns3:hr>156</ns3:hr>
            <ns3:cad>93</ns3:cad>
          </ns3:TrackPointExtension>
        </extensions>
      </trkpt>
      <trkpt lat="30.55158753879368305206298828125" lon="104.04650573618710041046142578125">
        <ele>479.20001220703125</ele>
        <time>2026-09-21T13:22:07.000Z</time>
        <extensions>
          <ns3:TrackPointExtension>
            <ns3:hr>156</ns3:hr>
            <ns3:cad>92</ns3:cad>
          </ns3:TrackPointExtension>
        </extensions>
      </trkpt>
      <trkpt lat="30.55156700313091278076171875" lon="104.04649316333234310150146484375">
        <ele>479.20001220703125</ele>
        <time>2026-09-21T13:22:08.000Z</time>
        <extensions>
          <ns3:TrackPointExtension>
            <ns3:hr>156</ns3:hr>
            <ns3:cad>92</ns3:cad>
          </ns3:TrackPointExtension>
        </extensions>
      </trkpt>
      <trkpt lat="30.551545880734920501708984375" lon="104.04648528434336185455322265625">
        <ele>479.399993896484375</ele>
        <time>2026-09-21T13:22:09.000Z</time>
        <extensions>
          <ns3:TrackPointExtension>
            <ns3:hr>155</ns3:hr>
            <ns3:cad>92</ns3:cad>
          </ns3:TrackPointExtension>
        </extensions>
      </trkpt>
      <trkpt lat="30.55152132175862789154052734375" lon="104.04647639952600002288818359375">
        <ele>479.399993896484375</ele>
        <time>2026-09-21T13:22:10.000Z</time>
        <extensions>
          <ns3:TrackPointExtension>
            <ns3:hr>156</ns3:hr>
            <ns3:cad>92</ns3:cad>
          </ns3:TrackPointExtension>
        </extensions>
      </trkpt>
      <trkpt lat="30.5515001155436038970947265625" lon="104.04647153802216053009033203125">
        <ele>479.399993896484375</ele>
        <time>2026-09-21T13:22:11.000Z</time>
        <extensions>
          <ns3:TrackPointExtension>
            <ns3:hr>156</ns3:hr>
            <ns3:cad>92</ns3:cad>
          </ns3:TrackPointExtension>
        </extensions>
      </trkpt>
      <trkpt lat="30.551476813852787017822265625" lon="104.0464622341096401214599609375">
        <ele>479.399993896484375</ele>
        <time>2026-09-21T13:22:12.000Z</time>
        <extensions>
          <ns3:TrackPointExtension>
            <ns3:hr>155</ns3:hr>
            <ns3:cad>92</ns3:cad>
          </ns3:TrackPointExtension>
        </extensions>
      </trkpt>
      <trkpt lat="30.5514494888484477996826171875" lon="104.04645544476807117462158203125">
        <ele>479.20001220703125</ele>
        <time>2026-09-21T13:22:13.000Z</time>
        <extensions>
          <ns3:TrackPointExtension>
            <ns3:hr>154</ns3:hr>
            <ns3:cad>92</ns3:cad>
          </ns3:TrackPointExtension>
        </extensions>
      </trkpt>
      <trkpt lat="30.55141973309218883514404296875" lon="104.04644756577908992767333984375">
        <ele>479.20001220703125</ele>
        <time>2026-09-21T13:22:14.000Z</time>
        <extensions>
          <ns3:TrackPointExtension>
            <ns3:hr>154</ns3:hr>
            <ns3:cad>92</ns3:cad>
          </ns3:TrackPointExtension>
        </extensions>
      </trkpt>
      <trkpt lat="30.55138553492724895477294921875" lon="104.04644337482750415802001953125">
        <ele>479.20001220703125</ele>
        <time>2026-09-21T13:22:15.000Z</time>
        <extensions>
          <ns3:TrackPointExtension>
            <ns3:hr>152</ns3:hr>
            <ns3:cad>92</ns3:cad>
          </ns3:TrackPointExtension>
        </extensions>
      </trkpt>
      <trkpt lat="30.551352761685848236083984375" lon="104.04643918387591838836669921875">
        <ele>479.20001220703125</ele>
        <time>2026-09-21T13:22:16.000Z</time>
        <extensions>
          <ns3:TrackPointExtension>
            <ns3:hr>150</ns3:hr>
            <ns3:cad>91</ns3:cad>
          </ns3:TrackPointExtension>
        </extensions>
      </trkpt>
      <trkpt lat="30.55131915025413036346435546875" lon="104.0464344061911106109619140625">
        <ele>479.20001220703125</ele>
        <time>2026-09-21T13:22:17.000Z</time>
        <extensions>
          <ns3:TrackPointExtension>
            <ns3:hr>150</ns3:hr>
            <ns3:cad>92</ns3:cad>
          </ns3:TrackPointExtension>
        </extensions>
      </trkpt>
      <trkpt lat="30.55129366926848888397216796875" lon="104.04643197543919086456298828125">
        <ele>479</ele>
        <time>2026-09-21T13:22:18.000Z</time>
        <extensions>
          <ns3:TrackPointExtension>
            <ns3:hr>149</ns3:hr>
            <ns3:cad>92</ns3:cad>
          </ns3:TrackPointExtension>
        </extensions>
      </trkpt>
      <trkpt lat="30.55126123130321502685546875" lon="104.04642996378242969512939453125">
        <ele>479</ele>
        <time>2026-09-21T13:22:19.000Z</time>
        <extensions>
          <ns3:TrackPointExtension>
            <ns3:hr>149</ns3:hr>
            <ns3:cad>92</ns3:cad>
          </ns3:TrackPointExtension>
        </extensions>
      </trkpt>
      <trkpt lat="30.551234744489192962646484375" lon="104.04642619192600250244140625">
        <ele>479</ele>
        <time>2026-09-21T13:22:20.000Z</time>
        <extensions>
          <ns3:TrackPointExtension>
            <ns3:hr>149</ns3:hr>
            <ns3:cad>92</ns3:cad>
          </ns3:TrackPointExtension>
        </extensions>
      </trkpt>
      <trkpt lat="30.551205240190029144287109375" lon="104.0464323945343494415283203125">
        <ele>478.79998779296875</ele>
        <time>2026-09-21T13:22:21.000Z</time>
        <extensions>
          <ns3:TrackPointExtension>
            <ns3:hr>149</ns3:hr>
            <ns3:cad>92</ns3:cad>
          </ns3:TrackPointExtension>
        </extensions>
      </trkpt>
      <trkpt lat="30.55118101648986339569091796875" lon="104.046432562172412872314453125">
        <ele>478.79998779296875</ele>
        <time>2026-09-21T13:22:22.000Z</time>
        <extensions>
          <ns3:TrackPointExtension>
            <ns3:hr>150</ns3:hr>
            <ns3:cad>92</ns3:cad>
          </ns3:TrackPointExtension>
        </extensions>
      </trkpt>
      <trkpt lat="30.551150925457477569580078125" lon="104.04643650166690349578857421875">
        <ele>478.600006103515625</ele>
        <time>2026-09-21T13:22:23.000Z</time>
        <extensions>
          <ns3:TrackPointExtension>
            <ns3:hr>151</ns3:hr>
            <ns3:cad>92</ns3:cad>
          </ns3:TrackPointExtension>
        </extensions>
      </trkpt>
      <trkpt lat="30.5511262826621532440185546875" lon="104.0464407764375209808349609375">
        <ele>478.600006103515625</ele>
        <time>2026-09-21T13:22:24.000Z</time>
        <extensions>
          <ns3:TrackPointExtension>
            <ns3:hr>151</ns3:hr>
            <ns3:cad>92</ns3:cad>
          </ns3:TrackPointExtension>
        </extensions>
      </trkpt>
      <trkpt lat="30.55109770037233829498291015625" lon="104.04644035734236240386962890625">
        <ele>478.600006103515625</ele>
        <time>2026-09-21T13:22:25.000Z</time>
        <extensions>
          <ns3:TrackPointExtension>
            <ns3:hr>151</ns3:hr>
            <ns3:cad>92</ns3:cad>
          </ns3:TrackPointExtension>
        </extensions>
      </trkpt>
      <trkpt lat="30.55107423104345798492431640625" lon="104.046444632112979888916015625">
        <ele>478.600006103515625</ele>
        <time>2026-09-21T13:22:26.000Z</time>
        <extensions>
          <ns3:TrackPointExtension>
            <ns3:hr>151</ns3:hr>
            <ns3:cad>92</ns3:cad>
          </ns3:TrackPointExtension>
        </extensions>
      </trkpt>
      <trkpt lat="30.55105143226683139801025390625" lon="104.04644438065588474273681640625">
        <ele>478.79998779296875</ele>
        <time>2026-09-21T13:22:27.000Z</time>
        <extensions>
          <ns3:TrackPointExtension>
            <ns3:hr>151</ns3:hr>
            <ns3:cad>93</ns3:cad>
          </ns3:TrackPointExtension>
        </extensions>
      </trkpt>
      <trkpt lat="30.5510320700705051422119140625" lon="104.04645158909261226654052734375">
        <ele>478.79998779296875</ele>
        <time>2026-09-21T13:22:28.000Z</time>
        <extensions>
          <ns3:TrackPointExtension>
            <ns3:hr>152</ns3:hr>
            <ns3:cad>93</ns3:cad>
          </ns3:TrackPointExtension>
        </extensions>
      </trkpt>
      <trkpt lat="30.55100466124713420867919921875" lon="104.04645494185388088226318359375">
        <ele>478.79998779296875</ele>
        <time>2026-09-21T13:22:29.000Z</time>
        <extensions>
          <ns3:TrackPointExtension>
            <ns3:hr>151</ns3:hr>
            <ns3:cad>93</ns3:cad>
          </ns3:TrackPointExtension>
        </extensions>
      </trkpt>
      <trkpt lat="30.5509807728230953216552734375" lon="104.0464595519006252288818359375">
        <ele>478.79998779296875</ele>
        <time>2026-09-21T13:22:30.000Z</time>
        <extensions>
          <ns3:TrackPointExtension>
            <ns3:hr>151</ns3:hr>
            <ns3:cad>93</ns3:cad>
          </ns3:TrackPointExtension>
        </extensions>
      </trkpt>
      <trkpt lat="30.55095336399972438812255859375" lon="104.04646466486155986785888671875">
        <ele>478.79998779296875</ele>
        <time>2026-09-21T13:22:31.000Z</time>
        <extensions>
          <ns3:TrackPointExtension>
            <ns3:hr>151</ns3:hr>
            <ns3:cad>92</ns3:cad>
          </ns3:TrackPointExtension>
        </extensions>
      </trkpt>
      <trkpt lat="30.55092738009989261627197265625" lon="104.04647187329828739166259765625">
        <ele>478.79998779296875</ele>
        <time>2026-09-21T13:22:32.000Z</time>
        <extensions>
          <ns3:TrackPointExtension>
            <ns3:hr>152</ns3:hr>
            <ns3:cad>93</ns3:cad>
          </ns3:TrackPointExtension>
        </extensions>
      </trkpt>
      <trkpt lat="30.55090055800974369049072265625" lon="104.0464805066585540771484375">
        <ele>478.79998779296875</ele>
        <time>2026-09-21T13:22:33.000Z</time>
        <extensions>
          <ns3:TrackPointExtension>
            <ns3:hr>151</ns3:hr>
            <ns3:cad>92</ns3:cad>
          </ns3:TrackPointExtension>
        </extensions>
      </trkpt>
      <trkpt lat="30.55087759159505367279052734375" lon="104.04649467207491397857666015625">
        <ele>478.79998779296875</ele>
        <time>2026-09-21T13:22:34.000Z</time>
        <extensions>
          <ns3:TrackPointExtension>
            <ns3:hr>151</ns3:hr>
            <ns3:cad>92</ns3:cad>
          </ns3:TrackPointExtension>
        </extensions>
      </trkpt>
      <trkpt lat="30.550849847495555877685546875" lon="104.04651445336639881134033203125">
        <ele>478.79998779296875</ele>
        <time>2026-09-21T13:22:35.000Z</time>
        <extensions>
          <ns3:TrackPointExtension>
            <ns3:hr>151</ns3:hr>
            <ns3:cad>92</ns3:cad>
          </ns3:TrackPointExtension>
        </extensions>
      </trkpt>
      <trkpt lat="30.55082746781408786773681640625" lon="104.04653859324753284454345703125">
        <ele>478.79998779296875</ele>
        <time>2026-09-21T13:22:36.000Z</time>
        <extensions>
          <ns3:TrackPointExtension>
            <ns3:hr>152</ns3:hr>
            <ns3:cad>92</ns3:cad>
          </ns3:TrackPointExtension>
        </extensions>
      </trkpt>
      <trkpt lat="30.5508070997893810272216796875" lon="104.04655653052031993865966796875">
        <ele>478.79998779296875</ele>
        <time>2026-09-21T13:22:37.000Z</time>
        <extensions>
          <ns3:TrackPointExtension>
            <ns3:hr>151</ns3:hr>
            <ns3:cad>92</ns3:cad>
          </ns3:TrackPointExtension>
        </extensions>
      </trkpt>
      <trkpt lat="30.55078438483178615570068359375" lon="104.04657748527824878692626953125">
        <ele>478.79998779296875</ele>
        <time>2026-09-21T13:22:38.000Z</time>
        <extensions>
          <ns3:TrackPointExtension>
            <ns3:hr>151</ns3:hr>
            <ns3:cad>92</ns3:cad>
          </ns3:TrackPointExtension>
        </extensions>
      </trkpt>
      <trkpt lat="30.550762005150318145751953125" lon="104.04659559018909931182861328125">
        <ele>478.79998779296875</ele>
        <time>2026-09-21T13:22:39.000Z</time>
        <extensions>
          <ns3:TrackPointExtension>
            <ns3:hr>151</ns3:hr>
            <ns3:cad>91</ns3:cad>
          </ns3:TrackPointExtension>
        </extensions>
      </trkpt>
      <trkpt lat="30.55073677562177181243896484375" lon="104.04661604203283786773681640625">
        <ele>478.79998779296875</ele>
        <time>2026-09-21T13:22:40.000Z</time>
        <extensions>
          <ns3:TrackPointExtension>
            <ns3:hr>151</ns3:hr>
            <ns3:cad>91</ns3:cad>
          </ns3:TrackPointExtension>
        </extensions>
      </trkpt>
      <trkpt lat="30.55071833543479442596435546875" lon="104.04663180001080036163330078125">
        <ele>478.79998779296875</ele>
        <time>2026-09-21T13:22:41.000Z</time>
        <extensions>
          <ns3:TrackPointExtension>
            <ns3:hr>151</ns3:hr>
            <ns3:cad>92</ns3:cad>
          </ns3:TrackPointExtension>
        </extensions>
      </trkpt>
      <trkpt lat="30.5506892502307891845703125" lon="104.04665057547390460968017578125">
        <ele>478.79998779296875</ele>
        <time>2026-09-21T13:22:42.000Z</time>
        <extensions>
          <ns3:TrackPointExtension>
            <ns3:hr>151</ns3:hr>
            <ns3:cad>92</ns3:cad>
          </ns3:TrackPointExtension>
        </extensions>
      </trkpt>
      <trkpt lat="30.55066854692995548248291015625" lon="104.0466633997857570648193359375">
        <ele>478.79998779296875</ele>
        <time>2026-09-21T13:22:43.000Z</time>
        <extensions>
          <ns3:TrackPointExtension>
            <ns3:hr>151</ns3:hr>
            <ns3:cad>92</ns3:cad>
          </ns3:TrackPointExtension>
        </extensions>
      </trkpt>
      <trkpt lat="30.5506409704685211181640625" lon="104.0466736257076263427734375">
        <ele>478.79998779296875</ele>
        <time>2026-09-21T13:22:44.000Z</time>
        <extensions>
          <ns3:TrackPointExtension>
            <ns3:hr>151</ns3:hr>
            <ns3:cad>91</ns3:cad>
          </ns3:TrackPointExtension>
        </extensions>
      </trkpt>
      <trkpt lat="30.550625883042812347412109375" lon="104.04669106006622314453125">
        <ele>478.79998779296875</ele>
        <time>2026-09-21T13:22:45.000Z</time>
        <extensions>
          <ns3:TrackPointExtension>
            <ns3:hr>151</ns3:hr>
            <ns3:cad>90</ns3:cad>
          </ns3:TrackPointExtension>
        </extensions>
      </trkpt>
      <trkpt lat="30.55059713311493396759033203125" lon="104.0467110089957714080810546875">
        <ele>478.79998779296875</ele>
        <time>2026-09-21T13:22:46.000Z</time>
        <extensions>
          <ns3:TrackPointExtension>
            <ns3:hr>150</ns3:hr>
            <ns3:cad>90</ns3:cad>
          </ns3:TrackPointExtension>
        </extensions>
      </trkpt>
      <trkpt lat="30.55058120749890804290771484375" lon="104.04672835953533649444580078125">
        <ele>478.79998779296875</ele>
        <time>2026-09-21T13:22:47.000Z</time>
        <extensions>
          <ns3:TrackPointExtension>
            <ns3:hr>150</ns3:hr>
            <ns3:cad>90</ns3:cad>
          </ns3:TrackPointExtension>
        </extensions>
      </trkpt>
      <trkpt lat="30.55055337958037853240966796875" lon="104.04674939811229705810546875">
        <ele>478.79998779296875</ele>
        <time>2026-09-21T13:22:48.000Z</time>
        <extensions>
          <ns3:TrackPointExtension>
            <ns3:hr>150</ns3:hr>
            <ns3:cad>92</ns3:cad>
          </ns3:TrackPointExtension>
        </extensions>
      </trkpt>
      <trkpt lat="30.55053058080375194549560546875" lon="104.04676272533833980560302734375">
        <ele>479</ele>
        <time>2026-09-21T13:22:49.000Z</time>
        <extensions>
          <ns3:TrackPointExtension>
            <ns3:hr>151</ns3:hr>
            <ns3:cad>92</ns3:cad>
          </ns3:TrackPointExtension>
        </extensions>
      </trkpt>
      <trkpt lat="30.55050618946552276611328125" lon="104.0467737056314945220947265625">
        <ele>479.20001220703125</ele>
        <time>2026-09-21T13:22:50.000Z</time>
        <extensions>
          <ns3:TrackPointExtension>
            <ns3:hr>151</ns3:hr>
            <ns3:cad>91</ns3:cad>
          </ns3:TrackPointExtension>
        </extensions>
      </trkpt>
      <trkpt lat="30.55049001239240169525146484375" lon="104.04678552411496639251708984375">
        <ele>479.399993896484375</ele>
        <time>2026-09-21T13:22:51.000Z</time>
        <extensions>
          <ns3:TrackPointExtension>
            <ns3:hr>151</ns3:hr>
            <ns3:cad>90</ns3:cad>
          </ns3:TrackPointExtension>
        </extensions>
      </trkpt>
      <trkpt lat="30.55046335794031620025634765625" lon="104.046799354255199432373046875">
        <ele>479.20001220703125</ele>
        <time>2026-09-21T13:22:52.000Z</time>
        <extensions>
          <ns3:TrackPointExtension>
            <ns3:hr>151</ns3:hr>
            <ns3:cad>90</ns3:cad>
          </ns3:TrackPointExtension>
        </extensions>
      </trkpt>
      <trkpt lat="30.55044357664883136749267578125" lon="104.04681217856705188751220703125">
        <ele>479.20001220703125</ele>
        <time>2026-09-21T13:22:53.000Z</time>
        <extensions>
          <ns3:TrackPointExtension>
            <ns3:hr>151</ns3:hr>
            <ns3:cad>90</ns3:cad>
          </ns3:TrackPointExtension>
        </extensions>
      </trkpt>
      <trkpt lat="30.55041692219674587249755859375" lon="104.046824835240840911865234375">
        <ele>479</ele>
        <time>2026-09-21T13:22:54.000Z</time>
        <extensions>
          <ns3:TrackPointExtension>
            <ns3:hr>151</ns3:hr>
            <ns3:cad>90</ns3:cad>
          </ns3:TrackPointExtension>
        </extensions>
      </trkpt>
      <trkpt lat="30.55039177648723125457763671875" lon="104.04684193432331085205078125">
        <ele>478.79998779296875</ele>
        <time>2026-09-21T13:22:55.000Z</time>
        <extensions>
          <ns3:TrackPointExtension>
            <ns3:hr>151</ns3:hr>
            <ns3:cad>90</ns3:cad>
          </ns3:TrackPointExtension>
        </extensions>
      </trkpt>
      <trkpt lat="30.5503642000257968902587890625" lon="104.04685668647289276123046875">
        <ele>478.600006103515625</ele>
        <time>2026-09-21T13:22:56.000Z</time>
        <extensions>
          <ns3:TrackPointExtension>
            <ns3:hr>151</ns3:hr>
            <ns3:cad>91</ns3:cad>
          </ns3:TrackPointExtension>
        </extensions>
      </trkpt>
      <trkpt lat="30.5503434129059314727783203125" lon="104.04687604866921901702880859375">
        <ele>478.600006103515625</ele>
        <time>2026-09-21T13:22:57.000Z</time>
        <extensions>
          <ns3:TrackPointExtension>
            <ns3:hr>152</ns3:hr>
            <ns3:cad>91</ns3:cad>
          </ns3:TrackPointExtension>
        </extensions>
      </trkpt>
      <trkpt lat="30.5503206141293048858642578125" lon="104.0468989312648773193359375">
        <ele>478.600006103515625</ele>
        <time>2026-09-21T13:22:58.000Z</time>
        <extensions>
          <ns3:TrackPointExtension>
            <ns3:hr>152</ns3:hr>
            <ns3:cad>92</ns3:cad>
          </ns3:TrackPointExtension>
        </extensions>
      </trkpt>
      <trkpt lat="30.5503025092184543609619140625" lon="104.04692642390727996826171875">
        <ele>478.600006103515625</ele>
        <time>2026-09-21T13:22:59.000Z</time>
        <extensions>
          <ns3:TrackPointExtension>
            <ns3:hr>152</ns3:hr>
            <ns3:cad>92</ns3:cad>
          </ns3:TrackPointExtension>
        </extensions>
      </trkpt>
      <trkpt lat="30.55028901435434818267822265625" lon="104.04695332981646060943603515625">
        <ele>478.399993896484375</ele>
        <time>2026-09-21T13:23:00.000Z</time>
        <extensions>
          <ns3:TrackPointExtension>
            <ns3:hr>152</ns3:hr>
            <ns3:cad>92</ns3:cad>
          </ns3:TrackPointExtension>
        </extensions>
      </trkpt>
      <trkpt lat="30.5502790398895740509033203125" lon="104.04698182828724384307861328125">
        <ele>478.600006103515625</ele>
        <time>2026-09-21T13:23:01.000Z</time>
        <extensions>
          <ns3:TrackPointExtension>
            <ns3:hr>152</ns3:hr>
            <ns3:cad>92</ns3:cad>
          </ns3:TrackPointExtension>
        </extensions>
      </trkpt>
      <trkpt lat="30.5502681434154510498046875" lon="104.0470030345022678375244140625">
        <ele>478.600006103515625</ele>
        <time>2026-09-21T13:23:02.000Z</time>
        <extensions>
          <ns3:TrackPointExtension>
            <ns3:hr>152</ns3:hr>
            <ns3:cad>92</ns3:cad>
          </ns3:TrackPointExtension>
        </extensions>
      </trkpt>
      <trkpt lat="30.5502599291503429412841796875" lon="104.04702834784984588623046875">
        <ele>478.79998779296875</ele>
        <time>2026-09-21T13:23:03.000Z</time>
        <extensions>
          <ns3:TrackPointExtension>
            <ns3:hr>153</ns3:hr>
            <ns3:cad>92</ns3:cad>
          </ns3:TrackPointExtension>
        </extensions>
      </trkpt>
      <trkpt lat="30.55025246925652027130126953125" lon="104.04705240391194820404052734375">
        <ele>478.79998779296875</ele>
        <time>2026-09-21T13:23:04.000Z</time>
        <extensions>
          <ns3:TrackPointExtension>
            <ns3:hr>153</ns3:hr>
            <ns3:cad>92</ns3:cad>
          </ns3:TrackPointExtension>
        </extensions>
      </trkpt>
      <trkpt lat="30.55024174042046070098876953125" lon="104.047078974545001983642578125">
        <ele>479</ele>
        <time>2026-09-21T13:23:05.000Z</time>
        <extensions>
          <ns3:TrackPointExtension>
            <ns3:hr>153</ns3:hr>
            <ns3:cad>90</ns3:cad>
          </ns3:TrackPointExtension>
        </extensions>
      </trkpt>
      <trkpt lat="30.55022615008056163787841796875" lon="104.04710118658840656280517578125">
        <ele>479</ele>
        <time>2026-09-21T13:23:06.000Z</time>
        <extensions>
          <ns3:TrackPointExtension>
            <ns3:hr>152</ns3:hr>
            <ns3:cad>90</ns3:cad>
          </ns3:TrackPointExtension>
        </extensions>
      </trkpt>
      <trkpt lat="30.55021441541612148284912109375" lon="104.04712700285017490386962890625">
        <ele>479</ele>
        <time>2026-09-21T13:23:07.000Z</time>
        <extensions>
          <ns3:TrackPointExtension>
            <ns3:hr>153</ns3:hr>
            <ns3:cad>89</ns3:cad>
          </ns3:TrackPointExtension>
        </extensions>
      </trkpt>
      <trkpt lat="30.55020603351294994354248046875" lon="104.04715365730226039886474609375">
        <ele>479</ele>
        <time>2026-09-21T13:23:08.000Z</time>
        <extensions>
          <ns3:TrackPointExtension>
            <ns3:hr>153</ns3:hr>
            <ns3:cad>89</ns3:cad>
          </ns3:TrackPointExtension>
        </extensions>
      </trkpt>
      <trkpt lat="30.550194717943668365478515625" lon="104.04718416742980480194091796875">
        <ele>479</ele>
        <time>2026-09-21T13:23:09.000Z</time>
        <extensions>
          <ns3:TrackPointExtension>
            <ns3:hr>153</ns3:hr>
            <ns3:cad>89</ns3:cad>
          </ns3:TrackPointExtension>
        </extensions>
      </trkpt>
      <trkpt lat="30.55018709041178226470947265625" lon="104.04720813967287540435791015625">
        <ele>479.20001220703125</ele>
        <time>2026-09-21T13:23:10.000Z</time>
        <extensions>
          <ns3:TrackPointExtension>
            <ns3:hr>153</ns3:hr>
            <ns3:cad>90</ns3:cad>
          </ns3:TrackPointExtension>
        </extensions>
      </trkpt>
      <trkpt lat="30.55017627775669097900390625" lon="104.04723948799073696136474609375">
        <ele>479.20001220703125</ele>
        <time>2026-09-21T13:23:11.000Z</time>
        <extensions>
          <ns3:TrackPointExtension>
            <ns3:hr>153</ns3:hr>
            <ns3:cad>90</ns3:cad>
          </ns3:TrackPointExtension>
        </extensions>
      </trkpt>
      <trkpt lat="30.550171919167041778564453125" lon="104.0472655557096004486083984375">
        <ele>479.20001220703125</ele>
        <time>2026-09-21T13:23:12.000Z</time>
        <extensions>
          <ns3:TrackPointExtension>
            <ns3:hr>153</ns3:hr>
            <ns3:cad>90</ns3:cad>
          </ns3:TrackPointExtension>
        </extensions>
      </trkpt>
      <trkpt lat="30.55016898550093173980712890625" lon="104.04729397036135196685791015625">
        <ele>479</ele>
        <time>2026-09-21T13:23:13.000Z</time>
        <extensions>
          <ns3:TrackPointExtension>
            <ns3:hr>153</ns3:hr>
            <ns3:cad>91</ns3:cad>
          </ns3:TrackPointExtension>
        </extensions>
      </trkpt>
      <trkpt lat="30.55016496218740940093994140625" lon="104.047318361699581146240234375">
        <ele>479</ele>
        <time>2026-09-21T13:23:14.000Z</time>
        <extensions>
          <ns3:TrackPointExtension>
            <ns3:hr>153</ns3:hr>
            <ns3:cad>91</ns3:cad>
          </ns3:TrackPointExtension>
        </extensions>
      </trkpt>
      <trkpt lat="30.55016219615936279296875" lon="104.047345854341983795166015625">
        <ele>479</ele>
        <time>2026-09-21T13:23:15.000Z</time>
        <extensions>
          <ns3:TrackPointExtension>
            <ns3:hr>153</ns3:hr>
            <ns3:cad>92</ns3:cad>
          </ns3:TrackPointExtension>
        </extensions>
      </trkpt>
      <trkpt lat="30.55016445927321910858154296875" lon="104.04736923985183238983154296875">
        <ele>479</ele>
        <time>2026-09-21T13:23:16.000Z</time>
        <extensions>
          <ns3:TrackPointExtension>
            <ns3:hr>153</ns3:hr>
            <ns3:cad>92</ns3:cad>
          </ns3:TrackPointExtension>
        </extensions>
      </trkpt>
      <trkpt lat="30.55015607737004756927490234375" lon="104.0474016778171062469482421875">
        <ele>479</ele>
        <time>2026-09-21T13:23:17.000Z</time>
        <extensions>
          <ns3:TrackPointExtension>
            <ns3:hr>153</ns3:hr>
            <ns3:cad>92</ns3:cad>
          </ns3:TrackPointExtension>
        </extensions>
      </trkpt>
      <trkpt lat="30.55015523917973041534423828125" lon="104.04742791317403316497802734375">
        <ele>479</ele>
        <time>2026-09-21T13:23:18.000Z</time>
        <extensions>
          <ns3:TrackPointExtension>
            <ns3:hr>152</ns3:hr>
            <ns3:cad>92</ns3:cad>
          </ns3:TrackPointExtension>
        </extensions>
      </trkpt>
      <trkpt lat="30.55015389807522296905517578125" lon="104.04745775274932384490966796875">
        <ele>479</ele>
        <time>2026-09-21T13:23:19.000Z</time>
        <extensions>
          <ns3:TrackPointExtension>
            <ns3:hr>153</ns3:hr>
            <ns3:cad>91</ns3:cad>
          </ns3:TrackPointExtension>
        </extensions>
      </trkpt>
      <trkpt lat="30.550155825912952423095703125" lon="104.04747627675533294677734375">
        <ele>479</ele>
        <time>2026-09-21T13:23:20.000Z</time>
        <extensions>
          <ns3:TrackPointExtension>
            <ns3:hr>153</ns3:hr>
            <ns3:cad>92</ns3:cad>
          </ns3:TrackPointExtension>
        </extensions>
      </trkpt>
      <trkpt lat="30.55015440098941326141357421875" lon="104.04750972054898738861083984375">
        <ele>479</ele>
        <time>2026-09-21T13:23:21.000Z</time>
        <extensions>
          <ns3:TrackPointExtension>
            <ns3:hr>153</ns3:hr>
            <ns3:cad>92</ns3:cad>
          </ns3:TrackPointExtension>
        </extensions>
      </trkpt>
      <trkpt lat="30.55015188641846179962158203125" lon="104.0475321002304553985595703125">
        <ele>479</ele>
        <time>2026-09-21T13:23:22.000Z</time>
        <extensions>
          <ns3:TrackPointExtension>
            <ns3:hr>153</ns3:hr>
            <ns3:cad>92</ns3:cad>
          </ns3:TrackPointExtension>
        </extensions>
      </trkpt>
      <trkpt lat="30.5501459352672100067138671875" lon="104.0475612692534923553466796875">
        <ele>479</ele>
        <time>2026-09-21T13:23:23.000Z</time>
        <extensions>
          <ns3:TrackPointExtension>
            <ns3:hr>152</ns3:hr>
            <ns3:cad>92</ns3:cad>
          </ns3:TrackPointExtension>
        </extensions>
      </trkpt>
      <trkpt lat="30.55014970712363719940185546875" lon="104.04758264310657978057861328125">
        <ele>478.79998779296875</ele>
        <time>2026-09-21T13:23:24.000Z</time>
        <extensions>
          <ns3:TrackPointExtension>
            <ns3:hr>152</ns3:hr>
            <ns3:cad>92</ns3:cad>
          </ns3:TrackPointExtension>
        </extensions>
      </trkpt>
      <trkpt lat="30.55014601908624172210693359375" lon="104.0476108901202678680419921875">
        <ele>478.79998779296875</ele>
        <time>2026-09-21T13:23:25.000Z</time>
        <extensions>
          <ns3:TrackPointExtension>
            <ns3:hr>153</ns3:hr>
            <ns3:cad>92</ns3:cad>
          </ns3:TrackPointExtension>
        </extensions>
      </trkpt>
      <trkpt lat="30.5501447618007659912109375" lon="104.04763628728687763214111328125">
        <ele>478.79998779296875</ele>
        <time>2026-09-21T13:23:26.000Z</time>
        <extensions>
          <ns3:TrackPointExtension>
            <ns3:hr>153</ns3:hr>
            <ns3:cad>91</ns3:cad>
          </ns3:TrackPointExtension>
        </extensions>
      </trkpt>
      <trkpt lat="30.550139732658863067626953125" lon="104.0476712398231029510498046875">
        <ele>478.79998779296875</ele>
        <time>2026-09-21T13:23:27.000Z</time>
        <extensions>
          <ns3:TrackPointExtension>
            <ns3:hr>153</ns3:hr>
            <ns3:cad>92</ns3:cad>
          </ns3:TrackPointExtension>
        </extensions>
      </trkpt>
      <trkpt lat="30.55014266632497310638427734375" lon="104.0476960502564907073974609375">
        <ele>478.79998779296875</ele>
        <time>2026-09-21T13:23:28.000Z</time>
        <extensions>
          <ns3:TrackPointExtension>
            <ns3:hr>153</ns3:hr>
            <ns3:cad>92</ns3:cad>
          </ns3:TrackPointExtension>
        </extensions>
      </trkpt>
      <trkpt lat="30.5501365475356578826904296875" lon="104.04772966168820858001708984375">
        <ele>478.79998779296875</ele>
        <time>2026-09-21T13:23:29.000Z</time>
        <extensions>
          <ns3:TrackPointExtension>
            <ns3:hr>153</ns3:hr>
            <ns3:cad>92</ns3:cad>
          </ns3:TrackPointExtension>
        </extensions>
      </trkpt>
      <trkpt lat="30.55013596080243587493896484375" lon="104.0477590821683406829833984375">
        <ele>478.79998779296875</ele>
        <time>2026-09-21T13:23:30.000Z</time>
        <extensions>
          <ns3:TrackPointExtension>
            <ns3:hr>153</ns3:hr>
            <ns3:cad>92</ns3:cad>
          </ns3:TrackPointExtension>
        </extensions>
      </trkpt>
      <trkpt lat="30.55013336241245269775390625" lon="104.04778967611491680145263671875">
        <ele>478.79998779296875</ele>
        <time>2026-09-21T13:23:31.000Z</time>
        <extensions>
          <ns3:TrackPointExtension>
            <ns3:hr>153</ns3:hr>
            <ns3:cad>93</ns3:cad>
          </ns3:TrackPointExtension>
        </extensions>
      </trkpt>
      <trkpt lat="30.5501353740692138671875" lon="104.0478207729756832122802734375">
        <ele>478.79998779296875</ele>
        <time>2026-09-21T13:23:32.000Z</time>
        <extensions>
          <ns3:TrackPointExtension>
            <ns3:hr>153</ns3:hr>
            <ns3:cad>93</ns3:cad>
          </ns3:TrackPointExtension>
        </extensions>
      </trkpt>
      <trkpt lat="30.55013361386954784393310546875" lon="104.04784952290356159210205078125">
        <ele>478.79998779296875</ele>
        <time>2026-09-21T13:23:33.000Z</time>
        <extensions>
          <ns3:TrackPointExtension>
            <ns3:hr>153</ns3:hr>
            <ns3:cad>92</ns3:cad>
          </ns3:TrackPointExtension>
        </extensions>
      </trkpt>
      <trkpt lat="30.55012933909893035888671875" lon="104.0478770993649959564208984375">
        <ele>478.600006103515625</ele>
        <time>2026-09-21T13:23:34.000Z</time>
        <extensions>
          <ns3:TrackPointExtension>
            <ns3:hr>152</ns3:hr>
            <ns3:cad>92</ns3:cad>
          </ns3:TrackPointExtension>
        </extensions>
      </trkpt>
      <trkpt lat="30.55013202130794525146484375" lon="104.047907777130603790283203125">
        <ele>478.600006103515625</ele>
        <time>2026-09-21T13:23:35.000Z</time>
        <extensions>
          <ns3:TrackPointExtension>
            <ns3:hr>153</ns3:hr>
            <ns3:cad>92</ns3:cad>
          </ns3:TrackPointExtension>
        </extensions>
      </trkpt>
      <trkpt lat="30.55013294331729412078857421875" lon="104.04793686233460903167724609375">
        <ele>478.600006103515625</ele>
        <time>2026-09-21T13:23:36.000Z</time>
        <extensions>
          <ns3:TrackPointExtension>
            <ns3:hr>153</ns3:hr>
            <ns3:cad>92</ns3:cad>
          </ns3:TrackPointExtension>
        </extensions>
      </trkpt>
      <trkpt lat="30.550135038793087005615234375" lon="104.04796401970088481903076171875">
        <ele>478.600006103515625</ele>
        <time>2026-09-21T13:23:37.000Z</time>
        <extensions>
          <ns3:TrackPointExtension>
            <ns3:hr>153</ns3:hr>
            <ns3:cad>92</ns3:cad>
          </ns3:TrackPointExtension>
        </extensions>
      </trkpt>
      <trkpt lat="30.55013529025018215179443359375" lon="104.0479932725429534912109375">
        <ele>478.600006103515625</ele>
        <time>2026-09-21T13:23:38.000Z</time>
        <extensions>
          <ns3:TrackPointExtension>
            <ns3:hr>153</ns3:hr>
            <ns3:cad>91</ns3:cad>
          </ns3:TrackPointExtension>
        </extensions>
      </trkpt>
      <trkpt lat="30.55013478733599185943603515625" lon="104.0480242855846881866455078125">
        <ele>478.600006103515625</ele>
        <time>2026-09-21T13:23:39.000Z</time>
        <extensions>
          <ns3:TrackPointExtension>
            <ns3:hr>153</ns3:hr>
            <ns3:cad>91</ns3:cad>
          </ns3:TrackPointExtension>
        </extensions>
      </trkpt>
      <trkpt lat="30.55013244040310382843017578125" lon="104.04805940575897693634033203125">
        <ele>478.399993896484375</ele>
        <time>2026-09-21T13:23:40.000Z</time>
        <extensions>
          <ns3:TrackPointExtension>
            <ns3:hr>153</ns3:hr>
            <ns3:cad>91</ns3:cad>
          </ns3:TrackPointExtension>
        </extensions>
      </trkpt>
      <trkpt lat="30.55013000965118408203125" lon="104.04808857478201389312744140625">
        <ele>478.399993896484375</ele>
        <time>2026-09-21T13:23:41.000Z</time>
        <extensions>
          <ns3:TrackPointExtension>
            <ns3:hr>153</ns3:hr>
            <ns3:cad>92</ns3:cad>
          </ns3:TrackPointExtension>
        </extensions>
      </trkpt>
      <trkpt lat="30.550129674375057220458984375" lon="104.048122353851795196533203125">
        <ele>478.399993896484375</ele>
        <time>2026-09-21T13:23:42.000Z</time>
        <extensions>
          <ns3:TrackPointExtension>
            <ns3:hr>154</ns3:hr>
            <ns3:cad>92</ns3:cad>
          </ns3:TrackPointExtension>
        </extensions>
      </trkpt>
      <trkpt lat="30.55012959055602550506591796875" lon="104.0481436438858509063720703125">
        <ele>478.399993896484375</ele>
        <time>2026-09-21T13:23:43.000Z</time>
        <extensions>
          <ns3:TrackPointExtension>
            <ns3:hr>154</ns3:hr>
            <ns3:cad>92</ns3:cad>
          </ns3:TrackPointExtension>
        </extensions>
      </trkpt>
      <trkpt lat="30.55012892000377178192138671875" lon="104.0481788478791713714599609375">
        <ele>478.600006103515625</ele>
        <time>2026-09-21T13:23:44.000Z</time>
        <extensions>
          <ns3:TrackPointExtension>
            <ns3:hr>155</ns3:hr>
            <ns3:cad>91</ns3:cad>
          </ns3:TrackPointExtension>
        </extensions>
      </trkpt>
      <trkpt lat="30.5501367151737213134765625" lon="104.0482026524841785430908203125">
        <ele>478.600006103515625</ele>
        <time>2026-09-21T13:23:45.000Z</time>
        <extensions>
          <ns3:TrackPointExtension>
            <ns3:hr>155</ns3:hr>
            <ns3:cad>92</ns3:cad>
          </ns3:TrackPointExtension>
        </extensions>
      </trkpt>
      <trkpt lat="30.55013797245919704437255859375" lon="104.04823726974427700042724609375">
        <ele>478.600006103515625</ele>
        <time>2026-09-21T13:23:46.000Z</time>
        <extensions>
          <ns3:TrackPointExtension>
            <ns3:hr>155</ns3:hr>
            <ns3:cad>92</ns3:cad>
          </ns3:TrackPointExtension>
        </extensions>
      </trkpt>
      <trkpt lat="30.550149120390415191650390625" lon="104.04825721867382526397705078125">
        <ele>478.600006103515625</ele>
        <time>2026-09-21T13:23:47.000Z</time>
        <extensions>
          <ns3:TrackPointExtension>
            <ns3:hr>155</ns3:hr>
            <ns3:cad>92</ns3:cad>
          </ns3:TrackPointExtension>
        </extensions>
      </trkpt>
      <trkpt lat="30.5501563288271427154541015625" lon="104.04828856699168682098388671875">
        <ele>478.600006103515625</ele>
        <time>2026-09-21T13:23:48.000Z</time>
        <extensions>
          <ns3:TrackPointExtension>
            <ns3:hr>155</ns3:hr>
            <ns3:cad>92</ns3:cad>
          </ns3:TrackPointExtension>
        </extensions>
      </trkpt>
      <trkpt lat="30.5501647107303142547607421875" lon="104.04830868355929851531982421875">
        <ele>478.600006103515625</ele>
        <time>2026-09-21T13:23:49.000Z</time>
        <extensions>
          <ns3:TrackPointExtension>
            <ns3:hr>155</ns3:hr>
            <ns3:cad>90</ns3:cad>
          </ns3:TrackPointExtension>
        </extensions>
      </trkpt>
      <trkpt lat="30.55017284117639064788818359375" lon="104.04834522865712642669677734375">
        <ele>478.600006103515625</ele>
        <time>2026-09-21T13:23:50.000Z</time>
        <extensions>
          <ns3:TrackPointExtension>
            <ns3:hr>155</ns3:hr>
            <ns3:cad>90</ns3:cad>
          </ns3:TrackPointExtension>
        </extensions>
      </trkpt>
      <trkpt lat="30.55018440820276737213134765625" lon="104.048370458185672760009765625">
        <ele>478.600006103515625</ele>
        <time>2026-09-21T13:23:51.000Z</time>
        <extensions>
          <ns3:TrackPointExtension>
            <ns3:hr>156</ns3:hr>
            <ns3:cad>90</ns3:cad>
          </ns3:TrackPointExtension>
        </extensions>
      </trkpt>
      <trkpt lat="30.55019279010593891143798828125" lon="104.0484028123319149017333984375">
        <ele>478.399993896484375</ele>
        <time>2026-09-21T13:23:52.000Z</time>
        <extensions>
          <ns3:TrackPointExtension>
            <ns3:hr>155</ns3:hr>
            <ns3:cad>90</ns3:cad>
          </ns3:TrackPointExtension>
        </extensions>
      </trkpt>
      <trkpt lat="30.55020217783749103546142578125" lon="104.04842519201338291168212890625">
        <ele>478.399993896484375</ele>
        <time>2026-09-21T13:23:53.000Z</time>
        <extensions>
          <ns3:TrackPointExtension>
            <ns3:hr>155</ns3:hr>
            <ns3:cad>90</ns3:cad>
          </ns3:TrackPointExtension>
        </extensions>
      </trkpt>
      <trkpt lat="30.55021223612129688262939453125" lon="104.04845436103641986846923828125">
        <ele>478.399993896484375</ele>
        <time>2026-09-21T13:23:54.000Z</time>
        <extensions>
          <ns3:TrackPointExtension>
            <ns3:hr>155</ns3:hr>
            <ns3:cad>90</ns3:cad>
          </ns3:TrackPointExtension>
        </extensions>
      </trkpt>
      <trkpt lat="30.55022447369992733001708984375" lon="104.0484755672514438629150390625">
        <ele>478.399993896484375</ele>
        <time>2026-09-21T13:23:55.000Z</time>
        <extensions>
          <ns3:TrackPointExtension>
            <ns3:hr>155</ns3:hr>
            <ns3:cad>90</ns3:cad>
          </ns3:TrackPointExtension>
        </extensions>
      </trkpt>
      <trkpt lat="30.5502344481647014617919921875" lon="104.04850498773157596588134765625">
        <ele>478.399993896484375</ele>
        <time>2026-09-21T13:23:56.000Z</time>
        <extensions>
          <ns3:TrackPointExtension>
            <ns3:hr>155</ns3:hr>
            <ns3:cad>91</ns3:cad>
          </ns3:TrackPointExtension>
        </extensions>
      </trkpt>
      <trkpt lat="30.5502455122768878936767578125" lon="104.04852711595594882965087890625">
        <ele>478.600006103515625</ele>
        <time>2026-09-21T13:23:57.000Z</time>
        <extensions>
          <ns3:TrackPointExtension>
            <ns3:hr>156</ns3:hr>
            <ns3:cad>92</ns3:cad>
          </ns3:TrackPointExtension>
        </extensions>
      </trkpt>
      <trkpt lat="30.55025246925652027130126953125" lon="104.04855377040803432464599609375">
        <ele>478.399993896484375</ele>
        <time>2026-09-21T13:23:58.000Z</time>
        <extensions>
          <ns3:TrackPointExtension>
            <ns3:hr>155</ns3:hr>
            <ns3:cad>92</ns3:cad>
          </ns3:TrackPointExtension>
        </extensions>
      </trkpt>
      <trkpt lat="30.55026403628289699554443359375" lon="104.04857690446078777313232421875">
        <ele>478.399993896484375</ele>
        <time>2026-09-21T13:23:59.000Z</time>
        <extensions>
          <ns3:TrackPointExtension>
            <ns3:hr>155</ns3:hr>
            <ns3:cad>92</ns3:cad>
          </ns3:TrackPointExtension>
        </extensions>
      </trkpt>
      <trkpt lat="30.550271160900592803955078125" lon="104.04860003851354122161865234375">
        <ele>478.399993896484375</ele>
        <time>2026-09-21T13:24:00.000Z</time>
        <extensions>
          <ns3:TrackPointExtension>
            <ns3:hr>155</ns3:hr>
            <ns3:cad>92</ns3:cad>
          </ns3:TrackPointExtension>
        </extensions>
      </trkpt>
      <trkpt lat="30.5502803809940814971923828125" lon="104.04862350784242153167724609375">
        <ele>478.399993896484375</ele>
        <time>2026-09-21T13:24:01.000Z</time>
        <extensions>
          <ns3:TrackPointExtension>
            <ns3:hr>155</ns3:hr>
            <ns3:cad>92</ns3:cad>
          </ns3:TrackPointExtension>
        </extensions>
      </trkpt>
      <trkpt lat="30.55028817616403102874755859375" lon="104.0486485697329044342041015625">
        <ele>478.399993896484375</ele>
        <time>2026-09-21T13:24:02.000Z</time>
        <extensions>
          <ns3:TrackPointExtension>
            <ns3:hr>155</ns3:hr>
            <ns3:cad>91</ns3:cad>
          </ns3:TrackPointExtension>
        </extensions>
      </trkpt>
      <trkpt lat="30.55029588751494884490966796875" lon="104.04867631383240222930908203125">
        <ele>478.399993896484375</ele>
        <time>2026-09-21T13:24:03.000Z</time>
        <extensions>
          <ns3:TrackPointExtension>
            <ns3:hr>154</ns3:hr>
            <ns3:cad>91</ns3:cad>
          </ns3:TrackPointExtension>
        </extensions>
      </trkpt>
      <trkpt lat="30.55029287002980709075927734375" lon="104.04871101491153240203857421875">
        <ele>478.399993896484375</ele>
        <time>2026-09-21T13:24:04.000Z</time>
        <extensions>
          <ns3:TrackPointExtension>
            <ns3:hr>154</ns3:hr>
            <ns3:cad>91</ns3:cad>
          </ns3:TrackPointExtension>
        </extensions>
      </trkpt>
      <trkpt lat="30.5502941273152828216552734375" lon="104.0487394295632839202880859375">
        <ele>478.399993896484375</ele>
        <time>2026-09-21T13:24:05.000Z</time>
        <extensions>
          <ns3:TrackPointExtension>
            <ns3:hr>154</ns3:hr>
            <ns3:cad>90</ns3:cad>
          </ns3:TrackPointExtension>
        </extensions>
      </trkpt>
      <trkpt lat="30.55029152892529964447021484375" lon="104.0487791597843170166015625">
        <ele>478.399993896484375</ele>
        <time>2026-09-21T13:24:06.000Z</time>
        <extensions>
          <ns3:TrackPointExtension>
            <ns3:hr>154</ns3:hr>
            <ns3:cad>90</ns3:cad>
          </ns3:TrackPointExtension>
        </extensions>
      </trkpt>
      <trkpt lat="30.55029404349625110626220703125" lon="104.04881444759666919708251953125">
        <ele>478.399993896484375</ele>
        <time>2026-09-21T13:24:07.000Z</time>
        <extensions>
          <ns3:TrackPointExtension>
            <ns3:hr>154</ns3:hr>
            <ns3:cad>90</ns3:cad>
          </ns3:TrackPointExtension>
        </extensions>
      </trkpt>
      <trkpt lat="30.5502927862107753753662109375" lon="104.0488473884761333465576171875">
        <ele>478.399993896484375</ele>
        <time>2026-09-21T13:24:08.000Z</time>
        <extensions>
          <ns3:TrackPointExtension>
            <ns3:hr>154</ns3:hr>
            <ns3:cad>90</ns3:cad>
          </ns3:TrackPointExtension>
        </extensions>
      </trkpt>
      <trkpt lat="30.55029169656336307525634765625" lon="104.04887932352721691131591796875">
        <ele>478.399993896484375</ele>
        <time>2026-09-21T13:24:09.000Z</time>
        <extensions>
          <ns3:TrackPointExtension>
            <ns3:hr>154</ns3:hr>
            <ns3:cad>90</ns3:cad>
          </ns3:TrackPointExtension>
        </extensions>
      </trkpt>
      <trkpt lat="30.55028616450726985931396484375" lon="104.0489134378731250762939453125">
        <ele>478.20001220703125</ele>
        <time>2026-09-21T13:24:10.000Z</time>
        <extensions>
          <ns3:TrackPointExtension>
            <ns3:hr>153</ns3:hr>
            <ns3:cad>90</ns3:cad>
          </ns3:TrackPointExtension>
        </extensions>
      </trkpt>
      <trkpt lat="30.55028297938406467437744140625" lon="104.04894302599132061004638671875">
        <ele>478.20001220703125</ele>
        <time>2026-09-21T13:24:11.000Z</time>
        <extensions>
          <ns3:TrackPointExtension>
            <ns3:hr>153</ns3:hr>
            <ns3:cad>91</ns3:cad>
          </ns3:TrackPointExtension>
        </extensions>
      </trkpt>
      <trkpt lat="30.5502783693373203277587890625" lon="104.0489717759191989898681640625">
        <ele>478.20001220703125</ele>
        <time>2026-09-21T13:24:12.000Z</time>
        <extensions>
          <ns3:TrackPointExtension>
            <ns3:hr>153</ns3:hr>
            <ns3:cad>91</ns3:cad>
          </ns3:TrackPointExtension>
        </extensions>
      </trkpt>
      <trkpt lat="30.55027551949024200439453125" lon="104.04900438152253627777099609375">
        <ele>478.20001220703125</ele>
        <time>2026-09-21T13:24:13.000Z</time>
        <extensions>
          <ns3:TrackPointExtension>
            <ns3:hr>153</ns3:hr>
            <ns3:cad>91</ns3:cad>
          </ns3:TrackPointExtension>
        </extensions>
      </trkpt>
      <trkpt lat="30.55026822723448276519775390625" lon="104.04903539456427097320556640625">
        <ele>478</ele>
        <time>2026-09-21T13:24:14.000Z</time>
        <extensions>
          <ns3:TrackPointExtension>
            <ns3:hr>153</ns3:hr>
            <ns3:cad>92</ns3:cad>
          </ns3:TrackPointExtension>
        </extensions>
      </trkpt>
      <trkpt lat="30.550261102616786956787109375" lon="104.0490690059959888458251953125">
        <ele>478</ele>
        <time>2026-09-21T13:24:15.000Z</time>
        <extensions>
          <ns3:TrackPointExtension>
            <ns3:hr>153</ns3:hr>
            <ns3:cad>92</ns3:cad>
          </ns3:TrackPointExtension>
        </extensions>
      </trkpt>
      <trkpt lat="30.5502525530755519866943359375" lon="104.04909507371485233306884765625">
        <ele>478</ele>
        <time>2026-09-21T13:24:16.000Z</time>
        <extensions>
          <ns3:TrackPointExtension>
            <ns3:hr>153</ns3:hr>
            <ns3:cad>92</ns3:cad>
          </ns3:TrackPointExtension>
        </extensions>
      </trkpt>
      <trkpt lat="30.55024006403982639312744140625" lon="104.04912927187979221343994140625">
        <ele>478</ele>
        <time>2026-09-21T13:24:17.000Z</time>
        <extensions>
          <ns3:TrackPointExtension>
            <ns3:hr>153</ns3:hr>
            <ns3:cad>91</ns3:cad>
          </ns3:TrackPointExtension>
        </extensions>
      </trkpt>
      <trkpt lat="30.55022313259541988372802734375" lon="104.049154333770275115966796875">
        <ele>477.79998779296875</ele>
        <time>2026-09-21T13:24:18.000Z</time>
        <extensions>
          <ns3:TrackPointExtension>
            <ns3:hr>154</ns3:hr>
            <ns3:cad>91</ns3:cad>
          </ns3:TrackPointExtension>
        </extensions>
      </trkpt>
      <trkpt lat="30.55020846426486968994140625" lon="104.0491779707372188568115234375">
        <ele>477.600006103515625</ele>
        <time>2026-09-21T13:24:19.000Z</time>
        <extensions>
          <ns3:TrackPointExtension>
            <ns3:hr>153</ns3:hr>
            <ns3:cad>91</ns3:cad>
          </ns3:TrackPointExtension>
        </extensions>
      </trkpt>
      <trkpt lat="30.55019631050527095794677734375" lon="104.04920185916125774383544921875">
        <ele>477.600006103515625</ele>
        <time>2026-09-21T13:24:20.000Z</time>
        <extensions>
          <ns3:TrackPointExtension>
            <ns3:hr>153</ns3:hr>
            <ns3:cad>92</ns3:cad>
          </ns3:TrackPointExtension>
        </extensions>
      </trkpt>
      <trkpt lat="30.5501774512231349945068359375" lon="104.04922516085207462310791015625">
        <ele>477.399993896484375</ele>
        <time>2026-09-21T13:24:21.000Z</time>
        <extensions>
          <ns3:TrackPointExtension>
            <ns3:hr>153</ns3:hr>
            <ns3:cad>92</ns3:cad>
          </ns3:TrackPointExtension>
        </extensions>
      </trkpt>
      <trkpt lat="30.5501568317413330078125" lon="104.0492485463619232177734375">
        <ele>477.399993896484375</ele>
        <time>2026-09-21T13:24:22.000Z</time>
        <extensions>
          <ns3:TrackPointExtension>
            <ns3:hr>153</ns3:hr>
            <ns3:cad>92</ns3:cad>
          </ns3:TrackPointExtension>
        </extensions>
      </trkpt>
      <trkpt lat="30.55013914592564105987548828125" lon="104.04926807619631290435791015625">
        <ele>477.20001220703125</ele>
        <time>2026-09-21T13:24:23.000Z</time>
        <extensions>
          <ns3:TrackPointExtension>
            <ns3:hr>153</ns3:hr>
            <ns3:cad>90</ns3:cad>
          </ns3:TrackPointExtension>
        </extensions>
      </trkpt>
      <trkpt lat="30.5501201190054416656494140625" lon="104.04929020442068576812744140625">
        <ele>477.20001220703125</ele>
        <time>2026-09-21T13:24:24.000Z</time>
        <extensions>
          <ns3:TrackPointExtension>
            <ns3:hr>153</ns3:hr>
            <ns3:cad>90</ns3:cad>
          </ns3:TrackPointExtension>
        </extensions>
      </trkpt>
      <trkpt lat="30.55009472183883190155029296875" lon="104.04930864460766315460205078125">
        <ele>477.399993896484375</ele>
        <time>2026-09-21T13:24:25.000Z</time>
        <extensions>
          <ns3:TrackPointExtension>
            <ns3:hr>153</ns3:hr>
            <ns3:cad>90</ns3:cad>
          </ns3:TrackPointExtension>
        </extensions>
      </trkpt>
      <trkpt lat="30.55008164606988430023193359375" lon="104.04932976700365543365478515625">
        <ele>477.399993896484375</ele>
        <time>2026-09-21T13:24:26.000Z</time>
        <extensions>
          <ns3:TrackPointExtension>
            <ns3:hr>153</ns3:hr>
            <ns3:cad>92</ns3:cad>
          </ns3:TrackPointExtension>
        </extensions>
      </trkpt>
      <trkpt lat="30.5500604398548603057861328125" lon="104.04935273341834545135498046875">
        <ele>477.399993896484375</ele>
        <time>2026-09-21T13:24:27.000Z</time>
        <extensions>
          <ns3:TrackPointExtension>
            <ns3:hr>153</ns3:hr>
            <ns3:cad>93</ns3:cad>
          </ns3:TrackPointExtension>
        </extensions>
      </trkpt>
      <trkpt lat="30.55004619061946868896484375" lon="104.04937486164271831512451171875">
        <ele>477.399993896484375</ele>
        <time>2026-09-21T13:24:28.000Z</time>
        <extensions>
          <ns3:TrackPointExtension>
            <ns3:hr>153</ns3:hr>
            <ns3:cad>93</ns3:cad>
          </ns3:TrackPointExtension>
        </extensions>
      </trkpt>
      <trkpt lat="30.55002146400511264801025390625" lon="104.049389362335205078125">
        <ele>477.399993896484375</ele>
        <time>2026-09-21T13:24:29.000Z</time>
        <extensions>
          <ns3:TrackPointExtension>
            <ns3:hr>153</ns3:hr>
            <ns3:cad>92</ns3:cad>
          </ns3:TrackPointExtension>
        </extensions>
      </trkpt>
      <trkpt lat="30.550005622208118438720703125" lon="104.049409814178943634033203125">
        <ele>477.399993896484375</ele>
        <time>2026-09-21T13:24:30.000Z</time>
        <extensions>
          <ns3:TrackPointExtension>
            <ns3:hr>153</ns3:hr>
            <ns3:cad>92</ns3:cad>
          </ns3:TrackPointExtension>
        </extensions>
      </trkpt>
      <trkpt lat="30.54998072795569896697998046875" lon="104.0494264103472232818603515625">
        <ele>477.399993896484375</ele>
        <time>2026-09-21T13:24:31.000Z</time>
        <extensions>
          <ns3:TrackPointExtension>
            <ns3:hr>152</ns3:hr>
            <ns3:cad>91</ns3:cad>
          </ns3:TrackPointExtension>
        </extensions>
      </trkpt>
      <trkpt lat="30.54996161721646785736083984375" lon="104.04944627545773983001708984375">
        <ele>477.20001220703125</ele>
        <time>2026-09-21T13:24:32.000Z</time>
        <extensions>
          <ns3:TrackPointExtension>
            <ns3:hr>152</ns3:hr>
            <ns3:cad>91</ns3:cad>
          </ns3:TrackPointExtension>
        </extensions>
      </trkpt>
      <trkpt lat="30.54994116537272930145263671875" lon="104.04946622438728809356689453125">
        <ele>477.20001220703125</ele>
        <time>2026-09-21T13:24:33.000Z</time>
        <extensions>
          <ns3:TrackPointExtension>
            <ns3:hr>152</ns3:hr>
            <ns3:cad>91</ns3:cad>
          </ns3:TrackPointExtension>
        </extensions>
      </trkpt>
      <trkpt lat="30.54992574267089366912841796875" lon="104.04948927462100982666015625">
        <ele>477</ele>
        <time>2026-09-21T13:24:34.000Z</time>
        <extensions>
          <ns3:TrackPointExtension>
            <ns3:hr>152</ns3:hr>
            <ns3:cad>91</ns3:cad>
          </ns3:TrackPointExtension>
        </extensions>
      </trkpt>
      <trkpt lat="30.54990478791296482086181640625" lon="104.049507714807987213134765625">
        <ele>477</ele>
        <time>2026-09-21T13:24:35.000Z</time>
        <extensions>
          <ns3:TrackPointExtension>
            <ns3:hr>152</ns3:hr>
            <ns3:cad>91</ns3:cad>
          </ns3:TrackPointExtension>
        </extensions>
      </trkpt>
      <trkpt lat="30.549880899488925933837890625" lon="104.049524478614330291748046875">
        <ele>476.79998779296875</ele>
        <time>2026-09-21T13:24:36.000Z</time>
        <extensions>
          <ns3:TrackPointExtension>
            <ns3:hr>152</ns3:hr>
            <ns3:cad>92</ns3:cad>
          </ns3:TrackPointExtension>
        </extensions>
      </trkpt>
      <trkpt lat="30.5498596094548702239990234375" lon="104.04953881166875362396240234375">
        <ele>476.79998779296875</ele>
        <time>2026-09-21T13:24:37.000Z</time>
        <extensions>
          <ns3:TrackPointExtension>
            <ns3:hr>152</ns3:hr>
            <ns3:cad>92</ns3:cad>
          </ns3:TrackPointExtension>
        </extensions>
      </trkpt>
      <trkpt lat="30.549837984144687652587890625" lon="104.04955088160932064056396484375">
        <ele>476.600006103515625</ele>
        <time>2026-09-21T13:24:38.000Z</time>
        <extensions>
          <ns3:TrackPointExtension>
            <ns3:hr>152</ns3:hr>
            <ns3:cad>92</ns3:cad>
          </ns3:TrackPointExtension>
        </extensions>
      </trkpt>
      <trkpt lat="30.5498170293867588043212890625" lon="104.04956026934087276458740234375">
        <ele>476.600006103515625</ele>
        <time>2026-09-21T13:24:39.000Z</time>
        <extensions>
          <ns3:TrackPointExtension>
            <ns3:hr>152</ns3:hr>
            <ns3:cad>92</ns3:cad>
          </ns3:TrackPointExtension>
        </extensions>
      </trkpt>
      <trkpt lat="30.54979096166789531707763671875" lon="104.0495752729475498199462890625">
        <ele>476.399993896484375</ele>
        <time>2026-09-21T13:24:40.000Z</time>
        <extensions>
          <ns3:TrackPointExtension>
            <ns3:hr>152</ns3:hr>
            <ns3:cad>91</ns3:cad>
          </ns3:TrackPointExtension>
        </extensions>
      </trkpt>
      <trkpt lat="30.549770928919315338134765625" lon="104.04958424158394336700439453125">
        <ele>476.399993896484375</ele>
        <time>2026-09-21T13:24:41.000Z</time>
        <extensions>
          <ns3:TrackPointExtension>
            <ns3:hr>152</ns3:hr>
            <ns3:cad>92</ns3:cad>
          </ns3:TrackPointExtension>
        </extensions>
      </trkpt>
      <trkpt lat="30.5497459508478641510009765625" lon="104.049600251019001007080078125">
        <ele>476.20001220703125</ele>
        <time>2026-09-21T13:24:42.000Z</time>
        <extensions>
          <ns3:TrackPointExtension>
            <ns3:hr>152</ns3:hr>
            <ns3:cad>91</ns3:cad>
          </ns3:TrackPointExtension>
        </extensions>
      </trkpt>
      <trkpt lat="30.54973396472632884979248046875" lon="104.04961533844470977783203125">
        <ele>476.20001220703125</ele>
        <time>2026-09-21T13:24:43.000Z</time>
        <extensions>
          <ns3:TrackPointExtension>
            <ns3:hr>151</ns3:hr>
            <ns3:cad>92</ns3:cad>
          </ns3:TrackPointExtension>
        </extensions>
      </trkpt>
      <trkpt lat="30.54971233941614627838134765625" lon="104.04963009059429168701171875">
        <ele>476.20001220703125</ele>
        <time>2026-09-21T13:24:44.000Z</time>
        <extensions>
          <ns3:TrackPointExtension>
            <ns3:hr>151</ns3:hr>
            <ns3:cad>92</ns3:cad>
          </ns3:TrackPointExtension>
        </extensions>
      </trkpt>
      <trkpt lat="30.54969213902950286865234375" lon="104.04964509420096874237060546875">
        <ele>476</ele>
        <time>2026-09-21T13:24:45.000Z</time>
        <extensions>
          <ns3:TrackPointExtension>
            <ns3:hr>151</ns3:hr>
            <ns3:cad>92</ns3:cad>
          </ns3:TrackPointExtension>
        </extensions>
      </trkpt>
      <trkpt lat="30.5496654845774173736572265625" lon="104.0496597625315189361572265625">
        <ele>476</ele>
        <time>2026-09-21T13:24:46.000Z</time>
        <extensions>
          <ns3:TrackPointExtension>
            <ns3:hr>152</ns3:hr>
            <ns3:cad>92</ns3:cad>
          </ns3:TrackPointExtension>
        </extensions>
      </trkpt>
      <trkpt lat="30.54964494891464710235595703125" lon="104.04967057518661022186279296875">
        <ele>476</ele>
        <time>2026-09-21T13:24:47.000Z</time>
        <extensions>
          <ns3:TrackPointExtension>
            <ns3:hr>151</ns3:hr>
            <ns3:cad>92</ns3:cad>
          </ns3:TrackPointExtension>
        </extensions>
      </trkpt>
      <trkpt lat="30.54961846210062503814697265625" lon="104.0496839024126529693603515625">
        <ele>475.79998779296875</ele>
        <time>2026-09-21T13:24:48.000Z</time>
        <extensions>
          <ns3:TrackPointExtension>
            <ns3:hr>151</ns3:hr>
            <ns3:cad>92</ns3:cad>
          </ns3:TrackPointExtension>
        </extensions>
      </trkpt>
      <trkpt lat="30.54959985427558422088623046875" lon="104.04969848692417144775390625">
        <ele>475.79998779296875</ele>
        <time>2026-09-21T13:24:49.000Z</time>
        <extensions>
          <ns3:TrackPointExtension>
            <ns3:hr>152</ns3:hr>
            <ns3:cad>92</ns3:cad>
          </ns3:TrackPointExtension>
        </extensions>
      </trkpt>
      <trkpt lat="30.54956582374870777130126953125" lon="104.0497067011892795562744140625">
        <ele>475.79998779296875</ele>
        <time>2026-09-21T13:24:50.000Z</time>
        <extensions>
          <ns3:TrackPointExtension>
            <ns3:hr>151</ns3:hr>
            <ns3:cad>92</ns3:cad>
          </ns3:TrackPointExtension>
        </extensions>
      </trkpt>
      <trkpt lat="30.54954193532466888427734375" lon="104.0497164241969585418701171875">
        <ele>475.79998779296875</ele>
        <time>2026-09-21T13:24:51.000Z</time>
        <extensions>
          <ns3:TrackPointExtension>
            <ns3:hr>151</ns3:hr>
            <ns3:cad>92</ns3:cad>
          </ns3:TrackPointExtension>
        </extensions>
      </trkpt>
      <trkpt lat="30.5495132692158222198486328125" lon="104.04973260127007961273193359375">
        <ele>475.79998779296875</ele>
        <time>2026-09-21T13:24:52.000Z</time>
        <extensions>
          <ns3:TrackPointExtension>
            <ns3:hr>150</ns3:hr>
            <ns3:cad>92</ns3:cad>
          </ns3:TrackPointExtension>
        </extensions>
      </trkpt>
      <trkpt lat="30.54949055425822734832763671875" lon="104.0497501194477081298828125">
        <ele>475.79998779296875</ele>
        <time>2026-09-21T13:24:53.000Z</time>
        <extensions>
          <ns3:TrackPointExtension>
            <ns3:hr>150</ns3:hr>
            <ns3:cad>91</ns3:cad>
          </ns3:TrackPointExtension>
        </extensions>
      </trkpt>
      <trkpt lat="30.5494576133787631988525390625" lon="104.0497750975191593170166015625">
        <ele>475.79998779296875</ele>
        <time>2026-09-21T13:24:54.000Z</time>
        <extensions>
          <ns3:TrackPointExtension>
            <ns3:hr>150</ns3:hr>
            <ns3:cad>92</ns3:cad>
          </ns3:TrackPointExtension>
        </extensions>
      </trkpt>
      <trkpt lat="30.54944076575338840484619140625" lon="104.049796052277088165283203125">
        <ele>475.600006103515625</ele>
        <time>2026-09-21T13:24:55.000Z</time>
        <extensions>
          <ns3:TrackPointExtension>
            <ns3:hr>150</ns3:hr>
            <ns3:cad>92</ns3:cad>
          </ns3:TrackPointExtension>
        </extensions>
      </trkpt>
      <trkpt lat="30.54942450486123561859130859375" lon="104.0498279035091400146484375">
        <ele>475.600006103515625</ele>
        <time>2026-09-21T13:24:56.000Z</time>
        <extensions>
          <ns3:TrackPointExtension>
            <ns3:hr>150</ns3:hr>
            <ns3:cad>92</ns3:cad>
          </ns3:TrackPointExtension>
        </extensions>
      </trkpt>
      <trkpt lat="30.5494178831577301025390625" lon="104.04985514469444751739501953125">
        <ele>475.600006103515625</ele>
        <time>2026-09-21T13:24:57.000Z</time>
        <extensions>
          <ns3:TrackPointExtension>
            <ns3:hr>150</ns3:hr>
            <ns3:cad>92</ns3:cad>
          </ns3:TrackPointExtension>
        </extensions>
      </trkpt>
      <trkpt lat="30.54941763170063495635986328125" lon="104.04988716356456279754638671875">
        <ele>475.600006103515625</ele>
        <time>2026-09-21T13:24:58.000Z</time>
        <extensions>
          <ns3:TrackPointExtension>
            <ns3:hr>150</ns3:hr>
            <ns3:cad>92</ns3:cad>
          </ns3:TrackPointExtension>
        </extensions>
      </trkpt>
      <trkpt lat="30.549418888986110687255859375" lon="104.0499206073582172393798828125">
        <ele>475.600006103515625</ele>
        <time>2026-09-21T13:24:59.000Z</time>
        <extensions>
          <ns3:TrackPointExtension>
            <ns3:hr>150</ns3:hr>
            <ns3:cad>91</ns3:cad>
          </ns3:TrackPointExtension>
        </extensions>
      </trkpt>
      <trkpt lat="30.54942584596574306488037109375" lon="104.0499527938663959503173828125">
        <ele>475.600006103515625</ele>
        <time>2026-09-21T13:25:00.000Z</time>
        <extensions>
          <ns3:TrackPointExtension>
            <ns3:hr>150</ns3:hr>
            <ns3:cad>91</ns3:cad>
          </ns3:TrackPointExtension>
        </extensions>
      </trkpt>
      <trkpt lat="30.54944001138210296630859375" lon="104.04998573474586009979248046875">
        <ele>475.79998779296875</ele>
        <time>2026-09-21T13:25:01.000Z</time>
        <extensions>
          <ns3:TrackPointExtension>
            <ns3:hr>150</ns3:hr>
            <ns3:cad>92</ns3:cad>
          </ns3:TrackPointExtension>
        </extensions>
      </trkpt>
      <trkpt lat="30.5494639836251735687255859375" lon="104.05000551603734493255615234375">
        <ele>475.79998779296875</ele>
        <time>2026-09-21T13:25:02.000Z</time>
        <extensions>
          <ns3:TrackPointExtension>
            <ns3:hr>150</ns3:hr>
            <ns3:cad>93</ns3:cad>
          </ns3:TrackPointExtension>
        </extensions>
      </trkpt>
      <trkpt lat="30.5494904704391956329345703125" lon="104.0500183403491973876953125">
        <ele>476</ele>
        <time>2026-09-21T13:25:03.000Z</time>
        <extensions>
          <ns3:TrackPointExtension>
            <ns3:hr>150</ns3:hr>
            <ns3:cad>93</ns3:cad>
          </ns3:TrackPointExtension>
        </extensions>
      </trkpt>
      <trkpt lat="30.54951569996774196624755859375" lon="104.05001808889210224151611328125">
        <ele>476.20001220703125</ele>
        <time>2026-09-21T13:25:04.000Z</time>
        <extensions>
          <ns3:TrackPointExtension>
            <ns3:hr>150</ns3:hr>
            <ns3:cad>92</ns3:cad>
          </ns3:TrackPointExtension>
        </extensions>
      </trkpt>
      <trkpt lat="30.5495414324104785919189453125" lon="104.0500148199498653411865234375">
        <ele>476.20001220703125</ele>
        <time>2026-09-21T13:25:05.000Z</time>
        <extensions>
          <ns3:TrackPointExtension>
            <ns3:hr>150</ns3:hr>
            <ns3:cad>92</ns3:cad>
          </ns3:TrackPointExtension>
        </extensions>
      </trkpt>
      <trkpt lat="30.5495645664632320404052734375" lon="104.0500064380466938018798828125">
        <ele>476.399993896484375</ele>
        <time>2026-09-21T13:25:06.000Z</time>
        <extensions>
          <ns3:TrackPointExtension>
            <ns3:hr>150</ns3:hr>
            <ns3:cad>92</ns3:cad>
          </ns3:TrackPointExtension>
        </extensions>
      </trkpt>
      <trkpt lat="30.549593903124332427978515625" lon="104.0499942004680633544921875">
        <ele>476.399993896484375</ele>
        <time>2026-09-21T13:25:07.000Z</time>
        <extensions>
          <ns3:TrackPointExtension>
            <ns3:hr>150</ns3:hr>
            <ns3:cad>92</ns3:cad>
          </ns3:TrackPointExtension>
        </extensions>
      </trkpt>
      <trkpt lat="30.5496175400912761688232421875" lon="104.0499856509268283843994140625">
        <ele>476</ele>
        <time>2026-09-21T13:25:08.000Z</time>
        <extensions>
          <ns3:TrackPointExtension>
            <ns3:hr>150</ns3:hr>
            <ns3:cad>91</ns3:cad>
          </ns3:TrackPointExtension>
        </extensions>
      </trkpt>
      <trkpt lat="30.54964679293334484100341796875" lon="104.0499742515385150909423828125">
        <ele>476</ele>
        <time>2026-09-21T13:25:09.000Z</time>
        <extensions>
          <ns3:TrackPointExtension>
            <ns3:hr>150</ns3:hr>
            <ns3:cad>93</ns3:cad>
          </ns3:TrackPointExtension>
        </extensions>
      </trkpt>
      <trkpt lat="30.5496688373386859893798828125" lon="104.04996494762599468231201171875">
        <ele>475.79998779296875</ele>
        <time>2026-09-21T13:25:10.000Z</time>
        <extensions>
          <ns3:TrackPointExtension>
            <ns3:hr>150</ns3:hr>
            <ns3:cad>92</ns3:cad>
          </ns3:TrackPointExtension>
        </extensions>
      </trkpt>
      <trkpt lat="30.54969473741948604583740234375" lon="104.04995203949511051177978515625">
        <ele>475.600006103515625</ele>
        <time>2026-09-21T13:25:11.000Z</time>
        <extensions>
          <ns3:TrackPointExtension>
            <ns3:hr>150</ns3:hr>
            <ns3:cad>92</ns3:cad>
          </ns3:TrackPointExtension>
        </extensions>
      </trkpt>
      <trkpt lat="30.5497130937874317169189453125" lon="104.04994013719260692596435546875">
        <ele>475.600006103515625</ele>
        <time>2026-09-21T13:25:12.000Z</time>
        <extensions>
          <ns3:TrackPointExtension>
            <ns3:hr>151</ns3:hr>
            <ns3:cad>92</ns3:cad>
          </ns3:TrackPointExtension>
        </extensions>
      </trkpt>
      <trkpt lat="30.54973413236439228057861328125" lon="104.04992823489010334014892578125">
        <ele>475.600006103515625</ele>
        <time>2026-09-21T13:25:13.000Z</time>
        <extensions>
          <ns3:TrackPointExtension>
            <ns3:hr>151</ns3:hr>
            <ns3:cad>92</ns3:cad>
          </ns3:TrackPointExtension>
        </extensions>
      </trkpt>
      <trkpt lat="30.5497550033032894134521484375" lon="104.04991784133017063140869140625">
        <ele>475.600006103515625</ele>
        <time>2026-09-21T13:25:14.000Z</time>
        <extensions>
          <ns3:TrackPointExtension>
            <ns3:hr>152</ns3:hr>
            <ns3:cad>92</ns3:cad>
          </ns3:TrackPointExtension>
        </extensions>
      </trkpt>
      <trkpt lat="30.54978006519377231597900390625" lon="104.04990501701831817626953125">
        <ele>475.600006103515625</ele>
        <time>2026-09-21T13:25:15.000Z</time>
        <extensions>
          <ns3:TrackPointExtension>
            <ns3:hr>152</ns3:hr>
            <ns3:cad>92</ns3:cad>
          </ns3:TrackPointExtension>
        </extensions>
      </trkpt>
      <trkpt lat="30.54980068467557430267333984375" lon="104.0498936176300048828125">
        <ele>475.600006103515625</ele>
        <time>2026-09-21T13:25:16.000Z</time>
        <extensions>
          <ns3:TrackPointExtension>
            <ns3:hr>152</ns3:hr>
            <ns3:cad>91</ns3:cad>
          </ns3:TrackPointExtension>
        </extensions>
      </trkpt>
      <trkpt lat="30.54982583038508892059326171875" lon="104.04988196678459644317626953125">
        <ele>475.600006103515625</ele>
        <time>2026-09-21T13:25:17.000Z</time>
        <extensions>
          <ns3:TrackPointExtension>
            <ns3:hr>151</ns3:hr>
            <ns3:cad>91</ns3:cad>
          </ns3:TrackPointExtension>
        </extensions>
      </trkpt>
      <trkpt lat="30.54984812624752521514892578125" lon="104.04986738227307796478271484375">
        <ele>475.600006103515625</ele>
        <time>2026-09-21T13:25:18.000Z</time>
        <extensions>
          <ns3:TrackPointExtension>
            <ns3:hr>152</ns3:hr>
            <ns3:cad>91</ns3:cad>
          </ns3:TrackPointExtension>
        </extensions>
      </trkpt>
      <trkpt lat="30.549871511757373809814453125" lon="104.049851037561893463134765625">
        <ele>475.600006103515625</ele>
        <time>2026-09-21T13:25:19.000Z</time>
        <extensions>
          <ns3:TrackPointExtension>
            <ns3:hr>151</ns3:hr>
            <ns3:cad>92</ns3:cad>
          </ns3:TrackPointExtension>
        </extensions>
      </trkpt>
      <trkpt lat="30.54989506490528583526611328125" lon="104.04983636923134326934814453125">
        <ele>475.600006103515625</ele>
        <time>2026-09-21T13:25:20.000Z</time>
        <extensions>
          <ns3:TrackPointExtension>
            <ns3:hr>151</ns3:hr>
            <ns3:cad>92</ns3:cad>
          </ns3:TrackPointExtension>
        </extensions>
      </trkpt>
      <trkpt lat="30.54991467855870723724365234375" lon="104.04982094652950763702392578125">
        <ele>475.600006103515625</ele>
        <time>2026-09-21T13:25:21.000Z</time>
        <extensions>
          <ns3:TrackPointExtension>
            <ns3:hr>151</ns3:hr>
            <ns3:cad>92</ns3:cad>
          </ns3:TrackPointExtension>
        </extensions>
      </trkpt>
      <trkpt lat="30.54993890225887298583984375" lon="104.0498046018183231353759765625">
        <ele>475.600006103515625</ele>
        <time>2026-09-21T13:25:22.000Z</time>
        <extensions>
          <ns3:TrackPointExtension>
            <ns3:hr>151</ns3:hr>
            <ns3:cad>92</ns3:cad>
          </ns3:TrackPointExtension>
        </extensions>
      </trkpt>
      <trkpt lat="30.5499588511884212493896484375" lon="104.04979169368743896484375">
        <ele>475.600006103515625</ele>
        <time>2026-09-21T13:25:23.000Z</time>
        <extensions>
          <ns3:TrackPointExtension>
            <ns3:hr>151</ns3:hr>
            <ns3:cad>92</ns3:cad>
          </ns3:TrackPointExtension>
        </extensions>
      </trkpt>
      <trkpt lat="30.5499811470508575439453125" lon="104.0497744269669055938720703125">
        <ele>475.600006103515625</ele>
        <time>2026-09-21T13:25:24.000Z</time>
        <extensions>
          <ns3:TrackPointExtension>
            <ns3:hr>151</ns3:hr>
            <ns3:cad>92</ns3:cad>
          </ns3:TrackPointExtension>
        </extensions>
      </trkpt>
      <trkpt lat="30.55000335909426212310791015625" lon="104.04976462014019489288330078125">
        <ele>475.600006103515625</ele>
        <time>2026-09-21T13:25:25.000Z</time>
        <extensions>
          <ns3:TrackPointExtension>
            <ns3:hr>150</ns3:hr>
            <ns3:cad>92</ns3:cad>
          </ns3:TrackPointExtension>
        </extensions>
      </trkpt>
      <trkpt lat="30.55002967827022075653076171875" lon="104.04975556768476963043212890625">
        <ele>475.600006103515625</ele>
        <time>2026-09-21T13:25:26.000Z</time>
        <extensions>
          <ns3:TrackPointExtension>
            <ns3:hr>150</ns3:hr>
            <ns3:cad>92</ns3:cad>
          </ns3:TrackPointExtension>
        </extensions>
      </trkpt>
      <trkpt lat="30.550051219761371612548828125" lon="104.04975078999996185302734375">
        <ele>475.600006103515625</ele>
        <time>2026-09-21T13:25:27.000Z</time>
        <extensions>
          <ns3:TrackPointExtension>
            <ns3:hr>150</ns3:hr>
            <ns3:cad>92</ns3:cad>
          </ns3:TrackPointExtension>
        </extensions>
      </trkpt>
      <trkpt lat="30.55007728748023509979248046875" lon="104.049742408096790313720703125">
        <ele>475.600006103515625</ele>
        <time>2026-09-21T13:25:28.000Z</time>
        <extensions>
          <ns3:TrackPointExtension>
            <ns3:hr>150</ns3:hr>
            <ns3:cad>92</ns3:cad>
          </ns3:TrackPointExtension>
        </extensions>
      </trkpt>
      <trkpt lat="30.55010025389492511749267578125" lon="104.04973645694553852081298828125">
        <ele>475.600006103515625</ele>
        <time>2026-09-21T13:25:29.000Z</time>
        <extensions>
          <ns3:TrackPointExtension>
            <ns3:hr>150</ns3:hr>
            <ns3:cad>92</ns3:cad>
          </ns3:TrackPointExtension>
        </extensions>
      </trkpt>
      <trkpt lat="30.55012808181345462799072265625" lon="104.049728997051715850830078125">
        <ele>475.600006103515625</ele>
        <time>2026-09-21T13:25:30.000Z</time>
        <extensions>
          <ns3:TrackPointExtension>
            <ns3:hr>150</ns3:hr>
            <ns3:cad>92</ns3:cad>
          </ns3:TrackPointExtension>
        </extensions>
      </trkpt>
      <trkpt lat="30.55014786310493946075439453125" lon="104.0497204475104808807373046875">
        <ele>475.79998779296875</ele>
        <time>2026-09-21T13:25:31.000Z</time>
        <extensions>
          <ns3:TrackPointExtension>
            <ns3:hr>149</ns3:hr>
            <ns3:cad>92</ns3:cad>
          </ns3:TrackPointExtension>
        </extensions>
      </trkpt>
      <trkpt lat="30.5501715838909149169921875" lon="104.04971131123602390289306640625">
        <ele>475.79998779296875</ele>
        <time>2026-09-21T13:25:32.000Z</time>
        <extensions>
          <ns3:TrackPointExtension>
            <ns3:hr>148</ns3:hr>
            <ns3:cad>92</ns3:cad>
          </ns3:TrackPointExtension>
        </extensions>
      </trkpt>
      <trkpt lat="30.5501942150294780731201171875" lon="104.0497026778757572174072265625">
        <ele>475.79998779296875</ele>
        <time>2026-09-21T13:25:33.000Z</time>
        <extensions>
          <ns3:TrackPointExtension>
            <ns3:hr>148</ns3:hr>
            <ns3:cad>92</ns3:cad>
          </ns3:TrackPointExtension>
        </extensions>
      </trkpt>
      <trkpt lat="30.550224222242832183837890625" lon="104.049693457782268524169921875">
        <ele>475.79998779296875</ele>
        <time>2026-09-21T13:25:34.000Z</time>
        <extensions>
          <ns3:TrackPointExtension>
            <ns3:hr>146</ns3:hr>
            <ns3:cad>92</ns3:cad>
          </ns3:TrackPointExtension>
        </extensions>
      </trkpt>
      <trkpt lat="30.5502440035343170166015625" lon="104.049681723117828369140625">
        <ele>475.79998779296875</ele>
        <time>2026-09-21T13:25:35.000Z</time>
        <extensions>
          <ns3:TrackPointExtension>
            <ns3:hr>145</ns3:hr>
            <ns3:cad>92</ns3:cad>
          </ns3:TrackPointExtension>
        </extensions>
      </trkpt>
      <trkpt lat="30.55027325637638568878173828125" lon="104.04966956935822963714599609375">
        <ele>475.79998779296875</ele>
        <time>2026-09-21T13:25:36.000Z</time>
        <extensions>
          <ns3:TrackPointExtension>
            <ns3:hr>145</ns3:hr>
            <ns3:cad>92</ns3:cad>
          </ns3:TrackPointExtension>
        </extensions>
      </trkpt>
      <trkpt lat="30.5502917803823947906494140625" lon="104.049657247960567474365234375">
        <ele>476</ele>
        <time>2026-09-21T13:25:37.000Z</time>
        <extensions>
          <ns3:TrackPointExtension>
            <ns3:hr>146</ns3:hr>
            <ns3:cad>92</ns3:cad>
          </ns3:TrackPointExtension>
        </extensions>
      </trkpt>
      <trkpt lat="30.55031441152095794677734375" lon="104.04964375309646129608154296875">
        <ele>476</ele>
        <time>2026-09-21T13:25:38.000Z</time>
        <extensions>
          <ns3:TrackPointExtension>
            <ns3:hr>146</ns3:hr>
            <ns3:cad>92</ns3:cad>
          </ns3:TrackPointExtension>
        </extensions>
      </trkpt>
      <trkpt lat="30.5503313429653644561767578125" lon="104.04962715692818164825439453125">
        <ele>476</ele>
        <time>2026-09-21T13:25:39.000Z</time>
        <extensions>
          <ns3:TrackPointExtension>
            <ns3:hr>146</ns3:hr>
            <ns3:cad>92</ns3:cad>
          </ns3:TrackPointExtension>
        </extensions>
      </trkpt>
      <trkpt lat="30.55035355500876903533935546875" lon="104.04961139895021915435791015625">
        <ele>476</ele>
        <time>2026-09-21T13:25:40.000Z</time>
        <extensions>
          <ns3:TrackPointExtension>
            <ns3:hr>147</ns3:hr>
            <ns3:cad>91</ns3:cad>
          </ns3:TrackPointExtension>
        </extensions>
      </trkpt>
      <trkpt lat="30.55037031881511211395263671875" lon="104.0495933778584003448486328125">
        <ele>476</ele>
        <time>2026-09-21T13:25:41.000Z</time>
        <extensions>
          <ns3:TrackPointExtension>
            <ns3:hr>147</ns3:hr>
            <ns3:cad>91</ns3:cad>
          </ns3:TrackPointExtension>
        </extensions>
      </trkpt>
      <trkpt lat="30.55039194412529468536376953125" lon="104.0495749376714229583740234375">
        <ele>476.20001220703125</ele>
        <time>2026-09-21T13:25:42.000Z</time>
        <extensions>
          <ns3:TrackPointExtension>
            <ns3:hr>149</ns3:hr>
            <ns3:cad>91</ns3:cad>
          </ns3:TrackPointExtension>
        </extensions>
      </trkpt>
      <trkpt lat="30.5504091270267963409423828125" lon="104.04955456964671611785888671875">
        <ele>476.20001220703125</ele>
        <time>2026-09-21T13:25:43.000Z</time>
        <extensions>
          <ns3:TrackPointExtension>
            <ns3:hr>150</ns3:hr>
            <ns3:cad>92</ns3:cad>
          </ns3:TrackPointExtension>
        </extensions>
      </trkpt>
      <trkpt lat="30.5504299141466617584228515625" lon="104.04953529126942157745361328125">
        <ele>476.20001220703125</ele>
        <time>2026-09-21T13:25:44.000Z</time>
        <extensions>
          <ns3:TrackPointExtension>
            <ns3:hr>151</ns3:hr>
            <ns3:cad>92</ns3:cad>
          </ns3:TrackPointExtension>
        </extensions>
      </trkpt>
      <trkpt lat="30.5504483543336391448974609375" lon="104.04951349832117557525634765625">
        <ele>476.20001220703125</ele>
        <time>2026-09-21T13:25:45.000Z</time>
        <extensions>
          <ns3:TrackPointExtension>
            <ns3:hr>151</ns3:hr>
            <ns3:cad>92</ns3:cad>
          </ns3:TrackPointExtension>
        </extensions>
      </trkpt>
      <trkpt lat="30.5504644475877285003662109375" lon="104.049492962658405303955078125">
        <ele>476.399993896484375</ele>
        <time>2026-09-21T13:25:46.000Z</time>
        <extensions>
          <ns3:TrackPointExtension>
            <ns3:hr>152</ns3:hr>
            <ns3:cad>92</ns3:cad>
          </ns3:TrackPointExtension>
        </extensions>
      </trkpt>
      <trkpt lat="30.55048515088856220245361328125" lon="104.04947309754788875579833984375">
        <ele>476.399993896484375</ele>
        <time>2026-09-21T13:25:47.000Z</time>
        <extensions>
          <ns3:TrackPointExtension>
            <ns3:hr>152</ns3:hr>
            <ns3:cad>92</ns3:cad>
          </ns3:TrackPointExtension>
        </extensions>
      </trkpt>
      <trkpt lat="30.55050023831427097320556640625" lon="104.0494535677134990692138671875">
        <ele>476.399993896484375</ele>
        <time>2026-09-21T13:25:48.000Z</time>
        <extensions>
          <ns3:TrackPointExtension>
            <ns3:hr>152</ns3:hr>
            <ns3:cad>92</ns3:cad>
          </ns3:TrackPointExtension>
        </extensions>
      </trkpt>
      <trkpt lat="30.55051364935934543609619140625" lon="104.04942749999463558197021484375">
        <ele>476.600006103515625</ele>
        <time>2026-09-21T13:25:49.000Z</time>
        <extensions>
          <ns3:TrackPointExtension>
            <ns3:hr>153</ns3:hr>
            <ns3:cad>92</ns3:cad>
          </ns3:TrackPointExtension>
        </extensions>
      </trkpt>
      <trkpt lat="30.55052991025149822235107421875" lon="104.04940637759864330291748046875">
        <ele>476.79998779296875</ele>
        <time>2026-09-21T13:25:50.000Z</time>
        <extensions>
          <ns3:TrackPointExtension>
            <ns3:hr>153</ns3:hr>
            <ns3:cad>91</ns3:cad>
          </ns3:TrackPointExtension>
        </extensions>
      </trkpt>
      <trkpt lat="30.55054374039173126220703125" lon="104.04938324354588985443115234375">
        <ele>476.79998779296875</ele>
        <time>2026-09-21T13:25:51.000Z</time>
        <extensions>
          <ns3:TrackPointExtension>
            <ns3:hr>153</ns3:hr>
            <ns3:cad>91</ns3:cad>
          </ns3:TrackPointExtension>
        </extensions>
      </trkpt>
      <trkpt lat="30.55056109093129634857177734375" lon="104.04936430044472217559814453125">
        <ele>477</ele>
        <time>2026-09-21T13:25:52.000Z</time>
        <extensions>
          <ns3:TrackPointExtension>
            <ns3:hr>153</ns3:hr>
            <ns3:cad>90</ns3:cad>
          </ns3:TrackPointExtension>
        </extensions>
      </trkpt>
      <trkpt lat="30.55057835765182971954345703125" lon="104.04934175312519073486328125">
        <ele>477.20001220703125</ele>
        <time>2026-09-21T13:25:53.000Z</time>
        <extensions>
          <ns3:TrackPointExtension>
            <ns3:hr>153</ns3:hr>
            <ns3:cad>90</ns3:cad>
          </ns3:TrackPointExtension>
        </extensions>
      </trkpt>
      <trkpt lat="30.550590343773365020751953125" lon="104.04931970871984958648681640625">
        <ele>477.20001220703125</ele>
        <time>2026-09-21T13:25:54.000Z</time>
        <extensions>
          <ns3:TrackPointExtension>
            <ns3:hr>153</ns3:hr>
            <ns3:cad>90</ns3:cad>
          </ns3:TrackPointExtension>
        </extensions>
      </trkpt>
      <trkpt lat="30.550609119236469268798828125" lon="104.049295149743556976318359375">
        <ele>477.399993896484375</ele>
        <time>2026-09-21T13:25:55.000Z</time>
        <extensions>
          <ns3:TrackPointExtension>
            <ns3:hr>154</ns3:hr>
            <ns3:cad>91</ns3:cad>
          </ns3:TrackPointExtension>
        </extensions>
      </trkpt>
      <trkpt lat="30.55062261410057544708251953125" lon="104.04927494935691356658935546875">
        <ele>477.600006103515625</ele>
        <time>2026-09-21T13:25:56.000Z</time>
        <extensions>
          <ns3:TrackPointExtension>
            <ns3:hr>154</ns3:hr>
            <ns3:cad>91</ns3:cad>
          </ns3:TrackPointExtension>
        </extensions>
      </trkpt>
      <trkpt lat="30.55063904263079166412353515625" lon="104.04925215058028697967529296875">
        <ele>477.600006103515625</ele>
        <time>2026-09-21T13:25:57.000Z</time>
        <extensions>
          <ns3:TrackPointExtension>
            <ns3:hr>154</ns3:hr>
            <ns3:cad>92</ns3:cad>
          </ns3:TrackPointExtension>
        </extensions>
      </trkpt>
      <trkpt lat="30.55065111257135868072509765625" lon="104.04923044145107269287109375">
        <ele>477.79998779296875</ele>
        <time>2026-09-21T13:25:58.000Z</time>
        <extensions>
          <ns3:TrackPointExtension>
            <ns3:hr>154</ns3:hr>
            <ns3:cad>92</ns3:cad>
          </ns3:TrackPointExtension>
        </extensions>
      </trkpt>
      <trkpt lat="30.5506659485399723052978515625" lon="104.04920764267444610595703125">
        <ele>477.79998779296875</ele>
        <time>2026-09-21T13:25:59.000Z</time>
        <extensions>
          <ns3:TrackPointExtension>
            <ns3:hr>154</ns3:hr>
            <ns3:cad>92</ns3:cad>
          </ns3:TrackPointExtension>
        </extensions>
      </trkpt>
      <trkpt lat="30.5506760068237781524658203125" lon="104.0491880290210247039794921875">
        <ele>477.79998779296875</ele>
        <time>2026-09-21T13:26:00.000Z</time>
        <extensions>
          <ns3:TrackPointExtension>
            <ns3:hr>155</ns3:hr>
            <ns3:cad>90</ns3:cad>
          </ns3:TrackPointExtension>
        </extensions>
      </trkpt>
      <trkpt lat="30.55068866349756717681884765625" lon="104.0491612069308757781982421875">
        <ele>477.79998779296875</ele>
        <time>2026-09-21T13:26:01.000Z</time>
        <extensions>
          <ns3:TrackPointExtension>
            <ns3:hr>155</ns3:hr>
            <ns3:cad>89</ns3:cad>
          </ns3:TrackPointExtension>
        </extensions>
      </trkpt>
      <trkpt lat="30.55069687776267528533935546875" lon="104.0491437725722789764404296875">
        <ele>477.600006103515625</ele>
        <time>2026-09-21T13:26:02.000Z</time>
        <extensions>
          <ns3:TrackPointExtension>
            <ns3:hr>155</ns3:hr>
            <ns3:cad>89</ns3:cad>
          </ns3:TrackPointExtension>
        </extensions>
      </trkpt>
      <trkpt lat="30.550712384283542633056640625" lon="104.04912206344306468963623046875">
        <ele>477.600006103515625</ele>
        <time>2026-09-21T13:26:03.000Z</time>
        <extensions>
          <ns3:TrackPointExtension>
            <ns3:hr>155</ns3:hr>
            <ns3:cad>89</ns3:cad>
          </ns3:TrackPointExtension>
        </extensions>
      </trkpt>
      <trkpt lat="30.550723113119602203369140625" lon="104.04910303652286529541015625">
        <ele>477.600006103515625</ele>
        <time>2026-09-21T13:26:04.000Z</time>
        <extensions>
          <ns3:TrackPointExtension>
            <ns3:hr>155</ns3:hr>
            <ns3:cad>90</ns3:cad>
          </ns3:TrackPointExtension>
        </extensions>
      </trkpt>
      <trkpt lat="30.55074155330657958984375" lon="104.0490773878991603851318359375">
        <ele>477.399993896484375</ele>
        <time>2026-09-21T13:26:05.000Z</time>
        <extensions>
          <ns3:TrackPointExtension>
            <ns3:hr>155</ns3:hr>
            <ns3:cad>90</ns3:cad>
          </ns3:TrackPointExtension>
        </extensions>
      </trkpt>
      <trkpt lat="30.5507558025419712066650390625" lon="104.04905743896961212158203125">
        <ele>477.399993896484375</ele>
        <time>2026-09-21T13:26:06.000Z</time>
        <extensions>
          <ns3:TrackPointExtension>
            <ns3:hr>156</ns3:hr>
            <ns3:cad>90</ns3:cad>
          </ns3:TrackPointExtension>
        </extensions>
      </trkpt>
      <trkpt lat="30.55077617056667804718017578125" lon="104.04903472401201725006103515625">
        <ele>477.20001220703125</ele>
        <time>2026-09-21T13:26:07.000Z</time>
        <extensions>
          <ns3:TrackPointExtension>
            <ns3:hr>156</ns3:hr>
            <ns3:cad>90</ns3:cad>
          </ns3:TrackPointExtension>
        </extensions>
      </trkpt>
      <trkpt lat="30.550792180001735687255859375" lon="104.049017541110515594482421875">
        <ele>477</ele>
        <time>2026-09-21T13:26:08.000Z</time>
        <extensions>
          <ns3:TrackPointExtension>
            <ns3:hr>156</ns3:hr>
            <ns3:cad>90</ns3:cad>
          </ns3:TrackPointExtension>
        </extensions>
      </trkpt>
      <trkpt lat="30.5508144758641719818115234375" lon="104.04899306595325469970703125">
        <ele>476.79998779296875</ele>
        <time>2026-09-21T13:26:09.000Z</time>
        <extensions>
          <ns3:TrackPointExtension>
            <ns3:hr>156</ns3:hr>
            <ns3:cad>90</ns3:cad>
          </ns3:TrackPointExtension>
        </extensions>
      </trkpt>
      <trkpt lat="30.5508327484130859375" lon="104.0489709377288818359375">
        <ele>476.600006103515625</ele>
        <time>2026-09-21T13:26:10.000Z</time>
        <extensions>
          <ns3:TrackPointExtension>
            <ns3:hr>155</ns3:hr>
            <ns3:cad>90</ns3:cad>
          </ns3:TrackPointExtension>
        </extensions>
      </trkpt>
      <trkpt lat="30.55085864849388599395751953125" lon="104.04895015060901641845703125">
        <ele>476.399993896484375</ele>
        <time>2026-09-21T13:26:11.000Z</time>
        <extensions>
          <ns3:TrackPointExtension>
            <ns3:hr>156</ns3:hr>
            <ns3:cad>90</ns3:cad>
          </ns3:TrackPointExtension>
        </extensions>
      </trkpt>
      <trkpt lat="30.5508795194327831268310546875" lon="104.04893137514591217041015625">
        <ele>476.20001220703125</ele>
        <time>2026-09-21T13:26:12.000Z</time>
        <extensions>
          <ns3:TrackPointExtension>
            <ns3:hr>156</ns3:hr>
            <ns3:cad>92</ns3:cad>
          </ns3:TrackPointExtension>
        </extensions>
      </trkpt>
      <trkpt lat="30.55090106092393398284912109375" lon="104.0489074029028415679931640625">
        <ele>476.20001220703125</ele>
        <time>2026-09-21T13:26:13.000Z</time>
        <extensions>
          <ns3:TrackPointExtension>
            <ns3:hr>156</ns3:hr>
            <ns3:cad>92</ns3:cad>
          </ns3:TrackPointExtension>
        </extensions>
      </trkpt>
      <trkpt lat="30.55091899819672107696533203125" lon="104.048892147839069366455078125">
        <ele>476.20001220703125</ele>
        <time>2026-09-21T13:26:14.000Z</time>
        <extensions>
          <ns3:TrackPointExtension>
            <ns3:hr>155</ns3:hr>
            <ns3:cad>92</ns3:cad>
          </ns3:TrackPointExtension>
        </extensions>
      </trkpt>
      <trkpt lat="30.55094338953495025634765625" lon="104.04886993579566478729248046875">
        <ele>476.20001220703125</ele>
        <time>2026-09-21T13:26:15.000Z</time>
        <extensions>
          <ns3:TrackPointExtension>
            <ns3:hr>156</ns3:hr>
            <ns3:cad>93</ns3:cad>
          </ns3:TrackPointExtension>
        </extensions>
      </trkpt>
      <trkpt lat="30.5509636737406253814697265625" lon="104.04885317198932170867919921875">
        <ele>476.399993896484375</ele>
        <time>2026-09-21T13:26:16.000Z</time>
        <extensions>
          <ns3:TrackPointExtension>
            <ns3:hr>156</ns3:hr>
            <ns3:cad>93</ns3:cad>
          </ns3:TrackPointExtension>
        </extensions>
      </trkpt>
      <trkpt lat="30.55098454467952251434326171875" lon="104.04883481562137603759765625">
        <ele>476.600006103515625</ele>
        <time>2026-09-21T13:26:17.000Z</time>
        <extensions>
          <ns3:TrackPointExtension>
            <ns3:hr>156</ns3:hr>
            <ns3:cad>93</ns3:cad>
          </ns3:TrackPointExtension>
        </extensions>
      </trkpt>
      <trkpt lat="30.55100516416132450103759765625" lon="104.0488205663859844207763671875">
        <ele>476.600006103515625</ele>
        <time>2026-09-21T13:26:18.000Z</time>
        <extensions>
          <ns3:TrackPointExtension>
            <ns3:hr>156</ns3:hr>
            <ns3:cad>91</ns3:cad>
          </ns3:TrackPointExtension>
        </extensions>
      </trkpt>
      <trkpt lat="30.55102578364312648773193359375" lon="104.0488091669976711273193359375">
        <ele>477</ele>
        <time>2026-09-21T13:26:19.000Z</time>
        <extensions>
          <ns3:TrackPointExtension>
            <ns3:hr>156</ns3:hr>
            <ns3:cad>91</ns3:cad>
          </ns3:TrackPointExtension>
        </extensions>
      </trkpt>
      <trkpt lat="30.5510459840297698974609375" lon="104.04879994690418243408203125">
        <ele>477.20001220703125</ele>
        <time>2026-09-21T13:26:20.000Z</time>
        <extensions>
          <ns3:TrackPointExtension>
            <ns3:hr>156</ns3:hr>
            <ns3:cad>92</ns3:cad>
          </ns3:TrackPointExtension>
        </extensions>
      </trkpt>
      <trkpt lat="30.5510676093399524688720703125" lon="104.04879391193389892578125">
        <ele>477.399993896484375</ele>
        <time>2026-09-21T13:26:21.000Z</time>
        <extensions>
          <ns3:TrackPointExtension>
            <ns3:hr>156</ns3:hr>
            <ns3:cad>92</ns3:cad>
          </ns3:TrackPointExtension>
        </extensions>
      </trkpt>
      <trkpt lat="30.55108814500272274017333984375" lon="104.048785530030727386474609375">
        <ele>477.600006103515625</ele>
        <time>2026-09-21T13:26:22.000Z</time>
        <extensions>
          <ns3:TrackPointExtension>
            <ns3:hr>156</ns3:hr>
            <ns3:cad>92</ns3:cad>
          </ns3:TrackPointExtension>
        </extensions>
      </trkpt>
      <trkpt lat="30.551108680665493011474609375" lon="104.04877245426177978515625">
        <ele>478</ele>
        <time>2026-09-21T13:26:23.000Z</time>
        <extensions>
          <ns3:TrackPointExtension>
            <ns3:hr>156</ns3:hr>
            <ns3:cad>91</ns3:cad>
          </ns3:TrackPointExtension>
        </extensions>
      </trkpt>
      <trkpt lat="30.55112753994762897491455078125" lon="104.04875971376895904541015625">
        <ele>478.20001220703125</ele>
        <time>2026-09-21T13:26:24.000Z</time>
        <extensions>
          <ns3:TrackPointExtension>
            <ns3:hr>156</ns3:hr>
            <ns3:cad>90</ns3:cad>
          </ns3:TrackPointExtension>
        </extensions>
      </trkpt>
      <trkpt lat="30.55114514194428920745849609375" lon="104.04874756000936031341552734375">
        <ele>478.20001220703125</ele>
        <time>2026-09-21T13:26:25.000Z</time>
        <extensions>
          <ns3:TrackPointExtension>
            <ns3:hr>156</ns3:hr>
            <ns3:cad>90</ns3:cad>
          </ns3:TrackPointExtension>
        </extensions>
      </trkpt>
      <trkpt lat="30.551166348159313201904296875" lon="104.04873297549784183502197265625">
        <ele>478.399993896484375</ele>
        <time>2026-09-21T13:26:26.000Z</time>
        <extensions>
          <ns3:TrackPointExtension>
            <ns3:hr>156</ns3:hr>
            <ns3:cad>89</ns3:cad>
          </ns3:TrackPointExtension>
        </extensions>
      </trkpt>
      <trkpt lat="30.55119124241173267364501953125" lon="104.04872291721403598785400390625">
        <ele>478.20001220703125</ele>
        <time>2026-09-21T13:26:27.000Z</time>
        <extensions>
          <ns3:TrackPointExtension>
            <ns3:hr>156</ns3:hr>
            <ns3:cad>89</ns3:cad>
          </ns3:TrackPointExtension>
        </extensions>
      </trkpt>
      <trkpt lat="30.55121571756899356842041015625" lon="104.0487136133015155792236328125">
        <ele>478.20001220703125</ele>
        <time>2026-09-21T13:26:28.000Z</time>
        <extensions>
          <ns3:TrackPointExtension>
            <ns3:hr>156</ns3:hr>
            <ns3:cad>89</ns3:cad>
          </ns3:TrackPointExtension>
        </extensions>
      </trkpt>
      <trkpt lat="30.55123977363109588623046875" lon="104.04870799742639064788818359375">
        <ele>478</ele>
        <time>2026-09-21T13:26:29.000Z</time>
        <extensions>
          <ns3:TrackPointExtension>
            <ns3:hr>156</ns3:hr>
            <ns3:cad>89</ns3:cad>
          </ns3:TrackPointExtension>
        </extensions>
      </trkpt>
      <trkpt lat="30.55126517079770565032958984375" lon="104.04870280064642429351806640625">
        <ele>477.79998779296875</ele>
        <time>2026-09-21T13:26:30.000Z</time>
        <extensions>
          <ns3:TrackPointExtension>
            <ns3:hr>156</ns3:hr>
            <ns3:cad>89</ns3:cad>
          </ns3:TrackPointExtension>
        </extensions>
      </trkpt>
      <trkpt lat="30.5512902326881885528564453125" lon="104.0487045608460903167724609375">
        <ele>477.399993896484375</ele>
        <time>2026-09-21T13:26:31.000Z</time>
        <extensions>
          <ns3:TrackPointExtension>
            <ns3:hr>156</ns3:hr>
            <ns3:cad>89</ns3:cad>
          </ns3:TrackPointExtension>
        </extensions>
      </trkpt>
      <trkpt lat="30.55131680332124233245849609375" lon="104.0487062372267246246337890625">
        <ele>477.20001220703125</ele>
        <time>2026-09-21T13:26:32.000Z</time>
        <extensions>
          <ns3:TrackPointExtension>
            <ns3:hr>156</ns3:hr>
            <ns3:cad>89</ns3:cad>
          </ns3:TrackPointExtension>
        </extensions>
      </trkpt>
      <trkpt lat="30.5513391830027103424072265625" lon="104.04870933853089809417724609375">
        <ele>477</ele>
        <time>2026-09-21T13:26:33.000Z</time>
        <extensions>
          <ns3:TrackPointExtension>
            <ns3:hr>157</ns3:hr>
            <ns3:cad>89</ns3:cad>
          </ns3:TrackPointExtension>
        </extensions>
      </trkpt>
      <trkpt lat="30.5513660050928592681884765625" lon="104.04871369712054729461669921875">
        <ele>476.79998779296875</ele>
        <time>2026-09-21T13:26:34.000Z</time>
        <extensions>
          <ns3:TrackPointExtension>
            <ns3:hr>157</ns3:hr>
            <ns3:cad>90</ns3:cad>
          </ns3:TrackPointExtension>
        </extensions>
      </trkpt>
      <trkpt lat="30.55139106698334217071533203125" lon="104.048719815909862518310546875">
        <ele>476.600006103515625</ele>
        <time>2026-09-21T13:26:35.000Z</time>
        <extensions>
          <ns3:TrackPointExtension>
            <ns3:hr>157</ns3:hr>
            <ns3:cad>92</ns3:cad>
          </ns3:TrackPointExtension>
        </extensions>
      </trkpt>
      <trkpt lat="30.55141705088317394256591796875" lon="104.04872660525143146514892578125">
        <ele>476.600006103515625</ele>
        <time>2026-09-21T13:26:36.000Z</time>
        <extensions>
          <ns3:TrackPointExtension>
            <ns3:hr>157</ns3:hr>
            <ns3:cad>92</ns3:cad>
          </ns3:TrackPointExtension>
        </extensions>
      </trkpt>
      <trkpt lat="30.55143632926046848297119140625" lon="104.04872895218431949615478515625">
        <ele>476.600006103515625</ele>
        <time>2026-09-21T13:26:37.000Z</time>
        <extensions>
          <ns3:TrackPointExtension>
            <ns3:hr>157</ns3:hr>
            <ns3:cad>92</ns3:cad>
          </ns3:TrackPointExtension>
        </extensions>
      </trkpt>
      <trkpt lat="30.55146533064544200897216796875" lon="104.04873297549784183502197265625">
        <ele>476.600006103515625</ele>
        <time>2026-09-21T13:26:38.000Z</time>
        <extensions>
          <ns3:TrackPointExtension>
            <ns3:hr>157</ns3:hr>
            <ns3:cad>92</ns3:cad>
          </ns3:TrackPointExtension>
        </extensions>
      </trkpt>
      <trkpt lat="30.5514870397746562957763671875" lon="104.0487394295632839202880859375">
        <ele>476.600006103515625</ele>
        <time>2026-09-21T13:26:39.000Z</time>
        <extensions>
          <ns3:TrackPointExtension>
            <ns3:hr>157</ns3:hr>
            <ns3:cad>91</ns3:cad>
          </ns3:TrackPointExtension>
        </extensions>
      </trkpt>
      <trkpt lat="30.5515180528163909912109375" lon="104.048743285238742828369140625">
        <ele>476.79998779296875</ele>
        <time>2026-09-21T13:26:40.000Z</time>
        <extensions>
          <ns3:TrackPointExtension>
            <ns3:hr>157</ns3:hr>
            <ns3:cad>91</ns3:cad>
          </ns3:TrackPointExtension>
        </extensions>
      </trkpt>
      <trkpt lat="30.55154378525912761688232421875" lon="104.04874605126678943634033203125">
        <ele>476.600006103515625</ele>
        <time>2026-09-21T13:26:41.000Z</time>
        <extensions>
          <ns3:TrackPointExtension>
            <ns3:hr>157</ns3:hr>
            <ns3:cad>90</ns3:cad>
          </ns3:TrackPointExtension>
        </extensions>
      </trkpt>
      <trkpt lat="30.551571361720561981201171875" lon="104.0487421117722988128662109375">
        <ele>476.600006103515625</ele>
        <time>2026-09-21T13:26:42.000Z</time>
        <extensions>
          <ns3:TrackPointExtension>
            <ns3:hr>157</ns3:hr>
            <ns3:cad>90</ns3:cad>
          </ns3:TrackPointExtension>
        </extensions>
      </trkpt>
      <trkpt lat="30.55159826762974262237548828125" lon="104.04874169267714023590087890625">
        <ele>476.600006103515625</ele>
        <time>2026-09-21T13:26:43.000Z</time>
        <extensions>
          <ns3:TrackPointExtension>
            <ns3:hr>158</ns3:hr>
            <ns3:cad>89</ns3:cad>
          </ns3:TrackPointExtension>
        </extensions>
      </trkpt>
      <trkpt lat="30.5516251735389232635498046875" lon="104.0487417764961719512939453125">
        <ele>476.600006103515625</ele>
        <time>2026-09-21T13:26:44.000Z</time>
        <extensions>
          <ns3:TrackPointExtension>
            <ns3:hr>157</ns3:hr>
            <ns3:cad>89</ns3:cad>
          </ns3:TrackPointExtension>
        </extensions>
      </trkpt>
      <trkpt lat="30.55165023542940616607666015625" lon="104.04873649589717388153076171875">
        <ele>476.399993896484375</ele>
        <time>2026-09-21T13:26:45.000Z</time>
        <extensions>
          <ns3:TrackPointExtension>
            <ns3:hr>157</ns3:hr>
            <ns3:cad>89</ns3:cad>
          </ns3:TrackPointExtension>
        </extensions>
      </trkpt>
      <trkpt lat="30.5516744591295719146728515625" lon="104.0487307123839855194091796875">
        <ele>476.399993896484375</ele>
        <time>2026-09-21T13:26:46.000Z</time>
        <extensions>
          <ns3:TrackPointExtension>
            <ns3:hr>157</ns3:hr>
            <ns3:cad>89</ns3:cad>
          </ns3:TrackPointExtension>
        </extensions>
      </trkpt>
      <trkpt lat="30.5517036281526088714599609375" lon="104.04872995801270008087158203125">
        <ele>476.399993896484375</ele>
        <time>2026-09-21T13:26:47.000Z</time>
        <extensions>
          <ns3:TrackPointExtension>
            <ns3:hr>157</ns3:hr>
            <ns3:cad>89</ns3:cad>
          </ns3:TrackPointExtension>
        </extensions>
      </trkpt>
      <trkpt lat="30.551731288433074951171875" lon="104.0487203188240528106689453125">
        <ele>476.399993896484375</ele>
        <time>2026-09-21T13:26:48.000Z</time>
        <extensions>
          <ns3:TrackPointExtension>
            <ns3:hr>157</ns3:hr>
            <ns3:cad>89</ns3:cad>
          </ns3:TrackPointExtension>
        </extensions>
      </trkpt>
      <trkpt lat="30.55175718851387500762939453125" lon="104.04871403239667415618896484375">
        <ele>476.20001220703125</ele>
        <time>2026-09-21T13:26:49.000Z</time>
        <extensions>
          <ns3:TrackPointExtension>
            <ns3:hr>157</ns3:hr>
            <ns3:cad>89</ns3:cad>
          </ns3:TrackPointExtension>
        </extensions>
      </trkpt>
      <trkpt lat="30.55178426206111907958984375" lon="104.04870615340769290924072265625">
        <ele>476.20001220703125</ele>
        <time>2026-09-21T13:26:50.000Z</time>
        <extensions>
          <ns3:TrackPointExtension>
            <ns3:hr>156</ns3:hr>
            <ns3:cad>89</ns3:cad>
          </ns3:TrackPointExtension>
        </extensions>
      </trkpt>
      <trkpt lat="30.55181150324642658233642578125" lon="104.048699699342250823974609375">
        <ele>476.20001220703125</ele>
        <time>2026-09-21T13:26:51.000Z</time>
        <extensions>
          <ns3:TrackPointExtension>
            <ns3:hr>156</ns3:hr>
            <ns3:cad>89</ns3:cad>
          </ns3:TrackPointExtension>
        </extensions>
      </trkpt>
      <trkpt lat="30.5518367327749729156494140625" lon="104.0486901439726352691650390625">
        <ele>476.20001220703125</ele>
        <time>2026-09-21T13:26:52.000Z</time>
        <extensions>
          <ns3:TrackPointExtension>
            <ns3:hr>156</ns3:hr>
            <ns3:cad>90</ns3:cad>
          </ns3:TrackPointExtension>
        </extensions>
      </trkpt>
      <trkpt lat="30.5518652312457561492919921875" lon="104.04868151061236858367919921875">
        <ele>476.20001220703125</ele>
        <time>2026-09-21T13:26:53.000Z</time>
        <extensions>
          <ns3:TrackPointExtension>
            <ns3:hr>156</ns3:hr>
            <ns3:cad>90</ns3:cad>
          </ns3:TrackPointExtension>
        </extensions>
      </trkpt>
      <trkpt lat="30.551887191832065582275390625" lon="104.0486737154424190521240234375">
        <ele>476.20001220703125</ele>
        <time>2026-09-21T13:26:54.000Z</time>
        <extensions>
          <ns3:TrackPointExtension>
            <ns3:hr>156</ns3:hr>
            <ns3:cad>90</ns3:cad>
          </ns3:TrackPointExtension>
        </extensions>
      </trkpt>
      <trkpt lat="30.551912002265453338623046875" lon="104.0486703626811504364013671875">
        <ele>476</ele>
        <time>2026-09-21T13:26:55.000Z</time>
        <extensions>
          <ns3:TrackPointExtension>
            <ns3:hr>156</ns3:hr>
            <ns3:cad>90</ns3:cad>
          </ns3:TrackPointExtension>
        </extensions>
      </trkpt>
      <trkpt lat="30.55194209329783916473388671875" lon="104.04865938238799571990966796875">
        <ele>476</ele>
        <time>2026-09-21T13:26:56.000Z</time>
        <extensions>
          <ns3:TrackPointExtension>
            <ns3:hr>156</ns3:hr>
            <ns3:cad>90</ns3:cad>
          </ns3:TrackPointExtension>
        </extensions>
      </trkpt>
      <trkpt lat="30.55196254514157772064208984375" lon="104.04865083284676074981689453125">
        <ele>476</ele>
        <time>2026-09-21T13:26:57.000Z</time>
        <extensions>
          <ns3:TrackPointExtension>
            <ns3:hr>156</ns3:hr>
            <ns3:cad>90</ns3:cad>
          </ns3:TrackPointExtension>
        </extensions>
      </trkpt>
      <trkpt lat="30.55199355818331241607666015625" lon="104.048640020191669464111328125">
        <ele>476</ele>
        <time>2026-09-21T13:26:58.000Z</time>
        <extensions>
          <ns3:TrackPointExtension>
            <ns3:hr>155</ns3:hr>
            <ns3:cad>89</ns3:cad>
          </ns3:TrackPointExtension>
        </extensions>
      </trkpt>
      <trkpt lat="30.55201401002705097198486328125" lon="104.0486321412026882171630859375">
        <ele>476</ele>
        <time>2026-09-21T13:26:59.000Z</time>
        <extensions>
          <ns3:TrackPointExtension>
            <ns3:hr>155</ns3:hr>
            <ns3:cad>89</ns3:cad>
          </ns3:TrackPointExtension>
        </extensions>
      </trkpt>
      <trkpt lat="30.55204175412654876708984375" lon="104.04862417839467525482177734375">
        <ele>476</ele>
        <time>2026-09-21T13:27:00.000Z</time>
        <extensions>
          <ns3:TrackPointExtension>
            <ns3:hr>155</ns3:hr>
            <ns3:cad>90</ns3:cad>
          </ns3:TrackPointExtension>
        </extensions>
      </trkpt>
      <trkpt lat="30.5520633794367313385009765625" lon="104.04862049035727977752685546875">
        <ele>476</ele>
        <time>2026-09-21T13:27:01.000Z</time>
        <extensions>
          <ns3:TrackPointExtension>
            <ns3:hr>155</ns3:hr>
            <ns3:cad>90</ns3:cad>
          </ns3:TrackPointExtension>
        </extensions>
      </trkpt>
      <trkpt lat="30.55208743549883365631103515625" lon="104.04862652532756328582763671875">
        <ele>476</ele>
        <time>2026-09-21T13:27:02.000Z</time>
        <extensions>
          <ns3:TrackPointExtension>
            <ns3:hr>154</ns3:hr>
            <ns3:cad>91</ns3:cad>
          </ns3:TrackPointExtension>
        </extensions>
      </trkpt>
      <trkpt lat="30.55210344493389129638671875" lon="104.04863608069717884063720703125">
        <ele>476</ele>
        <time>2026-09-21T13:27:03.000Z</time>
        <extensions>
          <ns3:TrackPointExtension>
            <ns3:hr>154</ns3:hr>
            <ns3:cad>90</ns3:cad>
          </ns3:TrackPointExtension>
        </extensions>
      </trkpt>
      <trkpt lat="30.5521264113485813140869140625" lon="104.048652090132236480712890625">
        <ele>476</ele>
        <time>2026-09-21T13:27:04.000Z</time>
        <extensions>
          <ns3:TrackPointExtension>
            <ns3:hr>155</ns3:hr>
            <ns3:cad>90</ns3:cad>
          </ns3:TrackPointExtension>
        </extensions>
      </trkpt>
      <trkpt lat="30.5521418340504169464111328125" lon="104.04866239987313747406005859375">
        <ele>476</ele>
        <time>2026-09-21T13:27:05.000Z</time>
        <extensions>
          <ns3:TrackPointExtension>
            <ns3:hr>154</ns3:hr>
            <ns3:cad>90</ns3:cad>
          </ns3:TrackPointExtension>
        </extensions>
      </trkpt>
      <trkpt lat="30.55216203443706035614013671875" lon="104.04867388308048248291015625">
        <ele>476</ele>
        <time>2026-09-21T13:27:06.000Z</time>
        <extensions>
          <ns3:TrackPointExtension>
            <ns3:hr>154</ns3:hr>
            <ns3:cad>90</ns3:cad>
          </ns3:TrackPointExtension>
        </extensions>
      </trkpt>
      <trkpt lat="30.5521783791482448577880859375" lon="104.04868704266846179962158203125">
        <ele>476</ele>
        <time>2026-09-21T13:27:07.000Z</time>
        <extensions>
          <ns3:TrackPointExtension>
            <ns3:hr>155</ns3:hr>
            <ns3:cad>90</ns3:cad>
          </ns3:TrackPointExtension>
        </extensions>
      </trkpt>
      <trkpt lat="30.5522008426487445831298828125" lon="104.048701710999011993408203125">
        <ele>476</ele>
        <time>2026-09-21T13:27:08.000Z</time>
        <extensions>
          <ns3:TrackPointExtension>
            <ns3:hr>154</ns3:hr>
            <ns3:cad>90</ns3:cad>
          </ns3:TrackPointExtension>
        </extensions>
      </trkpt>
      <trkpt lat="30.55222104303538799285888671875" lon="104.04870875179767608642578125">
        <ele>476</ele>
        <time>2026-09-21T13:27:09.000Z</time>
        <extensions>
          <ns3:TrackPointExtension>
            <ns3:hr>155</ns3:hr>
            <ns3:cad>91</ns3:cad>
          </ns3:TrackPointExtension>
        </extensions>
      </trkpt>
      <trkpt lat="30.5522502958774566650390625" lon="104.04871755279600620269775390625">
        <ele>476</ele>
        <time>2026-09-21T13:27:10.000Z</time>
        <extensions>
          <ns3:TrackPointExtension>
            <ns3:hr>155</ns3:hr>
            <ns3:cad>90</ns3:cad>
          </ns3:TrackPointExtension>
        </extensions>
      </trkpt>
      <trkpt lat="30.55227234028279781341552734375" lon="104.048724509775638580322265625">
        <ele>476</ele>
        <time>2026-09-21T13:27:11.000Z</time>
        <extensions>
          <ns3:TrackPointExtension>
            <ns3:hr>154</ns3:hr>
            <ns3:cad>90</ns3:cad>
          </ns3:TrackPointExtension>
        </extensions>
      </trkpt>
      <trkpt lat="30.55230184458196163177490234375" lon="104.04873196966946125030517578125">
        <ele>476</ele>
        <time>2026-09-21T13:27:12.000Z</time>
        <extensions>
          <ns3:TrackPointExtension>
            <ns3:hr>154</ns3:hr>
            <ns3:cad>90</ns3:cad>
          </ns3:TrackPointExtension>
        </extensions>
      </trkpt>
      <trkpt lat="30.5523332767188549041748046875" lon="104.04873984865844249725341796875">
        <ele>476</ele>
        <time>2026-09-21T13:27:13.000Z</time>
        <extensions>
          <ns3:TrackPointExtension>
            <ns3:hr>154</ns3:hr>
            <ns3:cad>90</ns3:cad>
          </ns3:TrackPointExtension>
        </extensions>
      </trkpt>
      <trkpt lat="30.55237300693988800048828125" lon="104.04875141568481922149658203125">
        <ele>476</ele>
        <time>2026-09-21T13:27:14.000Z</time>
        <extensions>
          <ns3:TrackPointExtension>
            <ns3:hr>154</ns3:hr>
            <ns3:cad>90</ns3:cad>
          </ns3:TrackPointExtension>
        </extensions>
      </trkpt>
      <trkpt lat="30.552398823201656341552734375" lon="104.04875460080802440643310546875">
        <ele>476</ele>
        <time>2026-09-21T13:27:15.000Z</time>
        <extensions>
          <ns3:TrackPointExtension>
            <ns3:hr>155</ns3:hr>
            <ns3:cad>90</ns3:cad>
          </ns3:TrackPointExtension>
        </extensions>
      </trkpt>
      <trkpt lat="30.5524273216724395751953125" lon="104.04875443316996097564697265625">
        <ele>476</ele>
        <time>2026-09-21T13:27:16.000Z</time>
        <extensions>
          <ns3:TrackPointExtension>
            <ns3:hr>155</ns3:hr>
            <ns3:cad>90</ns3:cad>
          </ns3:TrackPointExtension>
        </extensions>
      </trkpt>
      <trkpt lat="30.55244701914489269256591796875" lon="104.04875644482672214508056640625">
        <ele>476</ele>
        <time>2026-09-21T13:27:17.000Z</time>
        <extensions>
          <ns3:TrackPointExtension>
            <ns3:hr>155</ns3:hr>
            <ns3:cad>90</ns3:cad>
          </ns3:TrackPointExtension>
        </extensions>
      </trkpt>
      <trkpt lat="30.55247082374989986419677734375" lon="104.04875703155994415283203125">
        <ele>476</ele>
        <time>2026-09-21T13:27:18.000Z</time>
        <extensions>
          <ns3:TrackPointExtension>
            <ns3:hr>154</ns3:hr>
            <ns3:cad>90</ns3:cad>
          </ns3:TrackPointExtension>
        </extensions>
      </trkpt>
      <trkpt lat="30.55248926393687725067138671875" lon="104.04874906875193119049072265625">
        <ele>476</ele>
        <time>2026-09-21T13:27:19.000Z</time>
        <extensions>
          <ns3:TrackPointExtension>
            <ns3:hr>155</ns3:hr>
            <ns3:cad>90</ns3:cad>
          </ns3:TrackPointExtension>
        </extensions>
      </trkpt>
      <trkpt lat="30.552512817084789276123046875" lon="104.04873783700168132781982421875">
        <ele>475.79998779296875</ele>
        <time>2026-09-21T13:27:20.000Z</time>
        <extensions>
          <ns3:TrackPointExtension>
            <ns3:hr>155</ns3:hr>
            <ns3:cad>90</ns3:cad>
          </ns3:TrackPointExtension>
        </extensions>
      </trkpt>
      <trkpt lat="30.552536956965923309326171875" lon="104.04872191138565540313720703125">
        <ele>475.600006103515625</ele>
        <time>2026-09-21T13:27:21.000Z</time>
        <extensions>
          <ns3:TrackPointExtension>
            <ns3:hr>154</ns3:hr>
            <ns3:cad>90</ns3:cad>
          </ns3:TrackPointExtension>
        </extensions>
      </trkpt>
      <trkpt lat="30.552568137645721435546875" lon="104.0487092547118663787841796875">
        <ele>475.399993896484375</ele>
        <time>2026-09-21T13:27:22.000Z</time>
        <extensions>
          <ns3:TrackPointExtension>
            <ns3:hr>154</ns3:hr>
            <ns3:cad>90</ns3:cad>
          </ns3:TrackPointExtension>
        </extensions>
      </trkpt>
      <trkpt lat="30.55259227752685546875" lon="104.04869626276195049285888671875">
        <ele>475.399993896484375</ele>
        <time>2026-09-21T13:27:23.000Z</time>
        <extensions>
          <ns3:TrackPointExtension>
            <ns3:hr>154</ns3:hr>
            <ns3:cad>90</ns3:cad>
          </ns3:TrackPointExtension>
        </extensions>
      </trkpt>
      <trkpt lat="30.55261750705540180206298828125" lon="104.0486854501068592071533203125">
        <ele>475.399993896484375</ele>
        <time>2026-09-21T13:27:24.000Z</time>
        <extensions>
          <ns3:TrackPointExtension>
            <ns3:hr>153</ns3:hr>
            <ns3:cad>90</ns3:cad>
          </ns3:TrackPointExtension>
        </extensions>
      </trkpt>
      <trkpt lat="30.55263980291783809661865234375" lon="104.0486727096140384674072265625">
        <ele>475.399993896484375</ele>
        <time>2026-09-21T13:27:25.000Z</time>
        <extensions>
          <ns3:TrackPointExtension>
            <ns3:hr>153</ns3:hr>
            <ns3:cad>92</ns3:cad>
          </ns3:TrackPointExtension>
        </extensions>
      </trkpt>
      <trkpt lat="30.5526652000844478607177734375" lon="104.0486638247966766357421875">
        <ele>475.20001220703125</ele>
        <time>2026-09-21T13:27:26.000Z</time>
        <extensions>
          <ns3:TrackPointExtension>
            <ns3:hr>152</ns3:hr>
            <ns3:cad>92</ns3:cad>
          </ns3:TrackPointExtension>
        </extensions>
      </trkpt>
      <trkpt lat="30.55269076488912105560302734375" lon="104.04865904711186885833740234375">
        <ele>475.20001220703125</ele>
        <time>2026-09-21T13:27:27.000Z</time>
        <extensions>
          <ns3:TrackPointExtension>
            <ns3:hr>152</ns3:hr>
            <ns3:cad>92</ns3:cad>
          </ns3:TrackPointExtension>
        </extensions>
      </trkpt>
      <trkpt lat="30.55271993391215801239013671875" lon="104.0486579574644565582275390625">
        <ele>475.20001220703125</ele>
        <time>2026-09-21T13:27:28.000Z</time>
        <extensions>
          <ns3:TrackPointExtension>
            <ns3:hr>152</ns3:hr>
            <ns3:cad>92</ns3:cad>
          </ns3:TrackPointExtension>
        </extensions>
      </trkpt>
      <trkpt lat="30.55274709127843379974365234375" lon="104.04865913093090057373046875">
        <ele>475.20001220703125</ele>
        <time>2026-09-21T13:27:29.000Z</time>
        <extensions>
          <ns3:TrackPointExtension>
            <ns3:hr>151</ns3:hr>
            <ns3:cad>92</ns3:cad>
          </ns3:TrackPointExtension>
        </extensions>
      </trkpt>
      <trkpt lat="30.55277424864470958709716796875" lon="104.0486611425876617431640625">
        <ele>475.20001220703125</ele>
        <time>2026-09-21T13:27:30.000Z</time>
        <extensions>
          <ns3:TrackPointExtension>
            <ns3:hr>151</ns3:hr>
            <ns3:cad>91</ns3:cad>
          </ns3:TrackPointExtension>
        </extensions>
      </trkpt>
      <trkpt lat="30.55280040018260478973388671875" lon="104.04865787364542484283447265625">
        <ele>475.399993896484375</ele>
        <time>2026-09-21T13:27:31.000Z</time>
        <extensions>
          <ns3:TrackPointExtension>
            <ns3:hr>151</ns3:hr>
            <ns3:cad>91</ns3:cad>
          </ns3:TrackPointExtension>
        </extensions>
      </trkpt>
      <trkpt lat="30.5528247915208339691162109375" lon="104.048654772341251373291015625">
        <ele>475.399993896484375</ele>
        <time>2026-09-21T13:27:32.000Z</time>
        <extensions>
          <ns3:TrackPointExtension>
            <ns3:hr>151</ns3:hr>
            <ns3:cad>91</ns3:cad>
          </ns3:TrackPointExtension>
        </extensions>
      </trkpt>
      <trkpt lat="30.55284968577325344085693359375" lon="104.04865150339901447296142578125">
        <ele>475.399993896484375</ele>
        <time>2026-09-21T13:27:33.000Z</time>
        <extensions>
          <ns3:TrackPointExtension>
            <ns3:hr>152</ns3:hr>
            <ns3:cad>91</ns3:cad>
          </ns3:TrackPointExtension>
        </extensions>
      </trkpt>
      <trkpt lat="30.552873574197292327880859375" lon="104.04864303767681121826171875">
        <ele>475.399993896484375</ele>
        <time>2026-09-21T13:27:34.000Z</time>
        <extensions>
          <ns3:TrackPointExtension>
            <ns3:hr>152</ns3:hr>
            <ns3:cad>90</ns3:cad>
          </ns3:TrackPointExtension>
        </extensions>
      </trkpt>
      <trkpt lat="30.552899725735187530517578125" lon="104.04863390140235424041748046875">
        <ele>475.399993896484375</ele>
        <time>2026-09-21T13:27:35.000Z</time>
        <extensions>
          <ns3:TrackPointExtension>
            <ns3:hr>152</ns3:hr>
            <ns3:cad>90</ns3:cad>
          </ns3:TrackPointExtension>
        </extensions>
      </trkpt>
      <trkpt lat="30.55292009375989437103271484375" lon="104.0486235916614532470703125">
        <ele>475.399993896484375</ele>
        <time>2026-09-21T13:27:36.000Z</time>
        <extensions>
          <ns3:TrackPointExtension>
            <ns3:hr>151</ns3:hr>
            <ns3:cad>90</ns3:cad>
          </ns3:TrackPointExtension>
        </extensions>
      </trkpt>
      <trkpt lat="30.55294406600296497344970703125" lon="104.04861353337764739990234375">
        <ele>475.399993896484375</ele>
        <time>2026-09-21T13:27:37.000Z</time>
        <extensions>
          <ns3:TrackPointExtension>
            <ns3:hr>151</ns3:hr>
            <ns3:cad>91</ns3:cad>
          </ns3:TrackPointExtension>
        </extensions>
      </trkpt>
      <trkpt lat="30.55296652950346469879150390625" lon="104.048611856997013092041015625">
        <ele>475.399993896484375</ele>
        <time>2026-09-21T13:27:38.000Z</time>
        <extensions>
          <ns3:TrackPointExtension>
            <ns3:hr>151</ns3:hr>
            <ns3:cad>91</ns3:cad>
          </ns3:TrackPointExtension>
        </extensions>
      </trkpt>
      <trkpt lat="30.55299368686974048614501953125" lon="104.04860154725611209869384765625">
        <ele>475.399993896484375</ele>
        <time>2026-09-21T13:27:39.000Z</time>
        <extensions>
          <ns3:TrackPointExtension>
            <ns3:hr>152</ns3:hr>
            <ns3:cad>91</ns3:cad>
          </ns3:TrackPointExtension>
        </extensions>
      </trkpt>
      <trkpt lat="30.5530148930847644805908203125" lon="104.04859316535294055938720703125">
        <ele>475.399993896484375</ele>
        <time>2026-09-21T13:27:40.000Z</time>
        <extensions>
          <ns3:TrackPointExtension>
            <ns3:hr>151</ns3:hr>
            <ns3:cad>91</ns3:cad>
          </ns3:TrackPointExtension>
        </extensions>
      </trkpt>
      <trkpt lat="30.55303593166172504425048828125" lon="104.04857707209885120391845703125">
        <ele>475.399993896484375</ele>
        <time>2026-09-21T13:27:41.000Z</time>
        <extensions>
          <ns3:TrackPointExtension>
            <ns3:hr>151</ns3:hr>
            <ns3:cad>91</ns3:cad>
          </ns3:TrackPointExtension>
        </extensions>
      </trkpt>
      <trkpt lat="30.55305202491581439971923828125" lon="104.0485644154250621795654296875">
        <ele>475.399993896484375</ele>
        <time>2026-09-21T13:27:42.000Z</time>
        <extensions>
          <ns3:TrackPointExtension>
            <ns3:hr>152</ns3:hr>
            <ns3:cad>92</ns3:cad>
          </ns3:TrackPointExtension>
        </extensions>
      </trkpt>
      <trkpt lat="30.55307700298726558685302734375" lon="104.048541449010372161865234375">
        <ele>475.399993896484375</ele>
        <time>2026-09-21T13:27:43.000Z</time>
        <extensions>
          <ns3:TrackPointExtension>
            <ns3:hr>151</ns3:hr>
            <ns3:cad>92</ns3:cad>
          </ns3:TrackPointExtension>
        </extensions>
      </trkpt>
      <trkpt lat="30.55309225805103778839111328125" lon="104.04852761887013912200927734375">
        <ele>475.399993896484375</ele>
        <time>2026-09-21T13:27:44.000Z</time>
        <extensions>
          <ns3:TrackPointExtension>
            <ns3:hr>151</ns3:hr>
            <ns3:cad>91</ns3:cad>
          </ns3:TrackPointExtension>
        </extensions>
      </trkpt>
      <trkpt lat="30.5531191639602184295654296875" lon="104.048507250845432281494140625">
        <ele>475.600006103515625</ele>
        <time>2026-09-21T13:27:45.000Z</time>
        <extensions>
          <ns3:TrackPointExtension>
            <ns3:hr>151</ns3:hr>
            <ns3:cad>90</ns3:cad>
          </ns3:TrackPointExtension>
        </extensions>
      </trkpt>
      <trkpt lat="30.553136430680751800537109375" lon="104.04848881065845489501953125">
        <ele>475.600006103515625</ele>
        <time>2026-09-21T13:27:46.000Z</time>
        <extensions>
          <ns3:TrackPointExtension>
            <ns3:hr>151</ns3:hr>
            <ns3:cad>90</ns3:cad>
          </ns3:TrackPointExtension>
        </extensions>
      </trkpt>
      <trkpt lat="30.55316451005637645721435546875" lon="104.04847347177565097808837890625">
        <ele>475.600006103515625</ele>
        <time>2026-09-21T13:27:47.000Z</time>
        <extensions>
          <ns3:TrackPointExtension>
            <ns3:hr>150</ns3:hr>
            <ns3:cad>91</ns3:cad>
          </ns3:TrackPointExtension>
        </extensions>
      </trkpt>
      <trkpt lat="30.55318010039627552032470703125" lon="104.04846324585378170013427734375">
        <ele>475.600006103515625</ele>
        <time>2026-09-21T13:27:48.000Z</time>
        <extensions>
          <ns3:TrackPointExtension>
            <ns3:hr>150</ns3:hr>
            <ns3:cad>92</ns3:cad>
          </ns3:TrackPointExtension>
        </extensions>
      </trkpt>
      <trkpt lat="30.55320675484836101531982421875" lon="104.0484467335045337677001953125">
        <ele>475.600006103515625</ele>
        <time>2026-09-21T13:27:49.000Z</time>
        <extensions>
          <ns3:TrackPointExtension>
            <ns3:hr>150</ns3:hr>
            <ns3:cad>92</ns3:cad>
          </ns3:TrackPointExtension>
        </extensions>
      </trkpt>
      <trkpt lat="30.55322192609310150146484375" lon="104.04843441210687160491943359375">
        <ele>475.600006103515625</ele>
        <time>2026-09-21T13:27:50.000Z</time>
        <extensions>
          <ns3:TrackPointExtension>
            <ns3:hr>150</ns3:hr>
            <ns3:cad>91</ns3:cad>
          </ns3:TrackPointExtension>
        </extensions>
      </trkpt>
      <trkpt lat="30.553246401250362396240234375" lon="104.04841965995728969573974609375">
        <ele>475.600006103515625</ele>
        <time>2026-09-21T13:27:51.000Z</time>
        <extensions>
          <ns3:TrackPointExtension>
            <ns3:hr>150</ns3:hr>
            <ns3:cad>91</ns3:cad>
          </ns3:TrackPointExtension>
        </extensions>
      </trkpt>
      <trkpt lat="30.5532660149037837982177734375" lon="104.0484058298170566558837890625">
        <ele>475.600006103515625</ele>
        <time>2026-09-21T13:27:52.000Z</time>
        <extensions>
          <ns3:TrackPointExtension>
            <ns3:hr>149</ns3:hr>
            <ns3:cad>91</ns3:cad>
          </ns3:TrackPointExtension>
        </extensions>
      </trkpt>
      <trkpt lat="30.55328705348074436187744140625" lon="104.0483915805816650390625">
        <ele>475.600006103515625</ele>
        <time>2026-09-21T13:27:53.000Z</time>
        <extensions>
          <ns3:TrackPointExtension>
            <ns3:hr>149</ns3:hr>
            <ns3:cad>91</ns3:cad>
          </ns3:TrackPointExtension>
        </extensions>
      </trkpt>
      <trkpt lat="30.553308762609958648681640625" lon="104.04837775044143199920654296875">
        <ele>475.600006103515625</ele>
        <time>2026-09-21T13:27:54.000Z</time>
        <extensions>
          <ns3:TrackPointExtension>
            <ns3:hr>149</ns3:hr>
            <ns3:cad>91</ns3:cad>
          </ns3:TrackPointExtension>
        </extensions>
      </trkpt>
      <trkpt lat="30.5533273704349994659423828125" lon="104.04836517758667469024658203125">
        <ele>475.600006103515625</ele>
        <time>2026-09-21T13:27:55.000Z</time>
        <extensions>
          <ns3:TrackPointExtension>
            <ns3:hr>149</ns3:hr>
            <ns3:cad>90</ns3:cad>
          </ns3:TrackPointExtension>
        </extensions>
      </trkpt>
      <trkpt lat="30.55334002710878849029541015625" lon="104.04836182482540607452392578125">
        <ele>475.600006103515625</ele>
        <time>2026-09-21T13:27:56.000Z</time>
        <extensions>
          <ns3:TrackPointExtension>
            <ns3:hr>149</ns3:hr>
            <ns3:cad>90</ns3:cad>
          </ns3:TrackPointExtension>
        </extensions>
      </trkpt>
      <trkpt lat="30.553367435932159423828125" lon="104.0483508445322513580322265625">
        <ele>475.600006103515625</ele>
        <time>2026-09-21T13:27:57.000Z</time>
        <extensions>
          <ns3:TrackPointExtension>
            <ns3:hr>149</ns3:hr>
            <ns3:cad>90</ns3:cad>
          </ns3:TrackPointExtension>
        </extensions>
      </trkpt>
      <trkpt lat="30.55339065380394458770751953125" lon="104.048334248363971710205078125">
        <ele>475.600006103515625</ele>
        <time>2026-09-21T13:27:58.000Z</time>
        <extensions>
          <ns3:TrackPointExtension>
            <ns3:hr>149</ns3:hr>
            <ns3:cad>90</ns3:cad>
          </ns3:TrackPointExtension>
        </extensions>
      </trkpt>
      <trkpt lat="30.553418733179569244384765625" lon="104.0483189933001995086669921875">
        <ele>475.600006103515625</ele>
        <time>2026-09-21T13:27:59.000Z</time>
        <extensions>
          <ns3:TrackPointExtension>
            <ns3:hr>149</ns3:hr>
            <ns3:cad>92</ns3:cad>
          </ns3:TrackPointExtension>
        </extensions>
      </trkpt>
      <trkpt lat="30.5534393526613712310791015625" lon="104.0483012236654758453369140625">
        <ele>475.600006103515625</ele>
        <time>2026-09-21T13:28:00.000Z</time>
        <extensions>
          <ns3:TrackPointExtension>
            <ns3:hr>149</ns3:hr>
            <ns3:cad>92</ns3:cad>
          </ns3:TrackPointExtension>
        </extensions>
      </trkpt>
      <trkpt lat="30.553469359874725341796875" lon="104.04828571714460849761962890625">
        <ele>475.79998779296875</ele>
        <time>2026-09-21T13:28:01.000Z</time>
        <extensions>
          <ns3:TrackPointExtension>
            <ns3:hr>150</ns3:hr>
            <ns3:cad>92</ns3:cad>
          </ns3:TrackPointExtension>
        </extensions>
      </trkpt>
      <trkpt lat="30.55348738096654415130615234375" lon="104.048264510929584503173828125">
        <ele>475.79998779296875</ele>
        <time>2026-09-21T13:28:02.000Z</time>
        <extensions>
          <ns3:TrackPointExtension>
            <ns3:hr>150</ns3:hr>
            <ns3:cad>91</ns3:cad>
          </ns3:TrackPointExtension>
        </extensions>
      </trkpt>
      <trkpt lat="30.5535104312002658843994140625" lon="104.04824162833392620086669921875">
        <ele>475.79998779296875</ele>
        <time>2026-09-21T13:28:03.000Z</time>
        <extensions>
          <ns3:TrackPointExtension>
            <ns3:hr>150</ns3:hr>
            <ns3:cad>91</ns3:cad>
          </ns3:TrackPointExtension>
        </extensions>
      </trkpt>
      <trkpt lat="30.5535191483795642852783203125" lon="104.0482158958911895751953125">
        <ele>475.79998779296875</ele>
        <time>2026-09-21T13:28:04.000Z</time>
        <extensions>
          <ns3:TrackPointExtension>
            <ns3:hr>151</ns3:hr>
            <ns3:cad>90</ns3:cad>
          </ns3:TrackPointExtension>
        </extensions>
      </trkpt>
      <trkpt lat="30.5535335652530193328857421875" lon="104.04818429611623287200927734375">
        <ele>475.79998779296875</ele>
        <time>2026-09-21T13:28:05.000Z</time>
        <extensions>
          <ns3:TrackPointExtension>
            <ns3:hr>151</ns3:hr>
            <ns3:cad>90</ns3:cad>
          </ns3:TrackPointExtension>
        </extensions>
      </trkpt>
      <trkpt lat="30.55353817529976367950439453125" lon="104.0481573902070522308349609375">
        <ele>475.79998779296875</ele>
        <time>2026-09-21T13:28:06.000Z</time>
        <extensions>
          <ns3:TrackPointExtension>
            <ns3:hr>152</ns3:hr>
            <ns3:cad>90</ns3:cad>
          </ns3:TrackPointExtension>
        </extensions>
      </trkpt>
      <trkpt lat="30.55354773066937923431396484375" lon="104.04812403023242950439453125">
        <ele>475.600006103515625</ele>
        <time>2026-09-21T13:28:07.000Z</time>
        <extensions>
          <ns3:TrackPointExtension>
            <ns3:hr>152</ns3:hr>
            <ns3:cad>90</ns3:cad>
          </ns3:TrackPointExtension>
        </extensions>
      </trkpt>
      <trkpt lat="30.553546808660030364990234375" lon="104.048096872866153717041015625">
        <ele>475.600006103515625</ele>
        <time>2026-09-21T13:28:08.000Z</time>
        <extensions>
          <ns3:TrackPointExtension>
            <ns3:hr>152</ns3:hr>
            <ns3:cad>90</ns3:cad>
          </ns3:TrackPointExtension>
        </extensions>
      </trkpt>
      <trkpt lat="30.553552173078060150146484375" lon="104.0480645187199115753173828125">
        <ele>475.600006103515625</ele>
        <time>2026-09-21T13:28:09.000Z</time>
        <extensions>
          <ns3:TrackPointExtension>
            <ns3:hr>152</ns3:hr>
            <ns3:cad>90</ns3:cad>
          </ns3:TrackPointExtension>
        </extensions>
      </trkpt>
      <trkpt lat="30.5535499937832355499267578125" lon="104.04803543351590633392333984375">
        <ele>475.600006103515625</ele>
        <time>2026-09-21T13:28:10.000Z</time>
        <extensions>
          <ns3:TrackPointExtension>
            <ns3:hr>152</ns3:hr>
            <ns3:cad>90</ns3:cad>
          </ns3:TrackPointExtension>
        </extensions>
      </trkpt>
      <trkpt lat="30.55355560965836048126220703125" lon="104.0480075217783451080322265625">
        <ele>475.600006103515625</ele>
        <time>2026-09-21T13:28:11.000Z</time>
        <extensions>
          <ns3:TrackPointExtension>
            <ns3:hr>152</ns3:hr>
            <ns3:cad>90</ns3:cad>
          </ns3:TrackPointExtension>
        </extensions>
      </trkpt>
      <trkpt lat="30.55355376563966274261474609375" lon="104.047984220087528228759765625">
        <ele>475.399993896484375</ele>
        <time>2026-09-21T13:28:12.000Z</time>
        <extensions>
          <ns3:TrackPointExtension>
            <ns3:hr>152</ns3:hr>
            <ns3:cad>91</ns3:cad>
          </ns3:TrackPointExtension>
        </extensions>
      </trkpt>
      <trkpt lat="30.5535587109625339508056640625" lon="104.0479579009115695953369140625">
        <ele>475.399993896484375</ele>
        <time>2026-09-21T13:28:13.000Z</time>
        <extensions>
          <ns3:TrackPointExtension>
            <ns3:hr>152</ns3:hr>
            <ns3:cad>90</ns3:cad>
          </ns3:TrackPointExtension>
        </extensions>
      </trkpt>
      <trkpt lat="30.5535570345818996429443359375" lon="104.04793954454362392425537109375">
        <ele>475.600006103515625</ele>
        <time>2026-09-21T13:28:14.000Z</time>
        <extensions>
          <ns3:TrackPointExtension>
            <ns3:hr>153</ns3:hr>
            <ns3:cad>90</ns3:cad>
          </ns3:TrackPointExtension>
        </extensions>
      </trkpt>
      <trkpt lat="30.5535691045224666595458984375" lon="104.0479079447686672210693359375">
        <ele>475.399993896484375</ele>
        <time>2026-09-21T13:28:15.000Z</time>
        <extensions>
          <ns3:TrackPointExtension>
            <ns3:hr>153</ns3:hr>
            <ns3:cad>90</ns3:cad>
          </ns3:TrackPointExtension>
        </extensions>
      </trkpt>
      <trkpt lat="30.5535704456269741058349609375" lon="104.0478859841823577880859375">
        <ele>475.399993896484375</ele>
        <time>2026-09-21T13:28:16.000Z</time>
        <extensions>
          <ns3:TrackPointExtension>
            <ns3:hr>153</ns3:hr>
            <ns3:cad>89</ns3:cad>
          </ns3:TrackPointExtension>
        </extensions>
      </trkpt>
      <trkpt lat="30.5535815097391605377197265625" lon="104.047857820987701416015625">
        <ele>475.399993896484375</ele>
        <time>2026-09-21T13:28:17.000Z</time>
        <extensions>
          <ns3:TrackPointExtension>
            <ns3:hr>153</ns3:hr>
            <ns3:cad>89</ns3:cad>
          </ns3:TrackPointExtension>
        </extensions>
      </trkpt>
      <trkpt lat="30.55357790552079677581787109375" lon="104.0478385426104068756103515625">
        <ele>475.399993896484375</ele>
        <time>2026-09-21T13:28:18.000Z</time>
        <extensions>
          <ns3:TrackPointExtension>
            <ns3:hr>153</ns3:hr>
            <ns3:cad>89</ns3:cad>
          </ns3:TrackPointExtension>
        </extensions>
      </trkpt>
      <trkpt lat="30.553574301302433013916015625" lon="104.04780878685414791107177734375">
        <ele>475.20001220703125</ele>
        <time>2026-09-21T13:28:19.000Z</time>
        <extensions>
          <ns3:TrackPointExtension>
            <ns3:hr>153</ns3:hr>
            <ns3:cad>87</ns3:cad>
          </ns3:TrackPointExtension>
        </extensions>
      </trkpt>
      <trkpt lat="30.5535654164850711822509765625" lon="104.04778431169688701629638671875">
        <ele>475.20001220703125</ele>
        <time>2026-09-21T13:28:20.000Z</time>
        <extensions>
          <ns3:TrackPointExtension>
            <ns3:hr>153</ns3:hr>
            <ns3:cad>87</ns3:cad>
          </ns3:TrackPointExtension>
        </extensions>
      </trkpt>
      <trkpt lat="30.5535570345818996429443359375" lon="104.04775866307318210601806640625">
        <ele>475.20001220703125</ele>
        <time>2026-09-21T13:28:21.000Z</time>
        <extensions>
          <ns3:TrackPointExtension>
            <ns3:hr>153</ns3:hr>
            <ns3:cad>87</ns3:cad>
          </ns3:TrackPointExtension>
        </extensions>
      </trkpt>
      <trkpt lat="30.5535543523728847503662109375" lon="104.04773418791592121124267578125">
        <ele>475.20001220703125</ele>
        <time>2026-09-21T13:28:22.000Z</time>
        <extensions>
          <ns3:TrackPointExtension>
            <ns3:hr>153</ns3:hr>
            <ns3:cad>88</ns3:cad>
          </ns3:TrackPointExtension>
        </extensions>
      </trkpt>
      <trkpt lat="30.5535479821264743804931640625" lon="104.0477077849209308624267578125">
        <ele>475.399993896484375</ele>
        <time>2026-09-21T13:28:23.000Z</time>
        <extensions>
          <ns3:TrackPointExtension>
            <ns3:hr>153</ns3:hr>
            <ns3:cad>88</ns3:cad>
          </ns3:TrackPointExtension>
        </extensions>
      </trkpt>
      <trkpt lat="30.55354756303131580352783203125" lon="104.04768255539238452911376953125">
        <ele>475.399993896484375</ele>
        <time>2026-09-21T13:28:24.000Z</time>
        <extensions>
          <ns3:TrackPointExtension>
            <ns3:hr>153</ns3:hr>
            <ns3:cad>88</ns3:cad>
          </ns3:TrackPointExtension>
        </extensions>
      </trkpt>
      <trkpt lat="30.5535452999174594879150390625" lon="104.04765690676867961883544921875">
        <ele>475.399993896484375</ele>
        <time>2026-09-21T13:28:25.000Z</time>
        <extensions>
          <ns3:TrackPointExtension>
            <ns3:hr>152</ns3:hr>
            <ns3:cad>88</ns3:cad>
          </ns3:TrackPointExtension>
        </extensions>
      </trkpt>
      <trkpt lat="30.55354915559291839599609375" lon="104.04762740246951580047607421875">
        <ele>475.399993896484375</ele>
        <time>2026-09-21T13:28:26.000Z</time>
        <extensions>
          <ns3:TrackPointExtension>
            <ns3:hr>152</ns3:hr>
            <ns3:cad>87</ns3:cad>
          </ns3:TrackPointExtension>
        </extensions>
      </trkpt>
      <trkpt lat="30.55354571901261806488037109375" lon="104.047602005302906036376953125">
        <ele>475.20001220703125</ele>
        <time>2026-09-21T13:28:27.000Z</time>
        <extensions>
          <ns3:TrackPointExtension>
            <ns3:hr>152</ns3:hr>
            <ns3:cad>87</ns3:cad>
          </ns3:TrackPointExtension>
        </extensions>
      </trkpt>
      <trkpt lat="30.5535476468503475189208984375" lon="104.0475740097463130950927734375">
        <ele>475.20001220703125</ele>
        <time>2026-09-21T13:28:28.000Z</time>
        <extensions>
          <ns3:TrackPointExtension>
            <ns3:hr>151</ns3:hr>
            <ns3:cad>87</ns3:cad>
          </ns3:TrackPointExtension>
        </extensions>
      </trkpt>
      <trkpt lat="30.55354119278490543365478515625" lon="104.04755380935966968536376953125">
        <ele>475.20001220703125</ele>
        <time>2026-09-21T13:28:29.000Z</time>
        <extensions>
          <ns3:TrackPointExtension>
            <ns3:hr>151</ns3:hr>
            <ns3:cad>88</ns3:cad>
          </ns3:TrackPointExtension>
        </extensions>
      </trkpt>
      <trkpt lat="30.5535439588129520416259765625" lon="104.0475264005362987518310546875">
        <ele>475.20001220703125</ele>
        <time>2026-09-21T13:28:30.000Z</time>
        <extensions>
          <ns3:TrackPointExtension>
            <ns3:hr>151</ns3:hr>
            <ns3:cad>89</ns3:cad>
          </ns3:TrackPointExtension>
        </extensions>
      </trkpt>
      <trkpt lat="30.55354152806103229522705078125" lon="104.04750200919806957244873046875">
        <ele>475.20001220703125</ele>
        <time>2026-09-21T13:28:31.000Z</time>
        <extensions>
          <ns3:TrackPointExtension>
            <ns3:hr>151</ns3:hr>
            <ns3:cad>89</ns3:cad>
          </ns3:TrackPointExtension>
        </extensions>
      </trkpt>
      <trkpt lat="30.5535385943949222564697265625" lon="104.04747359454631805419921875">
        <ele>475.20001220703125</ele>
        <time>2026-09-21T13:28:32.000Z</time>
        <extensions>
          <ns3:TrackPointExtension>
            <ns3:hr>152</ns3:hr>
            <ns3:cad>89</ns3:cad>
          </ns3:TrackPointExtension>
        </extensions>
      </trkpt>
      <trkpt lat="30.55353465490043163299560546875" lon="104.04744685627520084381103515625">
        <ele>475.20001220703125</ele>
        <time>2026-09-21T13:28:33.000Z</time>
        <extensions>
          <ns3:TrackPointExtension>
            <ns3:hr>152</ns3:hr>
            <ns3:cad>89</ns3:cad>
          </ns3:TrackPointExtension>
        </extensions>
      </trkpt>
      <trkpt lat="30.553540773689746856689453125" lon="104.04741768725216388702392578125">
        <ele>475.20001220703125</ele>
        <time>2026-09-21T13:28:34.000Z</time>
        <extensions>
          <ns3:TrackPointExtension>
            <ns3:hr>152</ns3:hr>
            <ns3:cad>89</ns3:cad>
          </ns3:TrackPointExtension>
        </extensions>
      </trkpt>
      <trkpt lat="30.55354035459458827972412109375" lon="104.047391451895236968994140625">
        <ele>475.20001220703125</ele>
        <time>2026-09-21T13:28:35.000Z</time>
        <extensions>
          <ns3:TrackPointExtension>
            <ns3:hr>152</ns3:hr>
            <ns3:cad>89</ns3:cad>
          </ns3:TrackPointExtension>
        </extensions>
      </trkpt>
      <trkpt lat="30.55354110896587371826171875" lon="104.047358594834804534912109375">
        <ele>475.20001220703125</ele>
        <time>2026-09-21T13:28:36.000Z</time>
        <extensions>
          <ns3:TrackPointExtension>
            <ns3:hr>152</ns3:hr>
            <ns3:cad>90</ns3:cad>
          </ns3:TrackPointExtension>
        </extensions>
      </trkpt>
      <trkpt lat="30.55354320444166660308837890625" lon="104.04733135364949703216552734375">
        <ele>475.20001220703125</ele>
        <time>2026-09-21T13:28:37.000Z</time>
        <extensions>
          <ns3:TrackPointExtension>
            <ns3:hr>151</ns3:hr>
            <ns3:cad>90</ns3:cad>
          </ns3:TrackPointExtension>
        </extensions>
      </trkpt>
      <trkpt lat="30.5535456351935863494873046875" lon="104.0473044477403163909912109375">
        <ele>475</ele>
        <time>2026-09-21T13:28:38.000Z</time>
        <extensions>
          <ns3:TrackPointExtension>
            <ns3:hr>151</ns3:hr>
            <ns3:cad>90</ns3:cad>
          </ns3:TrackPointExtension>
        </extensions>
      </trkpt>
      <trkpt lat="30.55354588665068149566650390625" lon="104.0472772903740406036376953125">
        <ele>475</ele>
        <time>2026-09-21T13:28:39.000Z</time>
        <extensions>
          <ns3:TrackPointExtension>
            <ns3:hr>151</ns3:hr>
            <ns3:cad>90</ns3:cad>
          </ns3:TrackPointExtension>
        </extensions>
      </trkpt>
      <trkpt lat="30.55354722775518894195556640625" lon="104.04724963009357452392578125">
        <ele>475</ele>
        <time>2026-09-21T13:28:40.000Z</time>
        <extensions>
          <ns3:TrackPointExtension>
            <ns3:hr>151</ns3:hr>
            <ns3:cad>90</ns3:cad>
          </ns3:TrackPointExtension>
        </extensions>
      </trkpt>
      <trkpt lat="30.55354504846036434173583984375" lon="104.0472207963466644287109375">
        <ele>475</ele>
        <time>2026-09-21T13:28:41.000Z</time>
        <extensions>
          <ns3:TrackPointExtension>
            <ns3:hr>151</ns3:hr>
            <ns3:cad>90</ns3:cad>
          </ns3:TrackPointExtension>
        </extensions>
      </trkpt>
      <trkpt lat="30.5535429529845714569091796875" lon="104.0471897833049297332763671875">
        <ele>475</ele>
        <time>2026-09-21T13:28:42.000Z</time>
        <extensions>
          <ns3:TrackPointExtension>
            <ns3:hr>152</ns3:hr>
            <ns3:cad>90</ns3:cad>
          </ns3:TrackPointExtension>
        </extensions>
      </trkpt>
      <trkpt lat="30.553542114794254302978515625" lon="104.04715650714933872222900390625">
        <ele>475</ele>
        <time>2026-09-21T13:28:43.000Z</time>
        <extensions>
          <ns3:TrackPointExtension>
            <ns3:hr>151</ns3:hr>
            <ns3:cad>90</ns3:cad>
          </ns3:TrackPointExtension>
        </extensions>
      </trkpt>
      <trkpt lat="30.553542785346508026123046875" lon="104.04712767340242862701416015625">
        <ele>474.79998779296875</ele>
        <time>2026-09-21T13:28:44.000Z</time>
        <extensions>
          <ns3:TrackPointExtension>
            <ns3:hr>151</ns3:hr>
            <ns3:cad>90</ns3:cad>
          </ns3:TrackPointExtension>
        </extensions>
      </trkpt>
      <trkpt lat="30.553543455898761749267578125" lon="104.04709766618907451629638671875">
        <ele>474.79998779296875</ele>
        <time>2026-09-21T13:28:45.000Z</time>
        <extensions>
          <ns3:TrackPointExtension>
            <ns3:hr>152</ns3:hr>
            <ns3:cad>90</ns3:cad>
          </ns3:TrackPointExtension>
        </extensions>
      </trkpt>
      <trkpt lat="30.5535432882606983184814453125" lon="104.047067575156688690185546875">
        <ele>474.79998779296875</ele>
        <time>2026-09-21T13:28:46.000Z</time>
        <extensions>
          <ns3:TrackPointExtension>
            <ns3:hr>151</ns3:hr>
            <ns3:cad>90</ns3:cad>
          </ns3:TrackPointExtension>
        </extensions>
      </trkpt>
      <trkpt lat="30.55354370735585689544677734375" lon="104.047036729753017425537109375">
        <ele>474.79998779296875</ele>
        <time>2026-09-21T13:28:47.000Z</time>
        <extensions>
          <ns3:TrackPointExtension>
            <ns3:hr>151</ns3:hr>
            <ns3:cad>90</ns3:cad>
          </ns3:TrackPointExtension>
        </extensions>
      </trkpt>
      <trkpt lat="30.55354186333715915679931640625" lon="104.04700730927288532257080078125">
        <ele>474.79998779296875</ele>
        <time>2026-09-21T13:28:48.000Z</time>
        <extensions>
          <ns3:TrackPointExtension>
            <ns3:hr>150</ns3:hr>
            <ns3:cad>90</ns3:cad>
          </ns3:TrackPointExtension>
        </extensions>
      </trkpt>
      <trkpt lat="30.5535431206226348876953125" lon="104.04697646386921405792236328125">
        <ele>474.79998779296875</ele>
        <time>2026-09-21T13:28:49.000Z</time>
        <extensions>
          <ns3:TrackPointExtension>
            <ns3:hr>150</ns3:hr>
            <ns3:cad>90</ns3:cad>
          </ns3:TrackPointExtension>
        </extensions>
      </trkpt>
      <trkpt lat="30.55354085750877857208251953125" lon="104.0469483844935894012451171875">
        <ele>474.79998779296875</ele>
        <time>2026-09-21T13:28:50.000Z</time>
        <extensions>
          <ns3:TrackPointExtension>
            <ns3:hr>150</ns3:hr>
            <ns3:cad>90</ns3:cad>
          </ns3:TrackPointExtension>
        </extensions>
      </trkpt>
      <trkpt lat="30.55353976786136627197265625" lon="104.0469175390899181365966796875">
        <ele>474.79998779296875</ele>
        <time>2026-09-21T13:28:51.000Z</time>
        <extensions>
          <ns3:TrackPointExtension>
            <ns3:hr>150</ns3:hr>
            <ns3:cad>90</ns3:cad>
          </ns3:TrackPointExtension>
        </extensions>
      </trkpt>
      <trkpt lat="30.55353415198624134063720703125" lon="104.04688962735235691070556640625">
        <ele>474.600006103515625</ele>
        <time>2026-09-21T13:28:52.000Z</time>
        <extensions>
          <ns3:TrackPointExtension>
            <ns3:hr>150</ns3:hr>
            <ns3:cad>91</ns3:cad>
          </ns3:TrackPointExtension>
        </extensions>
      </trkpt>
      <trkpt lat="30.55353281088173389434814453125" lon="104.046854674816131591796875">
        <ele>474.600006103515625</ele>
        <time>2026-09-21T13:28:53.000Z</time>
        <extensions>
          <ns3:TrackPointExtension>
            <ns3:hr>150</ns3:hr>
            <ns3:cad>92</ns3:cad>
          </ns3:TrackPointExtension>
        </extensions>
      </trkpt>
      <trkpt lat="30.5535362474620342254638671875" lon="104.04682827182114124298095703125">
        <ele>474.600006103515625</ele>
        <time>2026-09-21T13:28:54.000Z</time>
        <extensions>
          <ns3:TrackPointExtension>
            <ns3:hr>150</ns3:hr>
            <ns3:cad>92</ns3:cad>
          </ns3:TrackPointExtension>
        </extensions>
      </trkpt>
      <trkpt lat="30.5535432882606983184814453125" lon="104.04679507948458194732666015625">
        <ele>474.600006103515625</ele>
        <time>2026-09-21T13:28:55.000Z</time>
        <extensions>
          <ns3:TrackPointExtension>
            <ns3:hr>150</ns3:hr>
            <ns3:cad>92</ns3:cad>
          </ns3:TrackPointExtension>
        </extensions>
      </trkpt>
      <trkpt lat="30.5535449646413326263427734375" lon="104.04677127487957477569580078125">
        <ele>474.600006103515625</ele>
        <time>2026-09-21T13:28:56.000Z</time>
        <extensions>
          <ns3:TrackPointExtension>
            <ns3:hr>150</ns3:hr>
            <ns3:cad>91</ns3:cad>
          </ns3:TrackPointExtension>
        </extensions>
      </trkpt>
      <trkpt lat="30.5535466410219669342041015625" lon="104.04673866927623748779296875">
        <ele>474.600006103515625</ele>
        <time>2026-09-21T13:28:57.000Z</time>
        <extensions>
          <ns3:TrackPointExtension>
            <ns3:hr>150</ns3:hr>
            <ns3:cad>91</ns3:cad>
          </ns3:TrackPointExtension>
        </extensions>
      </trkpt>
      <trkpt lat="30.5535429529845714569091796875" lon="104.04671243391931056976318359375">
        <ele>474.600006103515625</ele>
        <time>2026-09-21T13:28:58.000Z</time>
        <extensions>
          <ns3:TrackPointExtension>
            <ns3:hr>150</ns3:hr>
            <ns3:cad>91</ns3:cad>
          </ns3:TrackPointExtension>
        </extensions>
      </trkpt>
      <trkpt lat="30.55354085750877857208251953125" lon="104.04668309725821018218994140625">
        <ele>474.600006103515625</ele>
        <time>2026-09-21T13:28:59.000Z</time>
        <extensions>
          <ns3:TrackPointExtension>
            <ns3:hr>150</ns3:hr>
            <ns3:cad>91</ns3:cad>
          </ns3:TrackPointExtension>
        </extensions>
      </trkpt>
      <trkpt lat="30.55354136042296886444091796875" lon="104.0466503240168094635009765625">
        <ele>474.600006103515625</ele>
        <time>2026-09-21T13:29:00.000Z</time>
        <extensions>
          <ns3:TrackPointExtension>
            <ns3:hr>150</ns3:hr>
            <ns3:cad>90</ns3:cad>
          </ns3:TrackPointExtension>
        </extensions>
      </trkpt>
      <trkpt lat="30.553542785346508026123046875" lon="104.0466151200234889984130859375">
        <ele>474.600006103515625</ele>
        <time>2026-09-21T13:29:01.000Z</time>
        <extensions>
          <ns3:TrackPointExtension>
            <ns3:hr>150</ns3:hr>
            <ns3:cad>89</ns3:cad>
          </ns3:TrackPointExtension>
        </extensions>
      </trkpt>
      <trkpt lat="30.55354303680360317230224609375" lon="104.0465851128101348876953125">
        <ele>474.600006103515625</ele>
        <time>2026-09-21T13:29:02.000Z</time>
        <extensions>
          <ns3:TrackPointExtension>
            <ns3:hr>150</ns3:hr>
            <ns3:cad>89</ns3:cad>
          </ns3:TrackPointExtension>
        </extensions>
      </trkpt>
      <trkpt lat="30.55353431962430477142333984375" lon="104.04655787162482738494873046875">
        <ele>474.600006103515625</ele>
        <time>2026-09-21T13:29:03.000Z</time>
        <extensions>
          <ns3:TrackPointExtension>
            <ns3:hr>151</ns3:hr>
            <ns3:cad>89</ns3:cad>
          </ns3:TrackPointExtension>
        </extensions>
      </trkpt>
      <trkpt lat="30.55352040566504001617431640625" lon="104.046535491943359375">
        <ele>474.600006103515625</ele>
        <time>2026-09-21T13:29:04.000Z</time>
        <extensions>
          <ns3:TrackPointExtension>
            <ns3:hr>151</ns3:hr>
            <ns3:cad>90</ns3:cad>
          </ns3:TrackPointExtension>
        </extensions>
      </trkpt>
      <trkpt lat="30.553505234420299530029296875" lon="104.0465145371854305267333984375">
        <ele>474.600006103515625</ele>
        <time>2026-09-21T13:29:05.000Z</time>
        <extensions>
          <ns3:TrackPointExtension>
            <ns3:hr>152</ns3:hr>
            <ns3:cad>90</ns3:cad>
          </ns3:TrackPointExtension>
        </extensions>
      </trkpt>
      <trkpt lat="30.553491823375225067138671875" lon="104.04649794101715087890625">
        <ele>474.79998779296875</ele>
        <time>2026-09-21T13:29:06.000Z</time>
        <extensions>
          <ns3:TrackPointExtension>
            <ns3:hr>152</ns3:hr>
            <ns3:cad>90</ns3:cad>
          </ns3:TrackPointExtension>
        </extensions>
      </trkpt>
      <trkpt lat="30.55347480811178684234619140625" lon="104.04647991992533206939697265625">
        <ele>474.79998779296875</ele>
        <time>2026-09-21T13:29:07.000Z</time>
        <extensions>
          <ns3:TrackPointExtension>
            <ns3:hr>152</ns3:hr>
            <ns3:cad>91</ns3:cad>
          </ns3:TrackPointExtension>
        </extensions>
      </trkpt>
      <trkpt lat="30.5534611456096172332763671875" lon="104.0464712865650653839111328125">
        <ele>475</ele>
        <time>2026-09-21T13:29:08.000Z</time>
        <extensions>
          <ns3:TrackPointExtension>
            <ns3:hr>151</ns3:hr>
            <ns3:cad>91</ns3:cad>
          </ns3:TrackPointExtension>
        </extensions>
      </trkpt>
      <trkpt lat="30.5534430406987667083740234375" lon="104.0464551933109760284423828125">
        <ele>475</ele>
        <time>2026-09-21T13:29:09.000Z</time>
        <extensions>
          <ns3:TrackPointExtension>
            <ns3:hr>152</ns3:hr>
            <ns3:cad>92</ns3:cad>
          </ns3:TrackPointExtension>
        </extensions>
      </trkpt>
      <trkpt lat="30.55342736653983592987060546875" lon="104.0464458055794239044189453125">
        <ele>475.20001220703125</ele>
        <time>2026-09-21T13:29:10.000Z</time>
        <extensions>
          <ns3:TrackPointExtension>
            <ns3:hr>152</ns3:hr>
            <ns3:cad>92</ns3:cad>
          </ns3:TrackPointExtension>
        </extensions>
      </trkpt>
      <trkpt lat="30.55341026745736598968505859375" lon="104.0464313887059688568115234375">
        <ele>475.20001220703125</ele>
        <time>2026-09-21T13:29:11.000Z</time>
        <extensions>
          <ns3:TrackPointExtension>
            <ns3:hr>151</ns3:hr>
            <ns3:cad>92</ns3:cad>
          </ns3:TrackPointExtension>
        </extensions>
      </trkpt>
      <trkpt lat="30.55339031852781772613525390625" lon="104.0464241802692413330078125">
        <ele>475.399993896484375</ele>
        <time>2026-09-21T13:29:12.000Z</time>
        <extensions>
          <ns3:TrackPointExtension>
            <ns3:hr>152</ns3:hr>
            <ns3:cad>92</ns3:cad>
          </ns3:TrackPointExtension>
        </extensions>
      </trkpt>
      <trkpt lat="30.55336835794150829315185546875" lon="104.04641118831932544708251953125">
        <ele>475.600006103515625</ele>
        <time>2026-09-21T13:29:13.000Z</time>
        <extensions>
          <ns3:TrackPointExtension>
            <ns3:hr>152</ns3:hr>
            <ns3:cad>92</ns3:cad>
          </ns3:TrackPointExtension>
        </extensions>
      </trkpt>
      <trkpt lat="30.5533474870026111602783203125" lon="104.046401046216487884521484375">
        <ele>475.600006103515625</ele>
        <time>2026-09-21T13:29:14.000Z</time>
        <extensions>
          <ns3:TrackPointExtension>
            <ns3:hr>152</ns3:hr>
            <ns3:cad>92</ns3:cad>
          </ns3:TrackPointExtension>
        </extensions>
      </trkpt>
      <trkpt lat="30.55332544259727001190185546875" lon="104.04638327658176422119140625">
        <ele>475.600006103515625</ele>
        <time>2026-09-21T13:29:15.000Z</time>
        <extensions>
          <ns3:TrackPointExtension>
            <ns3:hr>152</ns3:hr>
            <ns3:cad>92</ns3:cad>
          </ns3:TrackPointExtension>
        </extensions>
      </trkpt>
      <trkpt lat="30.55330582894384860992431640625" lon="104.0463720448315143585205078125">
        <ele>475.600006103515625</ele>
        <time>2026-09-21T13:29:16.000Z</time>
        <extensions>
          <ns3:TrackPointExtension>
            <ns3:hr>152</ns3:hr>
            <ns3:cad>92</ns3:cad>
          </ns3:TrackPointExtension>
        </extensions>
      </trkpt>
      <trkpt lat="30.5532780848443508148193359375" lon="104.04635285027325153350830078125">
        <ele>475.79998779296875</ele>
        <time>2026-09-21T13:29:17.000Z</time>
        <extensions>
          <ns3:TrackPointExtension>
            <ns3:hr>152</ns3:hr>
            <ns3:cad>92</ns3:cad>
          </ns3:TrackPointExtension>
        </extensions>
      </trkpt>
      <trkpt lat="30.55324967019259929656982421875" lon="104.04633960686624050140380859375">
        <ele>475.79998779296875</ele>
        <time>2026-09-21T13:29:18.000Z</time>
        <extensions>
          <ns3:TrackPointExtension>
            <ns3:hr>152</ns3:hr>
            <ns3:cad>91</ns3:cad>
          </ns3:TrackPointExtension>
        </extensions>
      </trkpt>
      <trkpt lat="30.55322326719760894775390625" lon="104.04632753692567348480224609375">
        <ele>475.79998779296875</ele>
        <time>2026-09-21T13:29:19.000Z</time>
        <extensions>
          <ns3:TrackPointExtension>
            <ns3:hr>152</ns3:hr>
            <ns3:cad>91</ns3:cad>
          </ns3:TrackPointExtension>
        </extensions>
      </trkpt>
      <trkpt lat="30.5531949363648891448974609375" lon="104.04632368125021457672119140625">
        <ele>475.79998779296875</ele>
        <time>2026-09-21T13:29:20.000Z</time>
        <extensions>
          <ns3:TrackPointExtension>
            <ns3:hr>153</ns3:hr>
            <ns3:cad>91</ns3:cad>
          </ns3:TrackPointExtension>
        </extensions>
      </trkpt>
      <trkpt lat="30.55316668935120105743408203125" lon="104.04631228186190128326416015625">
        <ele>475.79998779296875</ele>
        <time>2026-09-21T13:29:21.000Z</time>
        <extensions>
          <ns3:TrackPointExtension>
            <ns3:hr>153</ns3:hr>
            <ns3:cad>92</ns3:cad>
          </ns3:TrackPointExtension>
        </extensions>
      </trkpt>
      <trkpt lat="30.5531369335949420928955078125" lon="104.046307168900966644287109375">
        <ele>475.79998779296875</ele>
        <time>2026-09-21T13:29:22.000Z</time>
        <extensions>
          <ns3:TrackPointExtension>
            <ns3:hr>153</ns3:hr>
            <ns3:cad>92</ns3:cad>
          </ns3:TrackPointExtension>
        </extensions>
      </trkpt>
      <trkpt lat="30.5531064234673976898193359375" lon="104.04630281031131744384765625">
        <ele>475.79998779296875</ele>
        <time>2026-09-21T13:29:23.000Z</time>
        <extensions>
          <ns3:TrackPointExtension>
            <ns3:hr>153</ns3:hr>
            <ns3:cad>92</ns3:cad>
          </ns3:TrackPointExtension>
        </extensions>
      </trkpt>
      <trkpt lat="30.553076751530170440673828125" lon="104.0463036485016345977783203125">
        <ele>475.79998779296875</ele>
        <time>2026-09-21T13:29:24.000Z</time>
        <extensions>
          <ns3:TrackPointExtension>
            <ns3:hr>153</ns3:hr>
            <ns3:cad>92</ns3:cad>
          </ns3:TrackPointExtension>
        </extensions>
      </trkpt>
      <trkpt lat="30.55304867215454578399658203125" lon="104.04629970900714397430419921875">
        <ele>475.79998779296875</ele>
        <time>2026-09-21T13:29:25.000Z</time>
        <extensions>
          <ns3:TrackPointExtension>
            <ns3:hr>154</ns3:hr>
            <ns3:cad>92</ns3:cad>
          </ns3:TrackPointExtension>
        </extensions>
      </trkpt>
      <trkpt lat="30.55302101187407970428466796875" lon="104.04629887081682682037353515625">
        <ele>475.79998779296875</ele>
        <time>2026-09-21T13:29:26.000Z</time>
        <extensions>
          <ns3:TrackPointExtension>
            <ns3:hr>154</ns3:hr>
            <ns3:cad>92</ns3:cad>
          </ns3:TrackPointExtension>
        </extensions>
      </trkpt>
      <trkpt lat="30.55299603380262851715087890625" lon="104.04629744589328765869140625">
        <ele>475.79998779296875</ele>
        <time>2026-09-21T13:29:27.000Z</time>
        <extensions>
          <ns3:TrackPointExtension>
            <ns3:hr>154</ns3:hr>
            <ns3:cad>92</ns3:cad>
          </ns3:TrackPointExtension>
        </extensions>
      </trkpt>
      <trkpt lat="30.552970133721828460693359375" lon="104.04629903845489025115966796875">
        <ele>475.79998779296875</ele>
        <time>2026-09-21T13:29:28.000Z</time>
        <extensions>
          <ns3:TrackPointExtension>
            <ns3:hr>154</ns3:hr>
            <ns3:cad>92</ns3:cad>
          </ns3:TrackPointExtension>
        </extensions>
      </trkpt>
      <trkpt lat="30.55294574238359928131103515625" lon="104.046301133930683135986328125">
        <ele>475.79998779296875</ele>
        <time>2026-09-21T13:29:29.000Z</time>
        <extensions>
          <ns3:TrackPointExtension>
            <ns3:hr>153</ns3:hr>
            <ns3:cad>92</ns3:cad>
          </ns3:TrackPointExtension>
        </extensions>
      </trkpt>
      <trkpt lat="30.5529156513512134552001953125" lon="104.04630624689161777496337890625">
        <ele>475.79998779296875</ele>
        <time>2026-09-21T13:29:30.000Z</time>
        <extensions>
          <ns3:TrackPointExtension>
            <ns3:hr>154</ns3:hr>
            <ns3:cad>92</ns3:cad>
          </ns3:TrackPointExtension>
        </extensions>
      </trkpt>
      <trkpt lat="30.552897043526172637939453125" lon="104.0463142096996307373046875">
        <ele>475.79998779296875</ele>
        <time>2026-09-21T13:29:31.000Z</time>
        <extensions>
          <ns3:TrackPointExtension>
            <ns3:hr>154</ns3:hr>
            <ns3:cad>92</ns3:cad>
          </ns3:TrackPointExtension>
        </extensions>
      </trkpt>
      <trkpt lat="30.5528713949024677276611328125" lon="104.0463217534124851226806640625">
        <ele>475.79998779296875</ele>
        <time>2026-09-21T13:29:32.000Z</time>
        <extensions>
          <ns3:TrackPointExtension>
            <ns3:hr>153</ns3:hr>
            <ns3:cad>92</ns3:cad>
          </ns3:TrackPointExtension>
        </extensions>
      </trkpt>
      <trkpt lat="30.5528537929058074951171875" lon="104.0463328175246715545654296875">
        <ele>476</ele>
        <time>2026-09-21T13:29:33.000Z</time>
        <extensions>
          <ns3:TrackPointExtension>
            <ns3:hr>153</ns3:hr>
            <ns3:cad>92</ns3:cad>
          </ns3:TrackPointExtension>
        </extensions>
      </trkpt>
      <trkpt lat="30.55282655172049999237060546875" lon="104.046342372894287109375">
        <ele>476</ele>
        <time>2026-09-21T13:29:34.000Z</time>
        <extensions>
          <ns3:TrackPointExtension>
            <ns3:hr>153</ns3:hr>
            <ns3:cad>92</ns3:cad>
          </ns3:TrackPointExtension>
        </extensions>
      </trkpt>
      <trkpt lat="30.55280978791415691375732421875" lon="104.0463576279580593109130859375">
        <ele>476</ele>
        <time>2026-09-21T13:29:35.000Z</time>
        <extensions>
          <ns3:TrackPointExtension>
            <ns3:hr>153</ns3:hr>
            <ns3:cad>91</ns3:cad>
          </ns3:TrackPointExtension>
        </extensions>
      </trkpt>
      <trkpt lat="30.55278330110013484954833984375" lon="104.04636978171765804290771484375">
        <ele>476</ele>
        <time>2026-09-21T13:29:36.000Z</time>
        <extensions>
          <ns3:TrackPointExtension>
            <ns3:hr>153</ns3:hr>
            <ns3:cad>91</ns3:cad>
          </ns3:TrackPointExtension>
        </extensions>
      </trkpt>
      <trkpt lat="30.5527677945792675018310546875" lon="104.0463884733617305755615234375">
        <ele>476</ele>
        <time>2026-09-21T13:29:37.000Z</time>
        <extensions>
          <ns3:TrackPointExtension>
            <ns3:hr>153</ns3:hr>
            <ns3:cad>92</ns3:cad>
          </ns3:TrackPointExtension>
        </extensions>
      </trkpt>
      <trkpt lat="30.55274139158427715301513671875" lon="104.04640205204486846923828125">
        <ele>476</ele>
        <time>2026-09-21T13:29:38.000Z</time>
        <extensions>
          <ns3:TrackPointExtension>
            <ns3:hr>153</ns3:hr>
            <ns3:cad>91</ns3:cad>
          </ns3:TrackPointExtension>
        </extensions>
      </trkpt>
      <trkpt lat="30.5527235381305217742919921875" lon="104.0464161336421966552734375">
        <ele>476</ele>
        <time>2026-09-21T13:29:39.000Z</time>
        <extensions>
          <ns3:TrackPointExtension>
            <ns3:hr>153</ns3:hr>
            <ns3:cad>91</ns3:cad>
          </ns3:TrackPointExtension>
        </extensions>
      </trkpt>
      <trkpt lat="30.55269713513553142547607421875" lon="104.046428203582763671875">
        <ele>476.20001220703125</ele>
        <time>2026-09-21T13:29:40.000Z</time>
        <extensions>
          <ns3:TrackPointExtension>
            <ns3:hr>154</ns3:hr>
            <ns3:cad>91</ns3:cad>
          </ns3:TrackPointExtension>
        </extensions>
      </trkpt>
      <trkpt lat="30.5526789464056491851806640625" lon="104.0464429557323455810546875">
        <ele>476.399993896484375</ele>
        <time>2026-09-21T13:29:41.000Z</time>
        <extensions>
          <ns3:TrackPointExtension>
            <ns3:hr>153</ns3:hr>
            <ns3:cad>90</ns3:cad>
          </ns3:TrackPointExtension>
        </extensions>
      </trkpt>
      <trkpt lat="30.55265606380999088287353515625" lon="104.04645703732967376708984375">
        <ele>476.399993896484375</ele>
        <time>2026-09-21T13:29:42.000Z</time>
        <extensions>
          <ns3:TrackPointExtension>
            <ns3:hr>153</ns3:hr>
            <ns3:cad>90</ns3:cad>
          </ns3:TrackPointExtension>
        </extensions>
      </trkpt>
      <trkpt lat="30.5526377074420452117919921875" lon="104.0464756451547145843505859375">
        <ele>476.399993896484375</ele>
        <time>2026-09-21T13:29:43.000Z</time>
        <extensions>
          <ns3:TrackPointExtension>
            <ns3:hr>153</ns3:hr>
            <ns3:cad>90</ns3:cad>
          </ns3:TrackPointExtension>
        </extensions>
      </trkpt>
      <trkpt lat="30.552620105445384979248046875" lon="104.0464944206178188323974609375">
        <ele>476.600006103515625</ele>
        <time>2026-09-21T13:29:44.000Z</time>
        <extensions>
          <ns3:TrackPointExtension>
            <ns3:hr>153</ns3:hr>
            <ns3:cad>90</ns3:cad>
          </ns3:TrackPointExtension>
        </extensions>
      </trkpt>
      <trkpt lat="30.5525971390306949615478515625" lon="104.0465081669390201568603515625">
        <ele>476.600006103515625</ele>
        <time>2026-09-21T13:29:45.000Z</time>
        <extensions>
          <ns3:TrackPointExtension>
            <ns3:hr>153</ns3:hr>
            <ns3:cad>90</ns3:cad>
          </ns3:TrackPointExtension>
        </extensions>
      </trkpt>
      <trkpt lat="30.552573502063751220703125" lon="104.04652233235538005828857421875">
        <ele>476.600006103515625</ele>
        <time>2026-09-21T13:29:46.000Z</time>
        <extensions>
          <ns3:TrackPointExtension>
            <ns3:hr>154</ns3:hr>
            <ns3:cad>90</ns3:cad>
          </ns3:TrackPointExtension>
        </extensions>
      </trkpt>
      <trkpt lat="30.55254760198295116424560546875" lon="104.046535827219486236572265625">
        <ele>476.600006103515625</ele>
        <time>2026-09-21T13:29:47.000Z</time>
        <extensions>
          <ns3:TrackPointExtension>
            <ns3:hr>153</ns3:hr>
            <ns3:cad>90</ns3:cad>
          </ns3:TrackPointExtension>
        </extensions>
      </trkpt>
      <trkpt lat="30.55252027697861194610595703125" lon="104.04654555022716522216796875">
        <ele>476.79998779296875</ele>
        <time>2026-09-21T13:29:48.000Z</time>
        <extensions>
          <ns3:TrackPointExtension>
            <ns3:hr>153</ns3:hr>
            <ns3:cad>90</ns3:cad>
          </ns3:TrackPointExtension>
        </extensions>
      </trkpt>
      <trkpt lat="30.5524970591068267822265625" lon="104.04655770398676395416259765625">
        <ele>476.79998779296875</ele>
        <time>2026-09-21T13:29:49.000Z</time>
        <extensions>
          <ns3:TrackPointExtension>
            <ns3:hr>153</ns3:hr>
            <ns3:cad>91</ns3:cad>
          </ns3:TrackPointExtension>
        </extensions>
      </trkpt>
      <trkpt lat="30.552469901740550994873046875" lon="104.0465644933283329010009765625">
        <ele>476.79998779296875</ele>
        <time>2026-09-21T13:29:50.000Z</time>
        <extensions>
          <ns3:TrackPointExtension>
            <ns3:hr>153</ns3:hr>
            <ns3:cad>91</ns3:cad>
          </ns3:TrackPointExtension>
        </extensions>
      </trkpt>
      <trkpt lat="30.55244534276425838470458984375" lon="104.04657446779310703277587890625">
        <ele>476.79998779296875</ele>
        <time>2026-09-21T13:29:51.000Z</time>
        <extensions>
          <ns3:TrackPointExtension>
            <ns3:hr>154</ns3:hr>
            <ns3:cad>90</ns3:cad>
          </ns3:TrackPointExtension>
        </extensions>
      </trkpt>
      <trkpt lat="30.5524201132357120513916015625" lon="104.046578742563724517822265625">
        <ele>477</ele>
        <time>2026-09-21T13:29:52.000Z</time>
        <extensions>
          <ns3:TrackPointExtension>
            <ns3:hr>153</ns3:hr>
            <ns3:cad>90</ns3:cad>
          </ns3:TrackPointExtension>
        </extensions>
      </trkpt>
      <trkpt lat="30.5523973144590854644775390625" lon="104.04658519662916660308837890625">
        <ele>477</ele>
        <time>2026-09-21T13:29:53.000Z</time>
        <extensions>
          <ns3:TrackPointExtension>
            <ns3:hr>153</ns3:hr>
            <ns3:cad>90</ns3:cad>
          </ns3:TrackPointExtension>
        </extensions>
      </trkpt>
      <trkpt lat="30.55237459950149059295654296875" lon="104.04658754356205463409423828125">
        <ele>477.20001220703125</ele>
        <time>2026-09-21T13:29:54.000Z</time>
        <extensions>
          <ns3:TrackPointExtension>
            <ns3:hr>154</ns3:hr>
            <ns3:cad>90</ns3:cad>
          </ns3:TrackPointExtension>
        </extensions>
      </trkpt>
      <trkpt lat="30.5523540638387203216552734375" lon="104.04659223742783069610595703125">
        <ele>477.20001220703125</ele>
        <time>2026-09-21T13:29:55.000Z</time>
        <extensions>
          <ns3:TrackPointExtension>
            <ns3:hr>153</ns3:hr>
            <ns3:cad>89</ns3:cad>
          </ns3:TrackPointExtension>
        </extensions>
      </trkpt>
      <trkpt lat="30.55232933722436428070068359375" lon="104.04659114778041839599609375">
        <ele>477.20001220703125</ele>
        <time>2026-09-21T13:29:56.000Z</time>
        <extensions>
          <ns3:TrackPointExtension>
            <ns3:hr>154</ns3:hr>
            <ns3:cad>90</ns3:cad>
          </ns3:TrackPointExtension>
        </extensions>
      </trkpt>
      <trkpt lat="30.5523088015615940093994140625" lon="104.04659609310328960418701171875">
        <ele>477.20001220703125</ele>
        <time>2026-09-21T13:29:57.000Z</time>
        <extensions>
          <ns3:TrackPointExtension>
            <ns3:hr>154</ns3:hr>
            <ns3:cad>89</ns3:cad>
          </ns3:TrackPointExtension>
        </extensions>
      </trkpt>
      <trkpt lat="30.55228373967111110687255859375" lon="104.046592153608798980712890625">
        <ele>477.20001220703125</ele>
        <time>2026-09-21T13:29:58.000Z</time>
        <extensions>
          <ns3:TrackPointExtension>
            <ns3:hr>154</ns3:hr>
            <ns3:cad>88</ns3:cad>
          </ns3:TrackPointExtension>
        </extensions>
      </trkpt>
      <trkpt lat="30.5522608570754528045654296875" lon="104.046595506370067596435546875">
        <ele>477.20001220703125</ele>
        <time>2026-09-21T13:29:59.000Z</time>
        <extensions>
          <ns3:TrackPointExtension>
            <ns3:hr>155</ns3:hr>
            <ns3:cad>88</ns3:cad>
          </ns3:TrackPointExtension>
        </extensions>
      </trkpt>
      <trkpt lat="30.55223411880433559417724609375" lon="104.04659357853233814239501953125">
        <ele>477.20001220703125</ele>
        <time>2026-09-21T13:30:00.000Z</time>
        <extensions>
          <ns3:TrackPointExtension>
            <ns3:hr>155</ns3:hr>
            <ns3:cad>88</ns3:cad>
          </ns3:TrackPointExtension>
        </extensions>
      </trkpt>
      <trkpt lat="30.5522105656564235687255859375" lon="104.04659827239811420440673828125">
        <ele>477</ele>
        <time>2026-09-21T13:30:01.000Z</time>
        <extensions>
          <ns3:TrackPointExtension>
            <ns3:hr>155</ns3:hr>
            <ns3:cad>89</ns3:cad>
          </ns3:TrackPointExtension>
        </extensions>
      </trkpt>
      <trkpt lat="30.5521840788424015045166015625" lon="104.04659709893167018890380859375">
        <ele>477</ele>
        <time>2026-09-21T13:30:02.000Z</time>
        <extensions>
          <ns3:TrackPointExtension>
            <ns3:hr>154</ns3:hr>
            <ns3:cad>89</ns3:cad>
          </ns3:TrackPointExtension>
        </extensions>
      </trkpt>
      <trkpt lat="30.55216111242771148681640625" lon="104.0465986914932727813720703125">
        <ele>477</ele>
        <time>2026-09-21T13:30:03.000Z</time>
        <extensions>
          <ns3:TrackPointExtension>
            <ns3:hr>154</ns3:hr>
            <ns3:cad>89</ns3:cad>
          </ns3:TrackPointExtension>
        </extensions>
      </trkpt>
      <trkpt lat="30.55212490260601043701171875" lon="104.0465986914932727813720703125">
        <ele>476.79998779296875</ele>
        <time>2026-09-21T13:30:04.000Z</time>
        <extensions>
          <ns3:TrackPointExtension>
            <ns3:hr>155</ns3:hr>
            <ns3:cad>89</ns3:cad>
          </ns3:TrackPointExtension>
        </extensions>
      </trkpt>
      <trkpt lat="30.55210570804774761199951171875" lon="104.04660078696906566619873046875">
        <ele>476.79998779296875</ele>
        <time>2026-09-21T13:30:05.000Z</time>
        <extensions>
          <ns3:TrackPointExtension>
            <ns3:hr>155</ns3:hr>
            <ns3:cad>89</ns3:cad>
          </ns3:TrackPointExtension>
        </extensions>
      </trkpt>
      <trkpt lat="30.55207519792020320892333984375" lon="104.04659709893167018890380859375">
        <ele>476.79998779296875</ele>
        <time>2026-09-21T13:30:06.000Z</time>
        <extensions>
          <ns3:TrackPointExtension>
            <ns3:hr>155</ns3:hr>
            <ns3:cad>89</ns3:cad>
          </ns3:TrackPointExtension>
        </extensions>
      </trkpt>
      <trkpt lat="30.55204871110618114471435546875" lon="104.04660061933100223541259765625">
        <ele>476.79998779296875</ele>
        <time>2026-09-21T13:30:07.000Z</time>
        <extensions>
          <ns3:TrackPointExtension>
            <ns3:hr>155</ns3:hr>
            <ns3:cad>89</ns3:cad>
          </ns3:TrackPointExtension>
        </extensions>
      </trkpt>
      <trkpt lat="30.552025325596332550048828125" lon="104.0465983562171459197998046875">
        <ele>476.79998779296875</ele>
        <time>2026-09-21T13:30:08.000Z</time>
        <extensions>
          <ns3:TrackPointExtension>
            <ns3:hr>155</ns3:hr>
            <ns3:cad>89</ns3:cad>
          </ns3:TrackPointExtension>
        </extensions>
      </trkpt>
      <trkpt lat="30.55200110189616680145263671875" lon="104.04660028405487537384033203125">
        <ele>476.79998779296875</ele>
        <time>2026-09-21T13:30:09.000Z</time>
        <extensions>
          <ns3:TrackPointExtension>
            <ns3:hr>155</ns3:hr>
            <ns3:cad>89</ns3:cad>
          </ns3:TrackPointExtension>
        </extensions>
      </trkpt>
      <trkpt lat="30.55197863839566707611083984375" lon="104.04659785330295562744140625">
        <ele>476.79998779296875</ele>
        <time>2026-09-21T13:30:10.000Z</time>
        <extensions>
          <ns3:TrackPointExtension>
            <ns3:hr>156</ns3:hr>
            <ns3:cad>89</ns3:cad>
          </ns3:TrackPointExtension>
        </extensions>
      </trkpt>
      <trkpt lat="30.55195416323840618133544921875" lon="104.04659978114068508148193359375">
        <ele>476.79998779296875</ele>
        <time>2026-09-21T13:30:11.000Z</time>
        <extensions>
          <ns3:TrackPointExtension>
            <ns3:hr>156</ns3:hr>
            <ns3:cad>89</ns3:cad>
          </ns3:TrackPointExtension>
        </extensions>
      </trkpt>
      <trkpt lat="30.55192750878632068634033203125" lon="104.04659324325621128082275390625">
        <ele>476.79998779296875</ele>
        <time>2026-09-21T13:30:12.000Z</time>
        <extensions>
          <ns3:TrackPointExtension>
            <ns3:hr>156</ns3:hr>
            <ns3:cad>89</ns3:cad>
          </ns3:TrackPointExtension>
        </extensions>
      </trkpt>
      <trkpt lat="30.55190269835293292999267578125" lon="104.04658921994268894195556640625">
        <ele>476.79998779296875</ele>
        <time>2026-09-21T13:30:13.000Z</time>
        <extensions>
          <ns3:TrackPointExtension>
            <ns3:hr>156</ns3:hr>
            <ns3:cad>89</ns3:cad>
          </ns3:TrackPointExtension>
        </extensions>
      </trkpt>
      <trkpt lat="30.5518749542534351348876953125" lon="104.04658134095370769500732421875">
        <ele>476.79998779296875</ele>
        <time>2026-09-21T13:30:14.000Z</time>
        <extensions>
          <ns3:TrackPointExtension>
            <ns3:hr>155</ns3:hr>
            <ns3:cad>90</ns3:cad>
          </ns3:TrackPointExtension>
        </extensions>
      </trkpt>
      <trkpt lat="30.551848299801349639892578125" lon="104.046578072011470794677734375">
        <ele>476.79998779296875</ele>
        <time>2026-09-21T13:30:15.000Z</time>
        <extensions>
          <ns3:TrackPointExtension>
            <ns3:hr>155</ns3:hr>
            <ns3:cad>90</ns3:cad>
          </ns3:TrackPointExtension>
        </extensions>
      </trkpt>
      <trkpt lat="30.55182457901537418365478515625" lon="104.04657262377440929412841796875">
        <ele>476.79998779296875</ele>
        <time>2026-09-21T13:30:16.000Z</time>
        <extensions>
          <ns3:TrackPointExtension>
            <ns3:hr>155</ns3:hr>
            <ns3:cad>90</ns3:cad>
          </ns3:TrackPointExtension>
        </extensions>
      </trkpt>
      <trkpt lat="30.55179859511554241180419921875" lon="104.04656658880412578582763671875">
        <ele>477</ele>
        <time>2026-09-21T13:30:17.000Z</time>
        <extensions>
          <ns3:TrackPointExtension>
            <ns3:hr>154</ns3:hr>
            <ns3:cad>91</ns3:cad>
          </ns3:TrackPointExtension>
        </extensions>
      </trkpt>
      <trkpt lat="30.55177378468215465545654296875" lon="104.04656306840479373931884765625">
        <ele>477</ele>
        <time>2026-09-21T13:30:18.000Z</time>
        <extensions>
          <ns3:TrackPointExtension>
            <ns3:hr>154</ns3:hr>
            <ns3:cad>91</ns3:cad>
          </ns3:TrackPointExtension>
        </extensions>
      </trkpt>
      <trkpt lat="30.55175073444843292236328125" lon="104.04655938036739826202392578125">
        <ele>477</ele>
        <time>2026-09-21T13:30:19.000Z</time>
        <extensions>
          <ns3:TrackPointExtension>
            <ns3:hr>154</ns3:hr>
            <ns3:cad>92</ns3:cad>
          </ns3:TrackPointExtension>
        </extensions>
      </trkpt>
      <trkpt lat="30.551722906529903411865234375" lon="104.04655535705387592315673828125">
        <ele>477</ele>
        <time>2026-09-21T13:30:20.000Z</time>
        <extensions>
          <ns3:TrackPointExtension>
            <ns3:hr>154</ns3:hr>
            <ns3:cad>91</ns3:cad>
          </ns3:TrackPointExtension>
        </extensions>
      </trkpt>
      <trkpt lat="30.55169918574392795562744140625" lon="104.04655049555003643035888671875">
        <ele>477</ele>
        <time>2026-09-21T13:30:21.000Z</time>
        <extensions>
          <ns3:TrackPointExtension>
            <ns3:hr>153</ns3:hr>
            <ns3:cad>91</ns3:cad>
          </ns3:TrackPointExtension>
        </extensions>
      </trkpt>
      <trkpt lat="30.55167839862406253814697265625" lon="104.04654295183718204498291015625">
        <ele>477</ele>
        <time>2026-09-21T13:30:22.000Z</time>
        <extensions>
          <ns3:TrackPointExtension>
            <ns3:hr>153</ns3:hr>
            <ns3:cad>90</ns3:cad>
          </ns3:TrackPointExtension>
        </extensions>
      </trkpt>
      <trkpt lat="30.551656186580657958984375" lon="104.04653348028659820556640625">
        <ele>477</ele>
        <time>2026-09-21T13:30:23.000Z</time>
        <extensions>
          <ns3:TrackPointExtension>
            <ns3:hr>153</ns3:hr>
            <ns3:cad>90</ns3:cad>
          </ns3:TrackPointExtension>
        </extensions>
      </trkpt>
      <trkpt lat="30.55163632147014141082763671875" lon="104.04652409255504608154296875">
        <ele>477</ele>
        <time>2026-09-21T13:30:24.000Z</time>
        <extensions>
          <ns3:TrackPointExtension>
            <ns3:hr>153</ns3:hr>
            <ns3:cad>90</ns3:cad>
          </ns3:TrackPointExtension>
        </extensions>
      </trkpt>
      <trkpt lat="30.55161637254059314727783203125" lon="104.04652166180312633514404296875">
        <ele>477</ele>
        <time>2026-09-21T13:30:25.000Z</time>
        <extensions>
          <ns3:TrackPointExtension>
            <ns3:hr>153</ns3:hr>
            <ns3:cad>91</ns3:cad>
          </ns3:TrackPointExtension>
        </extensions>
      </trkpt>
      <trkpt lat="30.55159608833491802215576171875" lon="104.0465145371854305267333984375">
        <ele>477</ele>
        <time>2026-09-21T13:30:26.000Z</time>
        <extensions>
          <ns3:TrackPointExtension>
            <ns3:hr>153</ns3:hr>
            <ns3:cad>91</ns3:cad>
          </ns3:TrackPointExtension>
        </extensions>
      </trkpt>
      <trkpt lat="30.551575385034084320068359375" lon="104.04650791548192501068115234375">
        <ele>477</ele>
        <time>2026-09-21T13:30:27.000Z</time>
        <extensions>
          <ns3:TrackPointExtension>
            <ns3:hr>154</ns3:hr>
            <ns3:cad>92</ns3:cad>
          </ns3:TrackPointExtension>
        </extensions>
      </trkpt>
      <trkpt lat="30.55155551992356777191162109375" lon="104.0465021319687366485595703125">
        <ele>477</ele>
        <time>2026-09-21T13:30:28.000Z</time>
        <extensions>
          <ns3:TrackPointExtension>
            <ns3:hr>154</ns3:hr>
            <ns3:cad>92</ns3:cad>
          </ns3:TrackPointExtension>
        </extensions>
      </trkpt>
      <trkpt lat="30.55153154768049716949462890625" lon="104.04649467207491397857666015625">
        <ele>477</ele>
        <time>2026-09-21T13:30:29.000Z</time>
        <extensions>
          <ns3:TrackPointExtension>
            <ns3:hr>154</ns3:hr>
            <ns3:cad>92</ns3:cad>
          </ns3:TrackPointExtension>
        </extensions>
      </trkpt>
      <trkpt lat="30.5515081621706485748291015625" lon="104.046484529972076416015625">
        <ele>477</ele>
        <time>2026-09-21T13:30:30.000Z</time>
        <extensions>
          <ns3:TrackPointExtension>
            <ns3:hr>154</ns3:hr>
            <ns3:cad>92</ns3:cad>
          </ns3:TrackPointExtension>
        </extensions>
      </trkpt>
      <trkpt lat="30.5514776520431041717529296875" lon="104.04647422023117542266845703125">
        <ele>477</ele>
        <time>2026-09-21T13:30:31.000Z</time>
        <extensions>
          <ns3:TrackPointExtension>
            <ns3:hr>154</ns3:hr>
            <ns3:cad>91</ns3:cad>
          </ns3:TrackPointExtension>
        </extensions>
      </trkpt>
      <trkpt lat="30.55145141668617725372314453125" lon="104.046467430889606475830078125">
        <ele>477.20001220703125</ele>
        <time>2026-09-21T13:30:32.000Z</time>
        <extensions>
          <ns3:TrackPointExtension>
            <ns3:hr>155</ns3:hr>
            <ns3:cad>91</ns3:cad>
          </ns3:TrackPointExtension>
        </extensions>
      </trkpt>
      <trkpt lat="30.5514146201312541961669921875" lon="104.04645930044353008270263671875">
        <ele>477.20001220703125</ele>
        <time>2026-09-21T13:30:33.000Z</time>
        <extensions>
          <ns3:TrackPointExtension>
            <ns3:hr>154</ns3:hr>
            <ns3:cad>91</ns3:cad>
          </ns3:TrackPointExtension>
        </extensions>
      </trkpt>
      <trkpt lat="30.55138737894594669342041015625" lon="104.0464545227587223052978515625">
        <ele>477.20001220703125</ele>
        <time>2026-09-21T13:30:34.000Z</time>
        <extensions>
          <ns3:TrackPointExtension>
            <ns3:hr>154</ns3:hr>
            <ns3:cad>92</ns3:cad>
          </ns3:TrackPointExtension>
        </extensions>
      </trkpt>
      <trkpt lat="30.55135376751422882080078125" lon="104.04644840396940708160400390625">
        <ele>477.20001220703125</ele>
        <time>2026-09-21T13:30:35.000Z</time>
        <extensions>
          <ns3:TrackPointExtension>
            <ns3:hr>155</ns3:hr>
            <ns3:cad>92</ns3:cad>
          </ns3:TrackPointExtension>
        </extensions>
      </trkpt>
      <trkpt lat="30.55132317356765270233154296875" lon="104.0464444644749164581298828125">
        <ele>477.20001220703125</ele>
        <time>2026-09-21T13:30:36.000Z</time>
        <extensions>
          <ns3:TrackPointExtension>
            <ns3:hr>154</ns3:hr>
            <ns3:cad>92</ns3:cad>
          </ns3:TrackPointExtension>
        </extensions>
      </trkpt>
      <trkpt lat="30.55128998123109340667724609375" lon="104.046441279351711273193359375">
        <ele>477.20001220703125</ele>
        <time>2026-09-21T13:30:37.000Z</time>
        <extensions>
          <ns3:TrackPointExtension>
            <ns3:hr>154</ns3:hr>
            <ns3:cad>92</ns3:cad>
          </ns3:TrackPointExtension>
        </extensions>
      </trkpt>
      <trkpt lat="30.55126667954027652740478515625" lon="104.04643784277141094207763671875">
        <ele>477</ele>
        <time>2026-09-21T13:30:38.000Z</time>
        <extensions>
          <ns3:TrackPointExtension>
            <ns3:hr>155</ns3:hr>
            <ns3:cad>92</ns3:cad>
          </ns3:TrackPointExtension>
        </extensions>
      </trkpt>
      <trkpt lat="30.551238767802715301513671875" lon="104.04643566347658634185791015625">
        <ele>477</ele>
        <time>2026-09-21T13:30:39.000Z</time>
        <extensions>
          <ns3:TrackPointExtension>
            <ns3:hr>155</ns3:hr>
            <ns3:cad>91</ns3:cad>
          </ns3:TrackPointExtension>
        </extensions>
      </trkpt>
      <trkpt lat="30.5512141250073909759521484375" lon="104.0464357472956180572509765625">
        <ele>476.79998779296875</ele>
        <time>2026-09-21T13:30:40.000Z</time>
        <extensions>
          <ns3:TrackPointExtension>
            <ns3:hr>155</ns3:hr>
            <ns3:cad>91</ns3:cad>
          </ns3:TrackPointExtension>
        </extensions>
      </trkpt>
      <trkpt lat="30.55118654854595661163330078125" lon="104.04643381945788860321044921875">
        <ele>476.79998779296875</ele>
        <time>2026-09-21T13:30:41.000Z</time>
        <extensions>
          <ns3:TrackPointExtension>
            <ns3:hr>156</ns3:hr>
            <ns3:cad>91</ns3:cad>
          </ns3:TrackPointExtension>
        </extensions>
      </trkpt>
      <trkpt lat="30.55116609670221805572509765625" lon="104.04643826186656951904296875">
        <ele>476.600006103515625</ele>
        <time>2026-09-21T13:30:42.000Z</time>
        <extensions>
          <ns3:TrackPointExtension>
            <ns3:hr>156</ns3:hr>
            <ns3:cad>91</ns3:cad>
          </ns3:TrackPointExtension>
        </extensions>
      </trkpt>
      <trkpt lat="30.551135838031768798828125" lon="104.04643826186656951904296875">
        <ele>476.600006103515625</ele>
        <time>2026-09-21T13:30:43.000Z</time>
        <extensions>
          <ns3:TrackPointExtension>
            <ns3:hr>156</ns3:hr>
            <ns3:cad>91</ns3:cad>
          </ns3:TrackPointExtension>
        </extensions>
      </trkpt>
      <trkpt lat="30.55111429654061794281005859375" lon="104.0464407764375209808349609375">
        <ele>476.600006103515625</ele>
        <time>2026-09-21T13:30:44.000Z</time>
        <extensions>
          <ns3:TrackPointExtension>
            <ns3:hr>156</ns3:hr>
            <ns3:cad>92</ns3:cad>
          </ns3:TrackPointExtension>
        </extensions>
      </trkpt>
      <trkpt lat="30.551084540784358978271484375" lon="104.0464411117136478424072265625">
        <ele>476.600006103515625</ele>
        <time>2026-09-21T13:30:45.000Z</time>
        <extensions>
          <ns3:TrackPointExtension>
            <ns3:hr>156</ns3:hr>
            <ns3:cad>92</ns3:cad>
          </ns3:TrackPointExtension>
        </extensions>
      </trkpt>
      <trkpt lat="30.55106366984546184539794921875" lon="104.04644605703651905059814453125">
        <ele>476.600006103515625</ele>
        <time>2026-09-21T13:30:46.000Z</time>
        <extensions>
          <ns3:TrackPointExtension>
            <ns3:hr>156</ns3:hr>
            <ns3:cad>92</ns3:cad>
          </ns3:TrackPointExtension>
        </extensions>
      </trkpt>
      <trkpt lat="30.5510350875556468963623046875" lon="104.046443961560726165771484375">
        <ele>476.79998779296875</ele>
        <time>2026-09-21T13:30:47.000Z</time>
        <extensions>
          <ns3:TrackPointExtension>
            <ns3:hr>156</ns3:hr>
            <ns3:cad>92</ns3:cad>
          </ns3:TrackPointExtension>
        </extensions>
      </trkpt>
      <trkpt lat="30.55101539008319377899169921875" lon="104.04644890688359737396240234375">
        <ele>476.79998779296875</ele>
        <time>2026-09-21T13:30:48.000Z</time>
        <extensions>
          <ns3:TrackPointExtension>
            <ns3:hr>156</ns3:hr>
            <ns3:cad>91</ns3:cad>
          </ns3:TrackPointExtension>
        </extensions>
      </trkpt>
      <trkpt lat="30.5509847961366176605224609375" lon="104.04645142145454883575439453125">
        <ele>476.79998779296875</ele>
        <time>2026-09-21T13:30:49.000Z</time>
        <extensions>
          <ns3:TrackPointExtension>
            <ns3:hr>156</ns3:hr>
            <ns3:cad>91</ns3:cad>
          </ns3:TrackPointExtension>
        </extensions>
      </trkpt>
      <trkpt lat="30.55096484720706939697265625" lon="104.04645703732967376708984375">
        <ele>476.79998779296875</ele>
        <time>2026-09-21T13:30:50.000Z</time>
        <extensions>
          <ns3:TrackPointExtension>
            <ns3:hr>157</ns3:hr>
            <ns3:cad>90</ns3:cad>
          </ns3:TrackPointExtension>
        </extensions>
      </trkpt>
      <trkpt lat="30.55093609727919101715087890625" lon="104.04646432958543300628662109375">
        <ele>476.79998779296875</ele>
        <time>2026-09-21T13:30:51.000Z</time>
        <extensions>
          <ns3:TrackPointExtension>
            <ns3:hr>157</ns3:hr>
            <ns3:cad>89</ns3:cad>
          </ns3:TrackPointExtension>
        </extensions>
      </trkpt>
      <trkpt lat="30.55091614834964275360107421875" lon="104.04647388495504856109619140625">
        <ele>476.79998779296875</ele>
        <time>2026-09-21T13:30:52.000Z</time>
        <extensions>
          <ns3:TrackPointExtension>
            <ns3:hr>157</ns3:hr>
            <ns3:cad>89</ns3:cad>
          </ns3:TrackPointExtension>
        </extensions>
      </trkpt>
      <trkpt lat="30.55088974535465240478515625" lon="104.0464857034385204315185546875">
        <ele>476.79998779296875</ele>
        <time>2026-09-21T13:30:53.000Z</time>
        <extensions>
          <ns3:TrackPointExtension>
            <ns3:hr>157</ns3:hr>
            <ns3:cad>89</ns3:cad>
          </ns3:TrackPointExtension>
        </extensions>
      </trkpt>
      <trkpt lat="30.5508689582347869873046875" lon="104.04650120995938777923583984375">
        <ele>476.79998779296875</ele>
        <time>2026-09-21T13:30:54.000Z</time>
        <extensions>
          <ns3:TrackPointExtension>
            <ns3:hr>157</ns3:hr>
            <ns3:cad>89</ns3:cad>
          </ns3:TrackPointExtension>
        </extensions>
      </trkpt>
      <trkpt lat="30.55083878338336944580078125" lon="104.04651830904185771942138671875">
        <ele>476.79998779296875</ele>
        <time>2026-09-21T13:30:55.000Z</time>
        <extensions>
          <ns3:TrackPointExtension>
            <ns3:hr>157</ns3:hr>
            <ns3:cad>89</ns3:cad>
          </ns3:TrackPointExtension>
        </extensions>
      </trkpt>
      <trkpt lat="30.550816990435123443603515625" lon="104.04653490521013736724853515625">
        <ele>476.79998779296875</ele>
        <time>2026-09-21T13:30:56.000Z</time>
        <extensions>
          <ns3:TrackPointExtension>
            <ns3:hr>157</ns3:hr>
            <ns3:cad>89</ns3:cad>
          </ns3:TrackPointExtension>
        </extensions>
      </trkpt>
      <trkpt lat="30.55079125799238681793212890625" lon="104.0465520881116390228271484375">
        <ele>476.79998779296875</ele>
        <time>2026-09-21T13:30:57.000Z</time>
        <extensions>
          <ns3:TrackPointExtension>
            <ns3:hr>157</ns3:hr>
            <ns3:cad>90</ns3:cad>
          </ns3:TrackPointExtension>
        </extensions>
      </trkpt>
      <trkpt lat="30.55076912976801395416259765625" lon="104.046572707593441009521484375">
        <ele>476.79998779296875</ele>
        <time>2026-09-21T13:30:58.000Z</time>
        <extensions>
          <ns3:TrackPointExtension>
            <ns3:hr>157</ns3:hr>
            <ns3:cad>90</ns3:cad>
          </ns3:TrackPointExtension>
        </extensions>
      </trkpt>
      <trkpt lat="30.55074498988687992095947265625" lon="104.04658972285687923431396484375">
        <ele>476.79998779296875</ele>
        <time>2026-09-21T13:30:59.000Z</time>
        <extensions>
          <ns3:TrackPointExtension>
            <ns3:hr>157</ns3:hr>
            <ns3:cad>91</ns3:cad>
          </ns3:TrackPointExtension>
        </extensions>
      </trkpt>
      <trkpt lat="30.55071942508220672607421875" lon="104.04661134816706180572509765625">
        <ele>476.79998779296875</ele>
        <time>2026-09-21T13:31:00.000Z</time>
        <extensions>
          <ns3:TrackPointExtension>
            <ns3:hr>157</ns3:hr>
            <ns3:cad>91</ns3:cad>
          </ns3:TrackPointExtension>
        </extensions>
      </trkpt>
      <trkpt lat="30.550694949924945831298828125" lon="104.0466308780014514923095703125">
        <ele>476.79998779296875</ele>
        <time>2026-09-21T13:31:01.000Z</time>
        <extensions>
          <ns3:TrackPointExtension>
            <ns3:hr>157</ns3:hr>
            <ns3:cad>91</ns3:cad>
          </ns3:TrackPointExtension>
        </extensions>
      </trkpt>
      <trkpt lat="30.55067156441509723663330078125" lon="104.0466473065316677093505859375">
        <ele>476.79998779296875</ele>
        <time>2026-09-21T13:31:02.000Z</time>
        <extensions>
          <ns3:TrackPointExtension>
            <ns3:hr>157</ns3:hr>
            <ns3:cad>91</ns3:cad>
          </ns3:TrackPointExtension>
        </extensions>
      </trkpt>
      <trkpt lat="30.55064859800040721893310546875" lon="104.046661220490932464599609375">
        <ele>476.79998779296875</ele>
        <time>2026-09-21T13:31:03.000Z</time>
        <extensions>
          <ns3:TrackPointExtension>
            <ns3:hr>157</ns3:hr>
            <ns3:cad>91</ns3:cad>
          </ns3:TrackPointExtension>
        </extensions>
      </trkpt>
      <trkpt lat="30.55062479339540004730224609375" lon="104.04667907394468784332275390625">
        <ele>476.79998779296875</ele>
        <time>2026-09-21T13:31:04.000Z</time>
        <extensions>
          <ns3:TrackPointExtension>
            <ns3:hr>156</ns3:hr>
            <ns3:cad>92</ns3:cad>
          </ns3:TrackPointExtension>
        </extensions>
      </trkpt>
      <trkpt lat="30.5506039224565029144287109375" lon="104.04669198207557201385498046875">
        <ele>476.79998779296875</ele>
        <time>2026-09-21T13:31:05.000Z</time>
        <extensions>
          <ns3:TrackPointExtension>
            <ns3:hr>156</ns3:hr>
            <ns3:cad>92</ns3:cad>
          </ns3:TrackPointExtension>
        </extensions>
      </trkpt>
      <trkpt lat="30.5505824647843837738037109375" lon="104.0467096678912639617919921875">
        <ele>476.79998779296875</ele>
        <time>2026-09-21T13:31:06.000Z</time>
        <extensions>
          <ns3:TrackPointExtension>
            <ns3:hr>157</ns3:hr>
            <ns3:cad>92</ns3:cad>
          </ns3:TrackPointExtension>
        </extensions>
      </trkpt>
      <trkpt lat="30.5505636893212795257568359375" lon="104.0467244200408458709716796875">
        <ele>476.79998779296875</ele>
        <time>2026-09-21T13:31:07.000Z</time>
        <extensions>
          <ns3:TrackPointExtension>
            <ns3:hr>157</ns3:hr>
            <ns3:cad>92</ns3:cad>
          </ns3:TrackPointExtension>
        </extensions>
      </trkpt>
      <trkpt lat="30.5505390465259552001953125" lon="104.04674227349460124969482421875">
        <ele>476.79998779296875</ele>
        <time>2026-09-21T13:31:08.000Z</time>
        <extensions>
          <ns3:TrackPointExtension>
            <ns3:hr>157</ns3:hr>
            <ns3:cad>91</ns3:cad>
          </ns3:TrackPointExtension>
        </extensions>
      </trkpt>
      <trkpt lat="30.550519935786724090576171875" lon="104.04675635509192943572998046875">
        <ele>476.79998779296875</ele>
        <time>2026-09-21T13:31:09.000Z</time>
        <extensions>
          <ns3:TrackPointExtension>
            <ns3:hr>158</ns3:hr>
            <ns3:cad>91</ns3:cad>
          </ns3:TrackPointExtension>
        </extensions>
      </trkpt>
      <trkpt lat="30.5504956282675266265869140625" lon="104.046775214374065399169921875">
        <ele>476.79998779296875</ele>
        <time>2026-09-21T13:31:10.000Z</time>
        <extensions>
          <ns3:TrackPointExtension>
            <ns3:hr>158</ns3:hr>
            <ns3:cad>91</ns3:cad>
          </ns3:TrackPointExtension>
        </extensions>
      </trkpt>
      <trkpt lat="30.5504731647670269012451171875" lon="104.046787954866886138916015625">
        <ele>476.79998779296875</ele>
        <time>2026-09-21T13:31:11.000Z</time>
        <extensions>
          <ns3:TrackPointExtension>
            <ns3:hr>158</ns3:hr>
            <ns3:cad>91</ns3:cad>
          </ns3:TrackPointExtension>
        </extensions>
      </trkpt>
      <trkpt lat="30.5504446662962436676025390625" lon="104.04680631123483180999755859375">
        <ele>476.79998779296875</ele>
        <time>2026-09-21T13:31:12.000Z</time>
        <extensions>
          <ns3:TrackPointExtension>
            <ns3:hr>157</ns3:hr>
            <ns3:cad>91</ns3:cad>
          </ns3:TrackPointExtension>
        </extensions>
      </trkpt>
      <trkpt lat="30.55042580701410770416259765625" lon="104.04682156629860401153564453125">
        <ele>476.79998779296875</ele>
        <time>2026-09-21T13:31:13.000Z</time>
        <extensions>
          <ns3:TrackPointExtension>
            <ns3:hr>158</ns3:hr>
            <ns3:cad>91</ns3:cad>
          </ns3:TrackPointExtension>
        </extensions>
      </trkpt>
      <trkpt lat="30.55039479397237300872802734375" lon="104.04683765955269336700439453125">
        <ele>476.600006103515625</ele>
        <time>2026-09-21T13:31:14.000Z</time>
        <extensions>
          <ns3:TrackPointExtension>
            <ns3:hr>158</ns3:hr>
            <ns3:cad>91</ns3:cad>
          </ns3:TrackPointExtension>
        </extensions>
      </trkpt>
      <trkpt lat="30.550378449261188507080078125" lon="104.0468558482825756072998046875">
        <ele>476.600006103515625</ele>
        <time>2026-09-21T13:31:15.000Z</time>
        <extensions>
          <ns3:TrackPointExtension>
            <ns3:hr>157</ns3:hr>
            <ns3:cad>92</ns3:cad>
          </ns3:TrackPointExtension>
        </extensions>
      </trkpt>
      <trkpt lat="30.55034659802913665771484375" lon="104.0468769706785678863525390625">
        <ele>476.600006103515625</ele>
        <time>2026-09-21T13:31:16.000Z</time>
        <extensions>
          <ns3:TrackPointExtension>
            <ns3:hr>158</ns3:hr>
            <ns3:cad>92</ns3:cad>
          </ns3:TrackPointExtension>
        </extensions>
      </trkpt>
      <trkpt lat="30.5503303371369838714599609375" lon="104.04690404422581195831298828125">
        <ele>476.600006103515625</ele>
        <time>2026-09-21T13:31:17.000Z</time>
        <extensions>
          <ns3:TrackPointExtension>
            <ns3:hr>158</ns3:hr>
            <ns3:cad>92</ns3:cad>
          </ns3:TrackPointExtension>
        </extensions>
      </trkpt>
      <trkpt lat="30.5503085441887378692626953125" lon="104.046936146914958953857421875">
        <ele>476.600006103515625</ele>
        <time>2026-09-21T13:31:18.000Z</time>
        <extensions>
          <ns3:TrackPointExtension>
            <ns3:hr>158</ns3:hr>
            <ns3:cad>92</ns3:cad>
          </ns3:TrackPointExtension>
        </extensions>
      </trkpt>
      <trkpt lat="30.5502988211810588836669921875" lon="104.04696405865252017974853515625">
        <ele>476.600006103515625</ele>
        <time>2026-09-21T13:31:19.000Z</time>
        <extensions>
          <ns3:TrackPointExtension>
            <ns3:hr>159</ns3:hr>
            <ns3:cad>92</ns3:cad>
          </ns3:TrackPointExtension>
        </extensions>
      </trkpt>
      <trkpt lat="30.55028247646987438201904296875" lon="104.046995826065540313720703125">
        <ele>476.79998779296875</ele>
        <time>2026-09-21T13:31:20.000Z</time>
        <extensions>
          <ns3:TrackPointExtension>
            <ns3:hr>159</ns3:hr>
            <ns3:cad>92</ns3:cad>
          </ns3:TrackPointExtension>
        </extensions>
      </trkpt>
      <trkpt lat="30.55027459748089313507080078125" lon="104.047015607357025146484375">
        <ele>477</ele>
        <time>2026-09-21T13:31:21.000Z</time>
        <extensions>
          <ns3:TrackPointExtension>
            <ns3:hr>159</ns3:hr>
            <ns3:cad>92</ns3:cad>
          </ns3:TrackPointExtension>
        </extensions>
      </trkpt>
      <trkpt lat="30.55026101879775524139404296875" lon="104.04704301618039608001708984375">
        <ele>477</ele>
        <time>2026-09-21T13:31:22.000Z</time>
        <extensions>
          <ns3:TrackPointExtension>
            <ns3:hr>159</ns3:hr>
            <ns3:cad>92</ns3:cad>
          </ns3:TrackPointExtension>
        </extensions>
      </trkpt>
      <trkpt lat="30.55025548674166202545166015625" lon="104.04706246219575405120849609375">
        <ele>477.20001220703125</ele>
        <time>2026-09-21T13:31:23.000Z</time>
        <extensions>
          <ns3:TrackPointExtension>
            <ns3:hr>159</ns3:hr>
            <ns3:cad>92</ns3:cad>
          </ns3:TrackPointExtension>
        </extensions>
      </trkpt>
      <trkpt lat="30.5502413213253021240234375" lon="104.0470855124294757843017578125">
        <ele>477.399993896484375</ele>
        <time>2026-09-21T13:31:24.000Z</time>
        <extensions>
          <ns3:TrackPointExtension>
            <ns3:hr>160</ns3:hr>
            <ns3:cad>90</ns3:cad>
          </ns3:TrackPointExtension>
        </extensions>
      </trkpt>
      <trkpt lat="30.550234615802764892578125" lon="104.0471026115119457244873046875">
        <ele>477.399993896484375</ele>
        <time>2026-09-21T13:31:25.000Z</time>
        <extensions>
          <ns3:TrackPointExtension>
            <ns3:hr>159</ns3:hr>
            <ns3:cad>90</ns3:cad>
          </ns3:TrackPointExtension>
        </extensions>
      </trkpt>
      <trkpt lat="30.550220198929309844970703125" lon="104.04713152907788753509521484375">
        <ele>477.399993896484375</ele>
        <time>2026-09-21T13:31:26.000Z</time>
        <extensions>
          <ns3:TrackPointExtension>
            <ns3:hr>159</ns3:hr>
            <ns3:cad>90</ns3:cad>
          </ns3:TrackPointExtension>
        </extensions>
      </trkpt>
      <trkpt lat="30.5502143315970897674560546875" lon="104.047158099710941314697265625">
        <ele>477.399993896484375</ele>
        <time>2026-09-21T13:31:27.000Z</time>
        <extensions>
          <ns3:TrackPointExtension>
            <ns3:hr>159</ns3:hr>
            <ns3:cad>89</ns3:cad>
          </ns3:TrackPointExtension>
        </extensions>
      </trkpt>
      <trkpt lat="30.55019983090460300445556640625" lon="104.04718793928623199462890625">
        <ele>477.399993896484375</ele>
        <time>2026-09-21T13:31:28.000Z</time>
        <extensions>
          <ns3:TrackPointExtension>
            <ns3:hr>160</ns3:hr>
            <ns3:cad>90</ns3:cad>
          </ns3:TrackPointExtension>
        </extensions>
      </trkpt>
      <trkpt lat="30.55019094608724117279052734375" lon="104.047209732234477996826171875">
        <ele>477.399993896484375</ele>
        <time>2026-09-21T13:31:29.000Z</time>
        <extensions>
          <ns3:TrackPointExtension>
            <ns3:hr>159</ns3:hr>
            <ns3:cad>90</ns3:cad>
          </ns3:TrackPointExtension>
        </extensions>
      </trkpt>
      <trkpt lat="30.55017904378473758697509765625" lon="104.047235883772373199462890625">
        <ele>477.20001220703125</ele>
        <time>2026-09-21T13:31:30.000Z</time>
        <extensions>
          <ns3:TrackPointExtension>
            <ns3:hr>159</ns3:hr>
            <ns3:cad>90</ns3:cad>
          </ns3:TrackPointExtension>
        </extensions>
      </trkpt>
      <trkpt lat="30.55017636157572269439697265625" lon="104.04726262204349040985107421875">
        <ele>477.20001220703125</ele>
        <time>2026-09-21T13:31:31.000Z</time>
        <extensions>
          <ns3:TrackPointExtension>
            <ns3:hr>159</ns3:hr>
            <ns3:cad>90</ns3:cad>
          </ns3:TrackPointExtension>
        </extensions>
      </trkpt>
      <trkpt lat="30.55016797967255115509033203125" lon="104.0472913719713687896728515625">
        <ele>477.20001220703125</ele>
        <time>2026-09-21T13:31:32.000Z</time>
        <extensions>
          <ns3:TrackPointExtension>
            <ns3:hr>159</ns3:hr>
            <ns3:cad>90</ns3:cad>
          </ns3:TrackPointExtension>
        </extensions>
      </trkpt>
      <trkpt lat="30.5501657165586948394775390625" lon="104.0473185293376445770263671875">
        <ele>477.20001220703125</ele>
        <time>2026-09-21T13:31:33.000Z</time>
        <extensions>
          <ns3:TrackPointExtension>
            <ns3:hr>159</ns3:hr>
            <ns3:cad>91</ns3:cad>
          </ns3:TrackPointExtension>
        </extensions>
      </trkpt>
      <trkpt lat="30.5501623637974262237548828125" lon="104.047348201274871826171875">
        <ele>477.20001220703125</ele>
        <time>2026-09-21T13:31:34.000Z</time>
        <extensions>
          <ns3:TrackPointExtension>
            <ns3:hr>159</ns3:hr>
            <ns3:cad>91</ns3:cad>
          </ns3:TrackPointExtension>
        </extensions>
      </trkpt>
      <trkpt lat="30.55015943013131618499755859375" lon="104.047377370297908782958984375">
        <ele>477.20001220703125</ele>
        <time>2026-09-21T13:31:35.000Z</time>
        <extensions>
          <ns3:TrackPointExtension>
            <ns3:hr>159</ns3:hr>
            <ns3:cad>92</ns3:cad>
          </ns3:TrackPointExtension>
        </extensions>
      </trkpt>
      <trkpt lat="30.55015641264617443084716796875" lon="104.04740653932094573974609375">
        <ele>477.20001220703125</ele>
        <time>2026-09-21T13:31:36.000Z</time>
        <extensions>
          <ns3:TrackPointExtension>
            <ns3:hr>158</ns3:hr>
            <ns3:cad>92</ns3:cad>
          </ns3:TrackPointExtension>
        </extensions>
      </trkpt>
      <trkpt lat="30.550152473151683807373046875" lon="104.0474378876388072967529296875">
        <ele>477.20001220703125</ele>
        <time>2026-09-21T13:31:37.000Z</time>
        <extensions>
          <ns3:TrackPointExtension>
            <ns3:hr>158</ns3:hr>
            <ns3:cad>92</ns3:cad>
          </ns3:TrackPointExtension>
        </extensions>
      </trkpt>
      <trkpt lat="30.550153143703937530517578125" lon="104.04746554791927337646484375">
        <ele>477.20001220703125</ele>
        <time>2026-09-21T13:31:38.000Z</time>
        <extensions>
          <ns3:TrackPointExtension>
            <ns3:hr>157</ns3:hr>
            <ns3:cad>92</ns3:cad>
          </ns3:TrackPointExtension>
        </extensions>
      </trkpt>
      <trkpt lat="30.5501501262187957763671875" lon="104.04749496839940547943115234375">
        <ele>477.399993896484375</ele>
        <time>2026-09-21T13:31:39.000Z</time>
        <extensions>
          <ns3:TrackPointExtension>
            <ns3:hr>157</ns3:hr>
            <ns3:cad>92</ns3:cad>
          </ns3:TrackPointExtension>
        </extensions>
      </trkpt>
      <trkpt lat="30.550149790942668914794921875" lon="104.04752346687018871307373046875">
        <ele>477.399993896484375</ele>
        <time>2026-09-21T13:31:40.000Z</time>
        <extensions>
          <ns3:TrackPointExtension>
            <ns3:hr>157</ns3:hr>
            <ns3:cad>92</ns3:cad>
          </ns3:TrackPointExtension>
        </extensions>
      </trkpt>
      <trkpt lat="30.55015004239976406097412109375" lon="104.04755045659840106964111328125">
        <ele>477.399993896484375</ele>
        <time>2026-09-21T13:31:41.000Z</time>
        <extensions>
          <ns3:TrackPointExtension>
            <ns3:hr>158</ns3:hr>
            <ns3:cad>91</ns3:cad>
          </ns3:TrackPointExtension>
        </extensions>
      </trkpt>
      <trkpt lat="30.55014736019074916839599609375" lon="104.0475730039179325103759765625">
        <ele>477.399993896484375</ele>
        <time>2026-09-21T13:31:42.000Z</time>
        <extensions>
          <ns3:TrackPointExtension>
            <ns3:hr>157</ns3:hr>
            <ns3:cad>92</ns3:cad>
          </ns3:TrackPointExtension>
        </extensions>
      </trkpt>
      <trkpt lat="30.55014870129525661468505859375" lon="104.0476031787693500518798828125">
        <ele>477.399993896484375</ele>
        <time>2026-09-21T13:31:43.000Z</time>
        <extensions>
          <ns3:TrackPointExtension>
            <ns3:hr>158</ns3:hr>
            <ns3:cad>91</ns3:cad>
          </ns3:TrackPointExtension>
        </extensions>
      </trkpt>
      <trkpt lat="30.55014886893332004547119140625" lon="104.0476316772401332855224609375">
        <ele>477.399993896484375</ele>
        <time>2026-09-21T13:31:44.000Z</time>
        <extensions>
          <ns3:TrackPointExtension>
            <ns3:hr>158</ns3:hr>
            <ns3:cad>91</ns3:cad>
          </ns3:TrackPointExtension>
        </extensions>
      </trkpt>
      <trkpt lat="30.550150461494922637939453125" lon="104.0476571582257747650146484375">
        <ele>477.399993896484375</ele>
        <time>2026-09-21T13:31:45.000Z</time>
        <extensions>
          <ns3:TrackPointExtension>
            <ns3:hr>158</ns3:hr>
            <ns3:cad>91</ns3:cad>
          </ns3:TrackPointExtension>
        </extensions>
      </trkpt>
      <trkpt lat="30.55014903657138347625732421875" lon="104.04768272303044795989990234375">
        <ele>477.399993896484375</ele>
        <time>2026-09-21T13:31:46.000Z</time>
        <extensions>
          <ns3:TrackPointExtension>
            <ns3:hr>157</ns3:hr>
            <ns3:cad>90</ns3:cad>
          </ns3:TrackPointExtension>
        </extensions>
      </trkpt>
      <trkpt lat="30.55014903657138347625732421875" lon="104.0477128140628337860107421875">
        <ele>477.399993896484375</ele>
        <time>2026-09-21T13:31:47.000Z</time>
        <extensions>
          <ns3:TrackPointExtension>
            <ns3:hr>157</ns3:hr>
            <ns3:cad>90</ns3:cad>
          </ns3:TrackPointExtension>
        </extensions>
      </trkpt>
      <trkpt lat="30.5501462705433368682861328125" lon="104.04774256981909275054931640625">
        <ele>477.399993896484375</ele>
        <time>2026-09-21T13:31:48.000Z</time>
        <extensions>
          <ns3:TrackPointExtension>
            <ns3:hr>157</ns3:hr>
            <ns3:cad>90</ns3:cad>
          </ns3:TrackPointExtension>
        </extensions>
      </trkpt>
      <trkpt lat="30.550144426524639129638671875" lon="104.04777207411825656890869140625">
        <ele>477.399993896484375</ele>
        <time>2026-09-21T13:31:49.000Z</time>
        <extensions>
          <ns3:TrackPointExtension>
            <ns3:hr>158</ns3:hr>
            <ns3:cad>90</ns3:cad>
          </ns3:TrackPointExtension>
        </extensions>
      </trkpt>
      <trkpt lat="30.5501419119536876678466796875" lon="104.04779973439872264862060546875">
        <ele>477.20001220703125</ele>
        <time>2026-09-21T13:31:50.000Z</time>
        <extensions>
          <ns3:TrackPointExtension>
            <ns3:hr>157</ns3:hr>
            <ns3:cad>91</ns3:cad>
          </ns3:TrackPointExtension>
        </extensions>
      </trkpt>
      <trkpt lat="30.5501409061253070831298828125" lon="104.0478301607072353363037109375">
        <ele>477.399993896484375</ele>
        <time>2026-09-21T13:31:51.000Z</time>
        <extensions>
          <ns3:TrackPointExtension>
            <ns3:hr>157</ns3:hr>
            <ns3:cad>91</ns3:cad>
          </ns3:TrackPointExtension>
        </extensions>
      </trkpt>
      <trkpt lat="30.55013914592564105987548828125" lon="104.0478564798831939697265625">
        <ele>477.399993896484375</ele>
        <time>2026-09-21T13:31:52.000Z</time>
        <extensions>
          <ns3:TrackPointExtension>
            <ns3:hr>158</ns3:hr>
            <ns3:cad>91</ns3:cad>
          </ns3:TrackPointExtension>
        </extensions>
      </trkpt>
      <trkpt lat="30.550138391554355621337890625" lon="104.04788875021040439605712890625">
        <ele>477.20001220703125</ele>
        <time>2026-09-21T13:31:53.000Z</time>
        <extensions>
          <ns3:TrackPointExtension>
            <ns3:hr>158</ns3:hr>
            <ns3:cad>92</ns3:cad>
          </ns3:TrackPointExtension>
        </extensions>
      </trkpt>
      <trkpt lat="30.550134368240833282470703125" lon="104.04791506938636302947998046875">
        <ele>477.20001220703125</ele>
        <time>2026-09-21T13:31:54.000Z</time>
        <extensions>
          <ns3:TrackPointExtension>
            <ns3:hr>157</ns3:hr>
            <ns3:cad>92</ns3:cad>
          </ns3:TrackPointExtension>
        </extensions>
      </trkpt>
      <trkpt lat="30.5501355417072772979736328125" lon="104.04794700443744659423828125">
        <ele>477.20001220703125</ele>
        <time>2026-09-21T13:31:55.000Z</time>
        <extensions>
          <ns3:TrackPointExtension>
            <ns3:hr>158</ns3:hr>
            <ns3:cad>92</ns3:cad>
          </ns3:TrackPointExtension>
        </extensions>
      </trkpt>
      <trkpt lat="30.55013981647789478302001953125" lon="104.04797290451824665069580078125">
        <ele>477.20001220703125</ele>
        <time>2026-09-21T13:31:56.000Z</time>
        <extensions>
          <ns3:TrackPointExtension>
            <ns3:hr>158</ns3:hr>
            <ns3:cad>90</ns3:cad>
          </ns3:TrackPointExtension>
        </extensions>
      </trkpt>
      <trkpt lat="30.55014400742948055267333984375" lon="104.04800157062709331512451171875">
        <ele>477.20001220703125</ele>
        <time>2026-09-21T13:31:57.000Z</time>
        <extensions>
          <ns3:TrackPointExtension>
            <ns3:hr>157</ns3:hr>
            <ns3:cad>90</ns3:cad>
          </ns3:TrackPointExtension>
        </extensions>
      </trkpt>
      <trkpt lat="30.55014702491462230682373046875" lon="104.04802520759403705596923828125">
        <ele>477.20001220703125</ele>
        <time>2026-09-21T13:31:58.000Z</time>
        <extensions>
          <ns3:TrackPointExtension>
            <ns3:hr>156</ns3:hr>
            <ns3:cad>90</ns3:cad>
          </ns3:TrackPointExtension>
        </extensions>
      </trkpt>
      <trkpt lat="30.5501409061253070831298828125" lon="104.048061668872833251953125">
        <ele>477.20001220703125</ele>
        <time>2026-09-21T13:31:59.000Z</time>
        <extensions>
          <ns3:TrackPointExtension>
            <ns3:hr>156</ns3:hr>
            <ns3:cad>90</ns3:cad>
          </ns3:TrackPointExtension>
        </extensions>
      </trkpt>
      <trkpt lat="30.550141073763370513916015625" lon="104.04808354564011096954345703125">
        <ele>477.20001220703125</ele>
        <time>2026-09-21T13:32:00.000Z</time>
        <extensions>
          <ns3:TrackPointExtension>
            <ns3:hr>156</ns3:hr>
            <ns3:cad>90</ns3:cad>
          </ns3:TrackPointExtension>
        </extensions>
      </trkpt>
      <trkpt lat="30.55013964883983135223388671875" lon="104.04811690561473369598388671875">
        <ele>477.20001220703125</ele>
        <time>2026-09-21T13:32:01.000Z</time>
        <extensions>
          <ns3:TrackPointExtension>
            <ns3:hr>156</ns3:hr>
            <ns3:cad>90</ns3:cad>
          </ns3:TrackPointExtension>
        </extensions>
      </trkpt>
      <trkpt lat="30.5501415766775608062744140625" lon="104.04813635163009166717529296875">
        <ele>477.20001220703125</ele>
        <time>2026-09-21T13:32:02.000Z</time>
        <extensions>
          <ns3:TrackPointExtension>
            <ns3:hr>156</ns3:hr>
            <ns3:cad>90</ns3:cad>
          </ns3:TrackPointExtension>
        </extensions>
      </trkpt>
      <trkpt lat="30.55014073848724365234375" lon="104.04816853813827037811279296875">
        <ele>477.20001220703125</ele>
        <time>2026-09-21T13:32:03.000Z</time>
        <extensions>
          <ns3:TrackPointExtension>
            <ns3:hr>156</ns3:hr>
            <ns3:cad>89</ns3:cad>
          </ns3:TrackPointExtension>
        </extensions>
      </trkpt>
      <trkpt lat="30.55014467798173427581787109375" lon="104.04818949289619922637939453125">
        <ele>477.20001220703125</ele>
        <time>2026-09-21T13:32:04.000Z</time>
        <extensions>
          <ns3:TrackPointExtension>
            <ns3:hr>155</ns3:hr>
            <ns3:cad>90</ns3:cad>
          </ns3:TrackPointExtension>
        </extensions>
      </trkpt>
      <trkpt lat="30.55014618672430515289306640625" lon="104.04822167940437793731689453125">
        <ele>477.20001220703125</ele>
        <time>2026-09-21T13:32:05.000Z</time>
        <extensions>
          <ns3:TrackPointExtension>
            <ns3:hr>155</ns3:hr>
            <ns3:cad>90</ns3:cad>
          </ns3:TrackPointExtension>
        </extensions>
      </trkpt>
      <trkpt lat="30.55015373043715953826904296875" lon="104.04823995195329189300537109375">
        <ele>477.20001220703125</ele>
        <time>2026-09-21T13:32:06.000Z</time>
        <extensions>
          <ns3:TrackPointExtension>
            <ns3:hr>155</ns3:hr>
            <ns3:cad>90</ns3:cad>
          </ns3:TrackPointExtension>
        </extensions>
      </trkpt>
      <trkpt lat="30.5501539818942546844482421875" lon="104.048273228108882904052734375">
        <ele>477.20001220703125</ele>
        <time>2026-09-21T13:32:07.000Z</time>
        <extensions>
          <ns3:TrackPointExtension>
            <ns3:hr>154</ns3:hr>
            <ns3:cad>89</ns3:cad>
          </ns3:TrackPointExtension>
        </extensions>
      </trkpt>
      <trkpt lat="30.55016060359776020050048828125" lon="104.04829694889485836029052734375">
        <ele>477.20001220703125</ele>
        <time>2026-09-21T13:32:08.000Z</time>
        <extensions>
          <ns3:TrackPointExtension>
            <ns3:hr>154</ns3:hr>
            <ns3:cad>89</ns3:cad>
          </ns3:TrackPointExtension>
        </extensions>
      </trkpt>
      <trkpt lat="30.5501670576632022857666015625" lon="104.04833466745913028717041015625">
        <ele>477.20001220703125</ele>
        <time>2026-09-21T13:32:09.000Z</time>
        <extensions>
          <ns3:TrackPointExtension>
            <ns3:hr>154</ns3:hr>
            <ns3:cad>89</ns3:cad>
          </ns3:TrackPointExtension>
        </extensions>
      </trkpt>
      <trkpt lat="30.55017803795635700225830078125" lon="104.0483607351779937744140625">
        <ele>477.20001220703125</ele>
        <time>2026-09-21T13:32:10.000Z</time>
        <extensions>
          <ns3:TrackPointExtension>
            <ns3:hr>155</ns3:hr>
            <ns3:cad>89</ns3:cad>
          </ns3:TrackPointExtension>
        </extensions>
      </trkpt>
      <trkpt lat="30.55018558166921138763427734375" lon="104.0483914129436016082763671875">
        <ele>477.20001220703125</ele>
        <time>2026-09-21T13:32:11.000Z</time>
        <extensions>
          <ns3:TrackPointExtension>
            <ns3:hr>154</ns3:hr>
            <ns3:cad>89</ns3:cad>
          </ns3:TrackPointExtension>
        </extensions>
      </trkpt>
      <trkpt lat="30.55019329302012920379638671875" lon="104.048414714634418487548828125">
        <ele>477.20001220703125</ele>
        <time>2026-09-21T13:32:12.000Z</time>
        <extensions>
          <ns3:TrackPointExtension>
            <ns3:hr>155</ns3:hr>
            <ns3:cad>89</ns3:cad>
          </ns3:TrackPointExtension>
        </extensions>
      </trkpt>
      <trkpt lat="30.550199411809444427490234375" lon="104.0484467335045337677001953125">
        <ele>477.20001220703125</ele>
        <time>2026-09-21T13:32:13.000Z</time>
        <extensions>
          <ns3:TrackPointExtension>
            <ns3:hr>155</ns3:hr>
            <ns3:cad>91</ns3:cad>
          </ns3:TrackPointExtension>
        </extensions>
      </trkpt>
      <trkpt lat="30.5502086319029331207275390625" lon="104.0484691970050334930419921875">
        <ele>477.20001220703125</ele>
        <time>2026-09-21T13:32:14.000Z</time>
        <extensions>
          <ns3:TrackPointExtension>
            <ns3:hr>154</ns3:hr>
            <ns3:cad>91</ns3:cad>
          </ns3:TrackPointExtension>
        </extensions>
      </trkpt>
      <trkpt lat="30.55021516978740692138671875" lon="104.04850046150386333465576171875">
        <ele>477.20001220703125</ele>
        <time>2026-09-21T13:32:15.000Z</time>
        <extensions>
          <ns3:TrackPointExtension>
            <ns3:hr>154</ns3:hr>
            <ns3:cad>91</ns3:cad>
          </ns3:TrackPointExtension>
        </extensions>
      </trkpt>
      <trkpt lat="30.55022598244249820709228515625" lon="104.0485204942524433135986328125">
        <ele>477.20001220703125</ele>
        <time>2026-09-21T13:32:16.000Z</time>
        <extensions>
          <ns3:TrackPointExtension>
            <ns3:hr>154</ns3:hr>
            <ns3:cad>91</ns3:cad>
          </ns3:TrackPointExtension>
        </extensions>
      </trkpt>
      <trkpt lat="30.55023302324116230010986328125" lon="104.04854781925678253173828125">
        <ele>477.20001220703125</ele>
        <time>2026-09-21T13:32:17.000Z</time>
        <extensions>
          <ns3:TrackPointExtension>
            <ns3:hr>155</ns3:hr>
            <ns3:cad>92</ns3:cad>
          </ns3:TrackPointExtension>
        </extensions>
      </trkpt>
      <trkpt lat="30.55024391971528530120849609375" lon="104.04857330024242401123046875">
        <ele>477</ele>
        <time>2026-09-21T13:32:18.000Z</time>
        <extensions>
          <ns3:TrackPointExtension>
            <ns3:hr>154</ns3:hr>
            <ns3:cad>92</ns3:cad>
          </ns3:TrackPointExtension>
        </extensions>
      </trkpt>
      <trkpt lat="30.55025615729391574859619140625" lon="104.04859744012355804443359375">
        <ele>477</ele>
        <time>2026-09-21T13:32:19.000Z</time>
        <extensions>
          <ns3:TrackPointExtension>
            <ns3:hr>154</ns3:hr>
            <ns3:cad>92</ns3:cad>
          </ns3:TrackPointExtension>
        </extensions>
      </trkpt>
      <trkpt lat="30.55027015507221221923828125" lon="104.04862082563340663909912109375">
        <ele>477</ele>
        <time>2026-09-21T13:32:20.000Z</time>
        <extensions>
          <ns3:TrackPointExtension>
            <ns3:hr>155</ns3:hr>
            <ns3:cad>92</ns3:cad>
          </ns3:TrackPointExtension>
        </extensions>
      </trkpt>
      <trkpt lat="30.55028080008924007415771484375" lon="104.0486421994864940643310546875">
        <ele>477</ele>
        <time>2026-09-21T13:32:21.000Z</time>
        <extensions>
          <ns3:TrackPointExtension>
            <ns3:hr>154</ns3:hr>
            <ns3:cad>91</ns3:cad>
          </ns3:TrackPointExtension>
        </extensions>
      </trkpt>
      <trkpt lat="30.55029069073498249053955078125" lon="104.04866541735827922821044921875">
        <ele>477</ele>
        <time>2026-09-21T13:32:22.000Z</time>
        <extensions>
          <ns3:TrackPointExtension>
            <ns3:hr>154</ns3:hr>
            <ns3:cad>91</ns3:cad>
          </ns3:TrackPointExtension>
        </extensions>
      </trkpt>
      <trkpt lat="30.5502869188785552978515625" lon="104.04869659803807735443115234375">
        <ele>477</ele>
        <time>2026-09-21T13:32:23.000Z</time>
        <extensions>
          <ns3:TrackPointExtension>
            <ns3:hr>155</ns3:hr>
            <ns3:cad>92</ns3:cad>
          </ns3:TrackPointExtension>
        </extensions>
      </trkpt>
      <trkpt lat="30.5502914451062679290771484375" lon="104.04872526414692401885986328125">
        <ele>477</ele>
        <time>2026-09-21T13:32:24.000Z</time>
        <extensions>
          <ns3:TrackPointExtension>
            <ns3:hr>154</ns3:hr>
            <ns3:cad>91</ns3:cad>
          </ns3:TrackPointExtension>
        </extensions>
      </trkpt>
      <trkpt lat="30.55028951726853847503662109375" lon="104.04875946231186389923095703125">
        <ele>477.20001220703125</ele>
        <time>2026-09-21T13:32:25.000Z</time>
        <extensions>
          <ns3:TrackPointExtension>
            <ns3:hr>154</ns3:hr>
            <ns3:cad>91</ns3:cad>
          </ns3:TrackPointExtension>
        </extensions>
      </trkpt>
      <trkpt lat="30.55029404349625110626220703125" lon="104.04879324138164520263671875">
        <ele>477.20001220703125</ele>
        <time>2026-09-21T13:32:26.000Z</time>
        <extensions>
          <ns3:TrackPointExtension>
            <ns3:hr>155</ns3:hr>
            <ns3:cad>90</ns3:cad>
          </ns3:TrackPointExtension>
        </extensions>
      </trkpt>
      <trkpt lat="30.55028985254466533660888671875" lon="104.04883070848882198333740234375">
        <ele>477</ele>
        <time>2026-09-21T13:32:27.000Z</time>
        <extensions>
          <ns3:TrackPointExtension>
            <ns3:hr>155</ns3:hr>
            <ns3:cad>90</ns3:cad>
          </ns3:TrackPointExtension>
        </extensions>
      </trkpt>
      <trkpt lat="30.55028968490660190582275390625" lon="104.0488634817302227020263671875">
        <ele>477</ele>
        <time>2026-09-21T13:32:28.000Z</time>
        <extensions>
          <ns3:TrackPointExtension>
            <ns3:hr>154</ns3:hr>
            <ns3:cad>90</ns3:cad>
          </ns3:TrackPointExtension>
        </extensions>
      </trkpt>
      <trkpt lat="30.550288259983062744140625" lon="104.048893488943576812744140625">
        <ele>477.20001220703125</ele>
        <time>2026-09-21T13:32:29.000Z</time>
        <extensions>
          <ns3:TrackPointExtension>
            <ns3:hr>154</ns3:hr>
            <ns3:cad>90</ns3:cad>
          </ns3:TrackPointExtension>
        </extensions>
      </trkpt>
      <trkpt lat="30.550285913050174713134765625" lon="104.04892408289015293121337890625">
        <ele>477.20001220703125</ele>
        <time>2026-09-21T13:32:30.000Z</time>
        <extensions>
          <ns3:TrackPointExtension>
            <ns3:hr>154</ns3:hr>
            <ns3:cad>92</ns3:cad>
          </ns3:TrackPointExtension>
        </extensions>
      </trkpt>
      <trkpt lat="30.5502815544605255126953125" lon="104.04895358718931674957275390625">
        <ele>477</ele>
        <time>2026-09-21T13:32:31.000Z</time>
        <extensions>
          <ns3:TrackPointExtension>
            <ns3:hr>154</ns3:hr>
            <ns3:cad>92</ns3:cad>
          </ns3:TrackPointExtension>
        </extensions>
      </trkpt>
      <trkpt lat="30.55027895607054233551025390625" lon="104.04898501932621002197265625">
        <ele>477</ele>
        <time>2026-09-21T13:32:32.000Z</time>
        <extensions>
          <ns3:TrackPointExtension>
            <ns3:hr>154</ns3:hr>
            <ns3:cad>92</ns3:cad>
          </ns3:TrackPointExtension>
        </extensions>
      </trkpt>
      <trkpt lat="30.55027342401444911956787109375" lon="104.0490146912634372711181640625">
        <ele>477</ele>
        <time>2026-09-21T13:32:33.000Z</time>
        <extensions>
          <ns3:TrackPointExtension>
            <ns3:hr>154</ns3:hr>
            <ns3:cad>92</ns3:cad>
          </ns3:TrackPointExtension>
        </extensions>
      </trkpt>
      <trkpt lat="30.55026420392096042633056640625" lon="104.04904511757194995880126953125">
        <ele>477</ele>
        <time>2026-09-21T13:32:34.000Z</time>
        <extensions>
          <ns3:TrackPointExtension>
            <ns3:hr>154</ns3:hr>
            <ns3:cad>92</ns3:cad>
          </ns3:TrackPointExtension>
        </extensions>
      </trkpt>
      <trkpt lat="30.5502542294561862945556640625" lon="104.049071855843067169189453125">
        <ele>477</ele>
        <time>2026-09-21T13:32:35.000Z</time>
        <extensions>
          <ns3:TrackPointExtension>
            <ns3:hr>154</ns3:hr>
            <ns3:cad>92</ns3:cad>
          </ns3:TrackPointExtension>
        </extensions>
      </trkpt>
      <trkpt lat="30.55024333298206329345703125" lon="104.0491063892841339111328125">
        <ele>476.79998779296875</ele>
        <time>2026-09-21T13:32:36.000Z</time>
        <extensions>
          <ns3:TrackPointExtension>
            <ns3:hr>154</ns3:hr>
            <ns3:cad>92</ns3:cad>
          </ns3:TrackPointExtension>
        </extensions>
      </trkpt>
      <trkpt lat="30.550232939422130584716796875" lon="104.049132876098155975341796875">
        <ele>476.79998779296875</ele>
        <time>2026-09-21T13:32:37.000Z</time>
        <extensions>
          <ns3:TrackPointExtension>
            <ns3:hr>154</ns3:hr>
            <ns3:cad>92</ns3:cad>
          </ns3:TrackPointExtension>
        </extensions>
      </trkpt>
      <trkpt lat="30.55021408013999462127685546875" lon="104.0491627156734466552734375">
        <ele>476.79998779296875</ele>
        <time>2026-09-21T13:32:38.000Z</time>
        <extensions>
          <ns3:TrackPointExtension>
            <ns3:hr>153</ns3:hr>
            <ns3:cad>92</ns3:cad>
          </ns3:TrackPointExtension>
        </extensions>
      </trkpt>
      <trkpt lat="30.550202764570713043212890625" lon="104.04918543063104152679443359375">
        <ele>476.79998779296875</ele>
        <time>2026-09-21T13:32:39.000Z</time>
        <extensions>
          <ns3:TrackPointExtension>
            <ns3:hr>154</ns3:hr>
            <ns3:cad>91</ns3:cad>
          </ns3:TrackPointExtension>
        </extensions>
      </trkpt>
      <trkpt lat="30.55018206126987934112548828125" lon="104.049209989607334136962890625">
        <ele>476.79998779296875</ele>
        <time>2026-09-21T13:32:40.000Z</time>
        <extensions>
          <ns3:TrackPointExtension>
            <ns3:hr>154</ns3:hr>
            <ns3:cad>91</ns3:cad>
          </ns3:TrackPointExtension>
        </extensions>
      </trkpt>
      <trkpt lat="30.5501704104244709014892578125" lon="104.04922918416559696197509765625">
        <ele>476.600006103515625</ele>
        <time>2026-09-21T13:32:41.000Z</time>
        <extensions>
          <ns3:TrackPointExtension>
            <ns3:hr>154</ns3:hr>
            <ns3:cad>90</ns3:cad>
          </ns3:TrackPointExtension>
        </extensions>
      </trkpt>
      <trkpt lat="30.550151132047176361083984375" lon="104.04925500042736530303955078125">
        <ele>476.600006103515625</ele>
        <time>2026-09-21T13:32:42.000Z</time>
        <extensions>
          <ns3:TrackPointExtension>
            <ns3:hr>154</ns3:hr>
            <ns3:cad>90</ns3:cad>
          </ns3:TrackPointExtension>
        </extensions>
      </trkpt>
      <trkpt lat="30.55013461969792842864990234375" lon="104.0492748655378818511962890625">
        <ele>476.600006103515625</ele>
        <time>2026-09-21T13:32:43.000Z</time>
        <extensions>
          <ns3:TrackPointExtension>
            <ns3:hr>153</ns3:hr>
            <ns3:cad>90</ns3:cad>
          </ns3:TrackPointExtension>
        </extensions>
      </trkpt>
      <trkpt lat="30.550114922225475311279296875" lon="104.04929707758128643035888671875">
        <ele>476.600006103515625</ele>
        <time>2026-09-21T13:32:44.000Z</time>
        <extensions>
          <ns3:TrackPointExtension>
            <ns3:hr>153</ns3:hr>
            <ns3:cad>90</ns3:cad>
          </ns3:TrackPointExtension>
        </extensions>
      </trkpt>
      <trkpt lat="30.55010243318974971771240234375" lon="104.049322307109832763671875">
        <ele>476.600006103515625</ele>
        <time>2026-09-21T13:32:45.000Z</time>
        <extensions>
          <ns3:TrackPointExtension>
            <ns3:hr>153</ns3:hr>
            <ns3:cad>90</ns3:cad>
          </ns3:TrackPointExtension>
        </extensions>
      </trkpt>
      <trkpt lat="30.55008105933666229248046875" lon="104.04934518970549106597900390625">
        <ele>476.399993896484375</ele>
        <time>2026-09-21T13:32:46.000Z</time>
        <extensions>
          <ns3:TrackPointExtension>
            <ns3:hr>153</ns3:hr>
            <ns3:cad>90</ns3:cad>
          </ns3:TrackPointExtension>
        </extensions>
      </trkpt>
      <trkpt lat="30.5500694923102855682373046875" lon="104.04936580918729305267333984375">
        <ele>476.399993896484375</ele>
        <time>2026-09-21T13:32:47.000Z</time>
        <extensions>
          <ns3:TrackPointExtension>
            <ns3:hr>153</ns3:hr>
            <ns3:cad>91</ns3:cad>
          </ns3:TrackPointExtension>
        </extensions>
      </trkpt>
      <trkpt lat="30.55004443041980266571044921875" lon="104.0493871830403804779052734375">
        <ele>476.399993896484375</ele>
        <time>2026-09-21T13:32:48.000Z</time>
        <extensions>
          <ns3:TrackPointExtension>
            <ns3:hr>153</ns3:hr>
            <ns3:cad>91</ns3:cad>
          </ns3:TrackPointExtension>
        </extensions>
      </trkpt>
      <trkpt lat="30.550032444298267364501953125" lon="104.0494049526751041412353515625">
        <ele>476.399993896484375</ele>
        <time>2026-09-21T13:32:49.000Z</time>
        <extensions>
          <ns3:TrackPointExtension>
            <ns3:hr>153</ns3:hr>
            <ns3:cad>91</ns3:cad>
          </ns3:TrackPointExtension>
        </extensions>
      </trkpt>
      <trkpt lat="30.5500084720551967620849609375" lon="104.049427919089794158935546875">
        <ele>476.399993896484375</ele>
        <time>2026-09-21T13:32:50.000Z</time>
        <extensions>
          <ns3:TrackPointExtension>
            <ns3:hr>153</ns3:hr>
            <ns3:cad>90</ns3:cad>
          </ns3:TrackPointExtension>
        </extensions>
      </trkpt>
      <trkpt lat="30.54999480955302715301513671875" lon="104.04944979585707187652587890625">
        <ele>476.399993896484375</ele>
        <time>2026-09-21T13:32:51.000Z</time>
        <extensions>
          <ns3:TrackPointExtension>
            <ns3:hr>153</ns3:hr>
            <ns3:cad>90</ns3:cad>
          </ns3:TrackPointExtension>
        </extensions>
      </trkpt>
      <trkpt lat="30.549966394901275634765625" lon="104.04947192408144474029541015625">
        <ele>476.20001220703125</ele>
        <time>2026-09-21T13:32:52.000Z</time>
        <extensions>
          <ns3:TrackPointExtension>
            <ns3:hr>153</ns3:hr>
            <ns3:cad>90</ns3:cad>
          </ns3:TrackPointExtension>
        </extensions>
      </trkpt>
      <trkpt lat="30.549950636923313140869140625" lon="104.0494867600500583648681640625">
        <ele>476.20001220703125</ele>
        <time>2026-09-21T13:32:53.000Z</time>
        <extensions>
          <ns3:TrackPointExtension>
            <ns3:hr>153</ns3:hr>
            <ns3:cad>90</ns3:cad>
          </ns3:TrackPointExtension>
        </extensions>
      </trkpt>
      <trkpt lat="30.54992138408124446868896484375" lon="104.04950536787509918212890625">
        <ele>476</ele>
        <time>2026-09-21T13:32:54.000Z</time>
        <extensions>
          <ns3:TrackPointExtension>
            <ns3:hr>153</ns3:hr>
            <ns3:cad>90</ns3:cad>
          </ns3:TrackPointExtension>
        </extensions>
      </trkpt>
      <trkpt lat="30.54990177042782306671142578125" lon="104.04952489770948886871337890625">
        <ele>476</ele>
        <time>2026-09-21T13:32:55.000Z</time>
        <extensions>
          <ns3:TrackPointExtension>
            <ns3:hr>153</ns3:hr>
            <ns3:cad>90</ns3:cad>
          </ns3:TrackPointExtension>
        </extensions>
      </trkpt>
      <trkpt lat="30.5498736910521984100341796875" lon="104.0495393984019756317138671875">
        <ele>475.79998779296875</ele>
        <time>2026-09-21T13:32:56.000Z</time>
        <extensions>
          <ns3:TrackPointExtension>
            <ns3:hr>153</ns3:hr>
            <ns3:cad>91</ns3:cad>
          </ns3:TrackPointExtension>
        </extensions>
      </trkpt>
      <trkpt lat="30.54985080845654010772705078125" lon="104.04955658130347728729248046875">
        <ele>475.79998779296875</ele>
        <time>2026-09-21T13:32:57.000Z</time>
        <extensions>
          <ns3:TrackPointExtension>
            <ns3:hr>152</ns3:hr>
            <ns3:cad>91</ns3:cad>
          </ns3:TrackPointExtension>
        </extensions>
      </trkpt>
      <trkpt lat="30.5498213879764080047607421875" lon="104.04957217164337635040283203125">
        <ele>475.79998779296875</ele>
        <time>2026-09-21T13:32:58.000Z</time>
        <extensions>
          <ns3:TrackPointExtension>
            <ns3:hr>152</ns3:hr>
            <ns3:cad>92</ns3:cad>
          </ns3:TrackPointExtension>
        </extensions>
      </trkpt>
      <trkpt lat="30.549799762666225433349609375" lon="104.04958692379295825958251953125">
        <ele>475.79998779296875</ele>
        <time>2026-09-21T13:32:59.000Z</time>
        <extensions>
          <ns3:TrackPointExtension>
            <ns3:hr>151</ns3:hr>
            <ns3:cad>92</ns3:cad>
          </ns3:TrackPointExtension>
        </extensions>
      </trkpt>
      <trkpt lat="30.54977470077574253082275390625" lon="104.04959497042000293731689453125">
        <ele>475.600006103515625</ele>
        <time>2026-09-21T13:33:00.000Z</time>
        <extensions>
          <ns3:TrackPointExtension>
            <ns3:hr>151</ns3:hr>
            <ns3:cad>91</ns3:cad>
          </ns3:TrackPointExtension>
        </extensions>
      </trkpt>
      <trkpt lat="30.549750812351703643798828125" lon="104.04960863292217254638671875">
        <ele>475.600006103515625</ele>
        <time>2026-09-21T13:33:01.000Z</time>
        <extensions>
          <ns3:TrackPointExtension>
            <ns3:hr>151</ns3:hr>
            <ns3:cad>92</ns3:cad>
          </ns3:TrackPointExtension>
        </extensions>
      </trkpt>
      <trkpt lat="30.54972692392766475677490234375" lon="104.04962045140564441680908203125">
        <ele>475.399993896484375</ele>
        <time>2026-09-21T13:33:02.000Z</time>
        <extensions>
          <ns3:TrackPointExtension>
            <ns3:hr>151</ns3:hr>
            <ns3:cad>92</ns3:cad>
          </ns3:TrackPointExtension>
        </extensions>
      </trkpt>
      <trkpt lat="30.54970420897006988525390625" lon="104.04962933622300624847412109375">
        <ele>475.399993896484375</ele>
        <time>2026-09-21T13:33:03.000Z</time>
        <extensions>
          <ns3:TrackPointExtension>
            <ns3:hr>151</ns3:hr>
            <ns3:cad>92</ns3:cad>
          </ns3:TrackPointExtension>
        </extensions>
      </trkpt>
      <trkpt lat="30.54967814125120639801025390625" lon="104.04963738285005092620849609375">
        <ele>475.399993896484375</ele>
        <time>2026-09-21T13:33:04.000Z</time>
        <extensions>
          <ns3:TrackPointExtension>
            <ns3:hr>152</ns3:hr>
            <ns3:cad>91</ns3:cad>
          </ns3:TrackPointExtension>
        </extensions>
      </trkpt>
      <trkpt lat="30.54965400137007236480712890625" lon="104.0496463514864444732666015625">
        <ele>475.399993896484375</ele>
        <time>2026-09-21T13:33:05.000Z</time>
        <extensions>
          <ns3:TrackPointExtension>
            <ns3:hr>152</ns3:hr>
            <ns3:cad>91</ns3:cad>
          </ns3:TrackPointExtension>
        </extensions>
      </trkpt>
      <trkpt lat="30.54963120259344577789306640625" lon="104.04965766705572605133056640625">
        <ele>475.399993896484375</ele>
        <time>2026-09-21T13:33:06.000Z</time>
        <extensions>
          <ns3:TrackPointExtension>
            <ns3:hr>152</ns3:hr>
            <ns3:cad>91</ns3:cad>
          </ns3:TrackPointExtension>
        </extensions>
      </trkpt>
      <trkpt lat="30.5496074818074703216552734375" lon="104.0496748499572277069091796875">
        <ele>475.399993896484375</ele>
        <time>2026-09-21T13:33:07.000Z</time>
        <extensions>
          <ns3:TrackPointExtension>
            <ns3:hr>152</ns3:hr>
            <ns3:cad>91</ns3:cad>
          </ns3:TrackPointExtension>
        </extensions>
      </trkpt>
      <trkpt lat="30.5495850183069705963134765625" lon="104.049688763916492462158203125">
        <ele>475.399993896484375</ele>
        <time>2026-09-21T13:33:08.000Z</time>
        <extensions>
          <ns3:TrackPointExtension>
            <ns3:hr>152</ns3:hr>
            <ns3:cad>92</ns3:cad>
          </ns3:TrackPointExtension>
        </extensions>
      </trkpt>
      <trkpt lat="30.5495565198361873626708984375" lon="104.04969974420964717864990234375">
        <ele>475.20001220703125</ele>
        <time>2026-09-21T13:33:09.000Z</time>
        <extensions>
          <ns3:TrackPointExtension>
            <ns3:hr>152</ns3:hr>
            <ns3:cad>92</ns3:cad>
          </ns3:TrackPointExtension>
        </extensions>
      </trkpt>
      <trkpt lat="30.5495317094027996063232421875" lon="104.04971097595989704132080078125">
        <ele>475.399993896484375</ele>
        <time>2026-09-21T13:33:10.000Z</time>
        <extensions>
          <ns3:TrackPointExtension>
            <ns3:hr>153</ns3:hr>
            <ns3:cad>92</ns3:cad>
          </ns3:TrackPointExtension>
        </extensions>
      </trkpt>
      <trkpt lat="30.54950580932199954986572265625" lon="104.04973008669912815093994140625">
        <ele>475.399993896484375</ele>
        <time>2026-09-21T13:33:11.000Z</time>
        <extensions>
          <ns3:TrackPointExtension>
            <ns3:hr>153</ns3:hr>
            <ns3:cad>92</ns3:cad>
          </ns3:TrackPointExtension>
        </extensions>
      </trkpt>
      <trkpt lat="30.5494795739650726318359375" lon="104.04975037090480327606201171875">
        <ele>475.399993896484375</ele>
        <time>2026-09-21T13:33:12.000Z</time>
        <extensions>
          <ns3:TrackPointExtension>
            <ns3:hr>153</ns3:hr>
            <ns3:cad>92</ns3:cad>
          </ns3:TrackPointExtension>
        </extensions>
      </trkpt>
      <trkpt lat="30.54945384152233600616455078125" lon="104.04977518133819103240966796875">
        <ele>475.399993896484375</ele>
        <time>2026-09-21T13:33:13.000Z</time>
        <extensions>
          <ns3:TrackPointExtension>
            <ns3:hr>153</ns3:hr>
            <ns3:cad>92</ns3:cad>
          </ns3:TrackPointExtension>
        </extensions>
      </trkpt>
      <trkpt lat="30.54943355731666088104248046875" lon="104.04980066232383251190185546875">
        <ele>475.399993896484375</ele>
        <time>2026-09-21T13:33:14.000Z</time>
        <extensions>
          <ns3:TrackPointExtension>
            <ns3:hr>154</ns3:hr>
            <ns3:cad>92</ns3:cad>
          </ns3:TrackPointExtension>
        </extensions>
      </trkpt>
      <trkpt lat="30.54942517541348934173583984375" lon="104.04983184300363063812255859375">
        <ele>475.399993896484375</ele>
        <time>2026-09-21T13:33:15.000Z</time>
        <extensions>
          <ns3:TrackPointExtension>
            <ns3:hr>154</ns3:hr>
            <ns3:cad>92</ns3:cad>
          </ns3:TrackPointExtension>
        </extensions>
      </trkpt>
      <trkpt lat="30.54942048154771327972412109375" lon="104.04986402951180934906005859375">
        <ele>475.399993896484375</ele>
        <time>2026-09-21T13:33:16.000Z</time>
        <extensions>
          <ns3:TrackPointExtension>
            <ns3:hr>154</ns3:hr>
            <ns3:cad>92</ns3:cad>
          </ns3:TrackPointExtension>
        </extensions>
      </trkpt>
      <trkpt lat="30.54941830225288867950439453125" lon="104.04990099370479583740234375">
        <ele>475.600006103515625</ele>
        <time>2026-09-21T13:33:17.000Z</time>
        <extensions>
          <ns3:TrackPointExtension>
            <ns3:hr>154</ns3:hr>
            <ns3:cad>92</ns3:cad>
          </ns3:TrackPointExtension>
        </extensions>
      </trkpt>
      <trkpt lat="30.5494207330048084259033203125" lon="104.0499316714704036712646484375">
        <ele>475.600006103515625</ele>
        <time>2026-09-21T13:33:18.000Z</time>
        <extensions>
          <ns3:TrackPointExtension>
            <ns3:hr>154</ns3:hr>
            <ns3:cad>92</ns3:cad>
          </ns3:TrackPointExtension>
        </extensions>
      </trkpt>
      <trkpt lat="30.54942819289863109588623046875" lon="104.04996863566339015960693359375">
        <ele>475.600006103515625</ele>
        <time>2026-09-21T13:33:19.000Z</time>
        <extensions>
          <ns3:TrackPointExtension>
            <ns3:hr>154</ns3:hr>
            <ns3:cad>92</ns3:cad>
          </ns3:TrackPointExtension>
        </extensions>
      </trkpt>
      <trkpt lat="30.5494425259530544281005859375" lon="104.04998607002198696136474609375">
        <ele>475.600006103515625</ele>
        <time>2026-09-21T13:33:20.000Z</time>
        <extensions>
          <ns3:TrackPointExtension>
            <ns3:hr>155</ns3:hr>
            <ns3:cad>92</ns3:cad>
          </ns3:TrackPointExtension>
        </extensions>
      </trkpt>
      <trkpt lat="30.5494659952819347381591796875" lon="104.05000652186572551727294921875">
        <ele>475.600006103515625</ele>
        <time>2026-09-21T13:33:21.000Z</time>
        <extensions>
          <ns3:TrackPointExtension>
            <ns3:hr>155</ns3:hr>
            <ns3:cad>92</ns3:cad>
          </ns3:TrackPointExtension>
        </extensions>
      </trkpt>
      <trkpt lat="30.54948971606791019439697265625" lon="104.05001163482666015625">
        <ele>475.600006103515625</ele>
        <time>2026-09-21T13:33:22.000Z</time>
        <extensions>
          <ns3:TrackPointExtension>
            <ns3:hr>155</ns3:hr>
            <ns3:cad>92</ns3:cad>
          </ns3:TrackPointExtension>
        </extensions>
      </trkpt>
      <trkpt lat="30.54952056147158145904541015625" lon="104.05001507140696048736572265625">
        <ele>475.600006103515625</ele>
        <time>2026-09-21T13:33:23.000Z</time>
        <extensions>
          <ns3:TrackPointExtension>
            <ns3:hr>155</ns3:hr>
            <ns3:cad>92</ns3:cad>
          </ns3:TrackPointExtension>
        </extensions>
      </trkpt>
      <trkpt lat="30.5495451204478740692138671875" lon="104.05001171864569187164306640625">
        <ele>475.600006103515625</ele>
        <time>2026-09-21T13:33:24.000Z</time>
        <extensions>
          <ns3:TrackPointExtension>
            <ns3:hr>155</ns3:hr>
            <ns3:cad>92</ns3:cad>
          </ns3:TrackPointExtension>
        </extensions>
      </trkpt>
      <trkpt lat="30.54958074353635311126708984375" lon="104.0500030852854251861572265625">
        <ele>475.600006103515625</ele>
        <time>2026-09-21T13:33:25.000Z</time>
        <extensions>
          <ns3:TrackPointExtension>
            <ns3:hr>155</ns3:hr>
            <ns3:cad>92</ns3:cad>
          </ns3:TrackPointExtension>
        </extensions>
      </trkpt>
      <trkpt lat="30.54960421286523342132568359375" lon="104.04999344609677791595458984375">
        <ele>475.600006103515625</ele>
        <time>2026-09-21T13:33:26.000Z</time>
        <extensions>
          <ns3:TrackPointExtension>
            <ns3:hr>156</ns3:hr>
            <ns3:cad>91</ns3:cad>
          </ns3:TrackPointExtension>
        </extensions>
      </trkpt>
      <trkpt lat="30.5496353097259998321533203125" lon="104.04998305253684520721435546875">
        <ele>475.600006103515625</ele>
        <time>2026-09-21T13:33:27.000Z</time>
        <extensions>
          <ns3:TrackPointExtension>
            <ns3:hr>156</ns3:hr>
            <ns3:cad>91</ns3:cad>
          </ns3:TrackPointExtension>
        </extensions>
      </trkpt>
      <trkpt lat="30.54965668357908725738525390625" lon="104.04997684992849826812744140625">
        <ele>475.600006103515625</ele>
        <time>2026-09-21T13:33:28.000Z</time>
        <extensions>
          <ns3:TrackPointExtension>
            <ns3:hr>156</ns3:hr>
            <ns3:cad>91</ns3:cad>
          </ns3:TrackPointExtension>
        </extensions>
      </trkpt>
      <trkpt lat="30.54968350566923618316650390625" lon="104.04997073113918304443359375">
        <ele>475.600006103515625</ele>
        <time>2026-09-21T13:33:29.000Z</time>
        <extensions>
          <ns3:TrackPointExtension>
            <ns3:hr>156</ns3:hr>
            <ns3:cad>91</ns3:cad>
          </ns3:TrackPointExtension>
        </extensions>
      </trkpt>
      <trkpt lat="30.5497070588171482086181640625" lon="104.04996427707374095916748046875">
        <ele>475.600006103515625</ele>
        <time>2026-09-21T13:33:30.000Z</time>
        <extensions>
          <ns3:TrackPointExtension>
            <ns3:hr>156</ns3:hr>
            <ns3:cad>91</ns3:cad>
          </ns3:TrackPointExtension>
        </extensions>
      </trkpt>
      <trkpt lat="30.54973480291664600372314453125" lon="104.04995924793183803558349609375">
        <ele>475.600006103515625</ele>
        <time>2026-09-21T13:33:31.000Z</time>
        <extensions>
          <ns3:TrackPointExtension>
            <ns3:hr>156</ns3:hr>
            <ns3:cad>91</ns3:cad>
          </ns3:TrackPointExtension>
        </extensions>
      </trkpt>
      <trkpt lat="30.54975827224552631378173828125" lon="104.04995053075253963470458984375">
        <ele>475.600006103515625</ele>
        <time>2026-09-21T13:33:32.000Z</time>
        <extensions>
          <ns3:TrackPointExtension>
            <ns3:hr>156</ns3:hr>
            <ns3:cad>91</ns3:cad>
          </ns3:TrackPointExtension>
        </extensions>
      </trkpt>
      <trkpt lat="30.5497791431844234466552734375" lon="104.04994198121130466461181640625">
        <ele>475.600006103515625</ele>
        <time>2026-09-21T13:33:33.000Z</time>
        <extensions>
          <ns3:TrackPointExtension>
            <ns3:hr>157</ns3:hr>
            <ns3:cad>91</ns3:cad>
          </ns3:TrackPointExtension>
        </extensions>
      </trkpt>
      <trkpt lat="30.549801103770732879638671875" lon="104.04993049800395965576171875">
        <ele>475.600006103515625</ele>
        <time>2026-09-21T13:33:34.000Z</time>
        <extensions>
          <ns3:TrackPointExtension>
            <ns3:hr>156</ns3:hr>
            <ns3:cad>91</ns3:cad>
          </ns3:TrackPointExtension>
        </extensions>
      </trkpt>
      <trkpt lat="30.5498220585286617279052734375" lon="104.04991951771080493927001953125">
        <ele>475.600006103515625</ele>
        <time>2026-09-21T13:33:35.000Z</time>
        <extensions>
          <ns3:TrackPointExtension>
            <ns3:hr>156</ns3:hr>
            <ns3:cad>90</ns3:cad>
          </ns3:TrackPointExtension>
        </extensions>
      </trkpt>
      <trkpt lat="30.549843013286590576171875" lon="104.04990635812282562255859375">
        <ele>475.600006103515625</ele>
        <time>2026-09-21T13:33:36.000Z</time>
        <extensions>
          <ns3:TrackPointExtension>
            <ns3:hr>156</ns3:hr>
            <ns3:cad>90</ns3:cad>
          </ns3:TrackPointExtension>
        </extensions>
      </trkpt>
      <trkpt lat="30.549866147339344024658203125" lon="104.049891941249370574951171875">
        <ele>475.79998779296875</ele>
        <time>2026-09-21T13:33:37.000Z</time>
        <extensions>
          <ns3:TrackPointExtension>
            <ns3:hr>156</ns3:hr>
            <ns3:cad>90</ns3:cad>
          </ns3:TrackPointExtension>
        </extensions>
      </trkpt>
      <trkpt lat="30.5498891137540340423583984375" lon="104.04987945221364498138427734375">
        <ele>475.79998779296875</ele>
        <time>2026-09-21T13:33:38.000Z</time>
        <extensions>
          <ns3:TrackPointExtension>
            <ns3:hr>156</ns3:hr>
            <ns3:cad>90</ns3:cad>
          </ns3:TrackPointExtension>
        </extensions>
      </trkpt>
      <trkpt lat="30.54991316981613636016845703125" lon="104.0498696453869342803955078125">
        <ele>475.79998779296875</ele>
        <time>2026-09-21T13:33:39.000Z</time>
        <extensions>
          <ns3:TrackPointExtension>
            <ns3:hr>157</ns3:hr>
            <ns3:cad>90</ns3:cad>
          </ns3:TrackPointExtension>
        </extensions>
      </trkpt>
      <trkpt lat="30.5499383993446826934814453125" lon="104.0498569048941135406494140625">
        <ele>475.79998779296875</ele>
        <time>2026-09-21T13:33:40.000Z</time>
        <extensions>
          <ns3:TrackPointExtension>
            <ns3:hr>157</ns3:hr>
            <ns3:cad>90</ns3:cad>
          </ns3:TrackPointExtension>
        </extensions>
      </trkpt>
      <trkpt lat="30.5499608628451824188232421875" lon="104.04984106309711933135986328125">
        <ele>475.79998779296875</ele>
        <time>2026-09-21T13:33:41.000Z</time>
        <extensions>
          <ns3:TrackPointExtension>
            <ns3:hr>157</ns3:hr>
            <ns3:cad>90</ns3:cad>
          </ns3:TrackPointExtension>
        </extensions>
      </trkpt>
      <trkpt lat="30.5499819852411746978759765625" lon="104.049826227128505706787109375">
        <ele>475.79998779296875</ele>
        <time>2026-09-21T13:33:42.000Z</time>
        <extensions>
          <ns3:TrackPointExtension>
            <ns3:hr>157</ns3:hr>
            <ns3:cad>91</ns3:cad>
          </ns3:TrackPointExtension>
        </extensions>
      </trkpt>
      <trkpt lat="30.55000553838908672332763671875" lon="104.04981440864503383636474609375">
        <ele>475.79998779296875</ele>
        <time>2026-09-21T13:33:43.000Z</time>
        <extensions>
          <ns3:TrackPointExtension>
            <ns3:hr>157</ns3:hr>
            <ns3:cad>91</ns3:cad>
          </ns3:TrackPointExtension>
        </extensions>
      </trkpt>
      <trkpt lat="30.55003336630761623382568359375" lon="104.04980267398059368133544921875">
        <ele>475.79998779296875</ele>
        <time>2026-09-21T13:33:44.000Z</time>
        <extensions>
          <ns3:TrackPointExtension>
            <ns3:hr>157</ns3:hr>
            <ns3:cad>91</ns3:cad>
          </ns3:TrackPointExtension>
        </extensions>
      </trkpt>
      <trkpt lat="30.5500547401607036590576171875" lon="104.04979345388710498809814453125">
        <ele>475.79998779296875</ele>
        <time>2026-09-21T13:33:45.000Z</time>
        <extensions>
          <ns3:TrackPointExtension>
            <ns3:hr>157</ns3:hr>
            <ns3:cad>91</ns3:cad>
          </ns3:TrackPointExtension>
        </extensions>
      </trkpt>
      <trkpt lat="30.55008064024150371551513671875" lon="104.0497811324894428253173828125">
        <ele>475.79998779296875</ele>
        <time>2026-09-21T13:33:46.000Z</time>
        <extensions>
          <ns3:TrackPointExtension>
            <ns3:hr>157</ns3:hr>
            <ns3:cad>92</ns3:cad>
          </ns3:TrackPointExtension>
        </extensions>
      </trkpt>
      <trkpt lat="30.55010394193232059478759765625" lon="104.04977182857692241668701171875">
        <ele>475.79998779296875</ele>
        <time>2026-09-21T13:33:47.000Z</time>
        <extensions>
          <ns3:TrackPointExtension>
            <ns3:hr>158</ns3:hr>
            <ns3:cad>92</ns3:cad>
          </ns3:TrackPointExtension>
        </extensions>
      </trkpt>
      <trkpt lat="30.55013126693665981292724609375" lon="104.04976177029311656951904296875">
        <ele>475.79998779296875</ele>
        <time>2026-09-21T13:33:48.000Z</time>
        <extensions>
          <ns3:TrackPointExtension>
            <ns3:hr>157</ns3:hr>
            <ns3:cad>92</ns3:cad>
          </ns3:TrackPointExtension>
        </extensions>
      </trkpt>
      <trkpt lat="30.55015238933265209197998046875" lon="104.0497522987425327301025390625">
        <ele>475.79998779296875</ele>
        <time>2026-09-21T13:33:49.000Z</time>
        <extensions>
          <ns3:TrackPointExtension>
            <ns3:hr>157</ns3:hr>
            <ns3:cad>91</ns3:cad>
          </ns3:TrackPointExtension>
        </extensions>
      </trkpt>
      <trkpt lat="30.55018004961311817169189453125" lon="104.04973980970680713653564453125">
        <ele>475.79998779296875</ele>
        <time>2026-09-21T13:33:50.000Z</time>
        <extensions>
          <ns3:TrackPointExtension>
            <ns3:hr>156</ns3:hr>
            <ns3:cad>91</ns3:cad>
          </ns3:TrackPointExtension>
        </extensions>
      </trkpt>
      <trkpt lat="30.55019698105752468109130859375" lon="104.04973260127007961273193359375">
        <ele>476</ele>
        <time>2026-09-21T13:33:51.000Z</time>
        <extensions>
          <ns3:TrackPointExtension>
            <ns3:hr>156</ns3:hr>
            <ns3:cad>91</ns3:cad>
          </ns3:TrackPointExtension>
        </extensions>
      </trkpt>
      <trkpt lat="30.55022480897605419158935546875" lon="104.04971768148243427276611328125">
        <ele>476</ele>
        <time>2026-09-21T13:33:52.000Z</time>
        <extensions>
          <ns3:TrackPointExtension>
            <ns3:hr>156</ns3:hr>
            <ns3:cad>92</ns3:cad>
          </ns3:TrackPointExtension>
        </extensions>
      </trkpt>
      <trkpt lat="30.550241656601428985595703125" lon="104.04970644973218441009521484375">
        <ele>476</ele>
        <time>2026-09-21T13:33:53.000Z</time>
        <extensions>
          <ns3:TrackPointExtension>
            <ns3:hr>156</ns3:hr>
            <ns3:cad>92</ns3:cad>
          </ns3:TrackPointExtension>
        </extensions>
      </trkpt>
      <trkpt lat="30.55026738904416561126708984375" lon="104.04969119466841220855712890625">
        <ele>476</ele>
        <time>2026-09-21T13:33:54.000Z</time>
        <extensions>
          <ns3:TrackPointExtension>
            <ns3:hr>156</ns3:hr>
            <ns3:cad>92</ns3:cad>
          </ns3:TrackPointExtension>
        </extensions>
      </trkpt>
      <trkpt lat="30.550285913050174713134765625" lon="104.04967744834721088409423828125">
        <ele>476.20001220703125</ele>
        <time>2026-09-21T13:33:55.000Z</time>
        <extensions>
          <ns3:TrackPointExtension>
            <ns3:hr>156</ns3:hr>
            <ns3:cad>90</ns3:cad>
          </ns3:TrackPointExtension>
        </extensions>
      </trkpt>
      <trkpt lat="30.55031198076903820037841796875" lon="104.049660265445709228515625">
        <ele>476.20001220703125</ele>
        <time>2026-09-21T13:33:56.000Z</time>
        <extensions>
          <ns3:TrackPointExtension>
            <ns3:hr>155</ns3:hr>
            <ns3:cad>90</ns3:cad>
          </ns3:TrackPointExtension>
        </extensions>
      </trkpt>
      <trkpt lat="30.55033042095601558685302734375" lon="104.04964911751449108123779296875">
        <ele>476.399993896484375</ele>
        <time>2026-09-21T13:33:57.000Z</time>
        <extensions>
          <ns3:TrackPointExtension>
            <ns3:hr>155</ns3:hr>
            <ns3:cad>90</ns3:cad>
          </ns3:TrackPointExtension>
        </extensions>
      </trkpt>
      <trkpt lat="30.55035674013197422027587890625" lon="104.049627743661403656005859375">
        <ele>476.399993896484375</ele>
        <time>2026-09-21T13:33:58.000Z</time>
        <extensions>
          <ns3:TrackPointExtension>
            <ns3:hr>155</ns3:hr>
            <ns3:cad>90</ns3:cad>
          </ns3:TrackPointExtension>
        </extensions>
      </trkpt>
      <trkpt lat="30.55037048645317554473876953125" lon="104.04960737563669681549072265625">
        <ele>476.399993896484375</ele>
        <time>2026-09-21T13:33:59.000Z</time>
        <extensions>
          <ns3:TrackPointExtension>
            <ns3:hr>155</ns3:hr>
            <ns3:cad>90</ns3:cad>
          </ns3:TrackPointExtension>
        </extensions>
      </trkpt>
      <trkpt lat="30.55039546452462673187255859375" lon="104.04958608560264110565185546875">
        <ele>476.399993896484375</ele>
        <time>2026-09-21T13:34:00.000Z</time>
        <extensions>
          <ns3:TrackPointExtension>
            <ns3:hr>155</ns3:hr>
            <ns3:cad>92</ns3:cad>
          </ns3:TrackPointExtension>
        </extensions>
      </trkpt>
      <trkpt lat="30.5504128150641918182373046875" lon="104.049563705921173095703125">
        <ele>476.600006103515625</ele>
        <time>2026-09-21T13:34:01.000Z</time>
        <extensions>
          <ns3:TrackPointExtension>
            <ns3:hr>155</ns3:hr>
            <ns3:cad>92</ns3:cad>
          </ns3:TrackPointExtension>
        </extensions>
      </trkpt>
      <trkpt lat="30.55043603293597698211669921875" lon="104.04954199679195880889892578125">
        <ele>476.600006103515625</ele>
        <time>2026-09-21T13:34:02.000Z</time>
        <extensions>
          <ns3:TrackPointExtension>
            <ns3:hr>156</ns3:hr>
            <ns3:cad>92</ns3:cad>
          </ns3:TrackPointExtension>
        </extensions>
      </trkpt>
      <trkpt lat="30.55045598186552524566650390625" lon="104.049520790576934814453125">
        <ele>476.79998779296875</ele>
        <time>2026-09-21T13:34:03.000Z</time>
        <extensions>
          <ns3:TrackPointExtension>
            <ns3:hr>156</ns3:hr>
            <ns3:cad>92</ns3:cad>
          </ns3:TrackPointExtension>
        </extensions>
      </trkpt>
      <trkpt lat="30.55047593079507350921630859375" lon="104.0494991652667522430419921875">
        <ele>476.79998779296875</ele>
        <time>2026-09-21T13:34:04.000Z</time>
        <extensions>
          <ns3:TrackPointExtension>
            <ns3:hr>156</ns3:hr>
            <ns3:cad>92</ns3:cad>
          </ns3:TrackPointExtension>
        </extensions>
      </trkpt>
      <trkpt lat="30.55049118585884571075439453125" lon="104.0494807250797748565673828125">
        <ele>477</ele>
        <time>2026-09-21T13:34:05.000Z</time>
        <extensions>
          <ns3:TrackPointExtension>
            <ns3:hr>157</ns3:hr>
            <ns3:cad>92</ns3:cad>
          </ns3:TrackPointExtension>
        </extensions>
      </trkpt>
      <trkpt lat="30.55050794966518878936767578125" lon="104.04945935122668743133544921875">
        <ele>477.20001220703125</ele>
        <time>2026-09-21T13:34:06.000Z</time>
        <extensions>
          <ns3:TrackPointExtension>
            <ns3:hr>157</ns3:hr>
            <ns3:cad>92</ns3:cad>
          </ns3:TrackPointExtension>
        </extensions>
      </trkpt>
      <trkpt lat="30.55052018724381923675537109375" lon="104.0494389832019805908203125">
        <ele>477.20001220703125</ele>
        <time>2026-09-21T13:34:07.000Z</time>
        <extensions>
          <ns3:TrackPointExtension>
            <ns3:hr>157</ns3:hr>
            <ns3:cad>92</ns3:cad>
          </ns3:TrackPointExtension>
        </extensions>
      </trkpt>
      <trkpt lat="30.5505395494401454925537109375" lon="104.04942096211016178131103515625">
        <ele>477.399993896484375</ele>
        <time>2026-09-21T13:34:08.000Z</time>
        <extensions>
          <ns3:TrackPointExtension>
            <ns3:hr>157</ns3:hr>
            <ns3:cad>91</ns3:cad>
          </ns3:TrackPointExtension>
        </extensions>
      </trkpt>
      <trkpt lat="30.55054818280041217803955078125" lon="104.04939749278128147125244140625">
        <ele>477.600006103515625</ele>
        <time>2026-09-21T13:34:09.000Z</time>
        <extensions>
          <ns3:TrackPointExtension>
            <ns3:hr>157</ns3:hr>
            <ns3:cad>90</ns3:cad>
          </ns3:TrackPointExtension>
        </extensions>
      </trkpt>
      <trkpt lat="30.55056788027286529541015625" lon="104.0493741072714328765869140625">
        <ele>477.79998779296875</ele>
        <time>2026-09-21T13:34:10.000Z</time>
        <extensions>
          <ns3:TrackPointExtension>
            <ns3:hr>157</ns3:hr>
            <ns3:cad>90</ns3:cad>
          </ns3:TrackPointExtension>
        </extensions>
      </trkpt>
      <trkpt lat="30.55058673955500125885009765625" lon="104.04934736900031566619873046875">
        <ele>477.79998779296875</ele>
        <time>2026-09-21T13:34:11.000Z</time>
        <extensions>
          <ns3:TrackPointExtension>
            <ns3:hr>157</ns3:hr>
            <ns3:cad>90</ns3:cad>
          </ns3:TrackPointExtension>
        </extensions>
      </trkpt>
      <trkpt lat="30.5506045930087566375732421875" lon="104.0493228100240230560302734375">
        <ele>477.79998779296875</ele>
        <time>2026-09-21T13:34:12.000Z</time>
        <extensions>
          <ns3:TrackPointExtension>
            <ns3:hr>157</ns3:hr>
            <ns3:cad>90</ns3:cad>
          </ns3:TrackPointExtension>
        </extensions>
      </trkpt>
      <trkpt lat="30.55061473511159420013427734375" lon="104.0492973290383815765380859375">
        <ele>478</ele>
        <time>2026-09-21T13:34:13.000Z</time>
        <extensions>
          <ns3:TrackPointExtension>
            <ns3:hr>157</ns3:hr>
            <ns3:cad>90</ns3:cad>
          </ns3:TrackPointExtension>
        </extensions>
      </trkpt>
      <trkpt lat="30.5506307445466518402099609375" lon="104.0492718480527400970458984375">
        <ele>478.20001220703125</ele>
        <time>2026-09-21T13:34:14.000Z</time>
        <extensions>
          <ns3:TrackPointExtension>
            <ns3:hr>157</ns3:hr>
            <ns3:cad>90</ns3:cad>
          </ns3:TrackPointExtension>
        </extensions>
      </trkpt>
      <trkpt lat="30.5506397970020771026611328125" lon="104.04924578033387660980224609375">
        <ele>478.20001220703125</ele>
        <time>2026-09-21T13:34:15.000Z</time>
        <extensions>
          <ns3:TrackPointExtension>
            <ns3:hr>158</ns3:hr>
            <ns3:cad>91</ns3:cad>
          </ns3:TrackPointExtension>
        </extensions>
      </trkpt>
      <trkpt lat="30.5506542138755321502685546875" lon="104.04921837151050567626953125">
        <ele>478.399993896484375</ele>
        <time>2026-09-21T13:34:16.000Z</time>
        <extensions>
          <ns3:TrackPointExtension>
            <ns3:hr>158</ns3:hr>
            <ns3:cad>91</ns3:cad>
          </ns3:TrackPointExtension>
        </extensions>
      </trkpt>
      <trkpt lat="30.55066737346351146697998046875" lon="104.04919314198195934295654296875">
        <ele>478.399993896484375</ele>
        <time>2026-09-21T13:34:17.000Z</time>
        <extensions>
          <ns3:TrackPointExtension>
            <ns3:hr>158</ns3:hr>
            <ns3:cad>91</ns3:cad>
          </ns3:TrackPointExtension>
        </extensions>
      </trkpt>
      <trkpt lat="30.5506837181746959686279296875" lon="104.04916648752987384796142578125">
        <ele>478.20001220703125</ele>
        <time>2026-09-21T13:34:18.000Z</time>
        <extensions>
          <ns3:TrackPointExtension>
            <ns3:hr>159</ns3:hr>
            <ns3:cad>90</ns3:cad>
          </ns3:TrackPointExtension>
        </extensions>
      </trkpt>
      <trkpt lat="30.55069687776267528533935546875" lon="104.049137569963932037353515625">
        <ele>478.20001220703125</ele>
        <time>2026-09-21T13:34:19.000Z</time>
        <extensions>
          <ns3:TrackPointExtension>
            <ns3:hr>159</ns3:hr>
            <ns3:cad>90</ns3:cad>
          </ns3:TrackPointExtension>
        </extensions>
      </trkpt>
      <trkpt lat="30.55070936679840087890625" lon="104.04911183752119541168212890625">
        <ele>478.20001220703125</ele>
        <time>2026-09-21T13:34:20.000Z</time>
        <extensions>
          <ns3:TrackPointExtension>
            <ns3:hr>160</ns3:hr>
            <ns3:cad>90</ns3:cad>
          </ns3:TrackPointExtension>
        </extensions>
      </trkpt>
      <trkpt lat="30.550722777843475341796875" lon="104.04908400960266590118408203125">
        <ele>478</ele>
        <time>2026-09-21T13:34:21.000Z</time>
        <extensions>
          <ns3:TrackPointExtension>
            <ns3:hr>160</ns3:hr>
            <ns3:cad>90</ns3:cad>
          </ns3:TrackPointExtension>
        </extensions>
      </trkpt>
      <trkpt lat="30.55073954164981842041015625" lon="104.0490582771599292755126953125">
        <ele>478</ele>
        <time>2026-09-21T13:34:22.000Z</time>
        <extensions>
          <ns3:TrackPointExtension>
            <ns3:hr>160</ns3:hr>
            <ns3:cad>91</ns3:cad>
          </ns3:TrackPointExtension>
        </extensions>
      </trkpt>
      <trkpt lat="30.55075689218938350677490234375" lon="104.04902994632720947265625">
        <ele>477.79998779296875</ele>
        <time>2026-09-21T13:34:23.000Z</time>
        <extensions>
          <ns3:TrackPointExtension>
            <ns3:hr>160</ns3:hr>
            <ns3:cad>92</ns3:cad>
          </ns3:TrackPointExtension>
        </extensions>
      </trkpt>
      <trkpt lat="30.55077466182410717010498046875" lon="104.0490071475505828857421875">
        <ele>477.600006103515625</ele>
        <time>2026-09-21T13:34:24.000Z</time>
        <extensions>
          <ns3:TrackPointExtension>
            <ns3:hr>161</ns3:hr>
            <ns3:cad>92</ns3:cad>
          </ns3:TrackPointExtension>
        </extensions>
      </trkpt>
      <trkpt lat="30.5507967062294483184814453125" lon="104.0489828400313854217529296875">
        <ele>477.399993896484375</ele>
        <time>2026-09-21T13:34:25.000Z</time>
        <extensions>
          <ns3:TrackPointExtension>
            <ns3:hr>161</ns3:hr>
            <ns3:cad>91</ns3:cad>
          </ns3:TrackPointExtension>
        </extensions>
      </trkpt>
      <trkpt lat="30.5508126318454742431640625" lon="104.04896247200667858123779296875">
        <ele>477.399993896484375</ele>
        <time>2026-09-21T13:34:26.000Z</time>
        <extensions>
          <ns3:TrackPointExtension>
            <ns3:hr>161</ns3:hr>
            <ns3:cad>92</ns3:cad>
          </ns3:TrackPointExtension>
        </extensions>
      </trkpt>
      <trkpt lat="30.550843141973018646240234375" lon="104.04894084669649600982666015625">
        <ele>477.20001220703125</ele>
        <time>2026-09-21T13:34:27.000Z</time>
        <extensions>
          <ns3:TrackPointExtension>
            <ns3:hr>160</ns3:hr>
            <ns3:cad>92</ns3:cad>
          </ns3:TrackPointExtension>
        </extensions>
      </trkpt>
      <trkpt lat="30.55086585693061351776123046875" lon="104.04892198741436004638671875">
        <ele>477</ele>
        <time>2026-09-21T13:34:28.000Z</time>
        <extensions>
          <ns3:TrackPointExtension>
            <ns3:hr>161</ns3:hr>
            <ns3:cad>92</ns3:cad>
          </ns3:TrackPointExtension>
        </extensions>
      </trkpt>
      <trkpt lat="30.5508909188210964202880859375" lon="104.04890245757997035980224609375">
        <ele>477</ele>
        <time>2026-09-21T13:34:29.000Z</time>
        <extensions>
          <ns3:TrackPointExtension>
            <ns3:hr>161</ns3:hr>
            <ns3:cad>92</ns3:cad>
          </ns3:TrackPointExtension>
        </extensions>
      </trkpt>
      <trkpt lat="30.55090852081775665283203125" lon="104.04888384975492954254150390625">
        <ele>477</ele>
        <time>2026-09-21T13:34:30.000Z</time>
        <extensions>
          <ns3:TrackPointExtension>
            <ns3:hr>160</ns3:hr>
            <ns3:cad>92</ns3:cad>
          </ns3:TrackPointExtension>
        </extensions>
      </trkpt>
      <trkpt lat="30.55093609727919101715087890625" lon="104.048862643539905548095703125">
        <ele>477</ele>
        <time>2026-09-21T13:34:31.000Z</time>
        <extensions>
          <ns3:TrackPointExtension>
            <ns3:hr>160</ns3:hr>
            <ns3:cad>93</ns3:cad>
          </ns3:TrackPointExtension>
        </extensions>
      </trkpt>
      <trkpt lat="30.550955124199390411376953125" lon="104.048851244151592254638671875">
        <ele>477.20001220703125</ele>
        <time>2026-09-21T13:34:32.000Z</time>
        <extensions>
          <ns3:TrackPointExtension>
            <ns3:hr>160</ns3:hr>
            <ns3:cad>93</ns3:cad>
          </ns3:TrackPointExtension>
        </extensions>
      </trkpt>
      <trkpt lat="30.55098253302276134490966796875" lon="104.04883439652621746063232421875">
        <ele>477.20001220703125</ele>
        <time>2026-09-21T13:34:33.000Z</time>
        <extensions>
          <ns3:TrackPointExtension>
            <ns3:hr>160</ns3:hr>
            <ns3:cad>93</ns3:cad>
          </ns3:TrackPointExtension>
        </extensions>
      </trkpt>
      <trkpt lat="30.55100298486649990081787109375" lon="104.048818387091159820556640625">
        <ele>477.399993896484375</ele>
        <time>2026-09-21T13:34:34.000Z</time>
        <extensions>
          <ns3:TrackPointExtension>
            <ns3:hr>161</ns3:hr>
            <ns3:cad>92</ns3:cad>
          </ns3:TrackPointExtension>
        </extensions>
      </trkpt>
      <trkpt lat="30.55102678947150707244873046875" lon="104.048801958560943603515625">
        <ele>477.600006103515625</ele>
        <time>2026-09-21T13:34:35.000Z</time>
        <extensions>
          <ns3:TrackPointExtension>
            <ns3:hr>160</ns3:hr>
            <ns3:cad>92</ns3:cad>
          </ns3:TrackPointExtension>
        </extensions>
      </trkpt>
      <trkpt lat="30.5510486662387847900390625" lon="104.04878997243940830230712890625">
        <ele>477.79998779296875</ele>
        <time>2026-09-21T13:34:36.000Z</time>
        <extensions>
          <ns3:TrackPointExtension>
            <ns3:hr>160</ns3:hr>
            <ns3:cad>92</ns3:cad>
          </ns3:TrackPointExtension>
        </extensions>
      </trkpt>
      <trkpt lat="30.5510712973773479461669921875" lon="104.04877941124141216278076171875">
        <ele>478.20001220703125</ele>
        <time>2026-09-21T13:34:37.000Z</time>
        <extensions>
          <ns3:TrackPointExtension>
            <ns3:hr>161</ns3:hr>
            <ns3:cad>91</ns3:cad>
          </ns3:TrackPointExtension>
        </extensions>
      </trkpt>
      <trkpt lat="30.55109049193561077117919921875" lon="104.048769772052764892578125">
        <ele>478.399993896484375</ele>
        <time>2026-09-21T13:34:38.000Z</time>
        <extensions>
          <ns3:TrackPointExtension>
            <ns3:hr>161</ns3:hr>
            <ns3:cad>91</ns3:cad>
          </ns3:TrackPointExtension>
        </extensions>
      </trkpt>
      <trkpt lat="30.55111530236899852752685546875" lon="104.04875795356929302215576171875">
        <ele>478.600006103515625</ele>
        <time>2026-09-21T13:34:39.000Z</time>
        <extensions>
          <ns3:TrackPointExtension>
            <ns3:hr>161</ns3:hr>
            <ns3:cad>91</ns3:cad>
          </ns3:TrackPointExtension>
        </extensions>
      </trkpt>
      <trkpt lat="30.5511344969272613525390625" lon="104.04874772764742374420166015625">
        <ele>479</ele>
        <time>2026-09-21T13:34:40.000Z</time>
        <extensions>
          <ns3:TrackPointExtension>
            <ns3:hr>161</ns3:hr>
            <ns3:cad>90</ns3:cad>
          </ns3:TrackPointExtension>
        </extensions>
      </trkpt>
      <trkpt lat="30.5511586368083953857421875" lon="104.0487354062497615814208984375">
        <ele>479</ele>
        <time>2026-09-21T13:34:41.000Z</time>
        <extensions>
          <ns3:TrackPointExtension>
            <ns3:hr>161</ns3:hr>
            <ns3:cad>90</ns3:cad>
          </ns3:TrackPointExtension>
        </extensions>
      </trkpt>
      <trkpt lat="30.55117883719503879547119140625" lon="104.0487243421375751495361328125">
        <ele>479.20001220703125</ele>
        <time>2026-09-21T13:34:42.000Z</time>
        <extensions>
          <ns3:TrackPointExtension>
            <ns3:hr>160</ns3:hr>
            <ns3:cad>89</ns3:cad>
          </ns3:TrackPointExtension>
        </extensions>
      </trkpt>
      <trkpt lat="30.55120800621807575225830078125" lon="104.048715792596340179443359375">
        <ele>479.20001220703125</ele>
        <time>2026-09-21T13:34:43.000Z</time>
        <extensions>
          <ns3:TrackPointExtension>
            <ns3:hr>161</ns3:hr>
            <ns3:cad>89</ns3:cad>
          </ns3:TrackPointExtension>
        </extensions>
      </trkpt>
      <trkpt lat="30.551232062280178070068359375" lon="104.04870606958866119384765625">
        <ele>479</ele>
        <time>2026-09-21T13:34:44.000Z</time>
        <extensions>
          <ns3:TrackPointExtension>
            <ns3:hr>161</ns3:hr>
            <ns3:cad>89</ns3:cad>
          </ns3:TrackPointExtension>
        </extensions>
      </trkpt>
      <trkpt lat="30.55126315914094448089599609375" lon="104.048699699342250823974609375">
        <ele>478.600006103515625</ele>
        <time>2026-09-21T13:34:45.000Z</time>
        <extensions>
          <ns3:TrackPointExtension>
            <ns3:hr>160</ns3:hr>
            <ns3:cad>89</ns3:cad>
          </ns3:TrackPointExtension>
        </extensions>
      </trkpt>
      <trkpt lat="30.55126315914094448089599609375" lon="104.048699699342250823974609375">
        <ele>478.399993896484375</ele>
        <time>2026-09-21T13:34:46.000Z</time>
        <extensions>
          <ns3:TrackPointExtension>
            <ns3:hr>160</ns3:hr>
            <ns3:cad>89</ns3:cad>
          </ns3:TrackPointExtension>
        </extensions>
      </trkpt>
      <trkpt lat="30.55131998844444751739501953125" lon="104.0486961789429187774658203125">
        <ele>478</ele>
        <time>2026-09-21T13:34:47.000Z</time>
        <extensions>
          <ns3:TrackPointExtension>
            <ns3:hr>160</ns3:hr>
            <ns3:cad>89</ns3:cad>
          </ns3:TrackPointExtension>
        </extensions>
      </trkpt>
      <trkpt lat="30.55134530179202556610107421875" lon="104.048699028789997100830078125">
        <ele>477.79998779296875</ele>
        <time>2026-09-21T13:34:48.000Z</time>
        <extensions>
          <ns3:TrackPointExtension>
            <ns3:hr>161</ns3:hr>
            <ns3:cad>90</ns3:cad>
          </ns3:TrackPointExtension>
        </extensions>
      </trkpt>
      <trkpt lat="30.5513727106153964996337890625" lon="104.0487055666744709014892578125">
        <ele>477.600006103515625</ele>
        <time>2026-09-21T13:34:49.000Z</time>
        <extensions>
          <ns3:TrackPointExtension>
            <ns3:hr>161</ns3:hr>
            <ns3:cad>90</ns3:cad>
          </ns3:TrackPointExtension>
        </extensions>
      </trkpt>
      <trkpt lat="30.551396347582340240478515625" lon="104.0487136133015155792236328125">
        <ele>477.399993896484375</ele>
        <time>2026-09-21T13:34:50.000Z</time>
        <extensions>
          <ns3:TrackPointExtension>
            <ns3:hr>161</ns3:hr>
            <ns3:cad>91</ns3:cad>
          </ns3:TrackPointExtension>
        </extensions>
      </trkpt>
      <trkpt lat="30.55142157711088657379150390625" lon="104.0487209893763065338134765625">
        <ele>477.399993896484375</ele>
        <time>2026-09-21T13:34:51.000Z</time>
        <extensions>
          <ns3:TrackPointExtension>
            <ns3:hr>161</ns3:hr>
            <ns3:cad>92</ns3:cad>
          </ns3:TrackPointExtension>
        </extensions>
      </trkpt>
      <trkpt lat="30.55144705809652805328369140625" lon="104.04872727580368518829345703125">
        <ele>477.399993896484375</ele>
        <time>2026-09-21T13:34:52.000Z</time>
        <extensions>
          <ns3:TrackPointExtension>
            <ns3:hr>161</ns3:hr>
            <ns3:cad>92</ns3:cad>
          </ns3:TrackPointExtension>
        </extensions>
      </trkpt>
      <trkpt lat="30.5514724552631378173828125" lon="104.04873213730752468109130859375">
        <ele>477.600006103515625</ele>
        <time>2026-09-21T13:34:53.000Z</time>
        <extensions>
          <ns3:TrackPointExtension>
            <ns3:hr>161</ns3:hr>
            <ns3:cad>92</ns3:cad>
          </ns3:TrackPointExtension>
        </extensions>
      </trkpt>
      <trkpt lat="30.5514957569539546966552734375" lon="104.04873297549784183502197265625">
        <ele>477.600006103515625</ele>
        <time>2026-09-21T13:34:54.000Z</time>
        <extensions>
          <ns3:TrackPointExtension>
            <ns3:hr>161</ns3:hr>
            <ns3:cad>92</ns3:cad>
          </ns3:TrackPointExtension>
        </extensions>
      </trkpt>
      <trkpt lat="30.5515172146260738372802734375" lon="104.04873431660234928131103515625">
        <ele>477.600006103515625</ele>
        <time>2026-09-21T13:34:55.000Z</time>
        <extensions>
          <ns3:TrackPointExtension>
            <ns3:hr>162</ns3:hr>
            <ns3:cad>92</ns3:cad>
          </ns3:TrackPointExtension>
        </extensions>
      </trkpt>
      <trkpt lat="30.5515420250594615936279296875" lon="104.0487360768020153045654296875">
        <ele>477.600006103515625</ele>
        <time>2026-09-21T13:34:56.000Z</time>
        <extensions>
          <ns3:TrackPointExtension>
            <ns3:hr>162</ns3:hr>
            <ns3:cad>92</ns3:cad>
          </ns3:TrackPointExtension>
        </extensions>
      </trkpt>
      <trkpt lat="30.5515648238360881805419921875" lon="104.0487437881529331207275390625">
        <ele>477.600006103515625</ele>
        <time>2026-09-21T13:34:57.000Z</time>
        <extensions>
          <ns3:TrackPointExtension>
            <ns3:hr>162</ns3:hr>
            <ns3:cad>92</ns3:cad>
          </ns3:TrackPointExtension>
        </extensions>
      </trkpt>
      <trkpt lat="30.55159055627882480621337890625" lon="104.048743285238742828369140625">
        <ele>477.600006103515625</ele>
        <time>2026-09-21T13:34:58.000Z</time>
        <extensions>
          <ns3:TrackPointExtension>
            <ns3:hr>162</ns3:hr>
            <ns3:cad>92</ns3:cad>
          </ns3:TrackPointExtension>
        </extensions>
      </trkpt>
      <trkpt lat="30.551614277064800262451171875" lon="104.048746638000011444091796875">
        <ele>477.399993896484375</ele>
        <time>2026-09-21T13:34:59.000Z</time>
        <extensions>
          <ns3:TrackPointExtension>
            <ns3:hr>162</ns3:hr>
            <ns3:cad>90</ns3:cad>
          </ns3:TrackPointExtension>
        </extensions>
      </trkpt>
      <trkpt lat="30.55164051242172718048095703125" lon="104.04874001629650592803955078125">
        <ele>477.399993896484375</ele>
        <time>2026-09-21T13:35:00.000Z</time>
        <extensions>
          <ns3:TrackPointExtension>
            <ns3:hr>162</ns3:hr>
            <ns3:cad>90</ns3:cad>
          </ns3:TrackPointExtension>
        </extensions>
      </trkpt>
      <trkpt lat="30.55166481994092464447021484375" lon="104.0487377531826496124267578125">
        <ele>477.399993896484375</ele>
        <time>2026-09-21T13:35:01.000Z</time>
        <extensions>
          <ns3:TrackPointExtension>
            <ns3:hr>162</ns3:hr>
            <ns3:cad>90</ns3:cad>
          </ns3:TrackPointExtension>
        </extensions>
      </trkpt>
      <trkpt lat="30.55169968865811824798583984375" lon="104.04873414896428585052490234375">
        <ele>477.20001220703125</ele>
        <time>2026-09-21T13:35:02.000Z</time>
        <extensions>
          <ns3:TrackPointExtension>
            <ns3:hr>161</ns3:hr>
            <ns3:cad>90</ns3:cad>
          </ns3:TrackPointExtension>
        </extensions>
      </trkpt>
      <trkpt lat="30.55172299034893512725830078125" lon="104.0487290360033512115478515625">
        <ele>477.20001220703125</ele>
        <time>2026-09-21T13:35:03.000Z</time>
        <extensions>
          <ns3:TrackPointExtension>
            <ns3:hr>161</ns3:hr>
            <ns3:cad>90</ns3:cad>
          </ns3:TrackPointExtension>
        </extensions>
      </trkpt>
      <trkpt lat="30.55175148881971836090087890625" lon="104.04871881008148193359375">
        <ele>477.20001220703125</ele>
        <time>2026-09-21T13:35:04.000Z</time>
        <extensions>
          <ns3:TrackPointExtension>
            <ns3:hr>160</ns3:hr>
            <ns3:cad>90</ns3:cad>
          </ns3:TrackPointExtension>
        </extensions>
      </trkpt>
      <trkpt lat="30.55177613161504268646240234375" lon="104.04871101491153240203857421875">
        <ele>477</ele>
        <time>2026-09-21T13:35:05.000Z</time>
        <extensions>
          <ns3:TrackPointExtension>
            <ns3:hr>160</ns3:hr>
            <ns3:cad>90</ns3:cad>
          </ns3:TrackPointExtension>
        </extensions>
      </trkpt>
      <trkpt lat="30.55180245079100131988525390625" lon="104.04870095662772655487060546875">
        <ele>477</ele>
        <time>2026-09-21T13:35:06.000Z</time>
        <extensions>
          <ns3:TrackPointExtension>
            <ns3:hr>160</ns3:hr>
            <ns3:cad>90</ns3:cad>
          </ns3:TrackPointExtension>
        </extensions>
      </trkpt>
      <trkpt lat="30.55182659067213535308837890625" lon="104.04869358055293560028076171875">
        <ele>477</ele>
        <time>2026-09-21T13:35:07.000Z</time>
        <extensions>
          <ns3:TrackPointExtension>
            <ns3:hr>160</ns3:hr>
            <ns3:cad>90</ns3:cad>
          </ns3:TrackPointExtension>
        </extensions>
      </trkpt>
      <trkpt lat="30.55185860954225063323974609375" lon="104.04868486337363719940185546875">
        <ele>477</ele>
        <time>2026-09-21T13:35:08.000Z</time>
        <extensions>
          <ns3:TrackPointExtension>
            <ns3:hr>160</ns3:hr>
            <ns3:cad>92</ns3:cad>
          </ns3:TrackPointExtension>
        </extensions>
      </trkpt>
      <trkpt lat="30.55187973193824291229248046875" lon="104.04867681674659252166748046875">
        <ele>477</ele>
        <time>2026-09-21T13:35:09.000Z</time>
        <extensions>
          <ns3:TrackPointExtension>
            <ns3:hr>160</ns3:hr>
            <ns3:cad>92</ns3:cad>
          </ns3:TrackPointExtension>
        </extensions>
      </trkpt>
      <trkpt lat="30.5519150197505950927734375" lon="104.04866558499634265899658203125">
        <ele>476.79998779296875</ele>
        <time>2026-09-21T13:35:10.000Z</time>
        <extensions>
          <ns3:TrackPointExtension>
            <ns3:hr>160</ns3:hr>
            <ns3:cad>92</ns3:cad>
          </ns3:TrackPointExtension>
        </extensions>
      </trkpt>
      <trkpt lat="30.551937483251094818115234375" lon="104.04865703545510768890380859375">
        <ele>476.79998779296875</ele>
        <time>2026-09-21T13:35:11.000Z</time>
        <extensions>
          <ns3:TrackPointExtension>
            <ns3:hr>160</ns3:hr>
            <ns3:cad>92</ns3:cad>
          </ns3:TrackPointExtension>
        </extensions>
      </trkpt>
      <trkpt lat="30.55196472443640232086181640625" lon="104.04864647425711154937744140625">
        <ele>476.79998779296875</ele>
        <time>2026-09-21T13:35:12.000Z</time>
        <extensions>
          <ns3:TrackPointExtension>
            <ns3:hr>160</ns3:hr>
            <ns3:cad>92</ns3:cad>
          </ns3:TrackPointExtension>
        </extensions>
      </trkpt>
      <trkpt lat="30.551985092461109161376953125" lon="104.04864043928682804107666015625">
        <ele>476.79998779296875</ele>
        <time>2026-09-21T13:35:13.000Z</time>
        <extensions>
          <ns3:TrackPointExtension>
            <ns3:hr>159</ns3:hr>
            <ns3:cad>92</ns3:cad>
          </ns3:TrackPointExtension>
        </extensions>
      </trkpt>
      <trkpt lat="30.55201283656060695648193359375" lon="104.04863306321203708648681640625">
        <ele>476.600006103515625</ele>
        <time>2026-09-21T13:35:14.000Z</time>
        <extensions>
          <ns3:TrackPointExtension>
            <ns3:hr>160</ns3:hr>
            <ns3:cad>92</ns3:cad>
          </ns3:TrackPointExtension>
        </extensions>
      </trkpt>
      <trkpt lat="30.5520348809659481048583984375" lon="104.04862468130886554718017578125">
        <ele>476.79998779296875</ele>
        <time>2026-09-21T13:35:15.000Z</time>
        <extensions>
          <ns3:TrackPointExtension>
            <ns3:hr>160</ns3:hr>
            <ns3:cad>90</ns3:cad>
          </ns3:TrackPointExtension>
        </extensions>
      </trkpt>
      <trkpt lat="30.5520627088844776153564453125" lon="104.04862065799534320831298828125">
        <ele>476.79998779296875</ele>
        <time>2026-09-21T13:35:16.000Z</time>
        <extensions>
          <ns3:TrackPointExtension>
            <ns3:hr>160</ns3:hr>
            <ns3:cad>90</ns3:cad>
          </ns3:TrackPointExtension>
        </extensions>
      </trkpt>
      <trkpt lat="30.55208274163305759429931640625" lon="104.04862292110919952392578125">
        <ele>476.79998779296875</ele>
        <time>2026-09-21T13:35:17.000Z</time>
        <extensions>
          <ns3:TrackPointExtension>
            <ns3:hr>159</ns3:hr>
            <ns3:cad>90</ns3:cad>
          </ns3:TrackPointExtension>
        </extensions>
      </trkpt>
      <trkpt lat="30.55210352875292301177978515625" lon="104.04863541014492511749267578125">
        <ele>476.600006103515625</ele>
        <time>2026-09-21T13:35:18.000Z</time>
        <extensions>
          <ns3:TrackPointExtension>
            <ns3:hr>159</ns3:hr>
            <ns3:cad>90</ns3:cad>
          </ns3:TrackPointExtension>
        </extensions>
      </trkpt>
      <trkpt lat="30.55212079547345638275146484375" lon="104.04864295385777950286865234375">
        <ele>476.600006103515625</ele>
        <time>2026-09-21T13:35:19.000Z</time>
        <extensions>
          <ns3:TrackPointExtension>
            <ns3:hr>159</ns3:hr>
            <ns3:cad>91</ns3:cad>
          </ns3:TrackPointExtension>
        </extensions>
      </trkpt>
      <trkpt lat="30.5521391518414020538330078125" lon="104.048662148416042327880859375">
        <ele>476.600006103515625</ele>
        <time>2026-09-21T13:35:20.000Z</time>
        <extensions>
          <ns3:TrackPointExtension>
            <ns3:hr>159</ns3:hr>
            <ns3:cad>91</ns3:cad>
          </ns3:TrackPointExtension>
        </extensions>
      </trkpt>
      <trkpt lat="30.55215734057128429412841796875" lon="104.048672206699848175048828125">
        <ele>476.600006103515625</ele>
        <time>2026-09-21T13:35:21.000Z</time>
        <extensions>
          <ns3:TrackPointExtension>
            <ns3:hr>159</ns3:hr>
            <ns3:cad>92</ns3:cad>
          </ns3:TrackPointExtension>
        </extensions>
      </trkpt>
      <trkpt lat="30.55217796005308628082275390625" lon="104.0486881323158740997314453125">
        <ele>476.79998779296875</ele>
        <time>2026-09-21T13:35:22.000Z</time>
        <extensions>
          <ns3:TrackPointExtension>
            <ns3:hr>159</ns3:hr>
            <ns3:cad>92</ns3:cad>
          </ns3:TrackPointExtension>
        </extensions>
      </trkpt>
      <trkpt lat="30.55219941772520542144775390625" lon="104.048698358237743377685546875">
        <ele>476.79998779296875</ele>
        <time>2026-09-21T13:35:23.000Z</time>
        <extensions>
          <ns3:TrackPointExtension>
            <ns3:hr>158</ns3:hr>
            <ns3:cad>92</ns3:cad>
          </ns3:TrackPointExtension>
        </extensions>
      </trkpt>
      <trkpt lat="30.55222414433956146240234375" lon="104.0487095899879932403564453125">
        <ele>476.79998779296875</ele>
        <time>2026-09-21T13:35:24.000Z</time>
        <extensions>
          <ns3:TrackPointExtension>
            <ns3:hr>159</ns3:hr>
            <ns3:cad>92</ns3:cad>
          </ns3:TrackPointExtension>
        </extensions>
      </trkpt>
      <trkpt lat="30.552248619496822357177734375" lon="104.04871604405343532562255859375">
        <ele>476.79998779296875</ele>
        <time>2026-09-21T13:35:25.000Z</time>
        <extensions>
          <ns3:TrackPointExtension>
            <ns3:hr>159</ns3:hr>
            <ns3:cad>92</ns3:cad>
          </ns3:TrackPointExtension>
        </extensions>
      </trkpt>
      <trkpt lat="30.55227736942470073699951171875" lon="104.04872241429984569549560546875">
        <ele>476.79998779296875</ele>
        <time>2026-09-21T13:35:26.000Z</time>
        <extensions>
          <ns3:TrackPointExtension>
            <ns3:hr>158</ns3:hr>
            <ns3:cad>92</ns3:cad>
          </ns3:TrackPointExtension>
        </extensions>
      </trkpt>
      <trkpt lat="30.55230318568646907806396484375" lon="104.04872425831854343414306640625">
        <ele>476.79998779296875</ele>
        <time>2026-09-21T13:35:27.000Z</time>
        <extensions>
          <ns3:TrackPointExtension>
            <ns3:hr>158</ns3:hr>
            <ns3:cad>92</ns3:cad>
          </ns3:TrackPointExtension>
        </extensions>
      </trkpt>
      <trkpt lat="30.552331097424030303955078125" lon="104.04873213730752468109130859375">
        <ele>476.600006103515625</ele>
        <time>2026-09-21T13:35:28.000Z</time>
        <extensions>
          <ns3:TrackPointExtension>
            <ns3:hr>158</ns3:hr>
            <ns3:cad>91</ns3:cad>
          </ns3:TrackPointExtension>
        </extensions>
      </trkpt>
      <trkpt lat="30.55235750041902065277099609375" lon="104.0487360768020153045654296875">
        <ele>476.600006103515625</ele>
        <time>2026-09-21T13:35:29.000Z</time>
        <extensions>
          <ns3:TrackPointExtension>
            <ns3:hr>158</ns3:hr>
            <ns3:cad>91</ns3:cad>
          </ns3:TrackPointExtension>
        </extensions>
      </trkpt>
      <trkpt lat="30.55238381959497928619384765625" lon="104.04874186031520366668701171875">
        <ele>476.600006103515625</ele>
        <time>2026-09-21T13:35:30.000Z</time>
        <extensions>
          <ns3:TrackPointExtension>
            <ns3:hr>158</ns3:hr>
            <ns3:cad>91</ns3:cad>
          </ns3:TrackPointExtension>
        </extensions>
      </trkpt>
      <trkpt lat="30.552412569522857666015625" lon="104.0487481467425823211669921875">
        <ele>476.600006103515625</ele>
        <time>2026-09-21T13:35:31.000Z</time>
        <extensions>
          <ns3:TrackPointExtension>
            <ns3:hr>158</ns3:hr>
            <ns3:cad>91</ns3:cad>
          </ns3:TrackPointExtension>
        </extensions>
      </trkpt>
      <trkpt lat="30.55243679322302341461181640625" lon="104.04874957166612148284912109375">
        <ele>476.600006103515625</ele>
        <time>2026-09-21T13:35:32.000Z</time>
        <extensions>
          <ns3:TrackPointExtension>
            <ns3:hr>157</ns3:hr>
            <ns3:cad>91</ns3:cad>
          </ns3:TrackPointExtension>
        </extensions>
      </trkpt>
      <trkpt lat="30.55245992727577686309814453125" lon="104.0487447939813137054443359375">
        <ele>476.600006103515625</ele>
        <time>2026-09-21T13:35:33.000Z</time>
        <extensions>
          <ns3:TrackPointExtension>
            <ns3:hr>158</ns3:hr>
            <ns3:cad>90</ns3:cad>
          </ns3:TrackPointExtension>
        </extensions>
      </trkpt>
      <trkpt lat="30.55248775519430637359619140625" lon="104.0487421117722988128662109375">
        <ele>476.600006103515625</ele>
        <time>2026-09-21T13:35:34.000Z</time>
        <extensions>
          <ns3:TrackPointExtension>
            <ns3:hr>157</ns3:hr>
            <ns3:cad>90</ns3:cad>
          </ns3:TrackPointExtension>
        </extensions>
      </trkpt>
      <trkpt lat="30.55251223035156726837158203125" lon="104.0487327240407466888427734375">
        <ele>476.600006103515625</ele>
        <time>2026-09-21T13:35:35.000Z</time>
        <extensions>
          <ns3:TrackPointExtension>
            <ns3:hr>157</ns3:hr>
            <ns3:cad>90</ns3:cad>
          </ns3:TrackPointExtension>
        </extensions>
      </trkpt>
      <trkpt lat="30.55254332721233367919921875" lon="104.0487236715853214263916015625">
        <ele>476.399993896484375</ele>
        <time>2026-09-21T13:35:36.000Z</time>
        <extensions>
          <ns3:TrackPointExtension>
            <ns3:hr>157</ns3:hr>
            <ns3:cad>90</ns3:cad>
          </ns3:TrackPointExtension>
        </extensions>
      </trkpt>
      <trkpt lat="30.55256771855056285858154296875" lon="104.0487079136073589324951171875">
        <ele>476.20001220703125</ele>
        <time>2026-09-21T13:35:37.000Z</time>
        <extensions>
          <ns3:TrackPointExtension>
            <ns3:hr>157</ns3:hr>
            <ns3:cad>90</ns3:cad>
          </ns3:TrackPointExtension>
        </extensions>
      </trkpt>
      <trkpt lat="30.5525963008403778076171875" lon="104.04869777150452136993408203125">
        <ele>476.20001220703125</ele>
        <time>2026-09-21T13:35:38.000Z</time>
        <extensions>
          <ns3:TrackPointExtension>
            <ns3:hr>157</ns3:hr>
            <ns3:cad>90</ns3:cad>
          </ns3:TrackPointExtension>
        </extensions>
      </trkpt>
      <trkpt lat="30.552624799311161041259765625" lon="104.04868385754525661468505859375">
        <ele>476</ele>
        <time>2026-09-21T13:35:39.000Z</time>
        <extensions>
          <ns3:TrackPointExtension>
            <ns3:hr>157</ns3:hr>
            <ns3:cad>90</ns3:cad>
          </ns3:TrackPointExtension>
        </extensions>
      </trkpt>
      <trkpt lat="30.55264499969780445098876953125" lon="104.0486710332334041595458984375">
        <ele>476</ele>
        <time>2026-09-21T13:35:40.000Z</time>
        <extensions>
          <ns3:TrackPointExtension>
            <ns3:hr>156</ns3:hr>
            <ns3:cad>90</ns3:cad>
          </ns3:TrackPointExtension>
        </extensions>
      </trkpt>
      <trkpt lat="30.55268171243369579315185546875" lon="104.0486633218824863433837890625">
        <ele>476</ele>
        <time>2026-09-21T13:35:41.000Z</time>
        <extensions>
          <ns3:TrackPointExtension>
            <ns3:hr>156</ns3:hr>
            <ns3:cad>90</ns3:cad>
          </ns3:TrackPointExtension>
        </extensions>
      </trkpt>
      <trkpt lat="30.552700571715831756591796875" lon="104.04866189695894718170166015625">
        <ele>476.20001220703125</ele>
        <time>2026-09-21T13:35:42.000Z</time>
        <extensions>
          <ns3:TrackPointExtension>
            <ns3:hr>156</ns3:hr>
            <ns3:cad>91</ns3:cad>
          </ns3:TrackPointExtension>
        </extensions>
      </trkpt>
      <trkpt lat="30.55273066274821758270263671875" lon="104.04865904711186885833740234375">
        <ele>476.20001220703125</ele>
        <time>2026-09-21T13:35:43.000Z</time>
        <extensions>
          <ns3:TrackPointExtension>
            <ns3:hr>156</ns3:hr>
            <ns3:cad>91</ns3:cad>
          </ns3:TrackPointExtension>
        </extensions>
      </trkpt>
      <trkpt lat="30.55274985730648040771484375" lon="104.0486539341509342193603515625">
        <ele>476.399993896484375</ele>
        <time>2026-09-21T13:35:44.000Z</time>
        <extensions>
          <ns3:TrackPointExtension>
            <ns3:hr>156</ns3:hr>
            <ns3:cad>92</ns3:cad>
          </ns3:TrackPointExtension>
        </extensions>
      </trkpt>
      <trkpt lat="30.55278338491916656494140625" lon="104.04865116812288761138916015625">
        <ele>476.600006103515625</ele>
        <time>2026-09-21T13:35:45.000Z</time>
        <extensions>
          <ns3:TrackPointExtension>
            <ns3:hr>156</ns3:hr>
            <ns3:cad>92</ns3:cad>
          </ns3:TrackPointExtension>
        </extensions>
      </trkpt>
      <trkpt lat="30.55280442349612712860107421875" lon="104.048649407923221588134765625">
        <ele>476.600006103515625</ele>
        <time>2026-09-21T13:35:46.000Z</time>
        <extensions>
          <ns3:TrackPointExtension>
            <ns3:hr>156</ns3:hr>
            <ns3:cad>92</ns3:cad>
          </ns3:TrackPointExtension>
        </extensions>
      </trkpt>
      <trkpt lat="30.55283426307141780853271484375" lon="104.0486452169716358184814453125">
        <ele>476.600006103515625</ele>
        <time>2026-09-21T13:35:47.000Z</time>
        <extensions>
          <ns3:TrackPointExtension>
            <ns3:hr>156</ns3:hr>
            <ns3:cad>92</ns3:cad>
          </ns3:TrackPointExtension>
        </extensions>
      </trkpt>
      <trkpt lat="30.5528559722006320953369140625" lon="104.0486415289342403411865234375">
        <ele>476.600006103515625</ele>
        <time>2026-09-21T13:35:48.000Z</time>
        <extensions>
          <ns3:TrackPointExtension>
            <ns3:hr>156</ns3:hr>
            <ns3:cad>92</ns3:cad>
          </ns3:TrackPointExtension>
        </extensions>
      </trkpt>
      <trkpt lat="30.55288790725171566009521484375" lon="104.04863339848816394805908203125">
        <ele>476.600006103515625</ele>
        <time>2026-09-21T13:35:49.000Z</time>
        <extensions>
          <ns3:TrackPointExtension>
            <ns3:hr>157</ns3:hr>
            <ns3:cad>92</ns3:cad>
          </ns3:TrackPointExtension>
        </extensions>
      </trkpt>
      <trkpt lat="30.55290718562901020050048828125" lon="104.0486251004040241241455078125">
        <ele>476.600006103515625</ele>
        <time>2026-09-21T13:35:50.000Z</time>
        <extensions>
          <ns3:TrackPointExtension>
            <ns3:hr>157</ns3:hr>
            <ns3:cad>92</ns3:cad>
          </ns3:TrackPointExtension>
        </extensions>
      </trkpt>
      <trkpt lat="30.55293551646173000335693359375" lon="104.04861629940569400787353515625">
        <ele>476.600006103515625</ele>
        <time>2026-09-21T13:35:51.000Z</time>
        <extensions>
          <ns3:TrackPointExtension>
            <ns3:hr>156</ns3:hr>
            <ns3:cad>92</ns3:cad>
          </ns3:TrackPointExtension>
        </extensions>
      </trkpt>
      <trkpt lat="30.55295345373451709747314453125" lon="104.04860808514058589935302734375">
        <ele>476.600006103515625</ele>
        <time>2026-09-21T13:35:52.000Z</time>
        <extensions>
          <ns3:TrackPointExtension>
            <ns3:hr>156</ns3:hr>
            <ns3:cad>90</ns3:cad>
          </ns3:TrackPointExtension>
        </extensions>
      </trkpt>
      <trkpt lat="30.55298044346272945404052734375" lon="104.0485945902764797210693359375">
        <ele>476.600006103515625</ele>
        <time>2026-09-21T13:35:53.000Z</time>
        <extensions>
          <ns3:TrackPointExtension>
            <ns3:hr>156</ns3:hr>
            <ns3:cad>90</ns3:cad>
          </ns3:TrackPointExtension>
        </extensions>
      </trkpt>
      <trkpt lat="30.55299938656389713287353515625" lon="104.04858268797397613525390625">
        <ele>476.600006103515625</ele>
        <time>2026-09-21T13:35:54.000Z</time>
        <extensions>
          <ns3:TrackPointExtension>
            <ns3:hr>155</ns3:hr>
            <ns3:cad>90</ns3:cad>
          </ns3:TrackPointExtension>
        </extensions>
      </trkpt>
      <trkpt lat="30.55302637629210948944091796875" lon="104.048566259443759918212890625">
        <ele>476.600006103515625</ele>
        <time>2026-09-21T13:35:55.000Z</time>
        <extensions>
          <ns3:TrackPointExtension>
            <ns3:hr>155</ns3:hr>
            <ns3:cad>91</ns3:cad>
          </ns3:TrackPointExtension>
        </extensions>
      </trkpt>
      <trkpt lat="30.55304565466940402984619140625" lon="104.0485526807606220245361328125">
        <ele>476.600006103515625</ele>
        <time>2026-09-21T13:35:56.000Z</time>
        <extensions>
          <ns3:TrackPointExtension>
            <ns3:hr>155</ns3:hr>
            <ns3:cad>90</ns3:cad>
          </ns3:TrackPointExtension>
        </extensions>
      </trkpt>
      <trkpt lat="30.55307029746472835540771484375" lon="104.04854035936295986175537109375">
        <ele>476.600006103515625</ele>
        <time>2026-09-21T13:35:57.000Z</time>
        <extensions>
          <ns3:TrackPointExtension>
            <ns3:hr>155</ns3:hr>
            <ns3:cad>91</ns3:cad>
          </ns3:TrackPointExtension>
        </extensions>
      </trkpt>
      <trkpt lat="30.55308706127107143402099609375" lon="104.048522002995014190673828125">
        <ele>476.600006103515625</ele>
        <time>2026-09-21T13:35:58.000Z</time>
        <extensions>
          <ns3:TrackPointExtension>
            <ns3:hr>155</ns3:hr>
            <ns3:cad>91</ns3:cad>
          </ns3:TrackPointExtension>
        </extensions>
      </trkpt>
      <trkpt lat="30.55311589501798152923583984375" lon="104.04850817285478115081787109375">
        <ele>476.600006103515625</ele>
        <time>2026-09-21T13:35:59.000Z</time>
        <extensions>
          <ns3:TrackPointExtension>
            <ns3:hr>156</ns3:hr>
            <ns3:cad>91</ns3:cad>
          </ns3:TrackPointExtension>
        </extensions>
      </trkpt>
      <trkpt lat="30.5531354248523712158203125" lon="104.048493169248104095458984375">
        <ele>476.600006103515625</ele>
        <time>2026-09-21T13:36:00.000Z</time>
        <extensions>
          <ns3:TrackPointExtension>
            <ns3:hr>155</ns3:hr>
            <ns3:cad>92</ns3:cad>
          </ns3:TrackPointExtension>
        </extensions>
      </trkpt>
      <trkpt lat="30.553163588047027587890625" lon="104.04848168604075908660888671875">
        <ele>476.600006103515625</ele>
        <time>2026-09-21T13:36:01.000Z</time>
        <extensions>
          <ns3:TrackPointExtension>
            <ns3:hr>155</ns3:hr>
            <ns3:cad>92</ns3:cad>
          </ns3:TrackPointExtension>
        </extensions>
      </trkpt>
      <trkpt lat="30.55318412370979785919189453125" lon="104.04846944846212863922119140625">
        <ele>476.600006103515625</ele>
        <time>2026-09-21T13:36:02.000Z</time>
        <extensions>
          <ns3:TrackPointExtension>
            <ns3:hr>155</ns3:hr>
            <ns3:cad>92</ns3:cad>
          </ns3:TrackPointExtension>
        </extensions>
      </trkpt>
      <trkpt lat="30.55320926941931247711181640625" lon="104.0484571270644664764404296875">
        <ele>476.600006103515625</ele>
        <time>2026-09-21T13:36:03.000Z</time>
        <extensions>
          <ns3:TrackPointExtension>
            <ns3:hr>155</ns3:hr>
            <ns3:cad>92</ns3:cad>
          </ns3:TrackPointExtension>
        </extensions>
      </trkpt>
      <trkpt lat="30.55323173291981220245361328125" lon="104.0484437160193920135498046875">
        <ele>476.600006103515625</ele>
        <time>2026-09-21T13:36:04.000Z</time>
        <extensions>
          <ns3:TrackPointExtension>
            <ns3:hr>155</ns3:hr>
            <ns3:cad>92</ns3:cad>
          </ns3:TrackPointExtension>
        </extensions>
      </trkpt>
      <trkpt lat="30.5532552860677242279052734375" lon="104.04843105934560298919677734375">
        <ele>476.600006103515625</ele>
        <time>2026-09-21T13:36:05.000Z</time>
        <extensions>
          <ns3:TrackPointExtension>
            <ns3:hr>154</ns3:hr>
            <ns3:cad>92</ns3:cad>
          </ns3:TrackPointExtension>
        </extensions>
      </trkpt>
      <trkpt lat="30.5532780848443508148193359375" lon="104.0484178997576236724853515625">
        <ele>476.600006103515625</ele>
        <time>2026-09-21T13:36:06.000Z</time>
        <extensions>
          <ns3:TrackPointExtension>
            <ns3:hr>155</ns3:hr>
            <ns3:cad>92</ns3:cad>
          </ns3:TrackPointExtension>
        </extensions>
      </trkpt>
      <trkpt lat="30.553300715982913970947265625" lon="104.0484054945409297943115234375">
        <ele>476.600006103515625</ele>
        <time>2026-09-21T13:36:07.000Z</time>
        <extensions>
          <ns3:TrackPointExtension>
            <ns3:hr>155</ns3:hr>
            <ns3:cad>92</ns3:cad>
          </ns3:TrackPointExtension>
        </extensions>
      </trkpt>
      <trkpt lat="30.55332259275019168853759765625" lon="104.048393927514553070068359375">
        <ele>476.600006103515625</ele>
        <time>2026-09-21T13:36:08.000Z</time>
        <extensions>
          <ns3:TrackPointExtension>
            <ns3:hr>155</ns3:hr>
            <ns3:cad>92</ns3:cad>
          </ns3:TrackPointExtension>
        </extensions>
      </trkpt>
      <trkpt lat="30.5533431284129619598388671875" lon="104.0483833663165569305419921875">
        <ele>476.600006103515625</ele>
        <time>2026-09-21T13:36:09.000Z</time>
        <extensions>
          <ns3:TrackPointExtension>
            <ns3:hr>154</ns3:hr>
            <ns3:cad>91</ns3:cad>
          </ns3:TrackPointExtension>
        </extensions>
      </trkpt>
      <trkpt lat="30.55335695855319499969482421875" lon="104.04837825335562229156494140625">
        <ele>476.600006103515625</ele>
        <time>2026-09-21T13:36:10.000Z</time>
        <extensions>
          <ns3:TrackPointExtension>
            <ns3:hr>155</ns3:hr>
            <ns3:cad>91</ns3:cad>
          </ns3:TrackPointExtension>
        </extensions>
      </trkpt>
      <trkpt lat="30.55338151752948760986328125" lon="104.04837087728083133697509765625">
        <ele>476.600006103515625</ele>
        <time>2026-09-21T13:36:11.000Z</time>
        <extensions>
          <ns3:TrackPointExtension>
            <ns3:hr>155</ns3:hr>
            <ns3:cad>92</ns3:cad>
          </ns3:TrackPointExtension>
        </extensions>
      </trkpt>
      <trkpt lat="30.55340406484901905059814453125" lon="104.04835310764610767364501953125">
        <ele>476.600006103515625</ele>
        <time>2026-09-21T13:36:12.000Z</time>
        <extensions>
          <ns3:TrackPointExtension>
            <ns3:hr>155</ns3:hr>
            <ns3:cad>92</ns3:cad>
          </ns3:TrackPointExtension>
        </extensions>
      </trkpt>
      <trkpt lat="30.55342317558825016021728515625" lon="104.04833030886948108673095703125">
        <ele>476.600006103515625</ele>
        <time>2026-09-21T13:36:13.000Z</time>
        <extensions>
          <ns3:TrackPointExtension>
            <ns3:hr>155</ns3:hr>
            <ns3:cad>92</ns3:cad>
          </ns3:TrackPointExtension>
        </extensions>
      </trkpt>
      <trkpt lat="30.55345284752547740936279296875" lon="104.04831002466380596160888671875">
        <ele>476.600006103515625</ele>
        <time>2026-09-21T13:36:14.000Z</time>
        <extensions>
          <ns3:TrackPointExtension>
            <ns3:hr>155</ns3:hr>
            <ns3:cad>92</ns3:cad>
          </ns3:TrackPointExtension>
        </extensions>
      </trkpt>
      <trkpt lat="30.55347145535051822662353515625" lon="104.04829225502908229827880859375">
        <ele>476.79998779296875</ele>
        <time>2026-09-21T13:36:15.000Z</time>
        <extensions>
          <ns3:TrackPointExtension>
            <ns3:hr>155</ns3:hr>
            <ns3:cad>92</ns3:cad>
          </ns3:TrackPointExtension>
        </extensions>
      </trkpt>
      <trkpt lat="30.5534933321177959442138671875" lon="104.04826509766280651092529296875">
        <ele>476.79998779296875</ele>
        <time>2026-09-21T13:36:16.000Z</time>
        <extensions>
          <ns3:TrackPointExtension>
            <ns3:hr>156</ns3:hr>
            <ns3:cad>92</ns3:cad>
          </ns3:TrackPointExtension>
        </extensions>
      </trkpt>
      <trkpt lat="30.553503893315792083740234375" lon="104.04824213124811649322509765625">
        <ele>476.79998779296875</ele>
        <time>2026-09-21T13:36:17.000Z</time>
        <extensions>
          <ns3:TrackPointExtension>
            <ns3:hr>156</ns3:hr>
            <ns3:cad>92</ns3:cad>
          </ns3:TrackPointExtension>
        </extensions>
      </trkpt>
      <trkpt lat="30.553517304360866546630859375" lon="104.04821279458701610565185546875">
        <ele>476.79998779296875</ele>
        <time>2026-09-21T13:36:18.000Z</time>
        <extensions>
          <ns3:TrackPointExtension>
            <ns3:hr>156</ns3:hr>
            <ns3:cad>92</ns3:cad>
          </ns3:TrackPointExtension>
        </extensions>
      </trkpt>
      <trkpt lat="30.55352325551211833953857421875" lon="104.048186726868152618408203125">
        <ele>476.79998779296875</ele>
        <time>2026-09-21T13:36:19.000Z</time>
        <extensions>
          <ns3:TrackPointExtension>
            <ns3:hr>156</ns3:hr>
            <ns3:cad>92</ns3:cad>
          </ns3:TrackPointExtension>
        </extensions>
      </trkpt>
      <trkpt lat="30.553532056510448455810546875" lon="104.04814925976097583770751953125">
        <ele>476.79998779296875</ele>
        <time>2026-09-21T13:36:20.000Z</time>
        <extensions>
          <ns3:TrackPointExtension>
            <ns3:hr>156</ns3:hr>
            <ns3:cad>91</ns3:cad>
          </ns3:TrackPointExtension>
        </extensions>
      </trkpt>
      <trkpt lat="30.553533732891082763671875" lon="104.04812403023242950439453125">
        <ele>476.600006103515625</ele>
        <time>2026-09-21T13:36:21.000Z</time>
        <extensions>
          <ns3:TrackPointExtension>
            <ns3:hr>156</ns3:hr>
            <ns3:cad>90</ns3:cad>
          </ns3:TrackPointExtension>
        </extensions>
      </trkpt>
      <trkpt lat="30.55353842675685882568359375" lon="104.0480876527726650238037109375">
        <ele>476.600006103515625</ele>
        <time>2026-09-21T13:36:22.000Z</time>
        <extensions>
          <ns3:TrackPointExtension>
            <ns3:hr>156</ns3:hr>
            <ns3:cad>90</ns3:cad>
          </ns3:TrackPointExtension>
        </extensions>
      </trkpt>
      <trkpt lat="30.55353976786136627197265625" lon="104.0480611659586429595947265625">
        <ele>476.600006103515625</ele>
        <time>2026-09-21T13:36:23.000Z</time>
        <extensions>
          <ns3:TrackPointExtension>
            <ns3:hr>155</ns3:hr>
            <ns3:cad>90</ns3:cad>
          </ns3:TrackPointExtension>
        </extensions>
      </trkpt>
      <trkpt lat="30.5535458028316497802734375" lon="104.04802478849887847900390625">
        <ele>476.600006103515625</ele>
        <time>2026-09-21T13:36:24.000Z</time>
        <extensions>
          <ns3:TrackPointExtension>
            <ns3:hr>155</ns3:hr>
            <ns3:cad>90</ns3:cad>
          </ns3:TrackPointExtension>
        </extensions>
      </trkpt>
      <trkpt lat="30.55354320444166660308837890625" lon="104.04799997806549072265625">
        <ele>476.600006103515625</ele>
        <time>2026-09-21T13:36:25.000Z</time>
        <extensions>
          <ns3:TrackPointExtension>
            <ns3:hr>156</ns3:hr>
            <ns3:cad>90</ns3:cad>
          </ns3:TrackPointExtension>
        </extensions>
      </trkpt>
      <trkpt lat="30.553548149764537811279296875" lon="104.04796603135764598846435546875">
        <ele>476.600006103515625</ele>
        <time>2026-09-21T13:36:26.000Z</time>
        <extensions>
          <ns3:TrackPointExtension>
            <ns3:hr>156</ns3:hr>
            <ns3:cad>90</ns3:cad>
          </ns3:TrackPointExtension>
        </extensions>
      </trkpt>
      <trkpt lat="30.5535471439361572265625" lon="104.0479394607245922088623046875">
        <ele>476.600006103515625</ele>
        <time>2026-09-21T13:36:27.000Z</time>
        <extensions>
          <ns3:TrackPointExtension>
            <ns3:hr>156</ns3:hr>
            <ns3:cad>90</ns3:cad>
          </ns3:TrackPointExtension>
        </extensions>
      </trkpt>
      <trkpt lat="30.55355108343064785003662109375" lon="104.04790140688419342041015625">
        <ele>476.600006103515625</ele>
        <time>2026-09-21T13:36:28.000Z</time>
        <extensions>
          <ns3:TrackPointExtension>
            <ns3:hr>156</ns3:hr>
            <ns3:cad>90</ns3:cad>
          </ns3:TrackPointExtension>
        </extensions>
      </trkpt>
      <trkpt lat="30.5535469762980937957763671875" lon="104.04787232168018817901611328125">
        <ele>476.600006103515625</ele>
        <time>2026-09-21T13:36:29.000Z</time>
        <extensions>
          <ns3:TrackPointExtension>
            <ns3:hr>156</ns3:hr>
            <ns3:cad>90</ns3:cad>
          </ns3:TrackPointExtension>
        </extensions>
      </trkpt>
      <trkpt lat="30.55355041287839412689208984375" lon="104.04783594422042369842529296875">
        <ele>476.399993896484375</ele>
        <time>2026-09-21T13:36:30.000Z</time>
        <extensions>
          <ns3:TrackPointExtension>
            <ns3:hr>155</ns3:hr>
            <ns3:cad>90</ns3:cad>
          </ns3:TrackPointExtension>
        </extensions>
      </trkpt>
      <trkpt lat="30.55354471318423748016357421875" lon="104.04780459590256214141845703125">
        <ele>476.399993896484375</ele>
        <time>2026-09-21T13:36:31.000Z</time>
        <extensions>
          <ns3:TrackPointExtension>
            <ns3:hr>155</ns3:hr>
            <ns3:cad>90</ns3:cad>
          </ns3:TrackPointExtension>
        </extensions>
      </trkpt>
      <trkpt lat="30.55354303680360317230224609375" lon="104.0477644465863704681396484375">
        <ele>476.399993896484375</ele>
        <time>2026-09-21T13:36:32.000Z</time>
        <extensions>
          <ns3:TrackPointExtension>
            <ns3:hr>155</ns3:hr>
            <ns3:cad>90</ns3:cad>
          </ns3:TrackPointExtension>
        </extensions>
      </trkpt>
      <trkpt lat="30.553539432585239410400390625" lon="104.04773502610623836517333984375">
        <ele>476.399993896484375</ele>
        <time>2026-09-21T13:36:33.000Z</time>
        <extensions>
          <ns3:TrackPointExtension>
            <ns3:hr>154</ns3:hr>
            <ns3:cad>90</ns3:cad>
          </ns3:TrackPointExtension>
        </extensions>
      </trkpt>
      <trkpt lat="30.5535406060516834259033203125" lon="104.0477009117603302001953125">
        <ele>476.399993896484375</ele>
        <time>2026-09-21T13:36:34.000Z</time>
        <extensions>
          <ns3:TrackPointExtension>
            <ns3:hr>155</ns3:hr>
            <ns3:cad>90</ns3:cad>
          </ns3:TrackPointExtension>
        </extensions>
      </trkpt>
      <trkpt lat="30.55353297851979732513427734375" lon="104.04767735861241817474365234375">
        <ele>476.600006103515625</ele>
        <time>2026-09-21T13:36:35.000Z</time>
        <extensions>
          <ns3:TrackPointExtension>
            <ns3:hr>155</ns3:hr>
            <ns3:cad>90</ns3:cad>
          </ns3:TrackPointExtension>
        </extensions>
      </trkpt>
      <trkpt lat="30.55352929048240184783935546875" lon="104.04764718376100063323974609375">
        <ele>476.600006103515625</ele>
        <time>2026-09-21T13:36:36.000Z</time>
        <extensions>
          <ns3:TrackPointExtension>
            <ns3:hr>155</ns3:hr>
            <ns3:cad>90</ns3:cad>
          </ns3:TrackPointExtension>
        </extensions>
      </trkpt>
      <trkpt lat="30.5535241775214672088623046875" lon="104.0476209484040737152099609375">
        <ele>476.399993896484375</ele>
        <time>2026-09-21T13:36:37.000Z</time>
        <extensions>
          <ns3:TrackPointExtension>
            <ns3:hr>156</ns3:hr>
            <ns3:cad>89</ns3:cad>
          </ns3:TrackPointExtension>
        </extensions>
      </trkpt>
      <trkpt lat="30.55352794937789440155029296875" lon="104.04758817516267299652099609375">
        <ele>476.399993896484375</ele>
        <time>2026-09-21T13:36:38.000Z</time>
        <extensions>
          <ns3:TrackPointExtension>
            <ns3:hr>156</ns3:hr>
            <ns3:cad>89</ns3:cad>
          </ns3:TrackPointExtension>
        </extensions>
      </trkpt>
      <trkpt lat="30.553526021540164947509765625" lon="104.04756688512861728668212890625">
        <ele>476.399993896484375</ele>
        <time>2026-09-21T13:36:39.000Z</time>
        <extensions>
          <ns3:TrackPointExtension>
            <ns3:hr>156</ns3:hr>
            <ns3:cad>89</ns3:cad>
          </ns3:TrackPointExtension>
        </extensions>
      </trkpt>
      <trkpt lat="30.55352996103465557098388671875" lon="104.047534950077533721923828125">
        <ele>476.399993896484375</ele>
        <time>2026-09-21T13:36:40.000Z</time>
        <extensions>
          <ns3:TrackPointExtension>
            <ns3:hr>156</ns3:hr>
            <ns3:cad>90</ns3:cad>
          </ns3:TrackPointExtension>
        </extensions>
      </trkpt>
      <trkpt lat="30.55352945812046527862548828125" lon="104.0475079603493213653564453125">
        <ele>476.399993896484375</ele>
        <time>2026-09-21T13:36:41.000Z</time>
        <extensions>
          <ns3:TrackPointExtension>
            <ns3:hr>156</ns3:hr>
            <ns3:cad>90</ns3:cad>
          </ns3:TrackPointExtension>
        </extensions>
      </trkpt>
      <trkpt lat="30.5535349063575267791748046875" lon="104.04747233726084232330322265625">
        <ele>476.399993896484375</ele>
        <time>2026-09-21T13:36:42.000Z</time>
        <extensions>
          <ns3:TrackPointExtension>
            <ns3:hr>156</ns3:hr>
            <ns3:cad>90</ns3:cad>
          </ns3:TrackPointExtension>
        </extensions>
      </trkpt>
      <trkpt lat="30.55353415198624134063720703125" lon="104.04744685627520084381103515625">
        <ele>476.399993896484375</ele>
        <time>2026-09-21T13:36:43.000Z</time>
        <extensions>
          <ns3:TrackPointExtension>
            <ns3:hr>156</ns3:hr>
            <ns3:cad>90</ns3:cad>
          </ns3:TrackPointExtension>
        </extensions>
      </trkpt>
      <trkpt lat="30.55353842675685882568359375" lon="104.04741349630057811737060546875">
        <ele>476.399993896484375</ele>
        <time>2026-09-21T13:36:44.000Z</time>
        <extensions>
          <ns3:TrackPointExtension>
            <ns3:hr>156</ns3:hr>
            <ns3:cad>90</ns3:cad>
          </ns3:TrackPointExtension>
        </extensions>
      </trkpt>
      <trkpt lat="30.5535342358052730560302734375" lon="104.04738851822912693023681640625">
        <ele>476.399993896484375</ele>
        <time>2026-09-21T13:36:45.000Z</time>
        <extensions>
          <ns3:TrackPointExtension>
            <ns3:hr>156</ns3:hr>
            <ns3:cad>90</ns3:cad>
          </ns3:TrackPointExtension>
        </extensions>
      </trkpt>
      <trkpt lat="30.55353733710944652557373046875" lon="104.04735582880675792694091796875">
        <ele>476.20001220703125</ele>
        <time>2026-09-21T13:36:46.000Z</time>
        <extensions>
          <ns3:TrackPointExtension>
            <ns3:hr>157</ns3:hr>
            <ns3:cad>90</ns3:cad>
          </ns3:TrackPointExtension>
        </extensions>
      </trkpt>
      <trkpt lat="30.55353784002363681793212890625" lon="104.04733168892562389373779296875">
        <ele>476.20001220703125</ele>
        <time>2026-09-21T13:36:47.000Z</time>
        <extensions>
          <ns3:TrackPointExtension>
            <ns3:hr>156</ns3:hr>
            <ns3:cad>90</ns3:cad>
          </ns3:TrackPointExtension>
        </extensions>
      </trkpt>
      <trkpt lat="30.553540103137493133544921875" lon="104.04730017296969890594482421875">
        <ele>476.20001220703125</ele>
        <time>2026-09-21T13:36:48.000Z</time>
        <extensions>
          <ns3:TrackPointExtension>
            <ns3:hr>157</ns3:hr>
            <ns3:cad>90</ns3:cad>
          </ns3:TrackPointExtension>
        </extensions>
      </trkpt>
      <trkpt lat="30.5535416118800640106201171875" lon="104.047278799116611480712890625">
        <ele>476.20001220703125</ele>
        <time>2026-09-21T13:36:49.000Z</time>
        <extensions>
          <ns3:TrackPointExtension>
            <ns3:hr>157</ns3:hr>
            <ns3:cad>90</ns3:cad>
          </ns3:TrackPointExtension>
        </extensions>
      </trkpt>
      <trkpt lat="30.553547479212284088134765625" lon="104.0472461096942424774169921875">
        <ele>476.20001220703125</ele>
        <time>2026-09-21T13:36:50.000Z</time>
        <extensions>
          <ns3:TrackPointExtension>
            <ns3:hr>156</ns3:hr>
            <ns3:cad>90</ns3:cad>
          </ns3:TrackPointExtension>
        </extensions>
      </trkpt>
      <trkpt lat="30.5535469762980937957763671875" lon="104.04722104780375957489013671875">
        <ele>476.20001220703125</ele>
        <time>2026-09-21T13:36:51.000Z</time>
        <extensions>
          <ns3:TrackPointExtension>
            <ns3:hr>156</ns3:hr>
            <ns3:cad>90</ns3:cad>
          </ns3:TrackPointExtension>
        </extensions>
      </trkpt>
      <trkpt lat="30.5535496585071086883544921875" lon="104.0471867658197879791259765625">
        <ele>476.20001220703125</ele>
        <time>2026-09-21T13:36:52.000Z</time>
        <extensions>
          <ns3:TrackPointExtension>
            <ns3:hr>156</ns3:hr>
            <ns3:cad>90</ns3:cad>
          </ns3:TrackPointExtension>
        </extensions>
      </trkpt>
      <trkpt lat="30.55354437790811061859130859375" lon="104.0471599437296390533447265625">
        <ele>476</ele>
        <time>2026-09-21T13:36:53.000Z</time>
        <extensions>
          <ns3:TrackPointExtension>
            <ns3:hr>156</ns3:hr>
            <ns3:cad>90</ns3:cad>
          </ns3:TrackPointExtension>
        </extensions>
      </trkpt>
      <trkpt lat="30.55354588665068149566650390625" lon="104.04712130315601825714111328125">
        <ele>476</ele>
        <time>2026-09-21T13:36:54.000Z</time>
        <extensions>
          <ns3:TrackPointExtension>
            <ns3:hr>156</ns3:hr>
            <ns3:cad>90</ns3:cad>
          </ns3:TrackPointExtension>
        </extensions>
      </trkpt>
      <trkpt lat="30.55354035459458827972412109375" lon="104.04709951020777225494384765625">
        <ele>476</ele>
        <time>2026-09-21T13:36:55.000Z</time>
        <extensions>
          <ns3:TrackPointExtension>
            <ns3:hr>156</ns3:hr>
            <ns3:cad>90</ns3:cad>
          </ns3:TrackPointExtension>
        </extensions>
      </trkpt>
      <trkpt lat="30.55353985168039798736572265625" lon="104.04706564731895923614501953125">
        <ele>476</ele>
        <time>2026-09-21T13:36:56.000Z</time>
        <extensions>
          <ns3:TrackPointExtension>
            <ns3:hr>156</ns3:hr>
            <ns3:cad>90</ns3:cad>
          </ns3:TrackPointExtension>
        </extensions>
      </trkpt>
      <trkpt lat="30.5535339005291461944580078125" lon="104.04703916050493717193603515625">
        <ele>476</ele>
        <time>2026-09-21T13:36:57.000Z</time>
        <extensions>
          <ns3:TrackPointExtension>
            <ns3:hr>156</ns3:hr>
            <ns3:cad>90</ns3:cad>
          </ns3:TrackPointExtension>
        </extensions>
      </trkpt>
      <trkpt lat="30.5535350739955902099609375" lon="104.04701334424316883087158203125">
        <ele>476</ele>
        <time>2026-09-21T13:36:58.000Z</time>
        <extensions>
          <ns3:TrackPointExtension>
            <ns3:hr>156</ns3:hr>
            <ns3:cad>90</ns3:cad>
          </ns3:TrackPointExtension>
        </extensions>
      </trkpt>
      <trkpt lat="30.55353146977722644805908203125" lon="104.04698870144784450531005859375">
        <ele>476</ele>
        <time>2026-09-21T13:36:59.000Z</time>
        <extensions>
          <ns3:TrackPointExtension>
            <ns3:hr>156</ns3:hr>
            <ns3:cad>90</ns3:cad>
          </ns3:TrackPointExtension>
        </extensions>
      </trkpt>
      <trkpt lat="30.55353197269141674041748046875" lon="104.046954251825809478759765625">
        <ele>476</ele>
        <time>2026-09-21T13:37:00.000Z</time>
        <extensions>
          <ns3:TrackPointExtension>
            <ns3:hr>156</ns3:hr>
            <ns3:cad>90</ns3:cad>
          </ns3:TrackPointExtension>
        </extensions>
      </trkpt>
      <trkpt lat="30.5535271950066089630126953125" lon="104.04693136923015117645263671875">
        <ele>476</ele>
        <time>2026-09-21T13:37:01.000Z</time>
        <extensions>
          <ns3:TrackPointExtension>
            <ns3:hr>156</ns3:hr>
            <ns3:cad>89</ns3:cad>
          </ns3:TrackPointExtension>
        </extensions>
      </trkpt>
      <trkpt lat="30.5535282008349895477294921875" lon="104.04689767397940158843994140625">
        <ele>475.79998779296875</ele>
        <time>2026-09-21T13:37:02.000Z</time>
        <extensions>
          <ns3:TrackPointExtension>
            <ns3:hr>157</ns3:hr>
            <ns3:cad>89</ns3:cad>
          </ns3:TrackPointExtension>
        </extensions>
      </trkpt>
      <trkpt lat="30.55352979339659214019775390625" lon="104.0468742884695529937744140625">
        <ele>475.79998779296875</ele>
        <time>2026-09-21T13:37:03.000Z</time>
        <extensions>
          <ns3:TrackPointExtension>
            <ns3:hr>156</ns3:hr>
            <ns3:cad>89</ns3:cad>
          </ns3:TrackPointExtension>
        </extensions>
      </trkpt>
      <trkpt lat="30.55353297851979732513427734375" lon="104.04683782719075679779052734375">
        <ele>475.79998779296875</ele>
        <time>2026-09-21T13:37:04.000Z</time>
        <extensions>
          <ns3:TrackPointExtension>
            <ns3:hr>156</ns3:hr>
            <ns3:cad>89</ns3:cad>
          </ns3:TrackPointExtension>
        </extensions>
      </trkpt>
      <trkpt lat="30.5535282008349895477294921875" lon="104.0468131005764007568359375">
        <ele>475.79998779296875</ele>
        <time>2026-09-21T13:37:05.000Z</time>
        <extensions>
          <ns3:TrackPointExtension>
            <ns3:hr>156</ns3:hr>
            <ns3:cad>89</ns3:cad>
          </ns3:TrackPointExtension>
        </extensions>
      </trkpt>
      <trkpt lat="30.5535295419394969940185546875" lon="104.046773202717304229736328125">
        <ele>475.79998779296875</ele>
        <time>2026-09-21T13:37:06.000Z</time>
        <extensions>
          <ns3:TrackPointExtension>
            <ns3:hr>156</ns3:hr>
            <ns3:cad>89</ns3:cad>
          </ns3:TrackPointExtension>
        </extensions>
      </trkpt>
      <trkpt lat="30.55352501571178436279296875" lon="104.04674679972231388092041015625">
        <ele>475.600006103515625</ele>
        <time>2026-09-21T13:37:07.000Z</time>
        <extensions>
          <ns3:TrackPointExtension>
            <ns3:hr>156</ns3:hr>
            <ns3:cad>89</ns3:cad>
          </ns3:TrackPointExtension>
        </extensions>
      </trkpt>
      <trkpt lat="30.55353046394884586334228515625" lon="104.046712853014469146728515625">
        <ele>475.600006103515625</ele>
        <time>2026-09-21T13:37:08.000Z</time>
        <extensions>
          <ns3:TrackPointExtension>
            <ns3:hr>156</ns3:hr>
            <ns3:cad>89</ns3:cad>
          </ns3:TrackPointExtension>
        </extensions>
      </trkpt>
      <trkpt lat="30.5535278655588626861572265625" lon="104.0466861985623836517333984375">
        <ele>475.600006103515625</ele>
        <time>2026-09-21T13:37:09.000Z</time>
        <extensions>
          <ns3:TrackPointExtension>
            <ns3:hr>156</ns3:hr>
            <ns3:cad>90</ns3:cad>
          </ns3:TrackPointExtension>
        </extensions>
      </trkpt>
      <trkpt lat="30.55353063158690929412841796875" lon="104.04664722271263599395751953125">
        <ele>475.600006103515625</ele>
        <time>2026-09-21T13:37:10.000Z</time>
        <extensions>
          <ns3:TrackPointExtension>
            <ns3:hr>156</ns3:hr>
            <ns3:cad>90</ns3:cad>
          </ns3:TrackPointExtension>
        </extensions>
      </trkpt>
      <trkpt lat="30.5535302124917507171630859375" lon="104.04662090353667736053466796875">
        <ele>475.600006103515625</ele>
        <time>2026-09-21T13:37:11.000Z</time>
        <extensions>
          <ns3:TrackPointExtension>
            <ns3:hr>156</ns3:hr>
            <ns3:cad>90</ns3:cad>
          </ns3:TrackPointExtension>
        </extensions>
      </trkpt>
      <trkpt lat="30.55353381671011447906494140625" lon="104.04658905230462551116943359375">
        <ele>475.600006103515625</ele>
        <time>2026-09-21T13:37:12.000Z</time>
        <extensions>
          <ns3:TrackPointExtension>
            <ns3:hr>156</ns3:hr>
            <ns3:cad>89</ns3:cad>
          </ns3:TrackPointExtension>
        </extensions>
      </trkpt>
      <trkpt lat="30.55352979339659214019775390625" lon="104.04656508006155490875244140625">
        <ele>475.399993896484375</ele>
        <time>2026-09-21T13:37:13.000Z</time>
        <extensions>
          <ns3:TrackPointExtension>
            <ns3:hr>156</ns3:hr>
            <ns3:cad>89</ns3:cad>
          </ns3:TrackPointExtension>
        </extensions>
      </trkpt>
      <trkpt lat="30.5535171367228031158447265625" lon="104.0465427003800868988037109375">
        <ele>475.399993896484375</ele>
        <time>2026-09-21T13:37:14.000Z</time>
        <extensions>
          <ns3:TrackPointExtension>
            <ns3:hr>156</ns3:hr>
            <ns3:cad>89</ns3:cad>
          </ns3:TrackPointExtension>
        </extensions>
      </trkpt>
      <trkpt lat="30.55350196547806262969970703125" lon="104.0465242601931095123291015625">
        <ele>475.399993896484375</ele>
        <time>2026-09-21T13:37:15.000Z</time>
        <extensions>
          <ns3:TrackPointExtension>
            <ns3:hr>156</ns3:hr>
            <ns3:cad>89</ns3:cad>
          </ns3:TrackPointExtension>
        </extensions>
      </trkpt>
      <trkpt lat="30.553483106195926666259765625" lon="104.04650305397808551788330078125">
        <ele>475.399993896484375</ele>
        <time>2026-09-21T13:37:16.000Z</time>
        <extensions>
          <ns3:TrackPointExtension>
            <ns3:hr>156</ns3:hr>
            <ns3:cad>89</ns3:cad>
          </ns3:TrackPointExtension>
        </extensions>
      </trkpt>
      <trkpt lat="30.55346868932247161865234375" lon="104.0464917384088039398193359375">
        <ele>475.600006103515625</ele>
        <time>2026-09-21T13:37:17.000Z</time>
        <extensions>
          <ns3:TrackPointExtension>
            <ns3:hr>155</ns3:hr>
            <ns3:cad>89</ns3:cad>
          </ns3:TrackPointExtension>
        </extensions>
      </trkpt>
      <trkpt lat="30.553447902202606201171875" lon="104.04647556133568286895751953125">
        <ele>475.600006103515625</ele>
        <time>2026-09-21T13:37:18.000Z</time>
        <extensions>
          <ns3:TrackPointExtension>
            <ns3:hr>156</ns3:hr>
            <ns3:cad>89</ns3:cad>
          </ns3:TrackPointExtension>
        </extensions>
      </trkpt>
      <trkpt lat="30.5534353293478488922119140625" lon="104.04646533541381359100341796875">
        <ele>475.79998779296875</ele>
        <time>2026-09-21T13:37:19.000Z</time>
        <extensions>
          <ns3:TrackPointExtension>
            <ns3:hr>156</ns3:hr>
            <ns3:cad>89</ns3:cad>
          </ns3:TrackPointExtension>
        </extensions>
      </trkpt>
      <trkpt lat="30.55342183448374271392822265625" lon="104.0464508347213268280029296875">
        <ele>475.79998779296875</ele>
        <time>2026-09-21T13:37:20.000Z</time>
        <extensions>
          <ns3:TrackPointExtension>
            <ns3:hr>156</ns3:hr>
            <ns3:cad>90</ns3:cad>
          </ns3:TrackPointExtension>
        </extensions>
      </trkpt>
      <trkpt lat="30.553407333791255950927734375" lon="104.046440608799457550048828125">
        <ele>476</ele>
        <time>2026-09-21T13:37:21.000Z</time>
        <extensions>
          <ns3:TrackPointExtension>
            <ns3:hr>156</ns3:hr>
            <ns3:cad>90</ns3:cad>
          </ns3:TrackPointExtension>
        </extensions>
      </trkpt>
      <trkpt lat="30.5533863790333271026611328125" lon="104.04642476700246334075927734375">
        <ele>476</ele>
        <time>2026-09-21T13:37:22.000Z</time>
        <extensions>
          <ns3:TrackPointExtension>
            <ns3:hr>156</ns3:hr>
            <ns3:cad>90</ns3:cad>
          </ns3:TrackPointExtension>
        </extensions>
      </trkpt>
      <trkpt lat="30.55336802266538143157958984375" lon="104.0464159660041332244873046875">
        <ele>476.20001220703125</ele>
        <time>2026-09-21T13:37:23.000Z</time>
        <extensions>
          <ns3:TrackPointExtension>
            <ns3:hr>156</ns3:hr>
            <ns3:cad>89</ns3:cad>
          </ns3:TrackPointExtension>
        </extensions>
      </trkpt>
      <trkpt lat="30.55334706790745258331298828125" lon="104.04640230350196361541748046875">
        <ele>476.20001220703125</ele>
        <time>2026-09-21T13:37:24.000Z</time>
        <extensions>
          <ns3:TrackPointExtension>
            <ns3:hr>155</ns3:hr>
            <ns3:cad>89</ns3:cad>
          </ns3:TrackPointExtension>
        </extensions>
      </trkpt>
      <trkpt lat="30.553325526416301727294921875" lon="104.0463908202946186065673828125">
        <ele>476.20001220703125</ele>
        <time>2026-09-21T13:37:25.000Z</time>
        <extensions>
          <ns3:TrackPointExtension>
            <ns3:hr>156</ns3:hr>
            <ns3:cad>89</ns3:cad>
          </ns3:TrackPointExtension>
        </extensions>
      </trkpt>
      <trkpt lat="30.55330096744000911712646484375" lon="104.04637196101248264312744140625">
        <ele>476.20001220703125</ele>
        <time>2026-09-21T13:37:26.000Z</time>
        <extensions>
          <ns3:TrackPointExtension>
            <ns3:hr>156</ns3:hr>
            <ns3:cad>90</ns3:cad>
          </ns3:TrackPointExtension>
        </extensions>
      </trkpt>
      <trkpt lat="30.5532829463481903076171875" lon="104.04636139981448650360107421875">
        <ele>476.20001220703125</ele>
        <time>2026-09-21T13:37:27.000Z</time>
        <extensions>
          <ns3:TrackPointExtension>
            <ns3:hr>155</ns3:hr>
            <ns3:cad>90</ns3:cad>
          </ns3:TrackPointExtension>
        </extensions>
      </trkpt>
      <trkpt lat="30.55325218476355075836181640625" lon="104.0463438816368579864501953125">
        <ele>476.20001220703125</ele>
        <time>2026-09-21T13:37:28.000Z</time>
        <extensions>
          <ns3:TrackPointExtension>
            <ns3:hr>155</ns3:hr>
            <ns3:cad>89</ns3:cad>
          </ns3:TrackPointExtension>
        </extensions>
      </trkpt>
      <trkpt lat="30.5532277934253215789794921875" lon="104.04633365571498870849609375">
        <ele>476.20001220703125</ele>
        <time>2026-09-21T13:37:29.000Z</time>
        <extensions>
          <ns3:TrackPointExtension>
            <ns3:hr>155</ns3:hr>
            <ns3:cad>89</ns3:cad>
          </ns3:TrackPointExtension>
        </extensions>
      </trkpt>
      <trkpt lat="30.55320256389677524566650390625" lon="104.0463220886886119842529296875">
        <ele>476.20001220703125</ele>
        <time>2026-09-21T13:37:30.000Z</time>
        <extensions>
          <ns3:TrackPointExtension>
            <ns3:hr>156</ns3:hr>
            <ns3:cad>89</ns3:cad>
          </ns3:TrackPointExtension>
        </extensions>
      </trkpt>
      <trkpt lat="30.5531801842153072357177734375" lon="104.04632133431732654571533203125">
        <ele>476.20001220703125</ele>
        <time>2026-09-21T13:37:31.000Z</time>
        <extensions>
          <ns3:TrackPointExtension>
            <ns3:hr>155</ns3:hr>
            <ns3:cad>89</ns3:cad>
          </ns3:TrackPointExtension>
        </extensions>
      </trkpt>
      <trkpt lat="30.55315621197223663330078125" lon="104.0463177300989627838134765625">
        <ele>476.20001220703125</ele>
        <time>2026-09-21T13:37:32.000Z</time>
        <extensions>
          <ns3:TrackPointExtension>
            <ns3:hr>156</ns3:hr>
            <ns3:cad>89</ns3:cad>
          </ns3:TrackPointExtension>
        </extensions>
      </trkpt>
      <trkpt lat="30.55313098244369029998779296875" lon="104.046311862766742706298828125">
        <ele>476.20001220703125</ele>
        <time>2026-09-21T13:37:33.000Z</time>
        <extensions>
          <ns3:TrackPointExtension>
            <ns3:hr>156</ns3:hr>
            <ns3:cad>89</ns3:cad>
          </ns3:TrackPointExtension>
        </extensions>
      </trkpt>
      <trkpt lat="30.55310332216322422027587890625" lon="104.04630792327225208282470703125">
        <ele>476.20001220703125</ele>
        <time>2026-09-21T13:37:34.000Z</time>
        <extensions>
          <ns3:TrackPointExtension>
            <ns3:hr>156</ns3:hr>
            <ns3:cad>89</ns3:cad>
          </ns3:TrackPointExtension>
        </extensions>
      </trkpt>
      <trkpt lat="30.55307851172983646392822265625" lon="104.04630356468260288238525390625">
        <ele>476.20001220703125</ele>
        <time>2026-09-21T13:37:35.000Z</time>
        <extensions>
          <ns3:TrackPointExtension>
            <ns3:hr>155</ns3:hr>
            <ns3:cad>89</ns3:cad>
          </ns3:TrackPointExtension>
        </extensions>
      </trkpt>
      <trkpt lat="30.5530522763729095458984375" lon="104.04630222357809543609619140625">
        <ele>476.20001220703125</ele>
        <time>2026-09-21T13:37:36.000Z</time>
        <extensions>
          <ns3:TrackPointExtension>
            <ns3:hr>155</ns3:hr>
            <ns3:cad>89</ns3:cad>
          </ns3:TrackPointExtension>
        </extensions>
      </trkpt>
      <trkpt lat="30.55302822031080722808837890625" lon="104.04630071483552455902099609375">
        <ele>476.20001220703125</ele>
        <time>2026-09-21T13:37:37.000Z</time>
        <extensions>
          <ns3:TrackPointExtension>
            <ns3:hr>155</ns3:hr>
            <ns3:cad>90</ns3:cad>
          </ns3:TrackPointExtension>
        </extensions>
      </trkpt>
      <trkpt lat="30.55299804545938968658447265625" lon="104.0463073365390300750732421875">
        <ele>476.20001220703125</ele>
        <time>2026-09-21T13:37:38.000Z</time>
        <extensions>
          <ns3:TrackPointExtension>
            <ns3:hr>154</ns3:hr>
            <ns3:cad>90</ns3:cad>
          </ns3:TrackPointExtension>
        </extensions>
      </trkpt>
      <trkpt lat="30.55297759361565113067626953125" lon="104.04630725271999835968017578125">
        <ele>476.20001220703125</ele>
        <time>2026-09-21T13:37:39.000Z</time>
        <extensions>
          <ns3:TrackPointExtension>
            <ns3:hr>154</ns3:hr>
            <ns3:cad>90</ns3:cad>
          </ns3:TrackPointExtension>
        </extensions>
      </trkpt>
      <trkpt lat="30.55295228026807308197021484375" lon="104.0463101863861083984375">
        <ele>476.20001220703125</ele>
        <time>2026-09-21T13:37:40.000Z</time>
        <extensions>
          <ns3:TrackPointExtension>
            <ns3:hr>154</ns3:hr>
            <ns3:cad>90</ns3:cad>
          </ns3:TrackPointExtension>
        </extensions>
      </trkpt>
      <trkpt lat="30.5529293976724147796630859375" lon="104.046313874423503875732421875">
        <ele>476</ele>
        <time>2026-09-21T13:37:41.000Z</time>
        <extensions>
          <ns3:TrackPointExtension>
            <ns3:hr>153</ns3:hr>
            <ns3:cad>90</ns3:cad>
          </ns3:TrackPointExtension>
        </extensions>
      </trkpt>
      <trkpt lat="30.552900731563568115234375" lon="104.04632083140313625335693359375">
        <ele>476.20001220703125</ele>
        <time>2026-09-21T13:37:42.000Z</time>
        <extensions>
          <ns3:TrackPointExtension>
            <ns3:hr>153</ns3:hr>
            <ns3:cad>90</ns3:cad>
          </ns3:TrackPointExtension>
        </extensions>
      </trkpt>
      <trkpt lat="30.55287634022533893585205078125" lon="104.04633097350597381591796875">
        <ele>476.20001220703125</ele>
        <time>2026-09-21T13:37:43.000Z</time>
        <extensions>
          <ns3:TrackPointExtension>
            <ns3:hr>153</ns3:hr>
            <ns3:cad>90</ns3:cad>
          </ns3:TrackPointExtension>
        </extensions>
      </trkpt>
      <trkpt lat="30.552848093211650848388671875" lon="104.04634279198944568634033203125">
        <ele>476.20001220703125</ele>
        <time>2026-09-21T13:37:44.000Z</time>
        <extensions>
          <ns3:TrackPointExtension>
            <ns3:hr>153</ns3:hr>
            <ns3:cad>90</ns3:cad>
          </ns3:TrackPointExtension>
        </extensions>
      </trkpt>
      <trkpt lat="30.5528335087001323699951171875" lon="104.04635301791131496429443359375">
        <ele>476.20001220703125</ele>
        <time>2026-09-21T13:37:45.000Z</time>
        <extensions>
          <ns3:TrackPointExtension>
            <ns3:hr>153</ns3:hr>
            <ns3:cad>90</ns3:cad>
          </ns3:TrackPointExtension>
        </extensions>
      </trkpt>
      <trkpt lat="30.55280643515288829803466796875" lon="104.04636508785188198089599609375">
        <ele>476.20001220703125</ele>
        <time>2026-09-21T13:37:46.000Z</time>
        <extensions>
          <ns3:TrackPointExtension>
            <ns3:hr>154</ns3:hr>
            <ns3:cad>90</ns3:cad>
          </ns3:TrackPointExtension>
        </extensions>
      </trkpt>
      <trkpt lat="30.5527872405946254730224609375" lon="104.0463764034211635589599609375">
        <ele>476.399993896484375</ele>
        <time>2026-09-21T13:37:47.000Z</time>
        <extensions>
          <ns3:TrackPointExtension>
            <ns3:hr>154</ns3:hr>
            <ns3:cad>90</ns3:cad>
          </ns3:TrackPointExtension>
        </extensions>
      </trkpt>
      <trkpt lat="30.55276167578995227813720703125" lon="104.0463924966752529144287109375">
        <ele>476.399993896484375</ele>
        <time>2026-09-21T13:37:48.000Z</time>
        <extensions>
          <ns3:TrackPointExtension>
            <ns3:hr>154</ns3:hr>
            <ns3:cad>90</ns3:cad>
          </ns3:TrackPointExtension>
        </extensions>
      </trkpt>
      <trkpt lat="30.55274709127843379974365234375" lon="104.046407751739025115966796875">
        <ele>476.399993896484375</ele>
        <time>2026-09-21T13:37:49.000Z</time>
        <extensions>
          <ns3:TrackPointExtension>
            <ns3:hr>154</ns3:hr>
            <ns3:cad>90</ns3:cad>
          </ns3:TrackPointExtension>
        </extensions>
      </trkpt>
      <trkpt lat="30.55272261612117290496826171875" lon="104.04642342589795589447021484375">
        <ele>476.399993896484375</ele>
        <time>2026-09-21T13:37:50.000Z</time>
        <extensions>
          <ns3:TrackPointExtension>
            <ns3:hr>155</ns3:hr>
            <ns3:cad>90</ns3:cad>
          </ns3:TrackPointExtension>
        </extensions>
      </trkpt>
      <trkpt lat="30.55270694196224212646484375" lon="104.04644069261848926544189453125">
        <ele>476.600006103515625</ele>
        <time>2026-09-21T13:37:51.000Z</time>
        <extensions>
          <ns3:TrackPointExtension>
            <ns3:hr>155</ns3:hr>
            <ns3:cad>89</ns3:cad>
          </ns3:TrackPointExtension>
        </extensions>
      </trkpt>
      <trkpt lat="30.55268221534788608551025390625" lon="104.04645762406289577484130859375">
        <ele>476.600006103515625</ele>
        <time>2026-09-21T13:37:52.000Z</time>
        <extensions>
          <ns3:TrackPointExtension>
            <ns3:hr>154</ns3:hr>
            <ns3:cad>89</ns3:cad>
          </ns3:TrackPointExtension>
        </extensions>
      </trkpt>
      <trkpt lat="30.55266545154154300689697265625" lon="104.0464702807366847991943359375">
        <ele>476.600006103515625</ele>
        <time>2026-09-21T13:37:53.000Z</time>
        <extensions>
          <ns3:TrackPointExtension>
            <ns3:hr>154</ns3:hr>
            <ns3:cad>89</ns3:cad>
          </ns3:TrackPointExtension>
        </extensions>
      </trkpt>
      <trkpt lat="30.5526403896510601043701171875" lon="104.04648922383785247802734375">
        <ele>476.600006103515625</ele>
        <time>2026-09-21T13:37:54.000Z</time>
        <extensions>
          <ns3:TrackPointExtension>
            <ns3:hr>154</ns3:hr>
            <ns3:cad>89</ns3:cad>
          </ns3:TrackPointExtension>
        </extensions>
      </trkpt>
      <trkpt lat="30.55262379348278045654296875" lon="104.0465007908642292022705078125">
        <ele>476.79998779296875</ele>
        <time>2026-09-21T13:37:55.000Z</time>
        <extensions>
          <ns3:TrackPointExtension>
            <ns3:hr>153</ns3:hr>
            <ns3:cad>89</ns3:cad>
          </ns3:TrackPointExtension>
        </extensions>
      </trkpt>
      <trkpt lat="30.55259571410715579986572265625" lon="104.04651545919477939605712890625">
        <ele>476.79998779296875</ele>
        <time>2026-09-21T13:37:56.000Z</time>
        <extensions>
          <ns3:TrackPointExtension>
            <ns3:hr>153</ns3:hr>
            <ns3:cad>89</ns3:cad>
          </ns3:TrackPointExtension>
        </extensions>
      </trkpt>
      <trkpt lat="30.552575848996639251708984375" lon="104.04652920551598072052001953125">
        <ele>476.79998779296875</ele>
        <time>2026-09-21T13:37:57.000Z</time>
        <extensions>
          <ns3:TrackPointExtension>
            <ns3:hr>152</ns3:hr>
            <ns3:cad>89</ns3:cad>
          </ns3:TrackPointExtension>
        </extensions>
      </trkpt>
      <trkpt lat="30.55254827253520488739013671875" lon="104.04653892852365970611572265625">
        <ele>476.79998779296875</ele>
        <time>2026-09-21T13:37:58.000Z</time>
        <extensions>
          <ns3:TrackPointExtension>
            <ns3:hr>152</ns3:hr>
            <ns3:cad>89</ns3:cad>
          </ns3:TrackPointExtension>
        </extensions>
      </trkpt>
      <trkpt lat="30.5525310896337032318115234375" lon="104.0465529263019561767578125">
        <ele>477</ele>
        <time>2026-09-21T13:37:59.000Z</time>
        <extensions>
          <ns3:TrackPointExtension>
            <ns3:hr>152</ns3:hr>
            <ns3:cad>89</ns3:cad>
          </ns3:TrackPointExtension>
        </extensions>
      </trkpt>
      <trkpt lat="30.55250502191483974456787109375" lon="104.04656566679477691650390625">
        <ele>477</ele>
        <time>2026-09-21T13:38:00.000Z</time>
        <extensions>
          <ns3:TrackPointExtension>
            <ns3:hr>152</ns3:hr>
            <ns3:cad>89</ns3:cad>
          </ns3:TrackPointExtension>
        </extensions>
      </trkpt>
      <trkpt lat="30.552489347755908966064453125" lon="104.04657396487891674041748046875">
        <ele>477</ele>
        <time>2026-09-21T13:38:01.000Z</time>
        <extensions>
          <ns3:TrackPointExtension>
            <ns3:hr>151</ns3:hr>
            <ns3:cad>90</ns3:cad>
          </ns3:TrackPointExtension>
        </extensions>
      </trkpt>
      <trkpt lat="30.55246043018996715545654296875" lon="104.04657849110662937164306640625">
        <ele>477.20001220703125</ele>
        <time>2026-09-21T13:38:02.000Z</time>
        <extensions>
          <ns3:TrackPointExtension>
            <ns3:hr>152</ns3:hr>
            <ns3:cad>90</ns3:cad>
          </ns3:TrackPointExtension>
        </extensions>
      </trkpt>
      <trkpt lat="30.55244299583137035369873046875" lon="104.04658704064786434173583984375">
        <ele>477.20001220703125</ele>
        <time>2026-09-21T13:38:03.000Z</time>
        <extensions>
          <ns3:TrackPointExtension>
            <ns3:hr>153</ns3:hr>
            <ns3:cad>90</ns3:cad>
          </ns3:TrackPointExtension>
        </extensions>
      </trkpt>
      <trkpt lat="30.5524140782654285430908203125" lon="104.04659382998943328857421875">
        <ele>477.20001220703125</ele>
        <time>2026-09-21T13:38:04.000Z</time>
        <extensions>
          <ns3:TrackPointExtension>
            <ns3:hr>153</ns3:hr>
            <ns3:cad>90</ns3:cad>
          </ns3:TrackPointExtension>
        </extensions>
      </trkpt>
      <trkpt lat="30.55239404551684856414794921875" lon="104.04659776948392391204833984375">
        <ele>477.20001220703125</ele>
        <time>2026-09-21T13:38:05.000Z</time>
        <extensions>
          <ns3:TrackPointExtension>
            <ns3:hr>153</ns3:hr>
            <ns3:cad>89</ns3:cad>
          </ns3:TrackPointExtension>
        </extensions>
      </trkpt>
      <trkpt lat="30.5523651279509067535400390625" lon="104.04659860767424106597900390625">
        <ele>477.20001220703125</ele>
        <time>2026-09-21T13:38:06.000Z</time>
        <extensions>
          <ns3:TrackPointExtension>
            <ns3:hr>154</ns3:hr>
            <ns3:cad>89</ns3:cad>
          </ns3:TrackPointExtension>
        </extensions>
      </trkpt>
      <trkpt lat="30.5523423291742801666259765625" lon="104.04660481028258800506591796875">
        <ele>477.399993896484375</ele>
        <time>2026-09-21T13:38:07.000Z</time>
        <extensions>
          <ns3:TrackPointExtension>
            <ns3:hr>154</ns3:hr>
            <ns3:cad>89</ns3:cad>
          </ns3:TrackPointExtension>
        </extensions>
      </trkpt>
      <trkpt lat="30.55231190286576747894287109375" lon="104.04660732485353946685791015625">
        <ele>477.399993896484375</ele>
        <time>2026-09-21T13:38:08.000Z</time>
        <extensions>
          <ns3:TrackPointExtension>
            <ns3:hr>154</ns3:hr>
            <ns3:cad>88</ns3:cad>
          </ns3:TrackPointExtension>
        </extensions>
      </trkpt>
      <trkpt lat="30.55229245685040950775146484375" lon="104.04660983942449092864990234375">
        <ele>477.399993896484375</ele>
        <time>2026-09-21T13:38:09.000Z</time>
        <extensions>
          <ns3:TrackPointExtension>
            <ns3:hr>155</ns3:hr>
            <ns3:cad>88</ns3:cad>
          </ns3:TrackPointExtension>
        </extensions>
      </trkpt>
      <trkpt lat="30.55226446129381656646728515625" lon="104.04661134816706180572509765625">
        <ele>477.399993896484375</ele>
        <time>2026-09-21T13:38:10.000Z</time>
        <extensions>
          <ns3:TrackPointExtension>
            <ns3:hr>155</ns3:hr>
            <ns3:cad>88</ns3:cad>
          </ns3:TrackPointExtension>
        </extensions>
      </trkpt>
      <trkpt lat="30.5522437579929828643798828125" lon="104.04661394655704498291015625">
        <ele>477.399993896484375</ele>
        <time>2026-09-21T13:38:11.000Z</time>
        <extensions>
          <ns3:TrackPointExtension>
            <ns3:hr>155</ns3:hr>
            <ns3:cad>88</ns3:cad>
          </ns3:TrackPointExtension>
        </extensions>
      </trkpt>
      <trkpt lat="30.55221450515091419219970703125" lon="104.04661394655704498291015625">
        <ele>477.399993896484375</ele>
        <time>2026-09-21T13:38:12.000Z</time>
        <extensions>
          <ns3:TrackPointExtension>
            <ns3:hr>156</ns3:hr>
            <ns3:cad>88</ns3:cad>
          </ns3:TrackPointExtension>
        </extensions>
      </trkpt>
      <trkpt lat="30.5521951429545879364013671875" lon="104.04662459157407283782958984375">
        <ele>477.20001220703125</ele>
        <time>2026-09-21T13:38:13.000Z</time>
        <extensions>
          <ns3:TrackPointExtension>
            <ns3:hr>156</ns3:hr>
            <ns3:cad>89</ns3:cad>
          </ns3:TrackPointExtension>
        </extensions>
      </trkpt>
      <trkpt lat="30.55216773413121700286865234375" lon="104.04662895016372203826904296875">
        <ele>477.20001220703125</ele>
        <time>2026-09-21T13:38:14.000Z</time>
        <extensions>
          <ns3:TrackPointExtension>
            <ns3:hr>156</ns3:hr>
            <ns3:cad>89</ns3:cad>
          </ns3:TrackPointExtension>
        </extensions>
      </trkpt>
      <trkpt lat="30.55214426480233669281005859375" lon="104.04663448221981525421142578125">
        <ele>477.20001220703125</ele>
        <time>2026-09-21T13:38:15.000Z</time>
        <extensions>
          <ns3:TrackPointExtension>
            <ns3:hr>157</ns3:hr>
            <ns3:cad>89</ns3:cad>
          </ns3:TrackPointExtension>
        </extensions>
      </trkpt>
      <trkpt lat="30.552117191255092620849609375" lon="104.04663766734302043914794921875">
        <ele>477.20001220703125</ele>
        <time>2026-09-21T13:38:16.000Z</time>
        <extensions>
          <ns3:TrackPointExtension>
            <ns3:hr>157</ns3:hr>
            <ns3:cad>89</ns3:cad>
          </ns3:TrackPointExtension>
        </extensions>
      </trkpt>
      <trkpt lat="30.55209263227880001068115234375" lon="104.0466406010091304779052734375">
        <ele>477.20001220703125</ele>
        <time>2026-09-21T13:38:17.000Z</time>
        <extensions>
          <ns3:TrackPointExtension>
            <ns3:hr>157</ns3:hr>
            <ns3:cad>89</ns3:cad>
          </ns3:TrackPointExtension>
        </extensions>
      </trkpt>
      <trkpt lat="30.55206497199833393096923828125" lon="104.04663942754268646240234375">
        <ele>477.20001220703125</ele>
        <time>2026-09-21T13:38:18.000Z</time>
        <extensions>
          <ns3:TrackPointExtension>
            <ns3:hr>157</ns3:hr>
            <ns3:cad>89</ns3:cad>
          </ns3:TrackPointExtension>
        </extensions>
      </trkpt>
      <trkpt lat="30.55204183794558048248291015625" lon="104.0466395951807498931884765625">
        <ele>477.20001220703125</ele>
        <time>2026-09-21T13:38:19.000Z</time>
        <extensions>
          <ns3:TrackPointExtension>
            <ns3:hr>157</ns3:hr>
            <ns3:cad>89</ns3:cad>
          </ns3:TrackPointExtension>
        </extensions>
      </trkpt>
      <trkpt lat="30.55201618932187557220458984375" lon="104.046636410057544708251953125">
        <ele>477.20001220703125</ele>
        <time>2026-09-21T13:38:20.000Z</time>
        <extensions>
          <ns3:TrackPointExtension>
            <ns3:hr>157</ns3:hr>
            <ns3:cad>89</ns3:cad>
          </ns3:TrackPointExtension>
        </extensions>
      </trkpt>
      <trkpt lat="30.55199422873556613922119140625" lon="104.04663163237273693084716796875">
        <ele>477</ele>
        <time>2026-09-21T13:38:21.000Z</time>
        <extensions>
          <ns3:TrackPointExtension>
            <ns3:hr>157</ns3:hr>
            <ns3:cad>89</ns3:cad>
          </ns3:TrackPointExtension>
        </extensions>
      </trkpt>
      <trkpt lat="30.551966316998004913330078125" lon="104.04662995599210262298583984375">
        <ele>477</ele>
        <time>2026-09-21T13:38:22.000Z</time>
        <extensions>
          <ns3:TrackPointExtension>
            <ns3:hr>157</ns3:hr>
            <ns3:cad>89</ns3:cad>
          </ns3:TrackPointExtension>
        </extensions>
      </trkpt>
      <trkpt lat="30.5519413389265537261962890625" lon="104.04663364402949810028076171875">
        <ele>477</ele>
        <time>2026-09-21T13:38:23.000Z</time>
        <extensions>
          <ns3:TrackPointExtension>
            <ns3:hr>157</ns3:hr>
            <ns3:cad>89</ns3:cad>
          </ns3:TrackPointExtension>
        </extensions>
      </trkpt>
      <trkpt lat="30.55191703140735626220703125" lon="104.0466268546879291534423828125">
        <ele>476.79998779296875</ele>
        <time>2026-09-21T13:38:24.000Z</time>
        <extensions>
          <ns3:TrackPointExtension>
            <ns3:hr>156</ns3:hr>
            <ns3:cad>89</ns3:cad>
          </ns3:TrackPointExtension>
        </extensions>
      </trkpt>
      <trkpt lat="30.551893897354602813720703125" lon="104.04661788605153560638427734375">
        <ele>476.79998779296875</ele>
        <time>2026-09-21T13:38:25.000Z</time>
        <extensions>
          <ns3:TrackPointExtension>
            <ns3:hr>156</ns3:hr>
            <ns3:cad>90</ns3:cad>
          </ns3:TrackPointExtension>
        </extensions>
      </trkpt>
      <trkpt lat="30.5518679134547710418701171875" lon="104.04660799540579319000244140625">
        <ele>476.79998779296875</ele>
        <time>2026-09-21T13:38:26.000Z</time>
        <extensions>
          <ns3:TrackPointExtension>
            <ns3:hr>156</ns3:hr>
            <ns3:cad>90</ns3:cad>
          </ns3:TrackPointExtension>
        </extensions>
      </trkpt>
      <trkpt lat="30.5518431030213832855224609375" lon="104.04659978114068508148193359375">
        <ele>477</ele>
        <time>2026-09-21T13:38:27.000Z</time>
        <extensions>
          <ns3:TrackPointExtension>
            <ns3:hr>156</ns3:hr>
            <ns3:cad>90</ns3:cad>
          </ns3:TrackPointExtension>
        </extensions>
      </trkpt>
      <trkpt lat="30.55181737057864665985107421875" lon="104.04658846557140350341796875">
        <ele>477</ele>
        <time>2026-09-21T13:38:28.000Z</time>
        <extensions>
          <ns3:TrackPointExtension>
            <ns3:hr>156</ns3:hr>
            <ns3:cad>90</ns3:cad>
          </ns3:TrackPointExtension>
        </extensions>
      </trkpt>
      <trkpt lat="30.5517943203449249267578125" lon="104.0465819276869297027587890625">
        <ele>477</ele>
        <time>2026-09-21T13:38:29.000Z</time>
        <extensions>
          <ns3:TrackPointExtension>
            <ns3:hr>156</ns3:hr>
            <ns3:cad>90</ns3:cad>
          </ns3:TrackPointExtension>
        </extensions>
      </trkpt>
      <trkpt lat="30.551767833530902862548828125" lon="104.0465732105076313018798828125">
        <ele>477</ele>
        <time>2026-09-21T13:38:30.000Z</time>
        <extensions>
          <ns3:TrackPointExtension>
            <ns3:hr>156</ns3:hr>
            <ns3:cad>89</ns3:cad>
          </ns3:TrackPointExtension>
        </extensions>
      </trkpt>
      <trkpt lat="30.55174578912556171417236328125" lon="104.04656407423317432403564453125">
        <ele>477</ele>
        <time>2026-09-21T13:38:31.000Z</time>
        <extensions>
          <ns3:TrackPointExtension>
            <ns3:hr>156</ns3:hr>
            <ns3:cad>89</ns3:cad>
          </ns3:TrackPointExtension>
        </extensions>
      </trkpt>
      <trkpt lat="30.551720559597015380859375" lon="104.046551249921321868896484375">
        <ele>476.79998779296875</ele>
        <time>2026-09-21T13:38:32.000Z</time>
        <extensions>
          <ns3:TrackPointExtension>
            <ns3:hr>157</ns3:hr>
            <ns3:cad>89</ns3:cad>
          </ns3:TrackPointExtension>
        </extensions>
      </trkpt>
      <trkpt lat="30.5516975931823253631591796875" lon="104.04654261656105518341064453125">
        <ele>476.79998779296875</ele>
        <time>2026-09-21T13:38:33.000Z</time>
        <extensions>
          <ns3:TrackPointExtension>
            <ns3:hr>156</ns3:hr>
            <ns3:cad>89</ns3:cad>
          </ns3:TrackPointExtension>
        </extensions>
      </trkpt>
      <trkpt lat="30.55167521350085735321044921875" lon="104.046532809734344482421875">
        <ele>477</ele>
        <time>2026-09-21T13:38:34.000Z</time>
        <extensions>
          <ns3:TrackPointExtension>
            <ns3:hr>156</ns3:hr>
            <ns3:cad>89</ns3:cad>
          </ns3:TrackPointExtension>
        </extensions>
      </trkpt>
      <trkpt lat="30.551652498543262481689453125" lon="104.04652551747858524322509765625">
        <ele>477</ele>
        <time>2026-09-21T13:38:35.000Z</time>
        <extensions>
          <ns3:TrackPointExtension>
            <ns3:hr>156</ns3:hr>
            <ns3:cad>90</ns3:cad>
          </ns3:TrackPointExtension>
        </extensions>
      </trkpt>
      <trkpt lat="30.551625005900859832763671875" lon="104.04651830904185771942138671875">
        <ele>476.79998779296875</ele>
        <time>2026-09-21T13:38:36.000Z</time>
        <extensions>
          <ns3:TrackPointExtension>
            <ns3:hr>156</ns3:hr>
            <ns3:cad>90</ns3:cad>
          </ns3:TrackPointExtension>
        </extensions>
      </trkpt>
      <trkpt lat="30.55160849355161190032958984375" lon="104.04651495628058910369873046875">
        <ele>476.79998779296875</ele>
        <time>2026-09-21T13:38:37.000Z</time>
        <extensions>
          <ns3:TrackPointExtension>
            <ns3:hr>156</ns3:hr>
            <ns3:cad>90</ns3:cad>
          </ns3:TrackPointExtension>
        </extensions>
      </trkpt>
      <trkpt lat="30.55158100090920925140380859375" lon="104.04650791548192501068115234375">
        <ele>477</ele>
        <time>2026-09-21T13:38:38.000Z</time>
        <extensions>
          <ns3:TrackPointExtension>
            <ns3:hr>156</ns3:hr>
            <ns3:cad>90</ns3:cad>
          </ns3:TrackPointExtension>
        </extensions>
      </trkpt>
      <trkpt lat="30.5515611357986927032470703125" lon="104.04650573618710041046142578125">
        <ele>477</ele>
        <time>2026-09-21T13:38:39.000Z</time>
        <extensions>
          <ns3:TrackPointExtension>
            <ns3:hr>156</ns3:hr>
            <ns3:cad>90</ns3:cad>
          </ns3:TrackPointExtension>
        </extensions>
      </trkpt>
      <trkpt lat="30.5515359900891780853271484375" lon="104.04649903066456317901611328125">
        <ele>477</ele>
        <time>2026-09-21T13:38:40.000Z</time>
        <extensions>
          <ns3:TrackPointExtension>
            <ns3:hr>156</ns3:hr>
            <ns3:cad>90</ns3:cad>
          </ns3:TrackPointExtension>
        </extensions>
      </trkpt>
      <trkpt lat="30.5515100061893463134765625" lon="104.0464912354946136474609375">
        <ele>477</ele>
        <time>2026-09-21T13:38:41.000Z</time>
        <extensions>
          <ns3:TrackPointExtension>
            <ns3:hr>157</ns3:hr>
            <ns3:cad>91</ns3:cad>
          </ns3:TrackPointExtension>
        </extensions>
      </trkpt>
      <trkpt lat="30.5514833517372608184814453125" lon="104.0464850328862667083740234375">
        <ele>477</ele>
        <time>2026-09-21T13:38:42.000Z</time>
        <extensions>
          <ns3:TrackPointExtension>
            <ns3:hr>157</ns3:hr>
            <ns3:cad>91</ns3:cad>
          </ns3:TrackPointExtension>
        </extensions>
      </trkpt>
      <trkpt lat="30.551457367837429046630859375" lon="104.04647715389728546142578125">
        <ele>477</ele>
        <time>2026-09-21T13:38:43.000Z</time>
        <extensions>
          <ns3:TrackPointExtension>
            <ns3:hr>157</ns3:hr>
            <ns3:cad>90</ns3:cad>
          </ns3:TrackPointExtension>
        </extensions>
      </trkpt>
      <trkpt lat="30.551430545747280120849609375" lon="104.0464702807366847991943359375">
        <ele>477</ele>
        <time>2026-09-21T13:38:44.000Z</time>
        <extensions>
          <ns3:TrackPointExtension>
            <ns3:hr>156</ns3:hr>
            <ns3:cad>90</ns3:cad>
          </ns3:TrackPointExtension>
        </extensions>
      </trkpt>
      <trkpt lat="30.55140296928584575653076171875" lon="104.04646382667124271392822265625">
        <ele>477</ele>
        <time>2026-09-21T13:38:45.000Z</time>
        <extensions>
          <ns3:TrackPointExtension>
            <ns3:hr>156</ns3:hr>
            <ns3:cad>89</ns3:cad>
          </ns3:TrackPointExtension>
        </extensions>
      </trkpt>
      <trkpt lat="30.551369190216064453125" lon="104.0464565344154834747314453125">
        <ele>477</ele>
        <time>2026-09-21T13:38:46.000Z</time>
        <extensions>
          <ns3:TrackPointExtension>
            <ns3:hr>157</ns3:hr>
            <ns3:cad>89</ns3:cad>
          </ns3:TrackPointExtension>
        </extensions>
      </trkpt>
      <trkpt lat="30.55134169757366180419921875" lon="104.04645410366356372833251953125">
        <ele>477</ele>
        <time>2026-09-21T13:38:47.000Z</time>
        <extensions>
          <ns3:TrackPointExtension>
            <ns3:hr>157</ns3:hr>
            <ns3:cad>90</ns3:cad>
          </ns3:TrackPointExtension>
        </extensions>
      </trkpt>
      <trkpt lat="30.55131060071289539337158203125" lon="104.04644639231264591217041015625">
        <ele>477</ele>
        <time>2026-09-21T13:38:48.000Z</time>
        <extensions>
          <ns3:TrackPointExtension>
            <ns3:hr>157</ns3:hr>
            <ns3:cad>90</ns3:cad>
          </ns3:TrackPointExtension>
        </extensions>
      </trkpt>
      <trkpt lat="30.5512862093746662139892578125" lon="104.04644236899912357330322265625">
        <ele>476.79998779296875</ele>
        <time>2026-09-21T13:38:49.000Z</time>
        <extensions>
          <ns3:TrackPointExtension>
            <ns3:hr>158</ns3:hr>
            <ns3:cad>90</ns3:cad>
          </ns3:TrackPointExtension>
        </extensions>
      </trkpt>
      <trkpt lat="30.551256872713565826416015625" lon="104.046437926590442657470703125">
        <ele>476.79998779296875</ele>
        <time>2026-09-21T13:38:50.000Z</time>
        <extensions>
          <ns3:TrackPointExtension>
            <ns3:hr>158</ns3:hr>
            <ns3:cad>91</ns3:cad>
          </ns3:TrackPointExtension>
        </extensions>
      </trkpt>
      <trkpt lat="30.55123315192759037017822265625" lon="104.04643633402884006500244140625">
        <ele>476.79998779296875</ele>
        <time>2026-09-21T13:38:51.000Z</time>
        <extensions>
          <ns3:TrackPointExtension>
            <ns3:hr>158</ns3:hr>
            <ns3:cad>91</ns3:cad>
          </ns3:TrackPointExtension>
        </extensions>
      </trkpt>
      <trkpt lat="30.5512042343616485595703125" lon="104.04643021523952484130859375">
        <ele>476.600006103515625</ele>
        <time>2026-09-21T13:38:52.000Z</time>
        <extensions>
          <ns3:TrackPointExtension>
            <ns3:hr>159</ns3:hr>
            <ns3:cad>92</ns3:cad>
          </ns3:TrackPointExtension>
        </extensions>
      </trkpt>
      <trkpt lat="30.55118076503276824951171875" lon="104.0464317239820957183837890625">
        <ele>476.399993896484375</ele>
        <time>2026-09-21T13:38:53.000Z</time>
        <extensions>
          <ns3:TrackPointExtension>
            <ns3:hr>159</ns3:hr>
            <ns3:cad>92</ns3:cad>
          </ns3:TrackPointExtension>
        </extensions>
      </trkpt>
      <trkpt lat="30.55114916525781154632568359375" lon="104.0464287064969539642333984375">
        <ele>476.399993896484375</ele>
        <time>2026-09-21T13:38:54.000Z</time>
        <extensions>
          <ns3:TrackPointExtension>
            <ns3:hr>159</ns3:hr>
            <ns3:cad>92</ns3:cad>
          </ns3:TrackPointExtension>
        </extensions>
      </trkpt>
      <trkpt lat="30.55112485773861408233642578125" lon="104.0464303828775882720947265625">
        <ele>476.399993896484375</ele>
        <time>2026-09-21T13:38:55.000Z</time>
        <extensions>
          <ns3:TrackPointExtension>
            <ns3:hr>159</ns3:hr>
            <ns3:cad>92</ns3:cad>
          </ns3:TrackPointExtension>
        </extensions>
      </trkpt>
      <trkpt lat="30.55109686218202114105224609375" lon="104.04643180780112743377685546875">
        <ele>476.399993896484375</ele>
        <time>2026-09-21T13:38:56.000Z</time>
        <extensions>
          <ns3:TrackPointExtension>
            <ns3:hr>159</ns3:hr>
            <ns3:cad>92</ns3:cad>
          </ns3:TrackPointExtension>
        </extensions>
      </trkpt>
      <trkpt lat="30.5510736443102359771728515625" lon="104.04643650166690349578857421875">
        <ele>476.399993896484375</ele>
        <time>2026-09-21T13:38:57.000Z</time>
        <extensions>
          <ns3:TrackPointExtension>
            <ns3:hr>159</ns3:hr>
            <ns3:cad>92</ns3:cad>
          </ns3:TrackPointExtension>
        </extensions>
      </trkpt>
      <trkpt lat="30.55104807950556278228759765625" lon="104.04644102789461612701416015625">
        <ele>476.399993896484375</ele>
        <time>2026-09-21T13:38:58.000Z</time>
        <extensions>
          <ns3:TrackPointExtension>
            <ns3:hr>158</ns3:hr>
            <ns3:cad>92</ns3:cad>
          </ns3:TrackPointExtension>
        </extensions>
      </trkpt>
      <trkpt lat="30.5510223470628261566162109375" lon="104.046443961560726165771484375">
        <ele>476.399993896484375</ele>
        <time>2026-09-21T13:38:59.000Z</time>
        <extensions>
          <ns3:TrackPointExtension>
            <ns3:hr>159</ns3:hr>
            <ns3:cad>92</ns3:cad>
          </ns3:TrackPointExtension>
        </extensions>
      </trkpt>
      <trkpt lat="30.5509878136217594146728515625" lon="104.04644639231264591217041015625">
        <ele>476.600006103515625</ele>
        <time>2026-09-21T13:39:00.000Z</time>
        <extensions>
          <ns3:TrackPointExtension>
            <ns3:hr>159</ns3:hr>
            <ns3:cad>92</ns3:cad>
          </ns3:TrackPointExtension>
        </extensions>
      </trkpt>
      <trkpt lat="30.55096291936933994293212890625" lon="104.04645578004419803619384765625">
        <ele>476.600006103515625</ele>
        <time>2026-09-21T13:39:01.000Z</time>
        <extensions>
          <ns3:TrackPointExtension>
            <ns3:hr>159</ns3:hr>
            <ns3:cad>91</ns3:cad>
          </ns3:TrackPointExtension>
        </extensions>
      </trkpt>
      <trkpt lat="30.55093307979404926300048828125" lon="104.046464078128337860107421875">
        <ele>476.600006103515625</ele>
        <time>2026-09-21T13:39:02.000Z</time>
        <extensions>
          <ns3:TrackPointExtension>
            <ns3:hr>159</ns3:hr>
            <ns3:cad>91</ns3:cad>
          </ns3:TrackPointExtension>
        </extensions>
      </trkpt>
      <trkpt lat="30.55090843699872493743896484375" lon="104.0464783273637294769287109375">
        <ele>476.600006103515625</ele>
        <time>2026-09-21T13:39:03.000Z</time>
        <extensions>
          <ns3:TrackPointExtension>
            <ns3:hr>159</ns3:hr>
            <ns3:cad>91</ns3:cad>
          </ns3:TrackPointExtension>
        </extensions>
      </trkpt>
      <trkpt lat="30.5508795194327831268310546875" lon="104.04649165458977222442626953125">
        <ele>476.600006103515625</ele>
        <time>2026-09-21T13:39:04.000Z</time>
        <extensions>
          <ns3:TrackPointExtension>
            <ns3:hr>159</ns3:hr>
            <ns3:cad>90</ns3:cad>
          </ns3:TrackPointExtension>
        </extensions>
      </trkpt>
      <trkpt lat="30.550852529704570770263671875" lon="104.0465058200061321258544921875">
        <ele>476.600006103515625</ele>
        <time>2026-09-21T13:39:05.000Z</time>
        <extensions>
          <ns3:TrackPointExtension>
            <ns3:hr>159</ns3:hr>
            <ns3:cad>90</ns3:cad>
          </ns3:TrackPointExtension>
        </extensions>
      </trkpt>
      <trkpt lat="30.55082294158637523651123046875" lon="104.04652249999344348907470703125">
        <ele>476.600006103515625</ele>
        <time>2026-09-21T13:39:06.000Z</time>
        <extensions>
          <ns3:TrackPointExtension>
            <ns3:hr>159</ns3:hr>
            <ns3:cad>90</ns3:cad>
          </ns3:TrackPointExtension>
        </extensions>
      </trkpt>
      <trkpt lat="30.5508003942668437957763671875" lon="104.046541191637516021728515625">
        <ele>476.600006103515625</ele>
        <time>2026-09-21T13:39:07.000Z</time>
        <extensions>
          <ns3:TrackPointExtension>
            <ns3:hr>159</ns3:hr>
            <ns3:cad>91</ns3:cad>
          </ns3:TrackPointExtension>
        </extensions>
      </trkpt>
      <trkpt lat="30.55077466182410717010498046875" lon="104.04655896127223968505859375">
        <ele>476.600006103515625</ele>
        <time>2026-09-21T13:39:08.000Z</time>
        <extensions>
          <ns3:TrackPointExtension>
            <ns3:hr>158</ns3:hr>
            <ns3:cad>91</ns3:cad>
          </ns3:TrackPointExtension>
        </extensions>
      </trkpt>
      <trkpt lat="30.5507544614374637603759765625" lon="104.0465785749256610870361328125">
        <ele>476.600006103515625</ele>
        <time>2026-09-21T13:39:09.000Z</time>
        <extensions>
          <ns3:TrackPointExtension>
            <ns3:hr>158</ns3:hr>
            <ns3:cad>90</ns3:cad>
          </ns3:TrackPointExtension>
        </extensions>
      </trkpt>
      <trkpt lat="30.55072805844247341156005859375" lon="104.04659609310328960418701171875">
        <ele>476.600006103515625</ele>
        <time>2026-09-21T13:39:10.000Z</time>
        <extensions>
          <ns3:TrackPointExtension>
            <ns3:hr>158</ns3:hr>
            <ns3:cad>90</ns3:cad>
          </ns3:TrackPointExtension>
        </extensions>
      </trkpt>
      <trkpt lat="30.55070760659873485565185546875" lon="104.0466141141951084136962890625">
        <ele>476.79998779296875</ele>
        <time>2026-09-21T13:39:11.000Z</time>
        <extensions>
          <ns3:TrackPointExtension>
            <ns3:hr>158</ns3:hr>
            <ns3:cad>91</ns3:cad>
          </ns3:TrackPointExtension>
        </extensions>
      </trkpt>
      <trkpt lat="30.55068598128855228424072265625" lon="104.04662945307791233062744140625">
        <ele>476.79998779296875</ele>
        <time>2026-09-21T13:39:12.000Z</time>
        <extensions>
          <ns3:TrackPointExtension>
            <ns3:hr>158</ns3:hr>
            <ns3:cad>91</ns3:cad>
          </ns3:TrackPointExtension>
        </extensions>
      </trkpt>
      <trkpt lat="30.550658740103244781494140625" lon="104.04664286412298679351806640625">
        <ele>476.79998779296875</ele>
        <time>2026-09-21T13:39:13.000Z</time>
        <extensions>
          <ns3:TrackPointExtension>
            <ns3:hr>158</ns3:hr>
            <ns3:cad>91</ns3:cad>
          </ns3:TrackPointExtension>
        </extensions>
      </trkpt>
      <trkpt lat="30.55063988082110881805419921875" lon="104.04665694572031497955322265625">
        <ele>476.79998779296875</ele>
        <time>2026-09-21T13:39:14.000Z</time>
        <extensions>
          <ns3:TrackPointExtension>
            <ns3:hr>157</ns3:hr>
            <ns3:cad>91</ns3:cad>
          </ns3:TrackPointExtension>
        </extensions>
      </trkpt>
      <trkpt lat="30.55061389692127704620361328125" lon="104.0466741286218166351318359375">
        <ele>476.600006103515625</ele>
        <time>2026-09-21T13:39:15.000Z</time>
        <extensions>
          <ns3:TrackPointExtension>
            <ns3:hr>158</ns3:hr>
            <ns3:cad>91</ns3:cad>
          </ns3:TrackPointExtension>
        </extensions>
      </trkpt>
      <trkpt lat="30.550599060952663421630859375" lon="104.0466902218759059906005859375">
        <ele>476.600006103515625</ele>
        <time>2026-09-21T13:39:16.000Z</time>
        <extensions>
          <ns3:TrackPointExtension>
            <ns3:hr>158</ns3:hr>
            <ns3:cad>92</ns3:cad>
          </ns3:TrackPointExtension>
        </extensions>
      </trkpt>
      <trkpt lat="30.5505739152431488037109375" lon="104.04670623131096363067626953125">
        <ele>476.600006103515625</ele>
        <time>2026-09-21T13:39:17.000Z</time>
        <extensions>
          <ns3:TrackPointExtension>
            <ns3:hr>158</ns3:hr>
            <ns3:cad>92</ns3:cad>
          </ns3:TrackPointExtension>
        </extensions>
      </trkpt>
      <trkpt lat="30.550557486712932586669921875" lon="104.046720564365386962890625">
        <ele>476.600006103515625</ele>
        <time>2026-09-21T13:39:18.000Z</time>
        <extensions>
          <ns3:TrackPointExtension>
            <ns3:hr>158</ns3:hr>
            <ns3:cad>92</ns3:cad>
          </ns3:TrackPointExtension>
        </extensions>
      </trkpt>
      <trkpt lat="30.55052823387086391448974609375" lon="104.04673397541046142578125">
        <ele>476.600006103515625</ele>
        <time>2026-09-21T13:39:19.000Z</time>
        <extensions>
          <ns3:TrackPointExtension>
            <ns3:hr>158</ns3:hr>
            <ns3:cad>92</ns3:cad>
          </ns3:TrackPointExtension>
        </extensions>
      </trkpt>
      <trkpt lat="30.5505095422267913818359375" lon="104.04675300233066082000732421875">
        <ele>476.600006103515625</ele>
        <time>2026-09-21T13:39:20.000Z</time>
        <extensions>
          <ns3:TrackPointExtension>
            <ns3:hr>157</ns3:hr>
            <ns3:cad>92</ns3:cad>
          </ns3:TrackPointExtension>
        </extensions>
      </trkpt>
      <trkpt lat="30.5504845641553401947021484375" lon="104.0467703528702259063720703125">
        <ele>476.600006103515625</ele>
        <time>2026-09-21T13:39:21.000Z</time>
        <extensions>
          <ns3:TrackPointExtension>
            <ns3:hr>157</ns3:hr>
            <ns3:cad>92</ns3:cad>
          </ns3:TrackPointExtension>
        </extensions>
      </trkpt>
      <trkpt lat="30.5504624359309673309326171875" lon="104.04678518883883953094482421875">
        <ele>476.600006103515625</ele>
        <time>2026-09-21T13:39:22.000Z</time>
        <extensions>
          <ns3:TrackPointExtension>
            <ns3:hr>157</ns3:hr>
            <ns3:cad>92</ns3:cad>
          </ns3:TrackPointExtension>
        </extensions>
      </trkpt>
      <trkpt lat="30.550433434545993804931640625" lon="104.04679893516004085540771484375">
        <ele>476.600006103515625</ele>
        <time>2026-09-21T13:39:23.000Z</time>
        <extensions>
          <ns3:TrackPointExtension>
            <ns3:hr>157</ns3:hr>
            <ns3:cad>92</ns3:cad>
          </ns3:TrackPointExtension>
        </extensions>
      </trkpt>
      <trkpt lat="30.55041524581611156463623046875" lon="104.04681318439543247222900390625">
        <ele>476.600006103515625</ele>
        <time>2026-09-21T13:39:24.000Z</time>
        <extensions>
          <ns3:TrackPointExtension>
            <ns3:hr>157</ns3:hr>
            <ns3:cad>91</ns3:cad>
          </ns3:TrackPointExtension>
        </extensions>
      </trkpt>
      <trkpt lat="30.55038423277437686920166015625" lon="104.04682894237339496612548828125">
        <ele>476.600006103515625</ele>
        <time>2026-09-21T13:39:25.000Z</time>
        <extensions>
          <ns3:TrackPointExtension>
            <ns3:hr>158</ns3:hr>
            <ns3:cad>91</ns3:cad>
          </ns3:TrackPointExtension>
        </extensions>
      </trkpt>
      <trkpt lat="30.5503648705780506134033203125" lon="104.0468479692935943603515625">
        <ele>476.600006103515625</ele>
        <time>2026-09-21T13:39:26.000Z</time>
        <extensions>
          <ns3:TrackPointExtension>
            <ns3:hr>158</ns3:hr>
            <ns3:cad>92</ns3:cad>
          </ns3:TrackPointExtension>
        </extensions>
      </trkpt>
      <trkpt lat="30.55033930577337741851806640625" lon="104.046868421137332916259765625">
        <ele>476.600006103515625</ele>
        <time>2026-09-21T13:39:27.000Z</time>
        <extensions>
          <ns3:TrackPointExtension>
            <ns3:hr>158</ns3:hr>
            <ns3:cad>92</ns3:cad>
          </ns3:TrackPointExtension>
        </extensions>
      </trkpt>
      <trkpt lat="30.5503212846815586090087890625" lon="104.0468940697610378265380859375">
        <ele>476.600006103515625</ele>
        <time>2026-09-21T13:39:28.000Z</time>
        <extensions>
          <ns3:TrackPointExtension>
            <ns3:hr>157</ns3:hr>
            <ns3:cad>92</ns3:cad>
          </ns3:TrackPointExtension>
        </extensions>
      </trkpt>
      <trkpt lat="30.55030259303748607635498046875" lon="104.04691837728023529052734375">
        <ele>476.600006103515625</ele>
        <time>2026-09-21T13:39:29.000Z</time>
        <extensions>
          <ns3:TrackPointExtension>
            <ns3:hr>158</ns3:hr>
            <ns3:cad>92</ns3:cad>
          </ns3:TrackPointExtension>
        </extensions>
      </trkpt>
      <trkpt lat="30.550289936363697052001953125" lon="104.04694410972297191619873046875">
        <ele>476.399993896484375</ele>
        <time>2026-09-21T13:39:30.000Z</time>
        <extensions>
          <ns3:TrackPointExtension>
            <ns3:hr>158</ns3:hr>
            <ns3:cad>92</ns3:cad>
          </ns3:TrackPointExtension>
        </extensions>
      </trkpt>
      <trkpt lat="30.550272166728973388671875" lon="104.04696824960410594940185546875">
        <ele>476.600006103515625</ele>
        <time>2026-09-21T13:39:31.000Z</time>
        <extensions>
          <ns3:TrackPointExtension>
            <ns3:hr>158</ns3:hr>
            <ns3:cad>92</ns3:cad>
          </ns3:TrackPointExtension>
        </extensions>
      </trkpt>
      <trkpt lat="30.5502626113593578338623046875" lon="104.04698920436203479766845703125">
        <ele>476.600006103515625</ele>
        <time>2026-09-21T13:39:32.000Z</time>
        <extensions>
          <ns3:TrackPointExtension>
            <ns3:hr>157</ns3:hr>
            <ns3:cad>92</ns3:cad>
          </ns3:TrackPointExtension>
        </extensions>
      </trkpt>
      <trkpt lat="30.550249032676219940185546875" lon="104.04701585881412029266357421875">
        <ele>476.79998779296875</ele>
        <time>2026-09-21T13:39:33.000Z</time>
        <extensions>
          <ns3:TrackPointExtension>
            <ns3:hr>158</ns3:hr>
            <ns3:cad>92</ns3:cad>
          </ns3:TrackPointExtension>
        </extensions>
      </trkpt>
      <trkpt lat="30.55023972876369953155517578125" lon="104.0470422618091106414794921875">
        <ele>477</ele>
        <time>2026-09-21T13:39:34.000Z</time>
        <extensions>
          <ns3:TrackPointExtension>
            <ns3:hr>158</ns3:hr>
            <ns3:cad>91</ns3:cad>
          </ns3:TrackPointExtension>
        </extensions>
      </trkpt>
      <trkpt lat="30.55022899992763996124267578125" lon="104.047067575156688690185546875">
        <ele>477</ele>
        <time>2026-09-21T13:39:35.000Z</time>
        <extensions>
          <ns3:TrackPointExtension>
            <ns3:hr>158</ns3:hr>
            <ns3:cad>90</ns3:cad>
          </ns3:TrackPointExtension>
        </extensions>
      </trkpt>
      <trkpt lat="30.55021692998707294464111328125" lon="104.04709674417972564697265625">
        <ele>477.20001220703125</ele>
        <time>2026-09-21T13:39:36.000Z</time>
        <extensions>
          <ns3:TrackPointExtension>
            <ns3:hr>157</ns3:hr>
            <ns3:cad>90</ns3:cad>
          </ns3:TrackPointExtension>
        </extensions>
      </trkpt>
      <trkpt lat="30.550207793712615966796875" lon="104.0471213869750499725341796875">
        <ele>477.20001220703125</ele>
        <time>2026-09-21T13:39:37.000Z</time>
        <extensions>
          <ns3:TrackPointExtension>
            <ns3:hr>158</ns3:hr>
            <ns3:cad>90</ns3:cad>
          </ns3:TrackPointExtension>
        </extensions>
      </trkpt>
      <trkpt lat="30.55019765160977840423583984375" lon="104.04715047217905521392822265625">
        <ele>477</ele>
        <time>2026-09-21T13:39:38.000Z</time>
        <extensions>
          <ns3:TrackPointExtension>
            <ns3:hr>158</ns3:hr>
            <ns3:cad>92</ns3:cad>
          </ns3:TrackPointExtension>
        </extensions>
      </trkpt>
      <trkpt lat="30.55019061081111431121826171875" lon="104.04717897064983844757080078125">
        <ele>477.20001220703125</ele>
        <time>2026-09-21T13:39:39.000Z</time>
        <extensions>
          <ns3:TrackPointExtension>
            <ns3:hr>158</ns3:hr>
            <ns3:cad>92</ns3:cad>
          </ns3:TrackPointExtension>
        </extensions>
      </trkpt>
      <trkpt lat="30.5501838214695453643798828125" lon="104.04720931313931941986083984375">
        <ele>477.20001220703125</ele>
        <time>2026-09-21T13:39:40.000Z</time>
        <extensions>
          <ns3:TrackPointExtension>
            <ns3:hr>157</ns3:hr>
            <ns3:cad>92</ns3:cad>
          </ns3:TrackPointExtension>
        </extensions>
      </trkpt>
      <trkpt lat="30.550175271928310394287109375" lon="104.0472330339252948760986328125">
        <ele>477.20001220703125</ele>
        <time>2026-09-21T13:39:41.000Z</time>
        <extensions>
          <ns3:TrackPointExtension>
            <ns3:hr>157</ns3:hr>
            <ns3:cad>93</ns3:cad>
          </ns3:TrackPointExtension>
        </extensions>
      </trkpt>
      <trkpt lat="30.5501667223870754241943359375" lon="104.0472712554037570953369140625">
        <ele>477.20001220703125</ele>
        <time>2026-09-21T13:39:42.000Z</time>
        <extensions>
          <ns3:TrackPointExtension>
            <ns3:hr>158</ns3:hr>
            <ns3:cad>92</ns3:cad>
          </ns3:TrackPointExtension>
        </extensions>
      </trkpt>
      <trkpt lat="30.55016160942614078521728515625" lon="104.04729790985584259033203125">
        <ele>477.20001220703125</ele>
        <time>2026-09-21T13:39:43.000Z</time>
        <extensions>
          <ns3:TrackPointExtension>
            <ns3:hr>158</ns3:hr>
            <ns3:cad>92</ns3:cad>
          </ns3:TrackPointExtension>
        </extensions>
      </trkpt>
      <trkpt lat="30.55015808902680873870849609375" lon="104.04733118601143360137939453125">
        <ele>477.20001220703125</ele>
        <time>2026-09-21T13:39:44.000Z</time>
        <extensions>
          <ns3:TrackPointExtension>
            <ns3:hr>158</ns3:hr>
            <ns3:cad>92</ns3:cad>
          </ns3:TrackPointExtension>
        </extensions>
      </trkpt>
      <trkpt lat="30.55016110651195049285888671875" lon="104.04735649935901165008544921875">
        <ele>477.20001220703125</ele>
        <time>2026-09-21T13:39:45.000Z</time>
        <extensions>
          <ns3:TrackPointExtension>
            <ns3:hr>158</ns3:hr>
            <ns3:cad>92</ns3:cad>
          </ns3:TrackPointExtension>
        </extensions>
      </trkpt>
      <trkpt lat="30.55016043595969676971435546875" lon="104.04739120043814182281494140625">
        <ele>477</ele>
        <time>2026-09-21T13:39:46.000Z</time>
        <extensions>
          <ns3:TrackPointExtension>
            <ns3:hr>158</ns3:hr>
            <ns3:cad>92</ns3:cad>
          </ns3:TrackPointExtension>
        </extensions>
      </trkpt>
      <trkpt lat="30.5501626990735530853271484375" lon="104.04742087237536907196044921875">
        <ele>477</ele>
        <time>2026-09-21T13:39:47.000Z</time>
        <extensions>
          <ns3:TrackPointExtension>
            <ns3:hr>158</ns3:hr>
            <ns3:cad>92</ns3:cad>
          </ns3:TrackPointExtension>
        </extensions>
      </trkpt>
      <trkpt lat="30.5501512996852397918701171875" lon="104.0474533103406429290771484375">
        <ele>477</ele>
        <time>2026-09-21T13:39:48.000Z</time>
        <extensions>
          <ns3:TrackPointExtension>
            <ns3:hr>159</ns3:hr>
            <ns3:cad>91</ns3:cad>
          </ns3:TrackPointExtension>
        </extensions>
      </trkpt>
      <trkpt lat="30.55014736019074916839599609375" lon="104.047471247613430023193359375">
        <ele>477</ele>
        <time>2026-09-21T13:39:49.000Z</time>
        <extensions>
          <ns3:TrackPointExtension>
            <ns3:hr>159</ns3:hr>
            <ns3:cad>92</ns3:cad>
          </ns3:TrackPointExtension>
        </extensions>
      </trkpt>
      <trkpt lat="30.550141073763370513916015625" lon="104.04750351794064044952392578125">
        <ele>477.20001220703125</ele>
        <time>2026-09-21T13:39:50.000Z</time>
        <extensions>
          <ns3:TrackPointExtension>
            <ns3:hr>159</ns3:hr>
            <ns3:cad>92</ns3:cad>
          </ns3:TrackPointExtension>
        </extensions>
      </trkpt>
      <trkpt lat="30.55014015175402164459228515625" lon="104.04752464033663272857666015625">
        <ele>477.20001220703125</ele>
        <time>2026-09-21T13:39:51.000Z</time>
        <extensions>
          <ns3:TrackPointExtension>
            <ns3:hr>159</ns3:hr>
            <ns3:cad>92</ns3:cad>
          </ns3:TrackPointExtension>
        </extensions>
      </trkpt>
      <trkpt lat="30.55013604462146759033203125" lon="104.0475512109696865081787109375">
        <ele>477.20001220703125</ele>
        <time>2026-09-21T13:39:52.000Z</time>
        <extensions>
          <ns3:TrackPointExtension>
            <ns3:hr>159</ns3:hr>
            <ns3:cad>92</ns3:cad>
          </ns3:TrackPointExtension>
        </extensions>
      </trkpt>
      <trkpt lat="30.5501353740692138671875" lon="104.04757426120340824127197265625">
        <ele>477.20001220703125</ele>
        <time>2026-09-21T13:39:53.000Z</time>
        <extensions>
          <ns3:TrackPointExtension>
            <ns3:hr>159</ns3:hr>
            <ns3:cad>92</ns3:cad>
          </ns3:TrackPointExtension>
        </extensions>
      </trkpt>
      <trkpt lat="30.550130344927310943603515625" lon="104.0476008318364620208740234375">
        <ele>477.20001220703125</ele>
        <time>2026-09-21T13:39:54.000Z</time>
        <extensions>
          <ns3:TrackPointExtension>
            <ns3:hr>159</ns3:hr>
            <ns3:cad>92</ns3:cad>
          </ns3:TrackPointExtension>
        </extensions>
      </trkpt>
      <trkpt lat="30.55013277567923069000244140625" lon="104.0476259775459766387939453125">
        <ele>477.20001220703125</ele>
        <time>2026-09-21T13:39:55.000Z</time>
        <extensions>
          <ns3:TrackPointExtension>
            <ns3:hr>159</ns3:hr>
            <ns3:cad>92</ns3:cad>
          </ns3:TrackPointExtension>
        </extensions>
      </trkpt>
      <trkpt lat="30.55012791417539119720458984375" lon="104.047659672796726226806640625">
        <ele>477.20001220703125</ele>
        <time>2026-09-21T13:39:56.000Z</time>
        <extensions>
          <ns3:TrackPointExtension>
            <ns3:hr>159</ns3:hr>
            <ns3:cad>92</ns3:cad>
          </ns3:TrackPointExtension>
        </extensions>
      </trkpt>
      <trkpt lat="30.550128333270549774169921875" lon="104.047685824334621429443359375">
        <ele>477.20001220703125</ele>
        <time>2026-09-21T13:39:57.000Z</time>
        <extensions>
          <ns3:TrackPointExtension>
            <ns3:hr>159</ns3:hr>
            <ns3:cad>92</ns3:cad>
          </ns3:TrackPointExtension>
        </extensions>
      </trkpt>
      <trkpt lat="30.5501259863376617431640625" lon="104.047723375260829925537109375">
        <ele>477.20001220703125</ele>
        <time>2026-09-21T13:39:58.000Z</time>
        <extensions>
          <ns3:TrackPointExtension>
            <ns3:hr>158</ns3:hr>
            <ns3:cad>92</ns3:cad>
          </ns3:TrackPointExtension>
        </extensions>
      </trkpt>
      <trkpt lat="30.55012690834701061248779296875" lon="104.0477547235786914825439453125">
        <ele>477.20001220703125</ele>
        <time>2026-09-21T13:39:59.000Z</time>
        <extensions>
          <ns3:TrackPointExtension>
            <ns3:hr>159</ns3:hr>
            <ns3:cad>92</ns3:cad>
          </ns3:TrackPointExtension>
        </extensions>
      </trkpt>
      <trkpt lat="30.5501238070428371429443359375" lon="104.04778934083878993988037109375">
        <ele>477.20001220703125</ele>
        <time>2026-09-21T13:40:00.000Z</time>
        <extensions>
          <ns3:TrackPointExtension>
            <ns3:hr>158</ns3:hr>
            <ns3:cad>92</ns3:cad>
          </ns3:TrackPointExtension>
        </extensions>
      </trkpt>
      <trkpt lat="30.55012573488056659698486328125" lon="104.047817252576351165771484375">
        <ele>477</ele>
        <time>2026-09-21T13:40:01.000Z</time>
        <extensions>
          <ns3:TrackPointExtension>
            <ns3:hr>158</ns3:hr>
            <ns3:cad>92</ns3:cad>
          </ns3:TrackPointExtension>
        </extensions>
      </trkpt>
      <trkpt lat="30.55012657307088375091552734375" lon="104.04784566722810268402099609375">
        <ele>477.20001220703125</ele>
        <time>2026-09-21T13:40:02.000Z</time>
        <extensions>
          <ns3:TrackPointExtension>
            <ns3:hr>158</ns3:hr>
            <ns3:cad>92</ns3:cad>
          </ns3:TrackPointExtension>
        </extensions>
      </trkpt>
      <trkpt lat="30.5501264892518520355224609375" lon="104.047874249517917633056640625">
        <ele>477.20001220703125</ele>
        <time>2026-09-21T13:40:03.000Z</time>
        <extensions>
          <ns3:TrackPointExtension>
            <ns3:hr>158</ns3:hr>
            <ns3:cad>92</ns3:cad>
          </ns3:TrackPointExtension>
        </extensions>
      </trkpt>
      <trkpt lat="30.55012531578540802001953125" lon="104.0479029156267642974853515625">
        <ele>477.20001220703125</ele>
        <time>2026-09-21T13:40:04.000Z</time>
        <extensions>
          <ns3:TrackPointExtension>
            <ns3:hr>158</ns3:hr>
            <ns3:cad>92</ns3:cad>
          </ns3:TrackPointExtension>
        </extensions>
      </trkpt>
      <trkpt lat="30.5501305125653743743896484375" lon="104.04793216846883296966552734375">
        <ele>477.20001220703125</ele>
        <time>2026-09-21T13:40:05.000Z</time>
        <extensions>
          <ns3:TrackPointExtension>
            <ns3:hr>158</ns3:hr>
            <ns3:cad>92</ns3:cad>
          </ns3:TrackPointExtension>
        </extensions>
      </trkpt>
      <trkpt lat="30.5501318536698818206787109375" lon="104.0479622595012187957763671875">
        <ele>477.20001220703125</ele>
        <time>2026-09-21T13:40:06.000Z</time>
        <extensions>
          <ns3:TrackPointExtension>
            <ns3:hr>157</ns3:hr>
            <ns3:cad>91</ns3:cad>
          </ns3:TrackPointExtension>
        </extensions>
      </trkpt>
      <trkpt lat="30.55013277567923069000244140625" lon="104.0479934401810169219970703125">
        <ele>477.20001220703125</ele>
        <time>2026-09-21T13:40:07.000Z</time>
        <extensions>
          <ns3:TrackPointExtension>
            <ns3:hr>157</ns3:hr>
            <ns3:cad>91</ns3:cad>
          </ns3:TrackPointExtension>
        </extensions>
      </trkpt>
      <trkpt lat="30.55013461969792842864990234375" lon="104.0480229444801807403564453125">
        <ele>477.20001220703125</ele>
        <time>2026-09-21T13:40:08.000Z</time>
        <extensions>
          <ns3:TrackPointExtension>
            <ns3:hr>157</ns3:hr>
            <ns3:cad>91</ns3:cad>
          </ns3:TrackPointExtension>
        </extensions>
      </trkpt>
      <trkpt lat="30.5501335300505161285400390625" lon="104.04805839993059635162353515625">
        <ele>477.20001220703125</ele>
        <time>2026-09-21T13:40:09.000Z</time>
        <extensions>
          <ns3:TrackPointExtension>
            <ns3:hr>157</ns3:hr>
            <ns3:cad>90</ns3:cad>
          </ns3:TrackPointExtension>
        </extensions>
      </trkpt>
      <trkpt lat="30.55013076402246952056884765625" lon="104.04808622784912586212158203125">
        <ele>477.20001220703125</ele>
        <time>2026-09-21T13:40:10.000Z</time>
        <extensions>
          <ns3:TrackPointExtension>
            <ns3:hr>157</ns3:hr>
            <ns3:cad>90</ns3:cad>
          </ns3:TrackPointExtension>
        </extensions>
      </trkpt>
      <trkpt lat="30.55012933909893035888671875" lon="104.04812260530889034271240234375">
        <ele>477.20001220703125</ele>
        <time>2026-09-21T13:40:11.000Z</time>
        <extensions>
          <ns3:TrackPointExtension>
            <ns3:hr>157</ns3:hr>
            <ns3:cad>90</ns3:cad>
          </ns3:TrackPointExtension>
        </extensions>
      </trkpt>
      <trkpt lat="30.5501331947743892669677734375" lon="104.04814724810421466827392578125">
        <ele>477.20001220703125</ele>
        <time>2026-09-21T13:40:12.000Z</time>
        <extensions>
          <ns3:TrackPointExtension>
            <ns3:hr>156</ns3:hr>
            <ns3:cad>90</ns3:cad>
          </ns3:TrackPointExtension>
        </extensions>
      </trkpt>
      <trkpt lat="30.55013277567923069000244140625" lon="104.04817926697432994842529296875">
        <ele>477.20001220703125</ele>
        <time>2026-09-21T13:40:13.000Z</time>
        <extensions>
          <ns3:TrackPointExtension>
            <ns3:hr>156</ns3:hr>
            <ns3:cad>90</ns3:cad>
          </ns3:TrackPointExtension>
        </extensions>
      </trkpt>
      <trkpt lat="30.5501422472298145294189453125" lon="104.04819804243743419647216796875">
        <ele>477.20001220703125</ele>
        <time>2026-09-21T13:40:14.000Z</time>
        <extensions>
          <ns3:TrackPointExtension>
            <ns3:hr>156</ns3:hr>
            <ns3:cad>90</ns3:cad>
          </ns3:TrackPointExtension>
        </extensions>
      </trkpt>
      <trkpt lat="30.55015088059008121490478515625" lon="104.0482318215072154998779296875">
        <ele>477.20001220703125</ele>
        <time>2026-09-21T13:40:15.000Z</time>
        <extensions>
          <ns3:TrackPointExtension>
            <ns3:hr>156</ns3:hr>
            <ns3:cad>90</ns3:cad>
          </ns3:TrackPointExtension>
        </extensions>
      </trkpt>
      <trkpt lat="30.5501576699316501617431640625" lon="104.04825420118868350982666015625">
        <ele>477.20001220703125</ele>
        <time>2026-09-21T13:40:16.000Z</time>
        <extensions>
          <ns3:TrackPointExtension>
            <ns3:hr>156</ns3:hr>
            <ns3:cad>90</ns3:cad>
          </ns3:TrackPointExtension>
        </extensions>
      </trkpt>
      <trkpt lat="30.5501623637974262237548828125" lon="104.0482921712100505828857421875">
        <ele>477.20001220703125</ele>
        <time>2026-09-21T13:40:17.000Z</time>
        <extensions>
          <ns3:TrackPointExtension>
            <ns3:hr>156</ns3:hr>
            <ns3:cad>90</ns3:cad>
          </ns3:TrackPointExtension>
        </extensions>
      </trkpt>
      <trkpt lat="30.55016865022480487823486328125" lon="104.048319496214389801025390625">
        <ele>477.20001220703125</ele>
        <time>2026-09-21T13:40:18.000Z</time>
        <extensions>
          <ns3:TrackPointExtension>
            <ns3:hr>156</ns3:hr>
            <ns3:cad>90</ns3:cad>
          </ns3:TrackPointExtension>
        </extensions>
      </trkpt>
      <trkpt lat="30.5501737631857395172119140625" lon="104.0483588911592960357666015625">
        <ele>477.20001220703125</ele>
        <time>2026-09-21T13:40:19.000Z</time>
        <extensions>
          <ns3:TrackPointExtension>
            <ns3:hr>156</ns3:hr>
            <ns3:cad>91</ns3:cad>
          </ns3:TrackPointExtension>
        </extensions>
      </trkpt>
      <trkpt lat="30.550180636346340179443359375" lon="104.04838546179234981536865234375">
        <ele>477.20001220703125</ele>
        <time>2026-09-21T13:40:20.000Z</time>
        <extensions>
          <ns3:TrackPointExtension>
            <ns3:hr>156</ns3:hr>
            <ns3:cad>92</ns3:cad>
          </ns3:TrackPointExtension>
        </extensions>
      </trkpt>
      <trkpt lat="30.5501901917159557342529296875" lon="104.0484209172427654266357421875">
        <ele>477.20001220703125</ele>
        <time>2026-09-21T13:40:21.000Z</time>
        <extensions>
          <ns3:TrackPointExtension>
            <ns3:hr>156</ns3:hr>
            <ns3:cad>92</ns3:cad>
          </ns3:TrackPointExtension>
        </extensions>
      </trkpt>
      <trkpt lat="30.55020041763782501220703125" lon="104.04844162054359912872314453125">
        <ele>477.20001220703125</ele>
        <time>2026-09-21T13:40:22.000Z</time>
        <extensions>
          <ns3:TrackPointExtension>
            <ns3:hr>156</ns3:hr>
            <ns3:cad>91</ns3:cad>
          </ns3:TrackPointExtension>
        </extensions>
      </trkpt>
      <trkpt lat="30.55021089501678943634033203125" lon="104.048468358814716339111328125">
        <ele>477.20001220703125</ele>
        <time>2026-09-21T13:40:23.000Z</time>
        <extensions>
          <ns3:TrackPointExtension>
            <ns3:hr>156</ns3:hr>
            <ns3:cad>92</ns3:cad>
          </ns3:TrackPointExtension>
        </extensions>
      </trkpt>
      <trkpt lat="30.5502237193286418914794921875" lon="104.04848654754459857940673828125">
        <ele>477</ele>
        <time>2026-09-21T13:40:24.000Z</time>
        <extensions>
          <ns3:TrackPointExtension>
            <ns3:hr>156</ns3:hr>
            <ns3:cad>92</ns3:cad>
          </ns3:TrackPointExtension>
        </extensions>
      </trkpt>
      <trkpt lat="30.55023394525051116943359375" lon="104.04851169325411319732666015625">
        <ele>477</ele>
        <time>2026-09-21T13:40:25.000Z</time>
        <extensions>
          <ns3:TrackPointExtension>
            <ns3:hr>156</ns3:hr>
            <ns3:cad>92</ns3:cad>
          </ns3:TrackPointExtension>
        </extensions>
      </trkpt>
      <trkpt lat="30.55024157278239727020263671875" lon="104.0485305525362491607666015625">
        <ele>477</ele>
        <time>2026-09-21T13:40:26.000Z</time>
        <extensions>
          <ns3:TrackPointExtension>
            <ns3:hr>156</ns3:hr>
            <ns3:cad>92</ns3:cad>
          </ns3:TrackPointExtension>
        </extensions>
      </trkpt>
      <trkpt lat="30.5502488650381565093994140625" lon="104.0485600568354129791259765625">
        <ele>477</ele>
        <time>2026-09-21T13:40:27.000Z</time>
        <extensions>
          <ns3:TrackPointExtension>
            <ns3:hr>156</ns3:hr>
            <ns3:cad>92</ns3:cad>
          </ns3:TrackPointExtension>
        </extensions>
      </trkpt>
      <trkpt lat="30.55025875568389892578125" lon="104.04858243651688098907470703125">
        <ele>477</ele>
        <time>2026-09-21T13:40:28.000Z</time>
        <extensions>
          <ns3:TrackPointExtension>
            <ns3:hr>156</ns3:hr>
            <ns3:cad>92</ns3:cad>
          </ns3:TrackPointExtension>
        </extensions>
      </trkpt>
      <trkpt lat="30.55026554502546787261962890625" lon="104.04861127026379108428955078125">
        <ele>477</ele>
        <time>2026-09-21T13:40:29.000Z</time>
        <extensions>
          <ns3:TrackPointExtension>
            <ns3:hr>156</ns3:hr>
            <ns3:cad>92</ns3:cad>
          </ns3:TrackPointExtension>
        </extensions>
      </trkpt>
      <trkpt lat="30.55027283728122711181640625" lon="104.04863641597330570220947265625">
        <ele>477</ele>
        <time>2026-09-21T13:40:30.000Z</time>
        <extensions>
          <ns3:TrackPointExtension>
            <ns3:hr>156</ns3:hr>
            <ns3:cad>92</ns3:cad>
          </ns3:TrackPointExtension>
        </extensions>
      </trkpt>
      <trkpt lat="30.550278536975383758544921875" lon="104.04866726137697696685791015625">
        <ele>477</ele>
        <time>2026-09-21T13:40:31.000Z</time>
        <extensions>
          <ns3:TrackPointExtension>
            <ns3:hr>156</ns3:hr>
            <ns3:cad>92</ns3:cad>
          </ns3:TrackPointExtension>
        </extensions>
      </trkpt>
      <trkpt lat="30.5502877570688724517822265625" lon="104.0486945025622844696044921875">
        <ele>477</ele>
        <time>2026-09-21T13:40:32.000Z</time>
        <extensions>
          <ns3:TrackPointExtension>
            <ns3:hr>157</ns3:hr>
            <ns3:cad>92</ns3:cad>
          </ns3:TrackPointExtension>
        </extensions>
      </trkpt>
      <trkpt lat="30.55028767324984073638916015625" lon="104.04873129911720752716064453125">
        <ele>477</ele>
        <time>2026-09-21T13:40:33.000Z</time>
        <extensions>
          <ns3:TrackPointExtension>
            <ns3:hr>156</ns3:hr>
            <ns3:cad>92</ns3:cad>
          </ns3:TrackPointExtension>
        </extensions>
      </trkpt>
      <trkpt lat="30.5502922832965850830078125" lon="104.04876432381570339202880859375">
        <ele>477</ele>
        <time>2026-09-21T13:40:34.000Z</time>
        <extensions>
          <ns3:TrackPointExtension>
            <ns3:hr>156</ns3:hr>
            <ns3:cad>91</ns3:cad>
          </ns3:TrackPointExtension>
        </extensions>
      </trkpt>
      <trkpt lat="30.55028700269758701324462890625" lon="104.04880187474191188812255859375">
        <ele>477</ele>
        <time>2026-09-21T13:40:35.000Z</time>
        <extensions>
          <ns3:TrackPointExtension>
            <ns3:hr>157</ns3:hr>
            <ns3:cad>91</ns3:cad>
          </ns3:TrackPointExtension>
        </extensions>
      </trkpt>
      <trkpt lat="30.55028800852596759796142578125" lon="104.048834145069122314453125">
        <ele>477</ele>
        <time>2026-09-21T13:40:36.000Z</time>
        <extensions>
          <ns3:TrackPointExtension>
            <ns3:hr>157</ns3:hr>
            <ns3:cad>90</ns3:cad>
          </ns3:TrackPointExtension>
        </extensions>
      </trkpt>
      <trkpt lat="30.5502854101359844207763671875" lon="104.04886809177696704864501953125">
        <ele>477</ele>
        <time>2026-09-21T13:40:37.000Z</time>
        <extensions>
          <ns3:TrackPointExtension>
            <ns3:hr>157</ns3:hr>
            <ns3:cad>91</ns3:cad>
          </ns3:TrackPointExtension>
        </extensions>
      </trkpt>
      <trkpt lat="30.5502860806882381439208984375" lon="104.04889784753322601318359375">
        <ele>477</ele>
        <time>2026-09-21T13:40:38.000Z</time>
        <extensions>
          <ns3:TrackPointExtension>
            <ns3:hr>157</ns3:hr>
            <ns3:cad>91</ns3:cad>
          </ns3:TrackPointExtension>
        </extensions>
      </trkpt>
      <trkpt lat="30.55028180591762065887451171875" lon="104.04893045313656330108642578125">
        <ele>477</ele>
        <time>2026-09-21T13:40:39.000Z</time>
        <extensions>
          <ns3:TrackPointExtension>
            <ns3:hr>157</ns3:hr>
            <ns3:cad>91</ns3:cad>
          </ns3:TrackPointExtension>
        </extensions>
      </trkpt>
      <trkpt lat="30.55027895607054233551025390625" lon="104.04896222054958343505859375">
        <ele>477</ele>
        <time>2026-09-21T13:40:40.000Z</time>
        <extensions>
          <ns3:TrackPointExtension>
            <ns3:hr>157</ns3:hr>
            <ns3:cad>92</ns3:cad>
          </ns3:TrackPointExtension>
        </extensions>
      </trkpt>
      <trkpt lat="30.55027107708156108856201171875" lon="104.04899449087679386138916015625">
        <ele>476.79998779296875</ele>
        <time>2026-09-21T13:40:41.000Z</time>
        <extensions>
          <ns3:TrackPointExtension>
            <ns3:hr>158</ns3:hr>
            <ns3:cad>92</ns3:cad>
          </ns3:TrackPointExtension>
        </extensions>
      </trkpt>
      <trkpt lat="30.55026554502546787261962890625" lon="104.04902525246143341064453125">
        <ele>476.79998779296875</ele>
        <time>2026-09-21T13:40:42.000Z</time>
        <extensions>
          <ns3:TrackPointExtension>
            <ns3:hr>157</ns3:hr>
            <ns3:cad>92</ns3:cad>
          </ns3:TrackPointExtension>
        </extensions>
      </trkpt>
      <trkpt lat="30.5502569116652011871337890625" lon="104.04905475676059722900390625">
        <ele>476.79998779296875</ele>
        <time>2026-09-21T13:40:43.000Z</time>
        <extensions>
          <ns3:TrackPointExtension>
            <ns3:hr>157</ns3:hr>
            <ns3:cad>92</ns3:cad>
          </ns3:TrackPointExtension>
        </extensions>
      </trkpt>
      <trkpt lat="30.55024869740009307861328125" lon="104.04908484779298305511474609375">
        <ele>476.79998779296875</ele>
        <time>2026-09-21T13:40:44.000Z</time>
        <extensions>
          <ns3:TrackPointExtension>
            <ns3:hr>158</ns3:hr>
            <ns3:cad>92</ns3:cad>
          </ns3:TrackPointExtension>
        </extensions>
      </trkpt>
      <trkpt lat="30.5502378009259700775146484375" lon="104.04911133460700511932373046875">
        <ele>476.600006103515625</ele>
        <time>2026-09-21T13:40:45.000Z</time>
        <extensions>
          <ns3:TrackPointExtension>
            <ns3:hr>157</ns3:hr>
            <ns3:cad>91</ns3:cad>
          </ns3:TrackPointExtension>
        </extensions>
      </trkpt>
      <trkpt lat="30.55022397078573703765869140625" lon="104.04914469458162784576416015625">
        <ele>476.600006103515625</ele>
        <time>2026-09-21T13:40:46.000Z</time>
        <extensions>
          <ns3:TrackPointExtension>
            <ns3:hr>157</ns3:hr>
            <ns3:cad>92</ns3:cad>
          </ns3:TrackPointExtension>
        </extensions>
      </trkpt>
      <trkpt lat="30.55021382868289947509765625" lon="104.0491719357669353485107421875">
        <ele>476.600006103515625</ele>
        <time>2026-09-21T13:40:47.000Z</time>
        <extensions>
          <ns3:TrackPointExtension>
            <ns3:hr>158</ns3:hr>
            <ns3:cad>92</ns3:cad>
          </ns3:TrackPointExtension>
        </extensions>
      </trkpt>
      <trkpt lat="30.5501928739249706268310546875" lon="104.04919666238129138946533203125">
        <ele>476.600006103515625</ele>
        <time>2026-09-21T13:40:48.000Z</time>
        <extensions>
          <ns3:TrackPointExtension>
            <ns3:hr>157</ns3:hr>
            <ns3:cad>92</ns3:cad>
          </ns3:TrackPointExtension>
        </extensions>
      </trkpt>
      <trkpt lat="30.5501801334321498870849609375" lon="104.0492182038724422454833984375">
        <ele>476.399993896484375</ele>
        <time>2026-09-21T13:40:49.000Z</time>
        <extensions>
          <ns3:TrackPointExtension>
            <ns3:hr>157</ns3:hr>
            <ns3:cad>92</ns3:cad>
          </ns3:TrackPointExtension>
        </extensions>
      </trkpt>
      <trkpt lat="30.5501539818942546844482421875" lon="104.049242846667766571044921875">
        <ele>476.600006103515625</ele>
        <time>2026-09-21T13:40:50.000Z</time>
        <extensions>
          <ns3:TrackPointExtension>
            <ns3:hr>158</ns3:hr>
            <ns3:cad>92</ns3:cad>
          </ns3:TrackPointExtension>
        </extensions>
      </trkpt>
      <trkpt lat="30.5501399002969264984130859375" lon="104.04926472343504428863525390625">
        <ele>476.600006103515625</ele>
        <time>2026-09-21T13:40:51.000Z</time>
        <extensions>
          <ns3:TrackPointExtension>
            <ns3:hr>158</ns3:hr>
            <ns3:cad>91</ns3:cad>
          </ns3:TrackPointExtension>
        </extensions>
      </trkpt>
      <trkpt lat="30.5501167662441730499267578125" lon="104.0492899529635906219482421875">
        <ele>476.399993896484375</ele>
        <time>2026-09-21T13:40:52.000Z</time>
        <extensions>
          <ns3:TrackPointExtension>
            <ns3:hr>158</ns3:hr>
            <ns3:cad>91</ns3:cad>
          </ns3:TrackPointExtension>
        </extensions>
      </trkpt>
      <trkpt lat="30.55009857751429080963134765625" lon="104.04931090772151947021484375">
        <ele>476.399993896484375</ele>
        <time>2026-09-21T13:40:53.000Z</time>
        <extensions>
          <ns3:TrackPointExtension>
            <ns3:hr>159</ns3:hr>
            <ns3:cad>92</ns3:cad>
          </ns3:TrackPointExtension>
        </extensions>
      </trkpt>
      <trkpt lat="30.5500782094895839691162109375" lon="104.049334041774272918701171875">
        <ele>476.20001220703125</ele>
        <time>2026-09-21T13:40:54.000Z</time>
        <extensions>
          <ns3:TrackPointExtension>
            <ns3:hr>159</ns3:hr>
            <ns3:cad>92</ns3:cad>
          </ns3:TrackPointExtension>
        </extensions>
      </trkpt>
      <trkpt lat="30.5500624515116214752197265625" lon="104.04935088939964771270751953125">
        <ele>476.20001220703125</ele>
        <time>2026-09-21T13:40:55.000Z</time>
        <extensions>
          <ns3:TrackPointExtension>
            <ns3:hr>159</ns3:hr>
            <ns3:cad>92</ns3:cad>
          </ns3:TrackPointExtension>
        </extensions>
      </trkpt>
      <trkpt lat="30.55004308931529521942138671875" lon="104.04937050305306911468505859375">
        <ele>476.20001220703125</ele>
        <time>2026-09-21T13:40:56.000Z</time>
        <extensions>
          <ns3:TrackPointExtension>
            <ns3:hr>159</ns3:hr>
            <ns3:cad>92</ns3:cad>
          </ns3:TrackPointExtension>
        </extensions>
      </trkpt>
      <trkpt lat="30.55002850480377674102783203125" lon="104.04938827268779277801513671875">
        <ele>476.20001220703125</ele>
        <time>2026-09-21T13:40:57.000Z</time>
        <extensions>
          <ns3:TrackPointExtension>
            <ns3:hr>159</ns3:hr>
            <ns3:cad>92</ns3:cad>
          </ns3:TrackPointExtension>
        </extensions>
      </trkpt>
      <trkpt lat="30.5500044487416744232177734375" lon="104.0494049526751041412353515625">
        <ele>476.20001220703125</ele>
        <time>2026-09-21T13:40:58.000Z</time>
        <extensions>
          <ns3:TrackPointExtension>
            <ns3:hr>159</ns3:hr>
            <ns3:cad>92</ns3:cad>
          </ns3:TrackPointExtension>
        </extensions>
      </trkpt>
      <trkpt lat="30.54998525418341159820556640625" lon="104.049425907433032989501953125">
        <ele>476.20001220703125</ele>
        <time>2026-09-21T13:40:59.000Z</time>
        <extensions>
          <ns3:TrackPointExtension>
            <ns3:hr>159</ns3:hr>
            <ns3:cad>92</ns3:cad>
          </ns3:TrackPointExtension>
        </extensions>
      </trkpt>
      <trkpt lat="30.549960024654865264892578125" lon="104.04944191686809062957763671875">
        <ele>476</ele>
        <time>2026-09-21T13:41:00.000Z</time>
        <extensions>
          <ns3:TrackPointExtension>
            <ns3:hr>159</ns3:hr>
            <ns3:cad>92</ns3:cad>
          </ns3:TrackPointExtension>
        </extensions>
      </trkpt>
      <trkpt lat="30.549939237534999847412109375" lon="104.0494636259973049163818359375">
        <ele>476</ele>
        <time>2026-09-21T13:41:01.000Z</time>
        <extensions>
          <ns3:TrackPointExtension>
            <ns3:hr>159</ns3:hr>
            <ns3:cad>92</ns3:cad>
          </ns3:TrackPointExtension>
        </extensions>
      </trkpt>
      <trkpt lat="30.54992088116705417633056640625" lon="104.04948349110782146453857421875">
        <ele>476</ele>
        <time>2026-09-21T13:41:02.000Z</time>
        <extensions>
          <ns3:TrackPointExtension>
            <ns3:hr>158</ns3:hr>
            <ns3:cad>91</ns3:cad>
          </ns3:TrackPointExtension>
        </extensions>
      </trkpt>
      <trkpt lat="30.54989875294268131256103515625" lon="104.04950494877994060516357421875">
        <ele>475.79998779296875</ele>
        <time>2026-09-21T13:41:03.000Z</time>
        <extensions>
          <ns3:TrackPointExtension>
            <ns3:hr>159</ns3:hr>
            <ns3:cad>91</ns3:cad>
          </ns3:TrackPointExtension>
        </extensions>
      </trkpt>
      <trkpt lat="30.54987947456538677215576171875" lon="104.04952682554721832275390625">
        <ele>475.79998779296875</ele>
        <time>2026-09-21T13:41:04.000Z</time>
        <extensions>
          <ns3:TrackPointExtension>
            <ns3:hr>158</ns3:hr>
            <ns3:cad>92</ns3:cad>
          </ns3:TrackPointExtension>
        </extensions>
      </trkpt>
      <trkpt lat="30.54985449649393558502197265625" lon="104.0495440922677516937255859375">
        <ele>475.79998779296875</ele>
        <time>2026-09-21T13:41:05.000Z</time>
        <extensions>
          <ns3:TrackPointExtension>
            <ns3:hr>158</ns3:hr>
            <ns3:cad>92</ns3:cad>
          </ns3:TrackPointExtension>
        </extensions>
      </trkpt>
      <trkpt lat="30.5498311109840869903564453125" lon="104.0495575033128261566162109375">
        <ele>475.600006103515625</ele>
        <time>2026-09-21T13:41:06.000Z</time>
        <extensions>
          <ns3:TrackPointExtension>
            <ns3:hr>158</ns3:hr>
            <ns3:cad>92</ns3:cad>
          </ns3:TrackPointExtension>
        </extensions>
      </trkpt>
      <trkpt lat="30.549800433218479156494140625" lon="104.04957099817693233489990234375">
        <ele>475.600006103515625</ele>
        <time>2026-09-21T13:41:07.000Z</time>
        <extensions>
          <ns3:TrackPointExtension>
            <ns3:hr>157</ns3:hr>
            <ns3:cad>92</ns3:cad>
          </ns3:TrackPointExtension>
        </extensions>
      </trkpt>
      <trkpt lat="30.549778304994106292724609375" lon="104.04958424158394336700439453125">
        <ele>475.600006103515625</ele>
        <time>2026-09-21T13:41:08.000Z</time>
        <extensions>
          <ns3:TrackPointExtension>
            <ns3:hr>157</ns3:hr>
            <ns3:cad>92</ns3:cad>
          </ns3:TrackPointExtension>
        </extensions>
      </trkpt>
      <trkpt lat="30.5497491359710693359375" lon="104.049596898257732391357421875">
        <ele>475.399993896484375</ele>
        <time>2026-09-21T13:41:09.000Z</time>
        <extensions>
          <ns3:TrackPointExtension>
            <ns3:hr>157</ns3:hr>
            <ns3:cad>92</ns3:cad>
          </ns3:TrackPointExtension>
        </extensions>
      </trkpt>
      <trkpt lat="30.5497305281460285186767578125" lon="104.04961324296891689300537109375">
        <ele>475.399993896484375</ele>
        <time>2026-09-21T13:41:10.000Z</time>
        <extensions>
          <ns3:TrackPointExtension>
            <ns3:hr>157</ns3:hr>
            <ns3:cad>92</ns3:cad>
          </ns3:TrackPointExtension>
        </extensions>
      </trkpt>
      <trkpt lat="30.54969959892332553863525390625" lon="104.0496258996427059173583984375">
        <ele>475.399993896484375</ele>
        <time>2026-09-21T13:41:11.000Z</time>
        <extensions>
          <ns3:TrackPointExtension>
            <ns3:hr>157</ns3:hr>
            <ns3:cad>92</ns3:cad>
          </ns3:TrackPointExtension>
        </extensions>
      </trkpt>
      <trkpt lat="30.549674369394779205322265625" lon="104.04963855631649494171142578125">
        <ele>475.399993896484375</ele>
        <time>2026-09-21T13:41:12.000Z</time>
        <extensions>
          <ns3:TrackPointExtension>
            <ns3:hr>157</ns3:hr>
            <ns3:cad>92</ns3:cad>
          </ns3:TrackPointExtension>
        </extensions>
      </trkpt>
      <trkpt lat="30.549646876752376556396484375" lon="104.04965481720864772796630859375">
        <ele>475.399993896484375</ele>
        <time>2026-09-21T13:41:13.000Z</time>
        <extensions>
          <ns3:TrackPointExtension>
            <ns3:hr>156</ns3:hr>
            <ns3:cad>92</ns3:cad>
          </ns3:TrackPointExtension>
        </extensions>
      </trkpt>
      <trkpt lat="30.54962751455605030059814453125" lon="104.0496714971959590911865234375">
        <ele>475.20001220703125</ele>
        <time>2026-09-21T13:41:14.000Z</time>
        <extensions>
          <ns3:TrackPointExtension>
            <ns3:hr>157</ns3:hr>
            <ns3:cad>92</ns3:cad>
          </ns3:TrackPointExtension>
        </extensions>
      </trkpt>
      <trkpt lat="30.5496004410088062286376953125" lon="104.04968147166073322296142578125">
        <ele>475.20001220703125</ele>
        <time>2026-09-21T13:41:15.000Z</time>
        <extensions>
          <ns3:TrackPointExtension>
            <ns3:hr>156</ns3:hr>
            <ns3:cad>92</ns3:cad>
          </ns3:TrackPointExtension>
        </extensions>
      </trkpt>
      <trkpt lat="30.54957806132733821868896484375" lon="104.04969220049679279327392578125">
        <ele>475</ele>
        <time>2026-09-21T13:41:16.000Z</time>
        <extensions>
          <ns3:TrackPointExtension>
            <ns3:hr>156</ns3:hr>
            <ns3:cad>92</ns3:cad>
          </ns3:TrackPointExtension>
        </extensions>
      </trkpt>
      <trkpt lat="30.54954595863819122314453125" lon="104.0497023425996303558349609375">
        <ele>475</ele>
        <time>2026-09-21T13:41:17.000Z</time>
        <extensions>
          <ns3:TrackPointExtension>
            <ns3:hr>156</ns3:hr>
            <ns3:cad>92</ns3:cad>
          </ns3:TrackPointExtension>
        </extensions>
      </trkpt>
      <trkpt lat="30.5495229922235012054443359375" lon="104.04971650801599025726318359375">
        <ele>475</ele>
        <time>2026-09-21T13:41:18.000Z</time>
        <extensions>
          <ns3:TrackPointExtension>
            <ns3:hr>156</ns3:hr>
            <ns3:cad>92</ns3:cad>
          </ns3:TrackPointExtension>
        </extensions>
      </trkpt>
      <trkpt lat="30.54949809797108173370361328125" lon="104.04973260127007961273193359375">
        <ele>475</ele>
        <time>2026-09-21T13:41:19.000Z</time>
        <extensions>
          <ns3:TrackPointExtension>
            <ns3:hr>156</ns3:hr>
            <ns3:cad>93</ns3:cad>
          </ns3:TrackPointExtension>
        </extensions>
      </trkpt>
      <trkpt lat="30.54947781376540660858154296875" lon="104.04975288547575473785400390625">
        <ele>475</ele>
        <time>2026-09-21T13:41:20.000Z</time>
        <extensions>
          <ns3:TrackPointExtension>
            <ns3:hr>156</ns3:hr>
            <ns3:cad>93</ns3:cad>
          </ns3:TrackPointExtension>
        </extensions>
      </trkpt>
      <trkpt lat="30.5494475550949573516845703125" lon="104.04977886937558650970458984375">
        <ele>475</ele>
        <time>2026-09-21T13:41:21.000Z</time>
        <extensions>
          <ns3:TrackPointExtension>
            <ns3:hr>156</ns3:hr>
            <ns3:cad>92</ns3:cad>
          </ns3:TrackPointExtension>
        </extensions>
      </trkpt>
      <trkpt lat="30.5494287796318531036376953125" lon="104.04980418272316455841064453125">
        <ele>474.79998779296875</ele>
        <time>2026-09-21T13:41:22.000Z</time>
        <extensions>
          <ns3:TrackPointExtension>
            <ns3:hr>156</ns3:hr>
            <ns3:cad>93</ns3:cad>
          </ns3:TrackPointExtension>
        </extensions>
      </trkpt>
      <trkpt lat="30.549420230090618133544921875" lon="104.04984374530613422393798828125">
        <ele>474.79998779296875</ele>
        <time>2026-09-21T13:41:23.000Z</time>
        <extensions>
          <ns3:TrackPointExtension>
            <ns3:hr>156</ns3:hr>
            <ns3:cad>93</ns3:cad>
          </ns3:TrackPointExtension>
        </extensions>
      </trkpt>
      <trkpt lat="30.54941846989095211029052734375" lon="104.04987878166139125823974609375">
        <ele>474.79998779296875</ele>
        <time>2026-09-21T13:41:24.000Z</time>
        <extensions>
          <ns3:TrackPointExtension>
            <ns3:hr>156</ns3:hr>
            <ns3:cad>93</ns3:cad>
          </ns3:TrackPointExtension>
        </extensions>
      </trkpt>
      <trkpt lat="30.54942031390964984893798828125" lon="104.0499162487685680389404296875">
        <ele>474.79998779296875</ele>
        <time>2026-09-21T13:41:25.000Z</time>
        <extensions>
          <ns3:TrackPointExtension>
            <ns3:hr>156</ns3:hr>
            <ns3:cad>91</ns3:cad>
          </ns3:TrackPointExtension>
        </extensions>
      </trkpt>
      <trkpt lat="30.54942668415606021881103515625" lon="104.04994885437190532684326171875">
        <ele>474.79998779296875</ele>
        <time>2026-09-21T13:41:26.000Z</time>
        <extensions>
          <ns3:TrackPointExtension>
            <ns3:hr>156</ns3:hr>
            <ns3:cad>91</ns3:cad>
          </ns3:TrackPointExtension>
        </extensions>
      </trkpt>
      <trkpt lat="30.5494398437440395355224609375" lon="104.04998137615621089935302734375">
        <ele>474.79998779296875</ele>
        <time>2026-09-21T13:41:27.000Z</time>
        <extensions>
          <ns3:TrackPointExtension>
            <ns3:hr>156</ns3:hr>
            <ns3:cad>91</ns3:cad>
          </ns3:TrackPointExtension>
        </extensions>
      </trkpt>
      <trkpt lat="30.54945685900747776031494140625" lon="104.05000618658959865570068359375">
        <ele>474.79998779296875</ele>
        <time>2026-09-21T13:41:28.000Z</time>
        <extensions>
          <ns3:TrackPointExtension>
            <ns3:hr>156</ns3:hr>
            <ns3:cad>91</ns3:cad>
          </ns3:TrackPointExtension>
        </extensions>
      </trkpt>
      <trkpt lat="30.549481250345706939697265625" lon="104.050018675625324249267578125">
        <ele>474.79998779296875</ele>
        <time>2026-09-21T13:41:29.000Z</time>
        <extensions>
          <ns3:TrackPointExtension>
            <ns3:hr>156</ns3:hr>
            <ns3:cad>91</ns3:cad>
          </ns3:TrackPointExtension>
        </extensions>
      </trkpt>
      <trkpt lat="30.5495055578649044036865234375" lon="104.05001993291079998016357421875">
        <ele>474.79998779296875</ele>
        <time>2026-09-21T13:41:30.000Z</time>
        <extensions>
          <ns3:TrackPointExtension>
            <ns3:hr>156</ns3:hr>
            <ns3:cad>92</ns3:cad>
          </ns3:TrackPointExtension>
        </extensions>
      </trkpt>
      <trkpt lat="30.54953145794570446014404296875" lon="104.05001523904502391815185546875">
        <ele>474.79998779296875</ele>
        <time>2026-09-21T13:41:31.000Z</time>
        <extensions>
          <ns3:TrackPointExtension>
            <ns3:hr>156</ns3:hr>
            <ns3:cad>91</ns3:cad>
          </ns3:TrackPointExtension>
        </extensions>
      </trkpt>
      <trkpt lat="30.54956096224486827850341796875" lon="104.05000652186572551727294921875">
        <ele>474.79998779296875</ele>
        <time>2026-09-21T13:41:32.000Z</time>
        <extensions>
          <ns3:TrackPointExtension>
            <ns3:hr>156</ns3:hr>
            <ns3:cad>92</ns3:cad>
          </ns3:TrackPointExtension>
        </extensions>
      </trkpt>
      <trkpt lat="30.549591220915317535400390625" lon="104.04999881051480770111083984375">
        <ele>474.79998779296875</ele>
        <time>2026-09-21T13:41:33.000Z</time>
        <extensions>
          <ns3:TrackPointExtension>
            <ns3:hr>156</ns3:hr>
            <ns3:cad>92</ns3:cad>
          </ns3:TrackPointExtension>
        </extensions>
      </trkpt>
      <trkpt lat="30.54961997084319591522216796875" lon="104.0499890036880970001220703125">
        <ele>474.79998779296875</ele>
        <time>2026-09-21T13:41:34.000Z</time>
        <extensions>
          <ns3:TrackPointExtension>
            <ns3:hr>156</ns3:hr>
            <ns3:cad>92</ns3:cad>
          </ns3:TrackPointExtension>
        </extensions>
      </trkpt>
      <trkpt lat="30.549644194543361663818359375" lon="104.04998548328876495361328125">
        <ele>474.79998779296875</ele>
        <time>2026-09-21T13:41:35.000Z</time>
        <extensions>
          <ns3:TrackPointExtension>
            <ns3:hr>156</ns3:hr>
            <ns3:cad>92</ns3:cad>
          </ns3:TrackPointExtension>
        </extensions>
      </trkpt>
      <trkpt lat="30.5496778897941112518310546875" lon="104.0499729104340076446533203125">
        <ele>474.79998779296875</ele>
        <time>2026-09-21T13:41:36.000Z</time>
        <extensions>
          <ns3:TrackPointExtension>
            <ns3:hr>156</ns3:hr>
            <ns3:cad>92</ns3:cad>
          </ns3:TrackPointExtension>
        </extensions>
      </trkpt>
      <trkpt lat="30.54970127530395984649658203125" lon="104.04996410943567752838134765625">
        <ele>474.79998779296875</ele>
        <time>2026-09-21T13:41:37.000Z</time>
        <extensions>
          <ns3:TrackPointExtension>
            <ns3:hr>156</ns3:hr>
            <ns3:cad>92</ns3:cad>
          </ns3:TrackPointExtension>
        </extensions>
      </trkpt>
      <trkpt lat="30.5497311986982822418212890625" lon="104.0499517880380153656005859375">
        <ele>474.79998779296875</ele>
        <time>2026-09-21T13:41:38.000Z</time>
        <extensions>
          <ns3:TrackPointExtension>
            <ns3:hr>157</ns3:hr>
            <ns3:cad>92</ns3:cad>
          </ns3:TrackPointExtension>
        </extensions>
      </trkpt>
      <trkpt lat="30.5497519858181476593017578125" lon="104.04994231648743152618408203125">
        <ele>474.79998779296875</ele>
        <time>2026-09-21T13:41:39.000Z</time>
        <extensions>
          <ns3:TrackPointExtension>
            <ns3:hr>157</ns3:hr>
            <ns3:cad>92</ns3:cad>
          </ns3:TrackPointExtension>
        </extensions>
      </trkpt>
      <trkpt lat="30.54977654479444026947021484375" lon="104.0499283187091350555419921875">
        <ele>474.79998779296875</ele>
        <time>2026-09-21T13:41:40.000Z</time>
        <extensions>
          <ns3:TrackPointExtension>
            <ns3:hr>157</ns3:hr>
            <ns3:cad>92</ns3:cad>
          </ns3:TrackPointExtension>
        </extensions>
      </trkpt>
      <trkpt lat="30.54979397915303707122802734375" lon="104.04991440474987030029296875">
        <ele>474.79998779296875</ele>
        <time>2026-09-21T13:41:41.000Z</time>
        <extensions>
          <ns3:TrackPointExtension>
            <ns3:hr>157</ns3:hr>
            <ns3:cad>92</ns3:cad>
          </ns3:TrackPointExtension>
        </extensions>
      </trkpt>
      <trkpt lat="30.549821220338344573974609375" lon="104.0498971380293369293212890625">
        <ele>474.79998779296875</ele>
        <time>2026-09-21T13:41:42.000Z</time>
        <extensions>
          <ns3:TrackPointExtension>
            <ns3:hr>158</ns3:hr>
            <ns3:cad>93</ns3:cad>
          </ns3:TrackPointExtension>
        </extensions>
      </trkpt>
      <trkpt lat="30.5498431809246540069580078125" lon="104.0498815476894378662109375">
        <ele>474.79998779296875</ele>
        <time>2026-09-21T13:41:43.000Z</time>
        <extensions>
          <ns3:TrackPointExtension>
            <ns3:hr>158</ns3:hr>
            <ns3:cad>93</ns3:cad>
          </ns3:TrackPointExtension>
        </extensions>
      </trkpt>
      <trkpt lat="30.54987209849059581756591796875" lon="104.04986838810145854949951171875">
        <ele>474.79998779296875</ele>
        <time>2026-09-21T13:41:44.000Z</time>
        <extensions>
          <ns3:TrackPointExtension>
            <ns3:hr>158</ns3:hr>
            <ns3:cad>93</ns3:cad>
          </ns3:TrackPointExtension>
        </extensions>
      </trkpt>
      <trkpt lat="30.54989338852465152740478515625" lon="104.04985346831381320953369140625">
        <ele>474.79998779296875</ele>
        <time>2026-09-21T13:41:45.000Z</time>
        <extensions>
          <ns3:TrackPointExtension>
            <ns3:hr>157</ns3:hr>
            <ns3:cad>92</ns3:cad>
          </ns3:TrackPointExtension>
        </extensions>
      </trkpt>
      <trkpt lat="30.54991736076772212982177734375" lon="104.04983905144035816192626953125">
        <ele>474.79998779296875</ele>
        <time>2026-09-21T13:41:46.000Z</time>
        <extensions>
          <ns3:TrackPointExtension>
            <ns3:hr>157</ns3:hr>
            <ns3:cad>92</ns3:cad>
          </ns3:TrackPointExtension>
        </extensions>
      </trkpt>
      <trkpt lat="30.5499390698969364166259765625" lon="104.04982781969010829925537109375">
        <ele>474.79998779296875</ele>
        <time>2026-09-21T13:41:47.000Z</time>
        <extensions>
          <ns3:TrackPointExtension>
            <ns3:hr>157</ns3:hr>
            <ns3:cad>92</ns3:cad>
          </ns3:TrackPointExtension>
        </extensions>
      </trkpt>
      <trkpt lat="30.54996572434902191162109375" lon="104.0498163364827632904052734375">
        <ele>475</ele>
        <time>2026-09-21T13:41:48.000Z</time>
        <extensions>
          <ns3:TrackPointExtension>
            <ns3:hr>157</ns3:hr>
            <ns3:cad>92</ns3:cad>
          </ns3:TrackPointExtension>
        </extensions>
      </trkpt>
      <trkpt lat="30.5499880202114582061767578125" lon="104.04980585910379886627197265625">
        <ele>475</ele>
        <time>2026-09-21T13:41:49.000Z</time>
        <extensions>
          <ns3:TrackPointExtension>
            <ns3:hr>158</ns3:hr>
            <ns3:cad>92</ns3:cad>
          </ns3:TrackPointExtension>
        </extensions>
      </trkpt>
      <trkpt lat="30.55000922642648220062255859375" lon="104.0497935377061367034912109375">
        <ele>475</ele>
        <time>2026-09-21T13:41:50.000Z</time>
        <extensions>
          <ns3:TrackPointExtension>
            <ns3:hr>158</ns3:hr>
            <ns3:cad>92</ns3:cad>
          </ns3:TrackPointExtension>
        </extensions>
      </trkpt>
      <trkpt lat="30.55003554560244083404541015625" lon="104.04978188686072826385498046875">
        <ele>475</ele>
        <time>2026-09-21T13:41:51.000Z</time>
        <extensions>
          <ns3:TrackPointExtension>
            <ns3:hr>158</ns3:hr>
            <ns3:cad>92</ns3:cad>
          </ns3:TrackPointExtension>
        </extensions>
      </trkpt>
      <trkpt lat="30.5500574223697185516357421875" lon="104.04977199621498584747314453125">
        <ele>475</ele>
        <time>2026-09-21T13:41:52.000Z</time>
        <extensions>
          <ns3:TrackPointExtension>
            <ns3:hr>158</ns3:hr>
            <ns3:cad>92</ns3:cad>
          </ns3:TrackPointExtension>
        </extensions>
      </trkpt>
      <trkpt lat="30.5500808916985988616943359375" lon="104.0497593395411968231201171875">
        <ele>475</ele>
        <time>2026-09-21T13:41:53.000Z</time>
        <extensions>
          <ns3:TrackPointExtension>
            <ns3:hr>158</ns3:hr>
            <ns3:cad>92</ns3:cad>
          </ns3:TrackPointExtension>
        </extensions>
      </trkpt>
      <trkpt lat="30.5501013435423374176025390625" lon="104.04974902980029582977294921875">
        <ele>475</ele>
        <time>2026-09-21T13:41:54.000Z</time>
        <extensions>
          <ns3:TrackPointExtension>
            <ns3:hr>158</ns3:hr>
            <ns3:cad>92</ns3:cad>
          </ns3:TrackPointExtension>
        </extensions>
      </trkpt>
      <trkpt lat="30.55012556724250316619873046875" lon="104.04973804950714111328125">
        <ele>475</ele>
        <time>2026-09-21T13:41:55.000Z</time>
        <extensions>
          <ns3:TrackPointExtension>
            <ns3:hr>158</ns3:hr>
            <ns3:cad>92</ns3:cad>
          </ns3:TrackPointExtension>
        </extensions>
      </trkpt>
      <trkpt lat="30.55014836601912975311279296875" lon="104.049726314842700958251953125">
        <ele>475.20001220703125</ele>
        <time>2026-09-21T13:41:56.000Z</time>
        <extensions>
          <ns3:TrackPointExtension>
            <ns3:hr>158</ns3:hr>
            <ns3:cad>92</ns3:cad>
          </ns3:TrackPointExtension>
        </extensions>
      </trkpt>
      <trkpt lat="30.5501761101186275482177734375" lon="104.04971726238727569580078125">
        <ele>475.20001220703125</ele>
        <time>2026-09-21T13:41:57.000Z</time>
        <extensions>
          <ns3:TrackPointExtension>
            <ns3:hr>159</ns3:hr>
            <ns3:cad>92</ns3:cad>
          </ns3:TrackPointExtension>
        </extensions>
      </trkpt>
      <trkpt lat="30.55019714869558811187744140625" lon="104.04970410279929637908935546875">
        <ele>475.20001220703125</ele>
        <time>2026-09-21T13:41:58.000Z</time>
        <extensions>
          <ns3:TrackPointExtension>
            <ns3:hr>159</ns3:hr>
            <ns3:cad>92</ns3:cad>
          </ns3:TrackPointExtension>
        </extensions>
      </trkpt>
      <trkpt lat="30.5502264015376567840576171875" lon="104.0496879257261753082275390625">
        <ele>475.399993896484375</ele>
        <time>2026-09-21T13:41:59.000Z</time>
        <extensions>
          <ns3:TrackPointExtension>
            <ns3:hr>159</ns3:hr>
            <ns3:cad>92</ns3:cad>
          </ns3:TrackPointExtension>
        </extensions>
      </trkpt>
      <trkpt lat="30.55024526081979274749755859375" lon="104.04967744834721088409423828125">
        <ele>475.399993896484375</ele>
        <time>2026-09-21T13:42:00.000Z</time>
        <extensions>
          <ns3:TrackPointExtension>
            <ns3:hr>159</ns3:hr>
            <ns3:cad>92</ns3:cad>
          </ns3:TrackPointExtension>
        </extensions>
      </trkpt>
      <trkpt lat="30.55027409456670284271240234375" lon="104.04966370202600955963134765625">
        <ele>475.600006103515625</ele>
        <time>2026-09-21T13:42:01.000Z</time>
        <extensions>
          <ns3:TrackPointExtension>
            <ns3:hr>158</ns3:hr>
            <ns3:cad>91</ns3:cad>
          </ns3:TrackPointExtension>
        </extensions>
      </trkpt>
      <trkpt lat="30.55029538460075855255126953125" lon="104.049648530781269073486328125">
        <ele>475.600006103515625</ele>
        <time>2026-09-21T13:42:02.000Z</time>
        <extensions>
          <ns3:TrackPointExtension>
            <ns3:hr>159</ns3:hr>
            <ns3:cad>91</ns3:cad>
          </ns3:TrackPointExtension>
        </extensions>
      </trkpt>
      <trkpt lat="30.55032237432897090911865234375" lon="104.04962682165205478668212890625">
        <ele>475.600006103515625</ele>
        <time>2026-09-21T13:42:03.000Z</time>
        <extensions>
          <ns3:TrackPointExtension>
            <ns3:hr>159</ns3:hr>
            <ns3:cad>91</ns3:cad>
          </ns3:TrackPointExtension>
        </extensions>
      </trkpt>
      <trkpt lat="30.550342239439487457275390625" lon="104.049611650407314300537109375">
        <ele>475.79998779296875</ele>
        <time>2026-09-21T13:42:04.000Z</time>
        <extensions>
          <ns3:TrackPointExtension>
            <ns3:hr>159</ns3:hr>
            <ns3:cad>90</ns3:cad>
          </ns3:TrackPointExtension>
        </extensions>
      </trkpt>
      <trkpt lat="30.5503642000257968902587890625" lon="104.04958985745906829833984375">
        <ele>475.79998779296875</ele>
        <time>2026-09-21T13:42:05.000Z</time>
        <extensions>
          <ns3:TrackPointExtension>
            <ns3:hr>159</ns3:hr>
            <ns3:cad>90</ns3:cad>
          </ns3:TrackPointExtension>
        </extensions>
      </trkpt>
      <trkpt lat="30.5503796227276325225830078125" lon="104.0495665557682514190673828125">
        <ele>475.79998779296875</ele>
        <time>2026-09-21T13:42:06.000Z</time>
        <extensions>
          <ns3:TrackPointExtension>
            <ns3:hr>159</ns3:hr>
            <ns3:cad>90</ns3:cad>
          </ns3:TrackPointExtension>
        </extensions>
      </trkpt>
      <trkpt lat="30.55040066130459308624267578125" lon="104.0495410747826099395751953125">
        <ele>476</ele>
        <time>2026-09-21T13:42:07.000Z</time>
        <extensions>
          <ns3:TrackPointExtension>
            <ns3:hr>160</ns3:hr>
            <ns3:cad>90</ns3:cad>
          </ns3:TrackPointExtension>
        </extensions>
      </trkpt>
      <trkpt lat="30.5504141561686992645263671875" lon="104.04951953329145908355712890625">
        <ele>476</ele>
        <time>2026-09-21T13:42:08.000Z</time>
        <extensions>
          <ns3:TrackPointExtension>
            <ns3:hr>159</ns3:hr>
            <ns3:cad>90</ns3:cad>
          </ns3:TrackPointExtension>
        </extensions>
      </trkpt>
      <trkpt lat="30.5504339374601840972900390625" lon="104.0494914539158344268798828125">
        <ele>476</ele>
        <time>2026-09-21T13:42:09.000Z</time>
        <extensions>
          <ns3:TrackPointExtension>
            <ns3:hr>159</ns3:hr>
            <ns3:cad>91</ns3:cad>
          </ns3:TrackPointExtension>
        </extensions>
      </trkpt>
      <trkpt lat="30.55044575594365596771240234375" lon="104.049472846090793609619140625">
        <ele>476.20001220703125</ele>
        <time>2026-09-21T13:42:10.000Z</time>
        <extensions>
          <ns3:TrackPointExtension>
            <ns3:hr>160</ns3:hr>
            <ns3:cad>92</ns3:cad>
          </ns3:TrackPointExtension>
        </extensions>
      </trkpt>
      <trkpt lat="30.55046503432095050811767578125" lon="104.04945180751383304595947265625">
        <ele>476.20001220703125</ele>
        <time>2026-09-21T13:42:11.000Z</time>
        <extensions>
          <ns3:TrackPointExtension>
            <ns3:hr>159</ns3:hr>
            <ns3:cad>92</ns3:cad>
          </ns3:TrackPointExtension>
        </extensions>
      </trkpt>
      <trkpt lat="30.55048129521310329437255859375" lon="104.04943160712718963623046875">
        <ele>476.399993896484375</ele>
        <time>2026-09-21T13:42:12.000Z</time>
        <extensions>
          <ns3:TrackPointExtension>
            <ns3:hr>159</ns3:hr>
            <ns3:cad>92</ns3:cad>
          </ns3:TrackPointExtension>
        </extensions>
      </trkpt>
      <trkpt lat="30.550497807562351226806640625" lon="104.0494094789028167724609375">
        <ele>476.399993896484375</ele>
        <time>2026-09-21T13:42:13.000Z</time>
        <extensions>
          <ns3:TrackPointExtension>
            <ns3:hr>160</ns3:hr>
            <ns3:cad>92</ns3:cad>
          </ns3:TrackPointExtension>
        </extensions>
      </trkpt>
      <trkpt lat="30.55051649920642375946044921875" lon="104.0493838302791118621826171875">
        <ele>476.600006103515625</ele>
        <time>2026-09-21T13:42:14.000Z</time>
        <extensions>
          <ns3:TrackPointExtension>
            <ns3:hr>160</ns3:hr>
            <ns3:cad>92</ns3:cad>
          </ns3:TrackPointExtension>
        </extensions>
      </trkpt>
      <trkpt lat="30.55053376592695713043212890625" lon="104.0493610315024852752685546875">
        <ele>477</ele>
        <time>2026-09-21T13:42:15.000Z</time>
        <extensions>
          <ns3:TrackPointExtension>
            <ns3:hr>160</ns3:hr>
            <ns3:cad>92</ns3:cad>
          </ns3:TrackPointExtension>
        </extensions>
      </trkpt>
      <trkpt lat="30.5505459196865558624267578125" lon="104.049342088401317596435546875">
        <ele>477.399993896484375</ele>
        <time>2026-09-21T13:42:16.000Z</time>
        <extensions>
          <ns3:TrackPointExtension>
            <ns3:hr>160</ns3:hr>
            <ns3:cad>90</ns3:cad>
          </ns3:TrackPointExtension>
        </extensions>
      </trkpt>
      <trkpt lat="30.55055974982678890228271484375" lon="104.04931568540632724761962890625">
        <ele>477.600006103515625</ele>
        <time>2026-09-21T13:42:17.000Z</time>
        <extensions>
          <ns3:TrackPointExtension>
            <ns3:hr>160</ns3:hr>
            <ns3:cad>90</ns3:cad>
          </ns3:TrackPointExtension>
        </extensions>
      </trkpt>
      <trkpt lat="30.55057525634765625" lon="104.049289114773273468017578125">
        <ele>477.79998779296875</ele>
        <time>2026-09-21T13:42:18.000Z</time>
        <extensions>
          <ns3:TrackPointExtension>
            <ns3:hr>160</ns3:hr>
            <ns3:cad>90</ns3:cad>
          </ns3:TrackPointExtension>
        </extensions>
      </trkpt>
      <trkpt lat="30.5505859851837158203125" lon="104.04926472343504428863525390625">
        <ele>477.79998779296875</ele>
        <time>2026-09-21T13:42:19.000Z</time>
        <extensions>
          <ns3:TrackPointExtension>
            <ns3:hr>160</ns3:hr>
            <ns3:cad>90</ns3:cad>
          </ns3:TrackPointExtension>
        </extensions>
      </trkpt>
      <trkpt lat="30.55060283280909061431884765625" lon="104.04923521913588047027587890625">
        <ele>477.79998779296875</ele>
        <time>2026-09-21T13:42:20.000Z</time>
        <extensions>
          <ns3:TrackPointExtension>
            <ns3:hr>160</ns3:hr>
            <ns3:cad>90</ns3:cad>
          </ns3:TrackPointExtension>
        </extensions>
      </trkpt>
      <trkpt lat="30.5506173335015773773193359375" lon="104.04921434819698333740234375">
        <ele>477.600006103515625</ele>
        <time>2026-09-21T13:42:21.000Z</time>
        <extensions>
          <ns3:TrackPointExtension>
            <ns3:hr>160</ns3:hr>
            <ns3:cad>90</ns3:cad>
          </ns3:TrackPointExtension>
        </extensions>
      </trkpt>
      <trkpt lat="30.5506371147930622100830078125" lon="104.04918760992586612701416015625">
        <ele>477.600006103515625</ele>
        <time>2026-09-21T13:42:22.000Z</time>
        <extensions>
          <ns3:TrackPointExtension>
            <ns3:hr>161</ns3:hr>
            <ns3:cad>90</ns3:cad>
          </ns3:TrackPointExtension>
        </extensions>
      </trkpt>
      <trkpt lat="30.55064675398170948028564453125" lon="104.04916598461568355560302734375">
        <ele>477.79998779296875</ele>
        <time>2026-09-21T13:42:23.000Z</time>
        <extensions>
          <ns3:TrackPointExtension>
            <ns3:hr>161</ns3:hr>
            <ns3:cad>91</ns3:cad>
          </ns3:TrackPointExtension>
        </extensions>
      </trkpt>
      <trkpt lat="30.5506629310548305511474609375" lon="104.04914016835391521453857421875">
        <ele>477.79998779296875</ele>
        <time>2026-09-21T13:42:24.000Z</time>
        <extensions>
          <ns3:TrackPointExtension>
            <ns3:hr>161</ns3:hr>
            <ns3:cad>90</ns3:cad>
          </ns3:TrackPointExtension>
        </extensions>
      </trkpt>
      <trkpt lat="30.55067709647119045257568359375" lon="104.04911778867244720458984375">
        <ele>477.79998779296875</ele>
        <time>2026-09-21T13:42:25.000Z</time>
        <extensions>
          <ns3:TrackPointExtension>
            <ns3:hr>162</ns3:hr>
            <ns3:cad>90</ns3:cad>
          </ns3:TrackPointExtension>
        </extensions>
      </trkpt>
      <trkpt lat="30.55069302208721637725830078125" lon="104.04909138567745685577392578125">
        <ele>477.79998779296875</ele>
        <time>2026-09-21T13:42:26.000Z</time>
        <extensions>
          <ns3:TrackPointExtension>
            <ns3:hr>163</ns3:hr>
            <ns3:cad>90</ns3:cad>
          </ns3:TrackPointExtension>
        </extensions>
      </trkpt>
      <trkpt lat="30.55070894770324230194091796875" lon="104.04906892217695713043212890625">
        <ele>477.600006103515625</ele>
        <time>2026-09-21T13:42:27.000Z</time>
        <extensions>
          <ns3:TrackPointExtension>
            <ns3:hr>162</ns3:hr>
            <ns3:cad>90</ns3:cad>
          </ns3:TrackPointExtension>
        </extensions>
      </trkpt>
      <trkpt lat="30.5507279746234416961669921875" lon="104.04904344119131565093994140625">
        <ele>477.600006103515625</ele>
        <time>2026-09-21T13:42:28.000Z</time>
        <extensions>
          <ns3:TrackPointExtension>
            <ns3:hr>162</ns3:hr>
            <ns3:cad>91</ns3:cad>
          </ns3:TrackPointExtension>
        </extensions>
      </trkpt>
      <trkpt lat="30.55074616335332393646240234375" lon="104.0490187145769596099853515625">
        <ele>477.399993896484375</ele>
        <time>2026-09-21T13:42:29.000Z</time>
        <extensions>
          <ns3:TrackPointExtension>
            <ns3:hr>162</ns3:hr>
            <ns3:cad>91</ns3:cad>
          </ns3:TrackPointExtension>
        </extensions>
      </trkpt>
      <trkpt lat="30.5507672019302845001220703125" lon="104.0489932335913181304931640625">
        <ele>477.20001220703125</ele>
        <time>2026-09-21T13:42:30.000Z</time>
        <extensions>
          <ns3:TrackPointExtension>
            <ns3:hr>162</ns3:hr>
            <ns3:cad>91</ns3:cad>
          </ns3:TrackPointExtension>
        </extensions>
      </trkpt>
      <trkpt lat="30.55078807286918163299560546875" lon="104.0489714406430721282958984375">
        <ele>477</ele>
        <time>2026-09-21T13:42:31.000Z</time>
        <extensions>
          <ns3:TrackPointExtension>
            <ns3:hr>162</ns3:hr>
            <ns3:cad>92</ns3:cad>
          </ns3:TrackPointExtension>
        </extensions>
      </trkpt>
      <trkpt lat="30.55081305094063282012939453125" lon="104.0489481389522552490234375">
        <ele>476.79998779296875</ele>
        <time>2026-09-21T13:42:32.000Z</time>
        <extensions>
          <ns3:TrackPointExtension>
            <ns3:hr>162</ns3:hr>
            <ns3:cad>91</ns3:cad>
          </ns3:TrackPointExtension>
        </extensions>
      </trkpt>
      <trkpt lat="30.55083165876567363739013671875" lon="104.0489320456981658935546875">
        <ele>476.600006103515625</ele>
        <time>2026-09-21T13:42:33.000Z</time>
        <extensions>
          <ns3:TrackPointExtension>
            <ns3:hr>162</ns3:hr>
            <ns3:cad>91</ns3:cad>
          </ns3:TrackPointExtension>
        </extensions>
      </trkpt>
      <trkpt lat="30.5508567206561565399169921875" lon="104.04890849255025386810302734375">
        <ele>476.399993896484375</ele>
        <time>2026-09-21T13:42:34.000Z</time>
        <extensions>
          <ns3:TrackPointExtension>
            <ns3:hr>162</ns3:hr>
            <ns3:cad>91</ns3:cad>
          </ns3:TrackPointExtension>
        </extensions>
      </trkpt>
      <trkpt lat="30.55087608285248279571533203125" lon="104.048887789249420166015625">
        <ele>476.20001220703125</ele>
        <time>2026-09-21T13:42:35.000Z</time>
        <extensions>
          <ns3:TrackPointExtension>
            <ns3:hr>162</ns3:hr>
            <ns3:cad>91</ns3:cad>
          </ns3:TrackPointExtension>
        </extensions>
      </trkpt>
      <trkpt lat="30.55090256966650485992431640625" lon="104.0488668344914913177490234375">
        <ele>476.20001220703125</ele>
        <time>2026-09-21T13:42:36.000Z</time>
        <extensions>
          <ns3:TrackPointExtension>
            <ns3:hr>162</ns3:hr>
            <ns3:cad>91</ns3:cad>
          </ns3:TrackPointExtension>
        </extensions>
      </trkpt>
      <trkpt lat="30.5509247817099094390869140625" lon="104.0488515794277191162109375">
        <ele>476.20001220703125</ele>
        <time>2026-09-21T13:42:37.000Z</time>
        <extensions>
          <ns3:TrackPointExtension>
            <ns3:hr>162</ns3:hr>
            <ns3:cad>92</ns3:cad>
          </ns3:TrackPointExtension>
        </extensions>
      </trkpt>
      <trkpt lat="30.5509519390761852264404296875" lon="104.0488339774310588836669921875">
        <ele>476.399993896484375</ele>
        <time>2026-09-21T13:42:38.000Z</time>
        <extensions>
          <ns3:TrackPointExtension>
            <ns3:hr>162</ns3:hr>
            <ns3:cad>92</ns3:cad>
          </ns3:TrackPointExtension>
        </extensions>
      </trkpt>
      <trkpt lat="30.55097289383411407470703125" lon="104.04882065020501613616943359375">
        <ele>476.600006103515625</ele>
        <time>2026-09-21T13:42:39.000Z</time>
        <extensions>
          <ns3:TrackPointExtension>
            <ns3:hr>162</ns3:hr>
            <ns3:cad>92</ns3:cad>
          </ns3:TrackPointExtension>
        </extensions>
      </trkpt>
      <trkpt lat="30.5509992130100727081298828125" lon="104.04880740679800510406494140625">
        <ele>476.79998779296875</ele>
        <time>2026-09-21T13:42:40.000Z</time>
        <extensions>
          <ns3:TrackPointExtension>
            <ns3:hr>162</ns3:hr>
            <ns3:cad>92</ns3:cad>
          </ns3:TrackPointExtension>
        </extensions>
      </trkpt>
      <trkpt lat="30.55102075450122356414794921875" lon="104.04879617504775524139404296875">
        <ele>477</ele>
        <time>2026-09-21T13:42:41.000Z</time>
        <extensions>
          <ns3:TrackPointExtension>
            <ns3:hr>162</ns3:hr>
            <ns3:cad>92</ns3:cad>
          </ns3:TrackPointExtension>
        </extensions>
      </trkpt>
      <trkpt lat="30.55104154162108898162841796875" lon="104.048784859478473663330078125">
        <ele>477.399993896484375</ele>
        <time>2026-09-21T13:42:42.000Z</time>
        <extensions>
          <ns3:TrackPointExtension>
            <ns3:hr>162</ns3:hr>
            <ns3:cad>92</ns3:cad>
          </ns3:TrackPointExtension>
        </extensions>
      </trkpt>
      <trkpt lat="30.5510598979890346527099609375" lon="104.04877446591854095458984375">
        <ele>477.600006103515625</ele>
        <time>2026-09-21T13:42:43.000Z</time>
        <extensions>
          <ns3:TrackPointExtension>
            <ns3:hr>162</ns3:hr>
            <ns3:cad>92</ns3:cad>
          </ns3:TrackPointExtension>
        </extensions>
      </trkpt>
      <trkpt lat="30.551082529127597808837890625" lon="104.0487642399966716766357421875">
        <ele>477.79998779296875</ele>
        <time>2026-09-21T13:42:44.000Z</time>
        <extensions>
          <ns3:TrackPointExtension>
            <ns3:hr>162</ns3:hr>
            <ns3:cad>90</ns3:cad>
          </ns3:TrackPointExtension>
        </extensions>
      </trkpt>
      <trkpt lat="30.55109987966716289520263671875" lon="104.04874772764742374420166015625">
        <ele>478.20001220703125</ele>
        <time>2026-09-21T13:42:45.000Z</time>
        <extensions>
          <ns3:TrackPointExtension>
            <ns3:hr>161</ns3:hr>
            <ns3:cad>90</ns3:cad>
          </ns3:TrackPointExtension>
        </extensions>
      </trkpt>
      <trkpt lat="30.551118738949298858642578125" lon="104.04874018393456935882568359375">
        <ele>478.399993896484375</ele>
        <time>2026-09-21T13:42:46.000Z</time>
        <extensions>
          <ns3:TrackPointExtension>
            <ns3:hr>162</ns3:hr>
            <ns3:cad>89</ns3:cad>
          </ns3:TrackPointExtension>
        </extensions>
      </trkpt>
      <trkpt lat="30.55113650858402252197265625" lon="104.048732556402683258056640625">
        <ele>478.399993896484375</ele>
        <time>2026-09-21T13:42:47.000Z</time>
        <extensions>
          <ns3:TrackPointExtension>
            <ns3:hr>162</ns3:hr>
            <ns3:cad>89</ns3:cad>
          </ns3:TrackPointExtension>
        </extensions>
      </trkpt>
      <trkpt lat="30.55116173811256885528564453125" lon="104.04872610233724117279052734375">
        <ele>478.600006103515625</ele>
        <time>2026-09-21T13:42:48.000Z</time>
        <extensions>
          <ns3:TrackPointExtension>
            <ns3:hr>162</ns3:hr>
            <ns3:cad>89</ns3:cad>
          </ns3:TrackPointExtension>
        </extensions>
      </trkpt>
      <trkpt lat="30.55118017829954624176025390625" lon="104.0487189777195453643798828125">
        <ele>478.600006103515625</ele>
        <time>2026-09-21T13:42:49.000Z</time>
        <extensions>
          <ns3:TrackPointExtension>
            <ns3:hr>162</ns3:hr>
            <ns3:cad>89</ns3:cad>
          </ns3:TrackPointExtension>
        </extensions>
      </trkpt>
      <trkpt lat="30.55121052078902721405029296875" lon="104.04871386475861072540283203125">
        <ele>478.399993896484375</ele>
        <time>2026-09-21T13:42:50.000Z</time>
        <extensions>
          <ns3:TrackPointExtension>
            <ns3:hr>162</ns3:hr>
            <ns3:cad>89</ns3:cad>
          </ns3:TrackPointExtension>
        </extensions>
      </trkpt>
      <trkpt lat="30.5512345768511295318603515625" lon="104.0487072430551052093505859375">
        <ele>478.20001220703125</ele>
        <time>2026-09-21T13:42:51.000Z</time>
        <extensions>
          <ns3:TrackPointExtension>
            <ns3:hr>163</ns3:hr>
            <ns3:cad>89</ns3:cad>
          </ns3:TrackPointExtension>
        </extensions>
      </trkpt>
      <trkpt lat="30.5512677691876888275146484375" lon="104.0487062372267246246337890625">
        <ele>477.79998779296875</ele>
        <time>2026-09-21T13:42:52.000Z</time>
        <extensions>
          <ns3:TrackPointExtension>
            <ns3:hr>163</ns3:hr>
            <ns3:cad>88</ns3:cad>
          </ns3:TrackPointExtension>
        </extensions>
      </trkpt>
      <trkpt lat="30.5512972734868526458740234375" lon="104.048703052103519439697265625">
        <ele>477.600006103515625</ele>
        <time>2026-09-21T13:42:53.000Z</time>
        <extensions>
          <ns3:TrackPointExtension>
            <ns3:hr>163</ns3:hr>
            <ns3:cad>88</ns3:cad>
          </ns3:TrackPointExtension>
        </extensions>
      </trkpt>
      <trkpt lat="30.55133155547082424163818359375" lon="104.04870280064642429351806640625">
        <ele>477.399993896484375</ele>
        <time>2026-09-21T13:42:54.000Z</time>
        <extensions>
          <ns3:TrackPointExtension>
            <ns3:hr>163</ns3:hr>
            <ns3:cad>88</ns3:cad>
          </ns3:TrackPointExtension>
        </extensions>
      </trkpt>
      <trkpt lat="30.5513586290180683135986328125" lon="104.0487038902938365936279296875">
        <ele>477.20001220703125</ele>
        <time>2026-09-21T13:42:55.000Z</time>
        <extensions>
          <ns3:TrackPointExtension>
            <ns3:hr>164</ns3:hr>
            <ns3:cad>90</ns3:cad>
          </ns3:TrackPointExtension>
        </extensions>
      </trkpt>
      <trkpt lat="30.5513877980411052703857421875" lon="104.0487126074731349945068359375">
        <ele>477</ele>
        <time>2026-09-21T13:42:56.000Z</time>
        <extensions>
          <ns3:TrackPointExtension>
            <ns3:hr>163</ns3:hr>
            <ns3:cad>90</ns3:cad>
          </ns3:TrackPointExtension>
        </extensions>
      </trkpt>
      <trkpt lat="30.55141269229352474212646484375" lon="104.0487186424434185028076171875">
        <ele>477</ele>
        <time>2026-09-21T13:42:57.000Z</time>
        <extensions>
          <ns3:TrackPointExtension>
            <ns3:hr>163</ns3:hr>
            <ns3:cad>90</ns3:cad>
          </ns3:TrackPointExtension>
        </extensions>
      </trkpt>
      <trkpt lat="30.5514417774975299835205078125" lon="104.0487293712794780731201171875">
        <ele>477</ele>
        <time>2026-09-21T13:42:58.000Z</time>
        <extensions>
          <ns3:TrackPointExtension>
            <ns3:hr>164</ns3:hr>
            <ns3:cad>91</ns3:cad>
          </ns3:TrackPointExtension>
        </extensions>
      </trkpt>
      <trkpt lat="30.55146533064544200897216796875" lon="104.048735238611698150634765625">
        <ele>477</ele>
        <time>2026-09-21T13:42:59.000Z</time>
        <extensions>
          <ns3:TrackPointExtension>
            <ns3:hr>163</ns3:hr>
            <ns3:cad>92</ns3:cad>
          </ns3:TrackPointExtension>
        </extensions>
      </trkpt>
      <trkpt lat="30.551496930420398712158203125" lon="104.0487397648394107818603515625">
        <ele>477</ele>
        <time>2026-09-21T13:43:00.000Z</time>
        <extensions>
          <ns3:TrackPointExtension>
            <ns3:hr>163</ns3:hr>
            <ns3:cad>92</ns3:cad>
          </ns3:TrackPointExtension>
        </extensions>
      </trkpt>
      <trkpt lat="30.55152140557765960693359375" lon="104.04874353669583797454833984375">
        <ele>477</ele>
        <time>2026-09-21T13:43:01.000Z</time>
        <extensions>
          <ns3:TrackPointExtension>
            <ns3:hr>164</ns3:hr>
            <ns3:cad>92</ns3:cad>
          </ns3:TrackPointExtension>
        </extensions>
      </trkpt>
      <trkpt lat="30.55154797621071338653564453125" lon="104.0487444587051868438720703125">
        <ele>477</ele>
        <time>2026-09-21T13:43:02.000Z</time>
        <extensions>
          <ns3:TrackPointExtension>
            <ns3:hr>163</ns3:hr>
            <ns3:cad>92</ns3:cad>
          </ns3:TrackPointExtension>
        </extensions>
      </trkpt>
      <trkpt lat="30.55157094262540340423583984375" lon="104.04873833991587162017822265625">
        <ele>477</ele>
        <time>2026-09-21T13:43:03.000Z</time>
        <extensions>
          <ns3:TrackPointExtension>
            <ns3:hr>163</ns3:hr>
            <ns3:cad>92</ns3:cad>
          </ns3:TrackPointExtension>
        </extensions>
      </trkpt>
      <trkpt lat="30.5515958368778228759765625" lon="104.04873297549784183502197265625">
        <ele>476.79998779296875</ele>
        <time>2026-09-21T13:43:04.000Z</time>
        <extensions>
          <ns3:TrackPointExtension>
            <ns3:hr>164</ns3:hr>
            <ns3:cad>92</ns3:cad>
          </ns3:TrackPointExtension>
        </extensions>
      </trkpt>
      <trkpt lat="30.5516218207776546478271484375" lon="104.04872953891754150390625">
        <ele>476.79998779296875</ele>
        <time>2026-09-21T13:43:05.000Z</time>
        <extensions>
          <ns3:TrackPointExtension>
            <ns3:hr>163</ns3:hr>
            <ns3:cad>92</ns3:cad>
          </ns3:TrackPointExtension>
        </extensions>
      </trkpt>
      <trkpt lat="30.55165057070553302764892578125" lon="104.04872476123273372650146484375">
        <ele>476.600006103515625</ele>
        <time>2026-09-21T13:43:06.000Z</time>
        <extensions>
          <ns3:TrackPointExtension>
            <ns3:hr>163</ns3:hr>
            <ns3:cad>92</ns3:cad>
          </ns3:TrackPointExtension>
        </extensions>
      </trkpt>
      <trkpt lat="30.5516808293759822845458984375" lon="104.048715792596340179443359375">
        <ele>476.600006103515625</ele>
        <time>2026-09-21T13:43:07.000Z</time>
        <extensions>
          <ns3:TrackPointExtension>
            <ns3:hr>164</ns3:hr>
            <ns3:cad>92</ns3:cad>
          </ns3:TrackPointExtension>
        </extensions>
      </trkpt>
      <trkpt lat="30.55171041749417781829833984375" lon="104.0487065725028514862060546875">
        <ele>476.399993896484375</ele>
        <time>2026-09-21T13:43:08.000Z</time>
        <extensions>
          <ns3:TrackPointExtension>
            <ns3:hr>163</ns3:hr>
            <ns3:cad>91</ns3:cad>
          </ns3:TrackPointExtension>
        </extensions>
      </trkpt>
      <trkpt lat="30.55174226872622966766357421875" lon="104.04869425110518932342529296875">
        <ele>476.399993896484375</ele>
        <time>2026-09-21T13:43:09.000Z</time>
        <extensions>
          <ns3:TrackPointExtension>
            <ns3:hr>163</ns3:hr>
            <ns3:cad>93</ns3:cad>
          </ns3:TrackPointExtension>
        </extensions>
      </trkpt>
      <trkpt lat="30.5517700128257274627685546875" lon="104.0486837737262248992919921875">
        <ele>476.399993896484375</ele>
        <time>2026-09-21T13:43:10.000Z</time>
        <extensions>
          <ns3:TrackPointExtension>
            <ns3:hr>164</ns3:hr>
            <ns3:cad>93</ns3:cad>
          </ns3:TrackPointExtension>
        </extensions>
      </trkpt>
      <trkpt lat="30.5518062226474285125732421875" lon="104.04867296107113361358642578125">
        <ele>476.20001220703125</ele>
        <time>2026-09-21T13:43:11.000Z</time>
        <extensions>
          <ns3:TrackPointExtension>
            <ns3:hr>163</ns3:hr>
            <ns3:cad>93</ns3:cad>
          </ns3:TrackPointExtension>
        </extensions>
      </trkpt>
      <trkpt lat="30.55183514021337032318115234375" lon="104.0486676804721355438232421875">
        <ele>476.20001220703125</ele>
        <time>2026-09-21T13:43:12.000Z</time>
        <extensions>
          <ns3:TrackPointExtension>
            <ns3:hr>163</ns3:hr>
            <ns3:cad>92</ns3:cad>
          </ns3:TrackPointExtension>
        </extensions>
      </trkpt>
      <trkpt lat="30.55187000893056392669677734375" lon="104.0486619807779788970947265625">
        <ele>476.20001220703125</ele>
        <time>2026-09-21T13:43:13.000Z</time>
        <extensions>
          <ns3:TrackPointExtension>
            <ns3:hr>164</ns3:hr>
            <ns3:cad>92</ns3:cad>
          </ns3:TrackPointExtension>
        </extensions>
      </trkpt>
      <trkpt lat="30.5518949031829833984375" lon="104.04865301214158535003662109375">
        <ele>476.20001220703125</ele>
        <time>2026-09-21T13:43:14.000Z</time>
        <extensions>
          <ns3:TrackPointExtension>
            <ns3:hr>163</ns3:hr>
            <ns3:cad>93</ns3:cad>
          </ns3:TrackPointExtension>
        </extensions>
      </trkpt>
      <trkpt lat="30.551927089691162109375" lon="104.04864563606679439544677734375">
        <ele>476.20001220703125</ele>
        <time>2026-09-21T13:43:15.000Z</time>
        <extensions>
          <ns3:TrackPointExtension>
            <ns3:hr>163</ns3:hr>
            <ns3:cad>92</ns3:cad>
          </ns3:TrackPointExtension>
        </extensions>
      </trkpt>
      <trkpt lat="30.55195055902004241943359375" lon="104.0486331470310688018798828125">
        <ele>476.20001220703125</ele>
        <time>2026-09-21T13:43:16.000Z</time>
        <extensions>
          <ns3:TrackPointExtension>
            <ns3:hr>164</ns3:hr>
            <ns3:cad>93</ns3:cad>
          </ns3:TrackPointExtension>
        </extensions>
      </trkpt>
      <trkpt lat="30.55198014713823795318603515625" lon="104.048624597489833831787109375">
        <ele>476.399993896484375</ele>
        <time>2026-09-21T13:43:17.000Z</time>
        <extensions>
          <ns3:TrackPointExtension>
            <ns3:hr>163</ns3:hr>
            <ns3:cad>92</ns3:cad>
          </ns3:TrackPointExtension>
        </extensions>
      </trkpt>
      <trkpt lat="30.552007891237735748291015625" lon="104.048615880310535430908203125">
        <ele>476.20001220703125</ele>
        <time>2026-09-21T13:43:18.000Z</time>
        <extensions>
          <ns3:TrackPointExtension>
            <ns3:hr>163</ns3:hr>
            <ns3:cad>92</ns3:cad>
          </ns3:TrackPointExtension>
        </extensions>
      </trkpt>
      <trkpt lat="30.5520352162420749664306640625" lon="104.0486128628253936767578125">
        <ele>476.399993896484375</ele>
        <time>2026-09-21T13:43:19.000Z</time>
        <extensions>
          <ns3:TrackPointExtension>
            <ns3:hr>163</ns3:hr>
            <ns3:cad>91</ns3:cad>
          </ns3:TrackPointExtension>
        </extensions>
      </trkpt>
      <trkpt lat="30.55206011049449443817138671875" lon="104.04861177317798137664794921875">
        <ele>476.20001220703125</ele>
        <time>2026-09-21T13:43:20.000Z</time>
        <extensions>
          <ns3:TrackPointExtension>
            <ns3:hr>164</ns3:hr>
            <ns3:cad>91</ns3:cad>
          </ns3:TrackPointExtension>
        </extensions>
      </trkpt>
      <trkpt lat="30.55208064615726470947265625" lon="104.0486227534711360931396484375">
        <ele>476.20001220703125</ele>
        <time>2026-09-21T13:43:21.000Z</time>
        <extensions>
          <ns3:TrackPointExtension>
            <ns3:hr>163</ns3:hr>
            <ns3:cad>91</ns3:cad>
          </ns3:TrackPointExtension>
        </extensions>
      </trkpt>
      <trkpt lat="30.552102439105510711669921875" lon="104.04863390140235424041748046875">
        <ele>476.20001220703125</ele>
        <time>2026-09-21T13:43:22.000Z</time>
        <extensions>
          <ns3:TrackPointExtension>
            <ns3:hr>163</ns3:hr>
            <ns3:cad>91</ns3:cad>
          </ns3:TrackPointExtension>
        </extensions>
      </trkpt>
      <trkpt lat="30.552121885120868682861328125" lon="104.0486478991806507110595703125">
        <ele>476.20001220703125</ele>
        <time>2026-09-21T13:43:23.000Z</time>
        <extensions>
          <ns3:TrackPointExtension>
            <ns3:hr>162</ns3:hr>
            <ns3:cad>92</ns3:cad>
          </ns3:TrackPointExtension>
        </extensions>
      </trkpt>
      <trkpt lat="30.552148707211017608642578125" lon="104.04866524972021579742431640625">
        <ele>476.20001220703125</ele>
        <time>2026-09-21T13:43:24.000Z</time>
        <extensions>
          <ns3:TrackPointExtension>
            <ns3:hr>162</ns3:hr>
            <ns3:cad>92</ns3:cad>
          </ns3:TrackPointExtension>
        </extensions>
      </trkpt>
      <trkpt lat="30.55217226035892963409423828125" lon="104.048678241670131683349609375">
        <ele>476.20001220703125</ele>
        <time>2026-09-21T13:43:25.000Z</time>
        <extensions>
          <ns3:TrackPointExtension>
            <ns3:hr>162</ns3:hr>
            <ns3:cad>92</ns3:cad>
          </ns3:TrackPointExtension>
        </extensions>
      </trkpt>
      <trkpt lat="30.5521991662681102752685546875" lon="104.0486908145248889923095703125">
        <ele>476.20001220703125</ele>
        <time>2026-09-21T13:43:26.000Z</time>
        <extensions>
          <ns3:TrackPointExtension>
            <ns3:hr>162</ns3:hr>
            <ns3:cad>92</ns3:cad>
          </ns3:TrackPointExtension>
        </extensions>
      </trkpt>
      <trkpt lat="30.552223138511180877685546875" lon="104.04870196245610713958740234375">
        <ele>476.20001220703125</ele>
        <time>2026-09-21T13:43:27.000Z</time>
        <extensions>
          <ns3:TrackPointExtension>
            <ns3:hr>161</ns3:hr>
            <ns3:cad>92</ns3:cad>
          </ns3:TrackPointExtension>
        </extensions>
      </trkpt>
      <trkpt lat="30.5522531457245349884033203125" lon="104.04871420003473758697509765625">
        <ele>476.20001220703125</ele>
        <time>2026-09-21T13:43:28.000Z</time>
        <extensions>
          <ns3:TrackPointExtension>
            <ns3:hr>161</ns3:hr>
            <ns3:cad>92</ns3:cad>
          </ns3:TrackPointExtension>
        </extensions>
      </trkpt>
      <trkpt lat="30.55227912962436676025390625" lon="104.04872090555727481842041015625">
        <ele>476.399993896484375</ele>
        <time>2026-09-21T13:43:29.000Z</time>
        <extensions>
          <ns3:TrackPointExtension>
            <ns3:hr>161</ns3:hr>
            <ns3:cad>92</ns3:cad>
          </ns3:TrackPointExtension>
        </extensions>
      </trkpt>
      <trkpt lat="30.552310310304164886474609375" lon="104.04872727580368518829345703125">
        <ele>476.399993896484375</ele>
        <time>2026-09-21T13:43:30.000Z</time>
        <extensions>
          <ns3:TrackPointExtension>
            <ns3:hr>160</ns3:hr>
            <ns3:cad>92</ns3:cad>
          </ns3:TrackPointExtension>
        </extensions>
      </trkpt>
      <trkpt lat="30.55233478546142578125" lon="104.04872928746044635772705078125">
        <ele>476.399993896484375</ele>
        <time>2026-09-21T13:43:31.000Z</time>
        <extensions>
          <ns3:TrackPointExtension>
            <ns3:hr>160</ns3:hr>
            <ns3:cad>92</ns3:cad>
          </ns3:TrackPointExtension>
        </extensions>
      </trkpt>
      <trkpt lat="30.552365295588970184326171875" lon="104.0487364120781421661376953125">
        <ele>476.399993896484375</ele>
        <time>2026-09-21T13:43:32.000Z</time>
        <extensions>
          <ns3:TrackPointExtension>
            <ns3:hr>160</ns3:hr>
            <ns3:cad>92</ns3:cad>
          </ns3:TrackPointExtension>
        </extensions>
      </trkpt>
      <trkpt lat="30.55238683708012104034423828125" lon="104.04873750172555446624755859375">
        <ele>476.399993896484375</ele>
        <time>2026-09-21T13:43:33.000Z</time>
        <extensions>
          <ns3:TrackPointExtension>
            <ns3:hr>160</ns3:hr>
            <ns3:cad>92</ns3:cad>
          </ns3:TrackPointExtension>
        </extensions>
      </trkpt>
      <trkpt lat="30.55241583846509456634521484375" lon="104.04874118976294994354248046875">
        <ele>476.399993896484375</ele>
        <time>2026-09-21T13:43:34.000Z</time>
        <extensions>
          <ns3:TrackPointExtension>
            <ns3:hr>160</ns3:hr>
            <ns3:cad>92</ns3:cad>
          </ns3:TrackPointExtension>
        </extensions>
      </trkpt>
      <trkpt lat="30.5524378828704357147216796875" lon="104.04873884283006191253662109375">
        <ele>476.399993896484375</ele>
        <time>2026-09-21T13:43:35.000Z</time>
        <extensions>
          <ns3:TrackPointExtension>
            <ns3:hr>161</ns3:hr>
            <ns3:cad>92</ns3:cad>
          </ns3:TrackPointExtension>
        </extensions>
      </trkpt>
      <trkpt lat="30.5524650402367115020751953125" lon="104.04874202795326709747314453125">
        <ele>476.20001220703125</ele>
        <time>2026-09-21T13:43:36.000Z</time>
        <extensions>
          <ns3:TrackPointExtension>
            <ns3:hr>160</ns3:hr>
            <ns3:cad>92</ns3:cad>
          </ns3:TrackPointExtension>
        </extensions>
      </trkpt>
      <trkpt lat="30.55248758755624294281005859375" lon="104.048737250268459320068359375">
        <ele>476.20001220703125</ele>
        <time>2026-09-21T13:43:37.000Z</time>
        <extensions>
          <ns3:TrackPointExtension>
            <ns3:hr>160</ns3:hr>
            <ns3:cad>91</ns3:cad>
          </ns3:TrackPointExtension>
        </extensions>
      </trkpt>
      <trkpt lat="30.55251927115023136138916015625" lon="104.0487287007272243499755859375">
        <ele>476.20001220703125</ele>
        <time>2026-09-21T13:43:38.000Z</time>
        <extensions>
          <ns3:TrackPointExtension>
            <ns3:hr>160</ns3:hr>
            <ns3:cad>91</ns3:cad>
          </ns3:TrackPointExtension>
        </extensions>
      </trkpt>
      <trkpt lat="30.5525480210781097412109375" lon="104.04871688224375247955322265625">
        <ele>476</ele>
        <time>2026-09-21T13:43:39.000Z</time>
        <extensions>
          <ns3:TrackPointExtension>
            <ns3:hr>160</ns3:hr>
            <ns3:cad>90</ns3:cad>
          </ns3:TrackPointExtension>
        </extensions>
      </trkpt>
      <trkpt lat="30.5525793693959712982177734375" lon="104.04870481230318546295166015625">
        <ele>475.79998779296875</ele>
        <time>2026-09-21T13:43:40.000Z</time>
        <extensions>
          <ns3:TrackPointExtension>
            <ns3:hr>159</ns3:hr>
            <ns3:cad>90</ns3:cad>
          </ns3:TrackPointExtension>
        </extensions>
      </trkpt>
      <trkpt lat="30.55260744877159595489501953125" lon="104.04869173653423786163330078125">
        <ele>475.600006103515625</ele>
        <time>2026-09-21T13:43:41.000Z</time>
        <extensions>
          <ns3:TrackPointExtension>
            <ns3:hr>159</ns3:hr>
            <ns3:cad>90</ns3:cad>
          </ns3:TrackPointExtension>
        </extensions>
      </trkpt>
      <trkpt lat="30.55263712070882320404052734375" lon="104.04868151061236858367919921875">
        <ele>475.399993896484375</ele>
        <time>2026-09-21T13:43:42.000Z</time>
        <extensions>
          <ns3:TrackPointExtension>
            <ns3:hr>159</ns3:hr>
            <ns3:cad>90</ns3:cad>
          </ns3:TrackPointExtension>
        </extensions>
      </trkpt>
      <trkpt lat="30.5526672117412090301513671875" lon="104.04867346398532390594482421875">
        <ele>475.399993896484375</ele>
        <time>2026-09-21T13:43:43.000Z</time>
        <extensions>
          <ns3:TrackPointExtension>
            <ns3:hr>159</ns3:hr>
            <ns3:cad>92</ns3:cad>
          </ns3:TrackPointExtension>
        </extensions>
      </trkpt>
      <trkpt lat="30.55269495584070682525634765625" lon="104.0486673451960086822509765625">
        <ele>475.399993896484375</ele>
        <time>2026-09-21T13:43:44.000Z</time>
        <extensions>
          <ns3:TrackPointExtension>
            <ns3:hr>158</ns3:hr>
            <ns3:cad>92</ns3:cad>
          </ns3:TrackPointExtension>
        </extensions>
      </trkpt>
      <trkpt lat="30.5527250468730926513671875" lon="104.0486626513302326202392578125">
        <ele>475.399993896484375</ele>
        <time>2026-09-21T13:43:45.000Z</time>
        <extensions>
          <ns3:TrackPointExtension>
            <ns3:hr>159</ns3:hr>
            <ns3:cad>93</ns3:cad>
          </ns3:TrackPointExtension>
        </extensions>
      </trkpt>
      <trkpt lat="30.55275295861065387725830078125" lon="104.04866181313991546630859375">
        <ele>475.399993896484375</ele>
        <time>2026-09-21T13:43:46.000Z</time>
        <extensions>
          <ns3:TrackPointExtension>
            <ns3:hr>159</ns3:hr>
            <ns3:cad>92</ns3:cad>
          </ns3:TrackPointExtension>
        </extensions>
      </trkpt>
      <trkpt lat="30.55278380401432514190673828125" lon="104.04865913093090057373046875">
        <ele>475.399993896484375</ele>
        <time>2026-09-21T13:43:47.000Z</time>
        <extensions>
          <ns3:TrackPointExtension>
            <ns3:hr>159</ns3:hr>
            <ns3:cad>92</ns3:cad>
          </ns3:TrackPointExtension>
        </extensions>
      </trkpt>
      <trkpt lat="30.55280861444771289825439453125" lon="104.04865250922739505767822265625">
        <ele>475.600006103515625</ele>
        <time>2026-09-21T13:43:48.000Z</time>
        <extensions>
          <ns3:TrackPointExtension>
            <ns3:hr>158</ns3:hr>
            <ns3:cad>92</ns3:cad>
          </ns3:TrackPointExtension>
        </extensions>
      </trkpt>
      <trkpt lat="30.55284348316490650177001953125" lon="104.04864546842873096466064453125">
        <ele>475.600006103515625</ele>
        <time>2026-09-21T13:43:49.000Z</time>
        <extensions>
          <ns3:TrackPointExtension>
            <ns3:hr>158</ns3:hr>
            <ns3:cad>92</ns3:cad>
          </ns3:TrackPointExtension>
        </extensions>
      </trkpt>
      <trkpt lat="30.5528680421411991119384765625" lon="104.04863842763006687164306640625">
        <ele>475.600006103515625</ele>
        <time>2026-09-21T13:43:50.000Z</time>
        <extensions>
          <ns3:TrackPointExtension>
            <ns3:hr>158</ns3:hr>
            <ns3:cad>92</ns3:cad>
          </ns3:TrackPointExtension>
        </extensions>
      </trkpt>
      <trkpt lat="30.55289913900196552276611328125" lon="104.04862971045076847076416015625">
        <ele>475.600006103515625</ele>
        <time>2026-09-21T13:43:51.000Z</time>
        <extensions>
          <ns3:TrackPointExtension>
            <ns3:hr>158</ns3:hr>
            <ns3:cad>92</ns3:cad>
          </ns3:TrackPointExtension>
        </extensions>
      </trkpt>
      <trkpt lat="30.55292478762567043304443359375" lon="104.04862216673791408538818359375">
        <ele>475.600006103515625</ele>
        <time>2026-09-21T13:43:52.000Z</time>
        <extensions>
          <ns3:TrackPointExtension>
            <ns3:hr>159</ns3:hr>
            <ns3:cad>90</ns3:cad>
          </ns3:TrackPointExtension>
        </extensions>
      </trkpt>
      <trkpt lat="30.55295378901064395904541015625" lon="104.04861009679734706878662109375">
        <ele>475.600006103515625</ele>
        <time>2026-09-21T13:43:53.000Z</time>
        <extensions>
          <ns3:TrackPointExtension>
            <ns3:hr>158</ns3:hr>
            <ns3:cad>90</ns3:cad>
          </ns3:TrackPointExtension>
        </extensions>
      </trkpt>
      <trkpt lat="30.5529739893972873687744140625" lon="104.04860037378966808319091796875">
        <ele>475.600006103515625</ele>
        <time>2026-09-21T13:43:54.000Z</time>
        <extensions>
          <ns3:TrackPointExtension>
            <ns3:hr>159</ns3:hr>
            <ns3:cad>90</ns3:cad>
          </ns3:TrackPointExtension>
        </extensions>
      </trkpt>
      <trkpt lat="30.55300332605838775634765625" lon="104.04858528636395931243896484375">
        <ele>475.600006103515625</ele>
        <time>2026-09-21T13:43:55.000Z</time>
        <extensions>
          <ns3:TrackPointExtension>
            <ns3:hr>159</ns3:hr>
            <ns3:cad>90</ns3:cad>
          </ns3:TrackPointExtension>
        </extensions>
      </trkpt>
      <trkpt lat="30.553020425140857696533203125" lon="104.048567600548267364501953125">
        <ele>475.600006103515625</ele>
        <time>2026-09-21T13:43:56.000Z</time>
        <extensions>
          <ns3:TrackPointExtension>
            <ns3:hr>159</ns3:hr>
            <ns3:cad>89</ns3:cad>
          </ns3:TrackPointExtension>
        </extensions>
      </trkpt>
      <trkpt lat="30.5530484206974506378173828125" lon="104.0485449694097042083740234375">
        <ele>475.600006103515625</ele>
        <time>2026-09-21T13:43:57.000Z</time>
        <extensions>
          <ns3:TrackPointExtension>
            <ns3:hr>159</ns3:hr>
            <ns3:cad>89</ns3:cad>
          </ns3:TrackPointExtension>
        </extensions>
      </trkpt>
      <trkpt lat="30.553068704903125762939453125" lon="104.04852527193725109100341796875">
        <ele>475.600006103515625</ele>
        <time>2026-09-21T13:43:58.000Z</time>
        <extensions>
          <ns3:TrackPointExtension>
            <ns3:hr>158</ns3:hr>
            <ns3:cad>89</ns3:cad>
          </ns3:TrackPointExtension>
        </extensions>
      </trkpt>
      <trkpt lat="30.55310030467808246612548828125" lon="104.04850766994059085845947265625">
        <ele>475.79998779296875</ele>
        <time>2026-09-21T13:43:59.000Z</time>
        <extensions>
          <ns3:TrackPointExtension>
            <ns3:hr>159</ns3:hr>
            <ns3:cad>89</ns3:cad>
          </ns3:TrackPointExtension>
        </extensions>
      </trkpt>
      <trkpt lat="30.55311790667474269866943359375" lon="104.04849006794393062591552734375">
        <ele>475.79998779296875</ele>
        <time>2026-09-21T13:44:00.000Z</time>
        <extensions>
          <ns3:TrackPointExtension>
            <ns3:hr>159</ns3:hr>
            <ns3:cad>91</ns3:cad>
          </ns3:TrackPointExtension>
        </extensions>
      </trkpt>
      <trkpt lat="30.55314875207841396331787109375" lon="104.0484775789082050323486328125">
        <ele>475.79998779296875</ele>
        <time>2026-09-21T13:44:01.000Z</time>
        <extensions>
          <ns3:TrackPointExtension>
            <ns3:hr>159</ns3:hr>
            <ns3:cad>91</ns3:cad>
          </ns3:TrackPointExtension>
        </extensions>
      </trkpt>
      <trkpt lat="30.55316853336989879608154296875" lon="104.04846525751054286956787109375">
        <ele>475.79998779296875</ele>
        <time>2026-09-21T13:44:02.000Z</time>
        <extensions>
          <ns3:TrackPointExtension>
            <ns3:hr>159</ns3:hr>
            <ns3:cad>91</ns3:cad>
          </ns3:TrackPointExtension>
        </extensions>
      </trkpt>
      <trkpt lat="30.553196109831333160400390625" lon="104.04845385812222957611083984375">
        <ele>475.79998779296875</ele>
        <time>2026-09-21T13:44:03.000Z</time>
        <extensions>
          <ns3:TrackPointExtension>
            <ns3:hr>159</ns3:hr>
            <ns3:cad>90</ns3:cad>
          </ns3:TrackPointExtension>
        </extensions>
      </trkpt>
      <trkpt lat="30.55321714840829372406005859375" lon="104.04844447039067745208740234375">
        <ele>476</ele>
        <time>2026-09-21T13:44:04.000Z</time>
        <extensions>
          <ns3:TrackPointExtension>
            <ns3:hr>160</ns3:hr>
            <ns3:cad>90</ns3:cad>
          </ns3:TrackPointExtension>
        </extensions>
      </trkpt>
      <trkpt lat="30.55324547924101352691650390625" lon="104.04843139462172985076904296875">
        <ele>476</ele>
        <time>2026-09-21T13:44:05.000Z</time>
        <extensions>
          <ns3:TrackPointExtension>
            <ns3:hr>161</ns3:hr>
            <ns3:cad>90</ns3:cad>
          </ns3:TrackPointExtension>
        </extensions>
      </trkpt>
      <trkpt lat="30.5532633326947689056396484375" lon="104.04841898940503597259521484375">
        <ele>476</ele>
        <time>2026-09-21T13:44:06.000Z</time>
        <extensions>
          <ns3:TrackPointExtension>
            <ns3:hr>161</ns3:hr>
            <ns3:cad>90</ns3:cad>
          </ns3:TrackPointExtension>
        </extensions>
      </trkpt>
      <trkpt lat="30.55328906513750553131103515625" lon="104.0484058298170566558837890625">
        <ele>476</ele>
        <time>2026-09-21T13:44:07.000Z</time>
        <extensions>
          <ns3:TrackPointExtension>
            <ns3:hr>162</ns3:hr>
            <ns3:cad>90</ns3:cad>
          </ns3:TrackPointExtension>
        </extensions>
      </trkpt>
      <trkpt lat="30.5533126182854175567626953125" lon="104.04839434660971164703369140625">
        <ele>476</ele>
        <time>2026-09-21T13:44:08.000Z</time>
        <extensions>
          <ns3:TrackPointExtension>
            <ns3:hr>162</ns3:hr>
            <ns3:cad>90</ns3:cad>
          </ns3:TrackPointExtension>
        </extensions>
      </trkpt>
      <trkpt lat="30.55333533324301242828369140625" lon="104.0483820252120494842529296875">
        <ele>476</ele>
        <time>2026-09-21T13:44:09.000Z</time>
        <extensions>
          <ns3:TrackPointExtension>
            <ns3:hr>162</ns3:hr>
            <ns3:cad>90</ns3:cad>
          </ns3:TrackPointExtension>
        </extensions>
      </trkpt>
      <trkpt lat="30.55335469543933868408203125" lon="104.0483756549656391143798828125">
        <ele>476</ele>
        <time>2026-09-21T13:44:10.000Z</time>
        <extensions>
          <ns3:TrackPointExtension>
            <ns3:hr>162</ns3:hr>
            <ns3:cad>90</ns3:cad>
          </ns3:TrackPointExtension>
        </extensions>
      </trkpt>
      <trkpt lat="30.553363077342510223388671875" lon="104.04836718924343585968017578125">
        <ele>476</ele>
        <time>2026-09-21T13:44:11.000Z</time>
        <extensions>
          <ns3:TrackPointExtension>
            <ns3:hr>162</ns3:hr>
            <ns3:cad>90</ns3:cad>
          </ns3:TrackPointExtension>
        </extensions>
      </trkpt>
      <trkpt lat="30.5533790029585361480712890625" lon="104.0483481623232364654541015625">
        <ele>476</ele>
        <time>2026-09-21T13:44:12.000Z</time>
        <extensions>
          <ns3:TrackPointExtension>
            <ns3:hr>163</ns3:hr>
            <ns3:cad>90</ns3:cad>
          </ns3:TrackPointExtension>
        </extensions>
      </trkpt>
      <trkpt lat="30.55340523831546306610107421875" lon="104.048329554498195648193359375">
        <ele>476</ele>
        <time>2026-09-21T13:44:13.000Z</time>
        <extensions>
          <ns3:TrackPointExtension>
            <ns3:hr>162</ns3:hr>
            <ns3:cad>90</ns3:cad>
          </ns3:TrackPointExtension>
        </extensions>
      </trkpt>
      <trkpt lat="30.55342468433082103729248046875" lon="104.0483124554157257080078125">
        <ele>476</ele>
        <time>2026-09-21T13:44:14.000Z</time>
        <extensions>
          <ns3:TrackPointExtension>
            <ns3:hr>162</ns3:hr>
            <ns3:cad>90</ns3:cad>
          </ns3:TrackPointExtension>
        </extensions>
      </trkpt>
      <trkpt lat="30.55345418862998485565185546875" lon="104.0482982061803340911865234375">
        <ele>476</ele>
        <time>2026-09-21T13:44:15.000Z</time>
        <extensions>
          <ns3:TrackPointExtension>
            <ns3:hr>163</ns3:hr>
            <ns3:cad>90</ns3:cad>
          </ns3:TrackPointExtension>
        </extensions>
      </trkpt>
      <trkpt lat="30.55347405374050140380859375" lon="104.048277921974658966064453125">
        <ele>476</ele>
        <time>2026-09-21T13:44:16.000Z</time>
        <extensions>
          <ns3:TrackPointExtension>
            <ns3:hr>163</ns3:hr>
            <ns3:cad>90</ns3:cad>
          </ns3:TrackPointExtension>
        </extensions>
      </trkpt>
      <trkpt lat="30.55349676869809627532958984375" lon="104.048249758780002593994140625">
        <ele>476.20001220703125</ele>
        <time>2026-09-21T13:44:17.000Z</time>
        <extensions>
          <ns3:TrackPointExtension>
            <ns3:hr>163</ns3:hr>
            <ns3:cad>90</ns3:cad>
          </ns3:TrackPointExtension>
        </extensions>
      </trkpt>
      <trkpt lat="30.55351353250443935394287109375" lon="104.04821614734828472137451171875">
        <ele>476</ele>
        <time>2026-09-21T13:44:18.000Z</time>
        <extensions>
          <ns3:TrackPointExtension>
            <ns3:hr>163</ns3:hr>
            <ns3:cad>90</ns3:cad>
          </ns3:TrackPointExtension>
        </extensions>
      </trkpt>
      <trkpt lat="30.55352878756821155548095703125" lon="104.048182033002376556396484375">
        <ele>476</ele>
        <time>2026-09-21T13:44:19.000Z</time>
        <extensions>
          <ns3:TrackPointExtension>
            <ns3:hr>163</ns3:hr>
            <ns3:cad>91</ns3:cad>
          </ns3:TrackPointExtension>
        </extensions>
      </trkpt>
      <trkpt lat="30.55353348143398761749267578125" lon="104.0481530316174030303955078125">
        <ele>476</ele>
        <time>2026-09-21T13:44:20.000Z</time>
        <extensions>
          <ns3:TrackPointExtension>
            <ns3:hr>163</ns3:hr>
            <ns3:cad>92</ns3:cad>
          </ns3:TrackPointExtension>
        </extensions>
      </trkpt>
      <trkpt lat="30.5535392649471759796142578125" lon="104.048122353851795196533203125">
        <ele>476</ele>
        <time>2026-09-21T13:44:21.000Z</time>
        <extensions>
          <ns3:TrackPointExtension>
            <ns3:hr>163</ns3:hr>
            <ns3:cad>92</ns3:cad>
          </ns3:TrackPointExtension>
        </extensions>
      </trkpt>
      <trkpt lat="30.55354085750877857208251953125" lon="104.0480920113623142242431640625">
        <ele>476</ele>
        <time>2026-09-21T13:44:22.000Z</time>
        <extensions>
          <ns3:TrackPointExtension>
            <ns3:hr>163</ns3:hr>
            <ns3:cad>92</ns3:cad>
          </ns3:TrackPointExtension>
        </extensions>
      </trkpt>
      <trkpt lat="30.5535469762980937957763671875" lon="104.04806057922542095184326171875">
        <ele>476</ele>
        <time>2026-09-21T13:44:23.000Z</time>
        <extensions>
          <ns3:TrackPointExtension>
            <ns3:hr>163</ns3:hr>
            <ns3:cad>92</ns3:cad>
          </ns3:TrackPointExtension>
        </extensions>
      </trkpt>
      <trkpt lat="30.55354890413582324981689453125" lon="104.04803090728819370269775390625">
        <ele>476</ele>
        <time>2026-09-21T13:44:24.000Z</time>
        <extensions>
          <ns3:TrackPointExtension>
            <ns3:hr>163</ns3:hr>
            <ns3:cad>91</ns3:cad>
          </ns3:TrackPointExtension>
        </extensions>
      </trkpt>
      <trkpt lat="30.55355192162096500396728515625" lon="104.04800274409353733062744140625">
        <ele>476</ele>
        <time>2026-09-21T13:44:25.000Z</time>
        <extensions>
          <ns3:TrackPointExtension>
            <ns3:hr>164</ns3:hr>
            <ns3:cad>91</ns3:cad>
          </ns3:TrackPointExtension>
        </extensions>
      </trkpt>
      <trkpt lat="30.553552843630313873291015625" lon="104.0479744970798492431640625">
        <ele>476</ele>
        <time>2026-09-21T13:44:26.000Z</time>
        <extensions>
          <ns3:TrackPointExtension>
            <ns3:hr>164</ns3:hr>
            <ns3:cad>90</ns3:cad>
          </ns3:TrackPointExtension>
        </extensions>
      </trkpt>
      <trkpt lat="30.55355577729642391204833984375" lon="104.04794390313327312469482421875">
        <ele>476</ele>
        <time>2026-09-21T13:44:27.000Z</time>
        <extensions>
          <ns3:TrackPointExtension>
            <ns3:hr>164</ns3:hr>
            <ns3:cad>90</ns3:cad>
          </ns3:TrackPointExtension>
        </extensions>
      </trkpt>
      <trkpt lat="30.55355443619191646575927734375" lon="104.04791389591991901397705078125">
        <ele>476</ele>
        <time>2026-09-21T13:44:28.000Z</time>
        <extensions>
          <ns3:TrackPointExtension>
            <ns3:hr>163</ns3:hr>
            <ns3:cad>90</ns3:cad>
          </ns3:TrackPointExtension>
        </extensions>
      </trkpt>
      <trkpt lat="30.5535563640296459197998046875" lon="104.04788053594529628753662109375">
        <ele>476</ele>
        <time>2026-09-21T13:44:29.000Z</time>
        <extensions>
          <ns3:TrackPointExtension>
            <ns3:hr>163</ns3:hr>
            <ns3:cad>90</ns3:cad>
          </ns3:TrackPointExtension>
        </extensions>
      </trkpt>
      <trkpt lat="30.55355443619191646575927734375" lon="104.04784918762743473052978515625">
        <ele>475.79998779296875</ele>
        <time>2026-09-21T13:44:30.000Z</time>
        <extensions>
          <ns3:TrackPointExtension>
            <ns3:hr>163</ns3:hr>
            <ns3:cad>90</ns3:cad>
          </ns3:TrackPointExtension>
        </extensions>
      </trkpt>
      <trkpt lat="30.553548820316791534423828125" lon="104.04781733639538288116455078125">
        <ele>475.79998779296875</ele>
        <time>2026-09-21T13:44:31.000Z</time>
        <extensions>
          <ns3:TrackPointExtension>
            <ns3:hr>163</ns3:hr>
            <ns3:cad>90</ns3:cad>
          </ns3:TrackPointExtension>
        </extensions>
      </trkpt>
      <trkpt lat="30.55354169569909572601318359375" lon="104.04779277741909027099609375">
        <ele>475.79998779296875</ele>
        <time>2026-09-21T13:44:32.000Z</time>
        <extensions>
          <ns3:TrackPointExtension>
            <ns3:hr>164</ns3:hr>
            <ns3:cad>90</ns3:cad>
          </ns3:TrackPointExtension>
        </extensions>
      </trkpt>
      <trkpt lat="30.55354320444166660308837890625" lon="104.04776520095765590667724609375">
        <ele>475.79998779296875</ele>
        <time>2026-09-21T13:44:33.000Z</time>
        <extensions>
          <ns3:TrackPointExtension>
            <ns3:hr>163</ns3:hr>
            <ns3:cad>90</ns3:cad>
          </ns3:TrackPointExtension>
        </extensions>
      </trkpt>
      <trkpt lat="30.553542114794254302978515625" lon="104.0477436594665050506591796875">
        <ele>475.79998779296875</ele>
        <time>2026-09-21T13:44:34.000Z</time>
        <extensions>
          <ns3:TrackPointExtension>
            <ns3:hr>163</ns3:hr>
            <ns3:cad>90</ns3:cad>
          </ns3:TrackPointExtension>
        </extensions>
      </trkpt>
      <trkpt lat="30.55354320444166660308837890625" lon="104.04771591536700725555419921875">
        <ele>475.79998779296875</ele>
        <time>2026-09-21T13:44:35.000Z</time>
        <extensions>
          <ns3:TrackPointExtension>
            <ns3:hr>163</ns3:hr>
            <ns3:cad>90</ns3:cad>
          </ns3:TrackPointExtension>
        </extensions>
      </trkpt>
      <trkpt lat="30.5535404384136199951171875" lon="104.0476937033236026763916015625">
        <ele>475.79998779296875</ele>
        <time>2026-09-21T13:44:36.000Z</time>
        <extensions>
          <ns3:TrackPointExtension>
            <ns3:hr>163</ns3:hr>
            <ns3:cad>90</ns3:cad>
          </ns3:TrackPointExtension>
        </extensions>
      </trkpt>
      <trkpt lat="30.55354245007038116455078125" lon="104.04766377992928028106689453125">
        <ele>475.79998779296875</ele>
        <time>2026-09-21T13:44:37.000Z</time>
        <extensions>
          <ns3:TrackPointExtension>
            <ns3:hr>162</ns3:hr>
            <ns3:cad>89</ns3:cad>
          </ns3:TrackPointExtension>
        </extensions>
      </trkpt>
      <trkpt lat="30.5535377562046051025390625" lon="104.0476400591433048248291015625">
        <ele>475.79998779296875</ele>
        <time>2026-09-21T13:44:38.000Z</time>
        <extensions>
          <ns3:TrackPointExtension>
            <ns3:hr>162</ns3:hr>
            <ns3:cad>89</ns3:cad>
          </ns3:TrackPointExtension>
        </extensions>
      </trkpt>
      <trkpt lat="30.553539432585239410400390625" lon="104.04761047102510929107666015625">
        <ele>475.79998779296875</ele>
        <time>2026-09-21T13:44:39.000Z</time>
        <extensions>
          <ns3:TrackPointExtension>
            <ns3:hr>162</ns3:hr>
            <ns3:cad>88</ns3:cad>
          </ns3:TrackPointExtension>
        </extensions>
      </trkpt>
      <trkpt lat="30.55353532545268535614013671875" lon="104.0475867502391338348388671875">
        <ele>475.79998779296875</ele>
        <time>2026-09-21T13:44:40.000Z</time>
        <extensions>
          <ns3:TrackPointExtension>
            <ns3:hr>161</ns3:hr>
            <ns3:cad>89</ns3:cad>
          </ns3:TrackPointExtension>
        </extensions>
      </trkpt>
      <trkpt lat="30.5535375885665416717529296875" lon="104.047553054988384246826171875">
        <ele>475.79998779296875</ele>
        <time>2026-09-21T13:44:41.000Z</time>
        <extensions>
          <ns3:TrackPointExtension>
            <ns3:hr>161</ns3:hr>
            <ns3:cad>89</ns3:cad>
          </ns3:TrackPointExtension>
        </extensions>
      </trkpt>
      <trkpt lat="30.5535355769097805023193359375" lon="104.0475260652601718902587890625">
        <ele>475.79998779296875</ele>
        <time>2026-09-21T13:44:42.000Z</time>
        <extensions>
          <ns3:TrackPointExtension>
            <ns3:hr>161</ns3:hr>
            <ns3:cad>89</ns3:cad>
          </ns3:TrackPointExtension>
        </extensions>
      </trkpt>
      <trkpt lat="30.553539097309112548828125" lon="104.0474968962371349334716796875">
        <ele>475.600006103515625</ele>
        <time>2026-09-21T13:44:43.000Z</time>
        <extensions>
          <ns3:TrackPointExtension>
            <ns3:hr>161</ns3:hr>
            <ns3:cad>90</ns3:cad>
          </ns3:TrackPointExtension>
        </extensions>
      </trkpt>
      <trkpt lat="30.55353716947138309478759765625" lon="104.04747233726084232330322265625">
        <ele>475.600006103515625</ele>
        <time>2026-09-21T13:44:44.000Z</time>
        <extensions>
          <ns3:TrackPointExtension>
            <ns3:hr>160</ns3:hr>
            <ns3:cad>89</ns3:cad>
          </ns3:TrackPointExtension>
        </extensions>
      </trkpt>
      <trkpt lat="30.5535458028316497802734375" lon="104.047444425523281097412109375">
        <ele>475.600006103515625</ele>
        <time>2026-09-21T13:44:45.000Z</time>
        <extensions>
          <ns3:TrackPointExtension>
            <ns3:hr>160</ns3:hr>
            <ns3:cad>90</ns3:cad>
          </ns3:TrackPointExtension>
        </extensions>
      </trkpt>
      <trkpt lat="30.55354454554617404937744140625" lon="104.047420956194400787353515625">
        <ele>475.600006103515625</ele>
        <time>2026-09-21T13:44:46.000Z</time>
        <extensions>
          <ns3:TrackPointExtension>
            <ns3:hr>160</ns3:hr>
            <ns3:cad>90</ns3:cad>
          </ns3:TrackPointExtension>
        </extensions>
      </trkpt>
      <trkpt lat="30.5535439588129520416259765625" lon="104.047388099133968353271484375">
        <ele>475.600006103515625</ele>
        <time>2026-09-21T13:44:47.000Z</time>
        <extensions>
          <ns3:TrackPointExtension>
            <ns3:hr>160</ns3:hr>
            <ns3:cad>90</ns3:cad>
          </ns3:TrackPointExtension>
        </extensions>
      </trkpt>
      <trkpt lat="30.5535419471561908721923828125" lon="104.047356583178043365478515625">
        <ele>475.600006103515625</ele>
        <time>2026-09-21T13:44:48.000Z</time>
        <extensions>
          <ns3:TrackPointExtension>
            <ns3:hr>160</ns3:hr>
            <ns3:cad>90</ns3:cad>
          </ns3:TrackPointExtension>
        </extensions>
      </trkpt>
      <trkpt lat="30.55354571901261806488037109375" lon="104.04732582159340381622314453125">
        <ele>475.600006103515625</ele>
        <time>2026-09-21T13:44:49.000Z</time>
        <extensions>
          <ns3:TrackPointExtension>
            <ns3:hr>160</ns3:hr>
            <ns3:cad>90</ns3:cad>
          </ns3:TrackPointExtension>
        </extensions>
      </trkpt>
      <trkpt lat="30.5535471439361572265625" lon="104.04729916714131832122802734375">
        <ele>475.600006103515625</ele>
        <time>2026-09-21T13:44:50.000Z</time>
        <extensions>
          <ns3:TrackPointExtension>
            <ns3:hr>160</ns3:hr>
            <ns3:cad>90</ns3:cad>
          </ns3:TrackPointExtension>
        </extensions>
      </trkpt>
      <trkpt lat="30.5535496585071086883544921875" lon="104.04726748354732990264892578125">
        <ele>475.399993896484375</ele>
        <time>2026-09-21T13:44:51.000Z</time>
        <extensions>
          <ns3:TrackPointExtension>
            <ns3:hr>160</ns3:hr>
            <ns3:cad>90</ns3:cad>
          </ns3:TrackPointExtension>
        </extensions>
      </trkpt>
      <trkpt lat="30.5535446293652057647705078125" lon="104.04724418185651302337646484375">
        <ele>475.399993896484375</ele>
        <time>2026-09-21T13:44:52.000Z</time>
        <extensions>
          <ns3:TrackPointExtension>
            <ns3:hr>160</ns3:hr>
            <ns3:cad>90</ns3:cad>
          </ns3:TrackPointExtension>
        </extensions>
      </trkpt>
      <trkpt lat="30.5535473115742206573486328125" lon="104.0472154319286346435546875">
        <ele>475.399993896484375</ele>
        <time>2026-09-21T13:44:53.000Z</time>
        <extensions>
          <ns3:TrackPointExtension>
            <ns3:hr>161</ns3:hr>
            <ns3:cad>89</ns3:cad>
          </ns3:TrackPointExtension>
        </extensions>
      </trkpt>
      <trkpt lat="30.55354303680360317230224609375" lon="104.0471881069242954254150390625">
        <ele>475.20001220703125</ele>
        <time>2026-09-21T13:44:54.000Z</time>
        <extensions>
          <ns3:TrackPointExtension>
            <ns3:hr>160</ns3:hr>
            <ns3:cad>90</ns3:cad>
          </ns3:TrackPointExtension>
        </extensions>
      </trkpt>
      <trkpt lat="30.55354337207973003387451171875" lon="104.04715483076870441436767578125">
        <ele>475.20001220703125</ele>
        <time>2026-09-21T13:44:55.000Z</time>
        <extensions>
          <ns3:TrackPointExtension>
            <ns3:hr>160</ns3:hr>
            <ns3:cad>89</ns3:cad>
          </ns3:TrackPointExtension>
        </extensions>
      </trkpt>
      <trkpt lat="30.55354068987071514129638671875" lon="104.04712717048823833465576171875">
        <ele>475.20001220703125</ele>
        <time>2026-09-21T13:44:56.000Z</time>
        <extensions>
          <ns3:TrackPointExtension>
            <ns3:hr>160</ns3:hr>
            <ns3:cad>89</ns3:cad>
          </ns3:TrackPointExtension>
        </extensions>
      </trkpt>
      <trkpt lat="30.55354781448841094970703125" lon="104.04709682799875736236572265625">
        <ele>475.20001220703125</ele>
        <time>2026-09-21T13:44:57.000Z</time>
        <extensions>
          <ns3:TrackPointExtension>
            <ns3:hr>159</ns3:hr>
            <ns3:cad>89</ns3:cad>
          </ns3:TrackPointExtension>
        </extensions>
      </trkpt>
      <trkpt lat="30.55354555137455463409423828125" lon="104.04707034118473529815673828125">
        <ele>475.20001220703125</ele>
        <time>2026-09-21T13:44:58.000Z</time>
        <extensions>
          <ns3:TrackPointExtension>
            <ns3:hr>160</ns3:hr>
            <ns3:cad>90</ns3:cad>
          </ns3:TrackPointExtension>
        </extensions>
      </trkpt>
      <trkpt lat="30.553550831973552703857421875" lon="104.047039411962032318115234375">
        <ele>475</ele>
        <time>2026-09-21T13:44:59.000Z</time>
        <extensions>
          <ns3:TrackPointExtension>
            <ns3:hr>160</ns3:hr>
            <ns3:cad>90</ns3:cad>
          </ns3:TrackPointExtension>
        </extensions>
      </trkpt>
      <trkpt lat="30.55355041287839412689208984375" lon="104.04701032675802707672119140625">
        <ele>475</ele>
        <time>2026-09-21T13:45:00.000Z</time>
        <extensions>
          <ns3:TrackPointExtension>
            <ns3:hr>160</ns3:hr>
            <ns3:cad>90</ns3:cad>
          </ns3:TrackPointExtension>
        </extensions>
      </trkpt>
      <trkpt lat="30.55355141870677471160888671875" lon="104.04697981663048267364501953125">
        <ele>475</ele>
        <time>2026-09-21T13:45:01.000Z</time>
        <extensions>
          <ns3:TrackPointExtension>
            <ns3:hr>160</ns3:hr>
            <ns3:cad>90</ns3:cad>
          </ns3:TrackPointExtension>
        </extensions>
      </trkpt>
      <trkpt lat="30.5535516701638698577880859375" lon="104.0469525754451751708984375">
        <ele>475</ele>
        <time>2026-09-21T13:45:02.000Z</time>
        <extensions>
          <ns3:TrackPointExtension>
            <ns3:hr>160</ns3:hr>
            <ns3:cad>89</ns3:cad>
          </ns3:TrackPointExtension>
        </extensions>
      </trkpt>
      <trkpt lat="30.553555525839328765869140625" lon="104.0469230711460113525390625">
        <ele>474.79998779296875</ele>
        <time>2026-09-21T13:45:03.000Z</time>
        <extensions>
          <ns3:TrackPointExtension>
            <ns3:hr>160</ns3:hr>
            <ns3:cad>89</ns3:cad>
          </ns3:TrackPointExtension>
        </extensions>
      </trkpt>
      <trkpt lat="30.553556866943836212158203125" lon="104.04689700342714786529541015625">
        <ele>474.79998779296875</ele>
        <time>2026-09-21T13:45:04.000Z</time>
        <extensions>
          <ns3:TrackPointExtension>
            <ns3:hr>159</ns3:hr>
            <ns3:cad>90</ns3:cad>
          </ns3:TrackPointExtension>
        </extensions>
      </trkpt>
      <trkpt lat="30.5535577051341533660888671875" lon="104.04686816968023777008056640625">
        <ele>474.79998779296875</ele>
        <time>2026-09-21T13:45:05.000Z</time>
        <extensions>
          <ns3:TrackPointExtension>
            <ns3:hr>159</ns3:hr>
            <ns3:cad>89</ns3:cad>
          </ns3:TrackPointExtension>
        </extensions>
      </trkpt>
      <trkpt lat="30.55355611257255077362060546875" lon="104.04684134759008884429931640625">
        <ele>474.600006103515625</ele>
        <time>2026-09-21T13:45:06.000Z</time>
        <extensions>
          <ns3:TrackPointExtension>
            <ns3:hr>159</ns3:hr>
            <ns3:cad>89</ns3:cad>
          </ns3:TrackPointExtension>
        </extensions>
      </trkpt>
      <trkpt lat="30.55355795659124851226806640625" lon="104.04681377112865447998046875">
        <ele>474.600006103515625</ele>
        <time>2026-09-21T13:45:07.000Z</time>
        <extensions>
          <ns3:TrackPointExtension>
            <ns3:hr>159</ns3:hr>
            <ns3:cad>89</ns3:cad>
          </ns3:TrackPointExtension>
        </extensions>
      </trkpt>
      <trkpt lat="30.55355544202029705047607421875" lon="104.04678502120077610015869140625">
        <ele>474.600006103515625</ele>
        <time>2026-09-21T13:45:08.000Z</time>
        <extensions>
          <ns3:TrackPointExtension>
            <ns3:hr>159</ns3:hr>
            <ns3:cad>89</ns3:cad>
          </ns3:TrackPointExtension>
        </extensions>
      </trkpt>
      <trkpt lat="30.55355544202029705047607421875" lon="104.046755097806453704833984375">
        <ele>474.600006103515625</ele>
        <time>2026-09-21T13:45:09.000Z</time>
        <extensions>
          <ns3:TrackPointExtension>
            <ns3:hr>158</ns3:hr>
            <ns3:cad>89</ns3:cad>
          </ns3:TrackPointExtension>
        </extensions>
      </trkpt>
      <trkpt lat="30.553554184734821319580078125" lon="104.04672685079276561737060546875">
        <ele>474.600006103515625</ele>
        <time>2026-09-21T13:45:10.000Z</time>
        <extensions>
          <ns3:TrackPointExtension>
            <ns3:hr>158</ns3:hr>
            <ns3:cad>90</ns3:cad>
          </ns3:TrackPointExtension>
        </extensions>
      </trkpt>
      <trkpt lat="30.55355141870677471160888671875" lon="104.04669986106455326080322265625">
        <ele>474.399993896484375</ele>
        <time>2026-09-21T13:45:11.000Z</time>
        <extensions>
          <ns3:TrackPointExtension>
            <ns3:hr>158</ns3:hr>
            <ns3:cad>90</ns3:cad>
          </ns3:TrackPointExtension>
        </extensions>
      </trkpt>
      <trkpt lat="30.55355041287839412689208984375" lon="104.04667421244084835052490234375">
        <ele>474.399993896484375</ele>
        <time>2026-09-21T13:45:12.000Z</time>
        <extensions>
          <ns3:TrackPointExtension>
            <ns3:hr>157</ns3:hr>
            <ns3:cad>90</ns3:cad>
          </ns3:TrackPointExtension>
        </extensions>
      </trkpt>
      <trkpt lat="30.55355192162096500396728515625" lon="104.0466409362852573394775390625">
        <ele>474.399993896484375</ele>
        <time>2026-09-21T13:45:13.000Z</time>
        <extensions>
          <ns3:TrackPointExtension>
            <ns3:hr>157</ns3:hr>
            <ns3:cad>91</ns3:cad>
          </ns3:TrackPointExtension>
        </extensions>
      </trkpt>
      <trkpt lat="30.55354789830744266510009765625" lon="104.0466117672622203826904296875">
        <ele>474.399993896484375</ele>
        <time>2026-09-21T13:45:14.000Z</time>
        <extensions>
          <ns3:TrackPointExtension>
            <ns3:hr>157</ns3:hr>
            <ns3:cad>91</ns3:cad>
          </ns3:TrackPointExtension>
        </extensions>
      </trkpt>
      <trkpt lat="30.55354672484099864959716796875" lon="104.04657949693500995635986328125">
        <ele>474.399993896484375</ele>
        <time>2026-09-21T13:45:15.000Z</time>
        <extensions>
          <ns3:TrackPointExtension>
            <ns3:hr>157</ns3:hr>
            <ns3:cad>91</ns3:cad>
          </ns3:TrackPointExtension>
        </extensions>
      </trkpt>
      <trkpt lat="30.55354337207973003387451171875" lon="104.04654898680746555328369140625">
        <ele>474.399993896484375</ele>
        <time>2026-09-21T13:45:16.000Z</time>
        <extensions>
          <ns3:TrackPointExtension>
            <ns3:hr>157</ns3:hr>
            <ns3:cad>91</ns3:cad>
          </ns3:TrackPointExtension>
        </extensions>
      </trkpt>
      <trkpt lat="30.55354353971779346466064453125" lon="104.0465188957750797271728515625">
        <ele>474.399993896484375</ele>
        <time>2026-09-21T13:45:17.000Z</time>
        <extensions>
          <ns3:TrackPointExtension>
            <ns3:hr>157</ns3:hr>
            <ns3:cad>90</ns3:cad>
          </ns3:TrackPointExtension>
        </extensions>
      </trkpt>
      <trkpt lat="30.5535432882606983184814453125" lon="104.04649190604686737060546875">
        <ele>474.399993896484375</ele>
        <time>2026-09-21T13:45:18.000Z</time>
        <extensions>
          <ns3:TrackPointExtension>
            <ns3:hr>157</ns3:hr>
            <ns3:cad>90</ns3:cad>
          </ns3:TrackPointExtension>
        </extensions>
      </trkpt>
      <trkpt lat="30.55354136042296886444091796875" lon="104.046462066471576690673828125">
        <ele>474.399993896484375</ele>
        <time>2026-09-21T13:45:19.000Z</time>
        <extensions>
          <ns3:TrackPointExtension>
            <ns3:hr>157</ns3:hr>
            <ns3:cad>90</ns3:cad>
          </ns3:TrackPointExtension>
        </extensions>
      </trkpt>
      <trkpt lat="30.55354001931846141815185546875" lon="104.0464310534298419952392578125">
        <ele>474.399993896484375</ele>
        <time>2026-09-21T13:45:20.000Z</time>
        <extensions>
          <ns3:TrackPointExtension>
            <ns3:hr>158</ns3:hr>
            <ns3:cad>90</ns3:cad>
          </ns3:TrackPointExtension>
        </extensions>
      </trkpt>
      <trkpt lat="30.55353851057589054107666015625" lon="104.04639995656907558441162109375">
        <ele>474.399993896484375</ele>
        <time>2026-09-21T13:45:21.000Z</time>
        <extensions>
          <ns3:TrackPointExtension>
            <ns3:hr>158</ns3:hr>
            <ns3:cad>89</ns3:cad>
          </ns3:TrackPointExtension>
        </extensions>
      </trkpt>
      <trkpt lat="30.5535382591187953948974609375" lon="104.04637229628860950469970703125">
        <ele>474.399993896484375</ele>
        <time>2026-09-21T13:45:22.000Z</time>
        <extensions>
          <ns3:TrackPointExtension>
            <ns3:hr>158</ns3:hr>
            <ns3:cad>90</ns3:cad>
          </ns3:TrackPointExtension>
        </extensions>
      </trkpt>
      <trkpt lat="30.55354052223265171051025390625" lon="104.04634170234203338623046875">
        <ele>474.399993896484375</ele>
        <time>2026-09-21T13:45:23.000Z</time>
        <extensions>
          <ns3:TrackPointExtension>
            <ns3:hr>158</ns3:hr>
            <ns3:cad>90</ns3:cad>
          </ns3:TrackPointExtension>
        </extensions>
      </trkpt>
      <trkpt lat="30.55353733710944652557373046875" lon="104.0463140420615673065185546875">
        <ele>474.399993896484375</ele>
        <time>2026-09-21T13:45:24.000Z</time>
        <extensions>
          <ns3:TrackPointExtension>
            <ns3:hr>158</ns3:hr>
            <ns3:cad>90</ns3:cad>
          </ns3:TrackPointExtension>
        </extensions>
      </trkpt>
      <trkpt lat="30.55353851057589054107666015625" lon="104.046283699572086334228515625">
        <ele>474.399993896484375</ele>
        <time>2026-09-21T13:45:25.000Z</time>
        <extensions>
          <ns3:TrackPointExtension>
            <ns3:hr>157</ns3:hr>
            <ns3:cad>89</ns3:cad>
          </ns3:TrackPointExtension>
        </extensions>
      </trkpt>
      <trkpt lat="30.55354068987071514129638671875" lon="104.04625494964420795440673828125">
        <ele>474.399993896484375</ele>
        <time>2026-09-21T13:45:26.000Z</time>
        <extensions>
          <ns3:TrackPointExtension>
            <ns3:hr>158</ns3:hr>
            <ns3:cad>89</ns3:cad>
          </ns3:TrackPointExtension>
        </extensions>
      </trkpt>
      <trkpt lat="30.553544126451015472412109375" lon="104.04622259549796581268310546875">
        <ele>474.399993896484375</ele>
        <time>2026-09-21T13:45:27.000Z</time>
        <extensions>
          <ns3:TrackPointExtension>
            <ns3:hr>158</ns3:hr>
            <ns3:cad>89</ns3:cad>
          </ns3:TrackPointExtension>
        </extensions>
      </trkpt>
      <trkpt lat="30.55354379117488861083984375" lon="104.04619610868394374847412109375">
        <ele>474.399993896484375</ele>
        <time>2026-09-21T13:45:28.000Z</time>
        <extensions>
          <ns3:TrackPointExtension>
            <ns3:hr>157</ns3:hr>
            <ns3:cad>88</ns3:cad>
          </ns3:TrackPointExtension>
        </extensions>
      </trkpt>
      <trkpt lat="30.5535339005291461944580078125" lon="104.0461641736328601837158203125">
        <ele>474.399993896484375</ele>
        <time>2026-09-21T13:45:29.000Z</time>
        <extensions>
          <ns3:TrackPointExtension>
            <ns3:hr>157</ns3:hr>
            <ns3:cad>88</ns3:cad>
          </ns3:TrackPointExtension>
        </extensions>
      </trkpt>
      <trkpt lat="30.553515963256359100341796875" lon="104.04614598490297794342041015625">
        <ele>474.399993896484375</ele>
        <time>2026-09-21T13:45:30.000Z</time>
        <extensions>
          <ns3:TrackPointExtension>
            <ns3:hr>157</ns3:hr>
            <ns3:cad>88</ns3:cad>
          </ns3:TrackPointExtension>
        </extensions>
      </trkpt>
      <trkpt lat="30.55349148809909820556640625" lon="104.0461232699453830718994140625">
        <ele>474.20001220703125</ele>
        <time>2026-09-21T13:45:31.000Z</time>
        <extensions>
          <ns3:TrackPointExtension>
            <ns3:hr>156</ns3:hr>
            <ns3:cad>88</ns3:cad>
          </ns3:TrackPointExtension>
        </extensions>
      </trkpt>
      <trkpt lat="30.5534661747515201568603515625" lon="104.0461076796054840087890625">
        <ele>474.20001220703125</ele>
        <time>2026-09-21T13:45:32.000Z</time>
        <extensions>
          <ns3:TrackPointExtension>
            <ns3:hr>155</ns3:hr>
            <ns3:cad>89</ns3:cad>
          </ns3:TrackPointExtension>
        </extensions>
      </trkpt>
      <trkpt lat="30.55343843065202236175537109375" lon="104.04608689248561859130859375">
        <ele>474.20001220703125</ele>
        <time>2026-09-21T13:45:33.000Z</time>
        <extensions>
          <ns3:TrackPointExtension>
            <ns3:hr>155</ns3:hr>
            <ns3:cad>89</ns3:cad>
          </ns3:TrackPointExtension>
        </extensions>
      </trkpt>
      <trkpt lat="30.55341102182865142822265625" lon="104.046071134507656097412109375">
        <ele>474</ele>
        <time>2026-09-21T13:45:34.000Z</time>
        <extensions>
          <ns3:TrackPointExtension>
            <ns3:hr>155</ns3:hr>
            <ns3:cad>90</ns3:cad>
          </ns3:TrackPointExtension>
        </extensions>
      </trkpt>
      <trkpt lat="30.553384535014629364013671875" lon="104.04604959301650524139404296875">
        <ele>474</ele>
        <time>2026-09-21T13:45:35.000Z</time>
        <extensions>
          <ns3:TrackPointExtension>
            <ns3:hr>156</ns3:hr>
            <ns3:cad>90</ns3:cad>
          </ns3:TrackPointExtension>
        </extensions>
      </trkpt>
      <trkpt lat="30.553361736238002777099609375" lon="104.0460327453911304473876953125">
        <ele>474</ele>
        <time>2026-09-21T13:45:36.000Z</time>
        <extensions>
          <ns3:TrackPointExtension>
            <ns3:hr>156</ns3:hr>
            <ns3:cad>91</ns3:cad>
          </ns3:TrackPointExtension>
        </extensions>
      </trkpt>
      <trkpt lat="30.55334002710878849029541015625" lon="104.046015478670597076416015625">
        <ele>474</ele>
        <time>2026-09-21T13:45:37.000Z</time>
        <extensions>
          <ns3:TrackPointExtension>
            <ns3:hr>156</ns3:hr>
            <ns3:cad>91</ns3:cad>
          </ns3:TrackPointExtension>
        </extensions>
      </trkpt>
      <trkpt lat="30.55332326330244541168212890625" lon="104.04600516892969608306884765625">
        <ele>474</ele>
        <time>2026-09-21T13:45:38.000Z</time>
        <extensions>
          <ns3:TrackPointExtension>
            <ns3:hr>156</ns3:hr>
            <ns3:cad>91</ns3:cad>
          </ns3:TrackPointExtension>
        </extensions>
      </trkpt>
      <trkpt lat="30.55330180563032627105712890625" lon="104.04599511064589023590087890625">
        <ele>474.20001220703125</ele>
        <time>2026-09-21T13:45:39.000Z</time>
        <extensions>
          <ns3:TrackPointExtension>
            <ns3:hr>156</ns3:hr>
            <ns3:cad>92</ns3:cad>
          </ns3:TrackPointExtension>
        </extensions>
      </trkpt>
      <trkpt lat="30.55327917449176311492919921875" lon="104.04598823748528957366943359375">
        <ele>474.20001220703125</ele>
        <time>2026-09-21T13:45:40.000Z</time>
        <extensions>
          <ns3:TrackPointExtension>
            <ns3:hr>157</ns3:hr>
            <ns3:cad>92</ns3:cad>
          </ns3:TrackPointExtension>
        </extensions>
      </trkpt>
      <trkpt lat="30.55325402878224849700927734375" lon="104.04597952030599117279052734375">
        <ele>474.20001220703125</ele>
        <time>2026-09-21T13:45:41.000Z</time>
        <extensions>
          <ns3:TrackPointExtension>
            <ns3:hr>158</ns3:hr>
            <ns3:cad>91</ns3:cad>
          </ns3:TrackPointExtension>
        </extensions>
      </trkpt>
      <trkpt lat="30.553223602473735809326171875" lon="104.04597231186926364898681640625">
        <ele>474.399993896484375</ele>
        <time>2026-09-21T13:45:42.000Z</time>
        <extensions>
          <ns3:TrackPointExtension>
            <ns3:hr>158</ns3:hr>
            <ns3:cad>92</ns3:cad>
          </ns3:TrackPointExtension>
        </extensions>
      </trkpt>
      <trkpt lat="30.5531956069171428680419921875" lon="104.04596577398478984832763671875">
        <ele>474.399993896484375</ele>
        <time>2026-09-21T13:45:43.000Z</time>
        <extensions>
          <ns3:TrackPointExtension>
            <ns3:hr>160</ns3:hr>
            <ns3:cad>92</ns3:cad>
          </ns3:TrackPointExtension>
        </extensions>
      </trkpt>
      <trkpt lat="30.55316417478024959564208984375" lon="104.0459593199193477630615234375">
        <ele>474.399993896484375</ele>
        <time>2026-09-21T13:45:44.000Z</time>
        <extensions>
          <ns3:TrackPointExtension>
            <ns3:hr>160</ns3:hr>
            <ns3:cad>92</ns3:cad>
          </ns3:TrackPointExtension>
        </extensions>
      </trkpt>
      <trkpt lat="30.5531342513859272003173828125" lon="104.045953787863254547119140625">
        <ele>474.399993896484375</ele>
        <time>2026-09-21T13:45:45.000Z</time>
        <extensions>
          <ns3:TrackPointExtension>
            <ns3:hr>160</ns3:hr>
            <ns3:cad>92</ns3:cad>
          </ns3:TrackPointExtension>
        </extensions>
      </trkpt>
      <trkpt lat="30.55310080759227275848388671875" lon="104.0459469147026538848876953125">
        <ele>474.399993896484375</ele>
        <time>2026-09-21T13:45:46.000Z</time>
        <extensions>
          <ns3:TrackPointExtension>
            <ns3:hr>160</ns3:hr>
            <ns3:cad>92</ns3:cad>
          </ns3:TrackPointExtension>
        </extensions>
      </trkpt>
      <trkpt lat="30.5530752427875995635986328125" lon="104.04594331048429012298583984375">
        <ele>474.399993896484375</ele>
        <time>2026-09-21T13:45:47.000Z</time>
        <extensions>
          <ns3:TrackPointExtension>
            <ns3:hr>160</ns3:hr>
            <ns3:cad>92</ns3:cad>
          </ns3:TrackPointExtension>
        </extensions>
      </trkpt>
      <trkpt lat="30.5530437268316745758056640625" lon="104.04593744315207004547119140625">
        <ele>474.20001220703125</ele>
        <time>2026-09-21T13:45:48.000Z</time>
        <extensions>
          <ns3:TrackPointExtension>
            <ns3:hr>160</ns3:hr>
            <ns3:cad>92</ns3:cad>
          </ns3:TrackPointExtension>
        </extensions>
      </trkpt>
      <trkpt lat="30.55302000604569911956787109375" lon="104.04593744315207004547119140625">
        <ele>474.20001220703125</ele>
        <time>2026-09-21T13:45:49.000Z</time>
        <extensions>
          <ns3:TrackPointExtension>
            <ns3:hr>160</ns3:hr>
            <ns3:cad>92</ns3:cad>
          </ns3:TrackPointExtension>
        </extensions>
      </trkpt>
      <trkpt lat="30.5529867298901081085205078125" lon="104.0459306538105010986328125">
        <ele>474.20001220703125</ele>
        <time>2026-09-21T13:45:50.000Z</time>
        <extensions>
          <ns3:TrackPointExtension>
            <ns3:hr>159</ns3:hr>
            <ns3:cad>92</ns3:cad>
          </ns3:TrackPointExtension>
        </extensions>
      </trkpt>
      <trkpt lat="30.55296351201832294464111328125" lon="104.0459355153143405914306640625">
        <ele>474.20001220703125</ele>
        <time>2026-09-21T13:45:51.000Z</time>
        <extensions>
          <ns3:TrackPointExtension>
            <ns3:hr>160</ns3:hr>
            <ns3:cad>92</ns3:cad>
          </ns3:TrackPointExtension>
        </extensions>
      </trkpt>
      <trkpt lat="30.552928559482097625732421875" lon="104.04593668878078460693359375">
        <ele>474.20001220703125</ele>
        <time>2026-09-21T13:45:52.000Z</time>
        <extensions>
          <ns3:TrackPointExtension>
            <ns3:hr>160</ns3:hr>
            <ns3:cad>92</ns3:cad>
          </ns3:TrackPointExtension>
        </extensions>
      </trkpt>
      <trkpt lat="30.55290098302066326141357421875" lon="104.04594314284622669219970703125">
        <ele>474.20001220703125</ele>
        <time>2026-09-21T13:45:53.000Z</time>
        <extensions>
          <ns3:TrackPointExtension>
            <ns3:hr>160</ns3:hr>
            <ns3:cad>93</ns3:cad>
          </ns3:TrackPointExtension>
        </extensions>
      </trkpt>
      <trkpt lat="30.5528700537979602813720703125" lon="104.04594917781651020050048828125">
        <ele>474.20001220703125</ele>
        <time>2026-09-21T13:45:54.000Z</time>
        <extensions>
          <ns3:TrackPointExtension>
            <ns3:hr>160</ns3:hr>
            <ns3:cad>93</ns3:cad>
          </ns3:TrackPointExtension>
        </extensions>
      </trkpt>
      <trkpt lat="30.55283971130847930908203125" lon="104.045951105654239654541015625">
        <ele>474</ele>
        <time>2026-09-21T13:45:55.000Z</time>
        <extensions>
          <ns3:TrackPointExtension>
            <ns3:hr>161</ns3:hr>
            <ns3:cad>93</ns3:cad>
          </ns3:TrackPointExtension>
        </extensions>
      </trkpt>
      <trkpt lat="30.552817247807979583740234375" lon="104.04594431631267070770263671875">
        <ele>474</ele>
        <time>2026-09-21T13:45:56.000Z</time>
        <extensions>
          <ns3:TrackPointExtension>
            <ns3:hr>161</ns3:hr>
            <ns3:cad>92</ns3:cad>
          </ns3:TrackPointExtension>
        </extensions>
      </trkpt>
      <trkpt lat="30.5527855642139911651611328125" lon="104.04593828134238719940185546875">
        <ele>474</ele>
        <time>2026-09-21T13:45:57.000Z</time>
        <extensions>
          <ns3:TrackPointExtension>
            <ns3:hr>161</ns3:hr>
            <ns3:cad>92</ns3:cad>
          </ns3:TrackPointExtension>
        </extensions>
      </trkpt>
      <trkpt lat="30.55276100523769855499267578125" lon="104.04593308456242084503173828125">
        <ele>474</ele>
        <time>2026-09-21T13:45:58.000Z</time>
        <extensions>
          <ns3:TrackPointExtension>
            <ns3:hr>160</ns3:hr>
            <ns3:cad>92</ns3:cad>
          </ns3:TrackPointExtension>
        </extensions>
      </trkpt>
      <trkpt lat="30.552729405462741851806640625" lon="104.04592369683086872100830078125">
        <ele>474</ele>
        <time>2026-09-21T13:45:59.000Z</time>
        <extensions>
          <ns3:TrackPointExtension>
            <ns3:hr>161</ns3:hr>
            <ns3:cad>93</ns3:cad>
          </ns3:TrackPointExtension>
        </extensions>
      </trkpt>
      <trkpt lat="30.55270601995289325714111328125" lon="104.04591984115540981292724609375">
        <ele>473.79998779296875</ele>
        <time>2026-09-21T13:46:00.000Z</time>
        <extensions>
          <ns3:TrackPointExtension>
            <ns3:hr>161</ns3:hr>
            <ns3:cad>93</ns3:cad>
          </ns3:TrackPointExtension>
        </extensions>
      </trkpt>
      <trkpt lat="30.55267232470214366912841796875" lon="104.04590986669063568115234375">
        <ele>473.79998779296875</ele>
        <time>2026-09-21T13:46:01.000Z</time>
        <extensions>
          <ns3:TrackPointExtension>
            <ns3:hr>161</ns3:hr>
            <ns3:cad>93</ns3:cad>
          </ns3:TrackPointExtension>
        </extensions>
      </trkpt>
      <trkpt lat="30.55264701135456562042236328125" lon="104.0459117107093334197998046875">
        <ele>473.79998779296875</ele>
        <time>2026-09-21T13:46:02.000Z</time>
        <extensions>
          <ns3:TrackPointExtension>
            <ns3:hr>161</ns3:hr>
            <ns3:cad>92</ns3:cad>
          </ns3:TrackPointExtension>
        </extensions>
      </trkpt>
      <trkpt lat="30.55261298082768917083740234375" lon="104.04591313563287258148193359375">
        <ele>473.79998779296875</ele>
        <time>2026-09-21T13:46:03.000Z</time>
        <extensions>
          <ns3:TrackPointExtension>
            <ns3:hr>160</ns3:hr>
            <ns3:cad>92</ns3:cad>
          </ns3:TrackPointExtension>
        </extensions>
      </trkpt>
      <trkpt lat="30.55259102024137973785400390625" lon="104.045922271907329559326171875">
        <ele>473.79998779296875</ele>
        <time>2026-09-21T13:46:04.000Z</time>
        <extensions>
          <ns3:TrackPointExtension>
            <ns3:hr>161</ns3:hr>
            <ns3:cad>92</ns3:cad>
          </ns3:TrackPointExtension>
        </extensions>
      </trkpt>
      <trkpt lat="30.552560426294803619384765625" lon="104.04592352919280529022216796875">
        <ele>473.79998779296875</ele>
        <time>2026-09-21T13:46:05.000Z</time>
        <extensions>
          <ns3:TrackPointExtension>
            <ns3:hr>161</ns3:hr>
            <ns3:cad>92</ns3:cad>
          </ns3:TrackPointExtension>
        </extensions>
      </trkpt>
      <trkpt lat="30.55253821425139904022216796875" lon="104.04592721723020076751708984375">
        <ele>473.79998779296875</ele>
        <time>2026-09-21T13:46:06.000Z</time>
        <extensions>
          <ns3:TrackPointExtension>
            <ns3:hr>160</ns3:hr>
            <ns3:cad>92</ns3:cad>
          </ns3:TrackPointExtension>
        </extensions>
      </trkpt>
      <trkpt lat="30.552510134875774383544921875" lon="104.04592671431601047515869140625">
        <ele>473.79998779296875</ele>
        <time>2026-09-21T13:46:07.000Z</time>
        <extensions>
          <ns3:TrackPointExtension>
            <ns3:hr>160</ns3:hr>
            <ns3:cad>92</ns3:cad>
          </ns3:TrackPointExtension>
        </extensions>
      </trkpt>
      <trkpt lat="30.55248825810849666595458984375" lon="104.04593325220048427581787109375">
        <ele>473.79998779296875</ele>
        <time>2026-09-21T13:46:08.000Z</time>
        <extensions>
          <ns3:TrackPointExtension>
            <ns3:hr>160</ns3:hr>
            <ns3:cad>92</ns3:cad>
          </ns3:TrackPointExtension>
        </extensions>
      </trkpt>
      <trkpt lat="30.55246093310415744781494140625" lon="104.0459345094859600067138671875">
        <ele>473.79998779296875</ele>
        <time>2026-09-21T13:46:09.000Z</time>
        <extensions>
          <ns3:TrackPointExtension>
            <ns3:hr>159</ns3:hr>
            <ns3:cad>92</ns3:cad>
          </ns3:TrackPointExtension>
        </extensions>
      </trkpt>
      <trkpt lat="30.55243603885173797607421875" lon="104.045940376818180084228515625">
        <ele>473.79998779296875</ele>
        <time>2026-09-21T13:46:10.000Z</time>
        <extensions>
          <ns3:TrackPointExtension>
            <ns3:hr>159</ns3:hr>
            <ns3:cad>92</ns3:cad>
          </ns3:TrackPointExtension>
        </extensions>
      </trkpt>
      <trkpt lat="30.55241030640900135040283203125" lon="104.04594414867460727691650390625">
        <ele>473.79998779296875</ele>
        <time>2026-09-21T13:46:11.000Z</time>
        <extensions>
          <ns3:TrackPointExtension>
            <ns3:hr>159</ns3:hr>
            <ns3:cad>92</ns3:cad>
          </ns3:TrackPointExtension>
        </extensions>
      </trkpt>
      <trkpt lat="30.5523839034140110015869140625" lon="104.04595135711133480072021484375">
        <ele>473.79998779296875</ele>
        <time>2026-09-21T13:46:12.000Z</time>
        <extensions>
          <ns3:TrackPointExtension>
            <ns3:hr>159</ns3:hr>
            <ns3:cad>92</ns3:cad>
          </ns3:TrackPointExtension>
        </extensions>
      </trkpt>
      <trkpt lat="30.55235615931451320648193359375" lon="104.04595621861517429351806640625">
        <ele>473.79998779296875</ele>
        <time>2026-09-21T13:46:13.000Z</time>
        <extensions>
          <ns3:TrackPointExtension>
            <ns3:hr>159</ns3:hr>
            <ns3:cad>92</ns3:cad>
          </ns3:TrackPointExtension>
        </extensions>
      </trkpt>
      <trkpt lat="30.5523272417485713958740234375" lon="104.04596225358545780181884765625">
        <ele>473.79998779296875</ele>
        <time>2026-09-21T13:46:14.000Z</time>
        <extensions>
          <ns3:TrackPointExtension>
            <ns3:hr>159</ns3:hr>
            <ns3:cad>92</ns3:cad>
          </ns3:TrackPointExtension>
        </extensions>
      </trkpt>
      <trkpt lat="30.552299916744232177734375" lon="104.04597214423120021820068359375">
        <ele>473.79998779296875</ele>
        <time>2026-09-21T13:46:15.000Z</time>
        <extensions>
          <ns3:TrackPointExtension>
            <ns3:hr>159</ns3:hr>
            <ns3:cad>93</ns3:cad>
          </ns3:TrackPointExtension>
        </extensions>
      </trkpt>
      <trkpt lat="30.55226630531251430511474609375" lon="104.04597918502986431121826171875">
        <ele>473.79998779296875</ele>
        <time>2026-09-21T13:46:16.000Z</time>
        <extensions>
          <ns3:TrackPointExtension>
            <ns3:hr>159</ns3:hr>
            <ns3:cad>93</ns3:cad>
          </ns3:TrackPointExtension>
        </extensions>
      </trkpt>
      <trkpt lat="30.55224015377461910247802734375" lon="104.045980609953403472900390625">
        <ele>473.79998779296875</ele>
        <time>2026-09-21T13:46:17.000Z</time>
        <extensions>
          <ns3:TrackPointExtension>
            <ns3:hr>159</ns3:hr>
            <ns3:cad>93</ns3:cad>
          </ns3:TrackPointExtension>
        </extensions>
      </trkpt>
      <trkpt lat="30.552206374704837799072265625" lon="104.04598723165690898895263671875">
        <ele>473.79998779296875</ele>
        <time>2026-09-21T13:46:18.000Z</time>
        <extensions>
          <ns3:TrackPointExtension>
            <ns3:hr>159</ns3:hr>
            <ns3:cad>92</ns3:cad>
          </ns3:TrackPointExtension>
        </extensions>
      </trkpt>
      <trkpt lat="30.55218114517629146575927734375" lon="104.045992009341716766357421875">
        <ele>473.79998779296875</ele>
        <time>2026-09-21T13:46:19.000Z</time>
        <extensions>
          <ns3:TrackPointExtension>
            <ns3:hr>159</ns3:hr>
            <ns3:cad>92</ns3:cad>
          </ns3:TrackPointExtension>
        </extensions>
      </trkpt>
      <trkpt lat="30.552154071629047393798828125" lon="104.04599863104522228240966796875">
        <ele>473.79998779296875</ele>
        <time>2026-09-21T13:46:20.000Z</time>
        <extensions>
          <ns3:TrackPointExtension>
            <ns3:hr>159</ns3:hr>
            <ns3:cad>92</ns3:cad>
          </ns3:TrackPointExtension>
        </extensions>
      </trkpt>
      <trkpt lat="30.552131943404674530029296875" lon="104.04601120389997959136962890625">
        <ele>473.79998779296875</ele>
        <time>2026-09-21T13:46:21.000Z</time>
        <extensions>
          <ns3:TrackPointExtension>
            <ns3:hr>160</ns3:hr>
            <ns3:cad>92</ns3:cad>
          </ns3:TrackPointExtension>
        </extensions>
      </trkpt>
      <trkpt lat="30.5520992539823055267333984375" lon="104.04601405374705791473388671875">
        <ele>473.79998779296875</ele>
        <time>2026-09-21T13:46:22.000Z</time>
        <extensions>
          <ns3:TrackPointExtension>
            <ns3:hr>159</ns3:hr>
            <ns3:cad>92</ns3:cad>
          </ns3:TrackPointExtension>
        </extensions>
      </trkpt>
      <trkpt lat="30.55207469500601291656494140625" lon="104.046024866402149200439453125">
        <ele>473.600006103515625</ele>
        <time>2026-09-21T13:46:23.000Z</time>
        <extensions>
          <ns3:TrackPointExtension>
            <ns3:hr>160</ns3:hr>
            <ns3:cad>92</ns3:cad>
          </ns3:TrackPointExtension>
        </extensions>
      </trkpt>
      <trkpt lat="30.55204468779265880584716796875" lon="104.0460257045924663543701171875">
        <ele>473.600006103515625</ele>
        <time>2026-09-21T13:46:24.000Z</time>
        <extensions>
          <ns3:TrackPointExtension>
            <ns3:hr>160</ns3:hr>
            <ns3:cad>92</ns3:cad>
          </ns3:TrackPointExtension>
        </extensions>
      </trkpt>
      <trkpt lat="30.55202121846377849578857421875" lon="104.04603458940982818603515625">
        <ele>473.600006103515625</ele>
        <time>2026-09-21T13:46:25.000Z</time>
        <extensions>
          <ns3:TrackPointExtension>
            <ns3:hr>160</ns3:hr>
            <ns3:cad>92</ns3:cad>
          </ns3:TrackPointExtension>
        </extensions>
      </trkpt>
      <trkpt lat="30.55199104361236095428466796875" lon="104.0460401214659214019775390625">
        <ele>473.79998779296875</ele>
        <time>2026-09-21T13:46:26.000Z</time>
        <extensions>
          <ns3:TrackPointExtension>
            <ns3:hr>161</ns3:hr>
            <ns3:cad>91</ns3:cad>
          </ns3:TrackPointExtension>
        </extensions>
      </trkpt>
      <trkpt lat="30.5519664846360683441162109375" lon="104.0460501797497272491455078125">
        <ele>473.79998779296875</ele>
        <time>2026-09-21T13:46:27.000Z</time>
        <extensions>
          <ns3:TrackPointExtension>
            <ns3:hr>161</ns3:hr>
            <ns3:cad>91</ns3:cad>
          </ns3:TrackPointExtension>
        </extensions>
      </trkpt>
      <trkpt lat="30.551935136318206787109375" lon="104.04605244286358356475830078125">
        <ele>473.79998779296875</ele>
        <time>2026-09-21T13:46:28.000Z</time>
        <extensions>
          <ns3:TrackPointExtension>
            <ns3:hr>161</ns3:hr>
            <ns3:cad>91</ns3:cad>
          </ns3:TrackPointExtension>
        </extensions>
      </trkpt>
      <trkpt lat="30.5519088171422481536865234375" lon="104.04605847783386707305908203125">
        <ele>473.79998779296875</ele>
        <time>2026-09-21T13:46:29.000Z</time>
        <extensions>
          <ns3:TrackPointExtension>
            <ns3:hr>161</ns3:hr>
            <ns3:cad>92</ns3:cad>
          </ns3:TrackPointExtension>
        </extensions>
      </trkpt>
      <trkpt lat="30.55187772028148174285888671875" lon="104.04605914838612079620361328125">
        <ele>473.79998779296875</ele>
        <time>2026-09-21T13:46:30.000Z</time>
        <extensions>
          <ns3:TrackPointExtension>
            <ns3:hr>161</ns3:hr>
            <ns3:cad>92</ns3:cad>
          </ns3:TrackPointExtension>
        </extensions>
      </trkpt>
      <trkpt lat="30.5518464557826519012451171875" lon="104.04606468044221401214599609375">
        <ele>473.79998779296875</ele>
        <time>2026-09-21T13:46:31.000Z</time>
        <extensions>
          <ns3:TrackPointExtension>
            <ns3:hr>161</ns3:hr>
            <ns3:cad>91</ns3:cad>
          </ns3:TrackPointExtension>
        </extensions>
      </trkpt>
      <trkpt lat="30.55181971751153469085693359375" lon="104.04606468044221401214599609375">
        <ele>473.79998779296875</ele>
        <time>2026-09-21T13:46:32.000Z</time>
        <extensions>
          <ns3:TrackPointExtension>
            <ns3:hr>161</ns3:hr>
            <ns3:cad>91</ns3:cad>
          </ns3:TrackPointExtension>
        </extensions>
      </trkpt>
      <trkpt lat="30.551788620650768280029296875" lon="104.046065099537372589111328125">
        <ele>474</ele>
        <time>2026-09-21T13:46:33.000Z</time>
        <extensions>
          <ns3:TrackPointExtension>
            <ns3:hr>160</ns3:hr>
            <ns3:cad>91</ns3:cad>
          </ns3:TrackPointExtension>
        </extensions>
      </trkpt>
      <trkpt lat="30.55176406167447566986083984375" lon="104.046067111194133758544921875">
        <ele>474</ele>
        <time>2026-09-21T13:46:34.000Z</time>
        <extensions>
          <ns3:TrackPointExtension>
            <ns3:hr>161</ns3:hr>
            <ns3:cad>91</ns3:cad>
          </ns3:TrackPointExtension>
        </extensions>
      </trkpt>
      <trkpt lat="30.5517354793846607208251953125" lon="104.0460689552128314971923828125">
        <ele>474</ele>
        <time>2026-09-21T13:46:35.000Z</time>
        <extensions>
          <ns3:TrackPointExtension>
            <ns3:hr>161</ns3:hr>
            <ns3:cad>92</ns3:cad>
          </ns3:TrackPointExtension>
        </extensions>
      </trkpt>
      <trkpt lat="30.55170723237097263336181640625" lon="104.0460719726979732513427734375">
        <ele>473.79998779296875</ele>
        <time>2026-09-21T13:46:36.000Z</time>
        <extensions>
          <ns3:TrackPointExtension>
            <ns3:hr>161</ns3:hr>
            <ns3:cad>92</ns3:cad>
          </ns3:TrackPointExtension>
        </extensions>
      </trkpt>
      <trkpt lat="30.5516803264617919921875" lon="104.04607750475406646728515625">
        <ele>473.79998779296875</ele>
        <time>2026-09-21T13:46:37.000Z</time>
        <extensions>
          <ns3:TrackPointExtension>
            <ns3:hr>161</ns3:hr>
            <ns3:cad>92</ns3:cad>
          </ns3:TrackPointExtension>
        </extensions>
      </trkpt>
      <trkpt lat="30.5516573600471019744873046875" lon="104.04608328826725482940673828125">
        <ele>473.79998779296875</ele>
        <time>2026-09-21T13:46:38.000Z</time>
        <extensions>
          <ns3:TrackPointExtension>
            <ns3:hr>161</ns3:hr>
            <ns3:cad>92</ns3:cad>
          </ns3:TrackPointExtension>
        </extensions>
      </trkpt>
      <trkpt lat="30.55162877775728702545166015625" lon="104.046084880828857421875">
        <ele>473.79998779296875</ele>
        <time>2026-09-21T13:46:39.000Z</time>
        <extensions>
          <ns3:TrackPointExtension>
            <ns3:hr>161</ns3:hr>
            <ns3:cad>92</ns3:cad>
          </ns3:TrackPointExtension>
        </extensions>
      </trkpt>
      <trkpt lat="30.5516030453145503997802734375" lon="104.0460873953998088836669921875">
        <ele>473.79998779296875</ele>
        <time>2026-09-21T13:46:40.000Z</time>
        <extensions>
          <ns3:TrackPointExtension>
            <ns3:hr>161</ns3:hr>
            <ns3:cad>91</ns3:cad>
          </ns3:TrackPointExtension>
        </extensions>
      </trkpt>
      <trkpt lat="30.55157236754894256591796875" lon="104.04608731158077716827392578125">
        <ele>473.79998779296875</ele>
        <time>2026-09-21T13:46:41.000Z</time>
        <extensions>
          <ns3:TrackPointExtension>
            <ns3:hr>161</ns3:hr>
            <ns3:cad>92</ns3:cad>
          </ns3:TrackPointExtension>
        </extensions>
      </trkpt>
      <trkpt lat="30.5515467189252376556396484375" lon="104.0460915863513946533203125">
        <ele>473.79998779296875</ele>
        <time>2026-09-21T13:46:42.000Z</time>
        <extensions>
          <ns3:TrackPointExtension>
            <ns3:hr>161</ns3:hr>
            <ns3:cad>92</ns3:cad>
          </ns3:TrackPointExtension>
        </extensions>
      </trkpt>
      <trkpt lat="30.55151444859802722930908203125" lon="104.0460862219333648681640625">
        <ele>474</ele>
        <time>2026-09-21T13:46:43.000Z</time>
        <extensions>
          <ns3:TrackPointExtension>
            <ns3:hr>161</ns3:hr>
            <ns3:cad>93</ns3:cad>
          </ns3:TrackPointExtension>
        </extensions>
      </trkpt>
      <trkpt lat="30.55149315856397151947021484375" lon="104.0460877306759357452392578125">
        <ele>473.79998779296875</ele>
        <time>2026-09-21T13:46:44.000Z</time>
        <extensions>
          <ns3:TrackPointExtension>
            <ns3:hr>161</ns3:hr>
            <ns3:cad>92</ns3:cad>
          </ns3:TrackPointExtension>
        </extensions>
      </trkpt>
      <trkpt lat="30.551468767225742340087890625" lon="104.0460853837430477142333984375">
        <ele>473.79998779296875</ele>
        <time>2026-09-21T13:46:45.000Z</time>
        <extensions>
          <ns3:TrackPointExtension>
            <ns3:hr>160</ns3:hr>
            <ns3:cad>93</ns3:cad>
          </ns3:TrackPointExtension>
        </extensions>
      </trkpt>
      <trkpt lat="30.55144630372524261474609375" lon="104.0460863895714282989501953125">
        <ele>473.79998779296875</ele>
        <time>2026-09-21T13:46:46.000Z</time>
        <extensions>
          <ns3:TrackPointExtension>
            <ns3:hr>160</ns3:hr>
            <ns3:cad>93</ns3:cad>
          </ns3:TrackPointExtension>
        </extensions>
      </trkpt>
      <trkpt lat="30.551425851881504058837890625" lon="104.04608328826725482940673828125">
        <ele>473.79998779296875</ele>
        <time>2026-09-21T13:46:47.000Z</time>
        <extensions>
          <ns3:TrackPointExtension>
            <ns3:hr>161</ns3:hr>
            <ns3:cad>93</ns3:cad>
          </ns3:TrackPointExtension>
        </extensions>
      </trkpt>
      <trkpt lat="30.55140129290521144866943359375" lon="104.0460853837430477142333984375">
        <ele>473.79998779296875</ele>
        <time>2026-09-21T13:46:48.000Z</time>
        <extensions>
          <ns3:TrackPointExtension>
            <ns3:hr>161</ns3:hr>
            <ns3:cad>92</ns3:cad>
          </ns3:TrackPointExtension>
        </extensions>
      </trkpt>
      <trkpt lat="30.55137346498668193817138671875" lon="104.0460857190191745758056640625">
        <ele>473.79998779296875</ele>
        <time>2026-09-21T13:46:49.000Z</time>
        <extensions>
          <ns3:TrackPointExtension>
            <ns3:hr>161</ns3:hr>
            <ns3:cad>91</ns3:cad>
          </ns3:TrackPointExtension>
        </extensions>
      </trkpt>
      <trkpt lat="30.5513490736484527587890625" lon="104.04608949087560176849365234375">
        <ele>473.79998779296875</ele>
        <time>2026-09-21T13:46:50.000Z</time>
        <extensions>
          <ns3:TrackPointExtension>
            <ns3:hr>161</ns3:hr>
            <ns3:cad>91</ns3:cad>
          </ns3:TrackPointExtension>
        </extensions>
      </trkpt>
      <trkpt lat="30.5513210780918598175048828125" lon="104.0460887365043163299560546875">
        <ele>473.79998779296875</ele>
        <time>2026-09-21T13:46:51.000Z</time>
        <extensions>
          <ns3:TrackPointExtension>
            <ns3:hr>161</ns3:hr>
            <ns3:cad>91</ns3:cad>
          </ns3:TrackPointExtension>
        </extensions>
      </trkpt>
      <trkpt lat="30.55129073560237884521484375" lon="104.04609066434204578399658203125">
        <ele>473.79998779296875</ele>
        <time>2026-09-21T13:46:52.000Z</time>
        <extensions>
          <ns3:TrackPointExtension>
            <ns3:hr>160</ns3:hr>
            <ns3:cad>92</ns3:cad>
          </ns3:TrackPointExtension>
        </extensions>
      </trkpt>
      <trkpt lat="30.5512632429599761962890625" lon="104.04609133489429950714111328125">
        <ele>473.79998779296875</ele>
        <time>2026-09-21T13:46:53.000Z</time>
        <extensions>
          <ns3:TrackPointExtension>
            <ns3:hr>160</ns3:hr>
            <ns3:cad>92</ns3:cad>
          </ns3:TrackPointExtension>
        </extensions>
      </trkpt>
      <trkpt lat="30.551233403384685516357421875" lon="104.0460917539894580841064453125">
        <ele>473.79998779296875</ele>
        <time>2026-09-21T13:46:54.000Z</time>
        <extensions>
          <ns3:TrackPointExtension>
            <ns3:hr>160</ns3:hr>
            <ns3:cad>92</ns3:cad>
          </ns3:TrackPointExtension>
        </extensions>
      </trkpt>
      <trkpt lat="30.551207251846790313720703125" lon="104.046090580523014068603515625">
        <ele>474</ele>
        <time>2026-09-21T13:46:55.000Z</time>
        <extensions>
          <ns3:TrackPointExtension>
            <ns3:hr>160</ns3:hr>
            <ns3:cad>92</ns3:cad>
          </ns3:TrackPointExtension>
        </extensions>
      </trkpt>
      <trkpt lat="30.55117330513894557952880859375" lon="104.0460877306759357452392578125">
        <ele>474</ele>
        <time>2026-09-21T13:46:56.000Z</time>
        <extensions>
          <ns3:TrackPointExtension>
            <ns3:hr>160</ns3:hr>
            <ns3:cad>92</ns3:cad>
          </ns3:TrackPointExtension>
        </extensions>
      </trkpt>
      <trkpt lat="30.55114631541073322296142578125" lon="104.04608982615172863006591796875">
        <ele>474</ele>
        <time>2026-09-21T13:46:57.000Z</time>
        <extensions>
          <ns3:TrackPointExtension>
            <ns3:hr>160</ns3:hr>
            <ns3:cad>92</ns3:cad>
          </ns3:TrackPointExtension>
        </extensions>
      </trkpt>
      <trkpt lat="30.5511128716170787811279296875" lon="104.0460862219333648681640625">
        <ele>474</ele>
        <time>2026-09-21T13:46:58.000Z</time>
        <extensions>
          <ns3:TrackPointExtension>
            <ns3:hr>161</ns3:hr>
            <ns3:cad>92</ns3:cad>
          </ns3:TrackPointExtension>
        </extensions>
      </trkpt>
      <trkpt lat="30.55108680389821529388427734375" lon="104.0460884012281894683837890625">
        <ele>474</ele>
        <time>2026-09-21T13:46:59.000Z</time>
        <extensions>
          <ns3:TrackPointExtension>
            <ns3:hr>160</ns3:hr>
            <ns3:cad>92</ns3:cad>
          </ns3:TrackPointExtension>
        </extensions>
      </trkpt>
      <trkpt lat="30.551055371761322021484375" lon="104.04608865268528461456298828125">
        <ele>474</ele>
        <time>2026-09-21T13:47:00.000Z</time>
        <extensions>
          <ns3:TrackPointExtension>
            <ns3:hr>161</ns3:hr>
            <ns3:cad>92</ns3:cad>
          </ns3:TrackPointExtension>
        </extensions>
      </trkpt>
      <trkpt lat="30.5510287173092365264892578125" lon="104.0460870601236820220947265625">
        <ele>474</ele>
        <time>2026-09-21T13:47:01.000Z</time>
        <extensions>
          <ns3:TrackPointExtension>
            <ns3:hr>161</ns3:hr>
            <ns3:cad>93</ns3:cad>
          </ns3:TrackPointExtension>
        </extensions>
      </trkpt>
      <trkpt lat="30.55099678225815296173095703125" lon="104.04608094133436679840087890625">
        <ele>474</ele>
        <time>2026-09-21T13:47:02.000Z</time>
        <extensions>
          <ns3:TrackPointExtension>
            <ns3:hr>161</ns3:hr>
            <ns3:cad>92</ns3:cad>
          </ns3:TrackPointExtension>
        </extensions>
      </trkpt>
      <trkpt lat="30.55097029544413089752197265625" lon="104.0460813604295253753662109375">
        <ele>474</ele>
        <time>2026-09-21T13:47:03.000Z</time>
        <extensions>
          <ns3:TrackPointExtension>
            <ns3:hr>161</ns3:hr>
            <ns3:cad>93</ns3:cad>
          </ns3:TrackPointExtension>
        </extensions>
      </trkpt>
      <trkpt lat="30.550942383706569671630859375" lon="104.046078510582447052001953125">
        <ele>474</ele>
        <time>2026-09-21T13:47:04.000Z</time>
        <extensions>
          <ns3:TrackPointExtension>
            <ns3:hr>160</ns3:hr>
            <ns3:cad>93</ns3:cad>
          </ns3:TrackPointExtension>
        </extensions>
      </trkpt>
      <trkpt lat="30.5509163998067378997802734375" lon="104.0460786782205104827880859375">
        <ele>474</ele>
        <time>2026-09-21T13:47:05.000Z</time>
        <extensions>
          <ns3:TrackPointExtension>
            <ns3:hr>161</ns3:hr>
            <ns3:cad>93</ns3:cad>
          </ns3:TrackPointExtension>
        </extensions>
      </trkpt>
      <trkpt lat="30.55089033208787441253662109375" lon="104.0460729785263538360595703125">
        <ele>474</ele>
        <time>2026-09-21T13:47:06.000Z</time>
        <extensions>
          <ns3:TrackPointExtension>
            <ns3:hr>161</ns3:hr>
            <ns3:cad>92</ns3:cad>
          </ns3:TrackPointExtension>
        </extensions>
      </trkpt>
      <trkpt lat="30.5508667789399623870849609375" lon="104.04606811702251434326171875">
        <ele>474</ele>
        <time>2026-09-21T13:47:07.000Z</time>
        <extensions>
          <ns3:TrackPointExtension>
            <ns3:hr>161</ns3:hr>
            <ns3:cad>92</ns3:cad>
          </ns3:TrackPointExtension>
        </extensions>
      </trkpt>
      <trkpt lat="30.5508456565439701080322265625" lon="104.04606677591800689697265625">
        <ele>474</ele>
        <time>2026-09-21T13:47:08.000Z</time>
        <extensions>
          <ns3:TrackPointExtension>
            <ns3:hr>160</ns3:hr>
            <ns3:cad>93</ns3:cad>
          </ns3:TrackPointExtension>
        </extensions>
      </trkpt>
      <trkpt lat="30.5508161522448062896728515625" lon="104.04606903903186321258544921875">
        <ele>474</ele>
        <time>2026-09-21T13:47:09.000Z</time>
        <extensions>
          <ns3:TrackPointExtension>
            <ns3:hr>160</ns3:hr>
            <ns3:cad>93</ns3:cad>
          </ns3:TrackPointExtension>
        </extensions>
      </trkpt>
      <trkpt lat="30.55078824050724506378173828125" lon="104.0460728108882904052734375">
        <ele>474</ele>
        <time>2026-09-21T13:47:10.000Z</time>
        <extensions>
          <ns3:TrackPointExtension>
            <ns3:hr>161</ns3:hr>
            <ns3:cad>93</ns3:cad>
          </ns3:TrackPointExtension>
        </extensions>
      </trkpt>
      <trkpt lat="30.55075739510357379913330078125" lon="104.04607306234538555145263671875">
        <ele>474</ele>
        <time>2026-09-21T13:47:11.000Z</time>
        <extensions>
          <ns3:TrackPointExtension>
            <ns3:hr>162</ns3:hr>
            <ns3:cad>93</ns3:cad>
          </ns3:TrackPointExtension>
        </extensions>
      </trkpt>
      <trkpt lat="30.55073015391826629638671875" lon="104.04607457108795642852783203125">
        <ele>474</ele>
        <time>2026-09-21T13:47:12.000Z</time>
        <extensions>
          <ns3:TrackPointExtension>
            <ns3:hr>162</ns3:hr>
            <ns3:cad>92</ns3:cad>
          </ns3:TrackPointExtension>
        </extensions>
      </trkpt>
      <trkpt lat="30.55069930851459503173828125" lon="104.04607306234538555145263671875">
        <ele>474</ele>
        <time>2026-09-21T13:47:13.000Z</time>
        <extensions>
          <ns3:TrackPointExtension>
            <ns3:hr>162</ns3:hr>
            <ns3:cad>93</ns3:cad>
          </ns3:TrackPointExtension>
        </extensions>
      </trkpt>
      <trkpt lat="30.55067491717636585235595703125" lon="104.0460741519927978515625">
        <ele>474</ele>
        <time>2026-09-21T13:47:14.000Z</time>
        <extensions>
          <ns3:TrackPointExtension>
            <ns3:hr>161</ns3:hr>
            <ns3:cad>93</ns3:cad>
          </ns3:TrackPointExtension>
        </extensions>
      </trkpt>
      <trkpt lat="30.550639629364013671875" lon="104.04606803320348262786865234375">
        <ele>474</ele>
        <time>2026-09-21T13:47:15.000Z</time>
        <extensions>
          <ns3:TrackPointExtension>
            <ns3:hr>161</ns3:hr>
            <ns3:cad>93</ns3:cad>
          </ns3:TrackPointExtension>
        </extensions>
      </trkpt>
      <trkpt lat="30.5506143160164356231689453125" lon="104.0460702963173389434814453125">
        <ele>474</ele>
        <time>2026-09-21T13:47:16.000Z</time>
        <extensions>
          <ns3:TrackPointExtension>
            <ns3:hr>161</ns3:hr>
            <ns3:cad>92</ns3:cad>
          </ns3:TrackPointExtension>
        </extensions>
      </trkpt>
      <trkpt lat="30.55058238096535205841064453125" lon="104.046058394014835357666015625">
        <ele>474</ele>
        <time>2026-09-21T13:47:17.000Z</time>
        <extensions>
          <ns3:TrackPointExtension>
            <ns3:hr>161</ns3:hr>
            <ns3:cad>92</ns3:cad>
          </ns3:TrackPointExtension>
        </extensions>
      </trkpt>
      <trkpt lat="30.55055673234164714813232421875" lon="104.0460595674812793731689453125">
        <ele>474</ele>
        <time>2026-09-21T13:47:18.000Z</time>
        <extensions>
          <ns3:TrackPointExtension>
            <ns3:hr>162</ns3:hr>
            <ns3:cad>91</ns3:cad>
          </ns3:TrackPointExtension>
        </extensions>
      </trkpt>
      <trkpt lat="30.55052437819540500640869140625" lon="104.0460486710071563720703125">
        <ele>474</ele>
        <time>2026-09-21T13:47:19.000Z</time>
        <extensions>
          <ns3:TrackPointExtension>
            <ns3:hr>162</ns3:hr>
            <ns3:cad>91</ns3:cad>
          </ns3:TrackPointExtension>
        </extensions>
      </trkpt>
      <trkpt lat="30.550499819219112396240234375" lon="104.046047665178775787353515625">
        <ele>474</ele>
        <time>2026-09-21T13:47:20.000Z</time>
        <extensions>
          <ns3:TrackPointExtension>
            <ns3:hr>162</ns3:hr>
            <ns3:cad>93</ns3:cad>
          </ns3:TrackPointExtension>
        </extensions>
      </trkpt>
      <trkpt lat="30.55047132074832916259765625" lon="104.046040959656238555908203125">
        <ele>474</ele>
        <time>2026-09-21T13:47:21.000Z</time>
        <extensions>
          <ns3:TrackPointExtension>
            <ns3:hr>162</ns3:hr>
            <ns3:cad>93</ns3:cad>
          </ns3:TrackPointExtension>
        </extensions>
      </trkpt>
      <trkpt lat="30.55044307373464107513427734375" lon="104.04604054056107997894287109375">
        <ele>474</ele>
        <time>2026-09-21T13:47:22.000Z</time>
        <extensions>
          <ns3:TrackPointExtension>
            <ns3:hr>162</ns3:hr>
            <ns3:cad>93</ns3:cad>
          </ns3:TrackPointExtension>
        </extensions>
      </trkpt>
      <trkpt lat="30.5504171736538410186767578125" lon="104.04603752307593822479248046875">
        <ele>474</ele>
        <time>2026-09-21T13:47:23.000Z</time>
        <extensions>
          <ns3:TrackPointExtension>
            <ns3:hr>162</ns3:hr>
            <ns3:cad>93</ns3:cad>
          </ns3:TrackPointExtension>
        </extensions>
      </trkpt>
      <trkpt lat="30.55038875900208950042724609375" lon="104.04603702016174793243408203125">
        <ele>474</ele>
        <time>2026-09-21T13:47:24.000Z</time>
        <extensions>
          <ns3:TrackPointExtension>
            <ns3:hr>162</ns3:hr>
            <ns3:cad>93</ns3:cad>
          </ns3:TrackPointExtension>
        </extensions>
      </trkpt>
      <trkpt lat="30.55036294274032115936279296875" lon="104.0460297279059886932373046875">
        <ele>474</ele>
        <time>2026-09-21T13:47:25.000Z</time>
        <extensions>
          <ns3:TrackPointExtension>
            <ns3:hr>163</ns3:hr>
            <ns3:cad>92</ns3:cad>
          </ns3:TrackPointExtension>
        </extensions>
      </trkpt>
      <trkpt lat="30.55033260025084018707275390625" lon="104.04602520167827606201171875">
        <ele>474</ele>
        <time>2026-09-21T13:47:26.000Z</time>
        <extensions>
          <ns3:TrackPointExtension>
            <ns3:hr>163</ns3:hr>
            <ns3:cad>92</ns3:cad>
          </ns3:TrackPointExtension>
        </extensions>
      </trkpt>
      <trkpt lat="30.55031114257872104644775390625" lon="104.0460293926298618316650390625">
        <ele>474</ele>
        <time>2026-09-21T13:47:27.000Z</time>
        <extensions>
          <ns3:TrackPointExtension>
            <ns3:hr>163</ns3:hr>
            <ns3:cad>92</ns3:cad>
          </ns3:TrackPointExtension>
        </extensions>
      </trkpt>
      <trkpt lat="30.55028096772730350494384765625" lon="104.04602612368762493133544921875">
        <ele>474</ele>
        <time>2026-09-21T13:47:28.000Z</time>
        <extensions>
          <ns3:TrackPointExtension>
            <ns3:hr>162</ns3:hr>
            <ns3:cad>92</ns3:cad>
          </ns3:TrackPointExtension>
        </extensions>
      </trkpt>
      <trkpt lat="30.55025867186486721038818359375" lon="104.04601849615573883056640625">
        <ele>474.20001220703125</ele>
        <time>2026-09-21T13:47:29.000Z</time>
        <extensions>
          <ns3:TrackPointExtension>
            <ns3:hr>162</ns3:hr>
            <ns3:cad>92</ns3:cad>
          </ns3:TrackPointExtension>
        </extensions>
      </trkpt>
      <trkpt lat="30.55023587308824062347412109375" lon="104.0460096113383769989013671875">
        <ele>474.399993896484375</ele>
        <time>2026-09-21T13:47:30.000Z</time>
        <extensions>
          <ns3:TrackPointExtension>
            <ns3:hr>162</ns3:hr>
            <ns3:cad>92</ns3:cad>
          </ns3:TrackPointExtension>
        </extensions>
      </trkpt>
      <trkpt lat="30.550215505063533782958984375" lon="104.04600131325423717498779296875">
        <ele>474.600006103515625</ele>
        <time>2026-09-21T13:47:31.000Z</time>
        <extensions>
          <ns3:TrackPointExtension>
            <ns3:hr>162</ns3:hr>
            <ns3:cad>90</ns3:cad>
          </ns3:TrackPointExtension>
        </extensions>
      </trkpt>
      <trkpt lat="30.5501875095069408416748046875" lon="104.04599167406558990478515625">
        <ele>474.79998779296875</ele>
        <time>2026-09-21T13:47:32.000Z</time>
        <extensions>
          <ns3:TrackPointExtension>
            <ns3:hr>162</ns3:hr>
            <ns3:cad>90</ns3:cad>
          </ns3:TrackPointExtension>
        </extensions>
      </trkpt>
      <trkpt lat="30.55016689002513885498046875" lon="104.045986644923686981201171875">
        <ele>475.20001220703125</ele>
        <time>2026-09-21T13:47:33.000Z</time>
        <extensions>
          <ns3:TrackPointExtension>
            <ns3:hr>162</ns3:hr>
            <ns3:cad>90</ns3:cad>
          </ns3:TrackPointExtension>
        </extensions>
      </trkpt>
      <trkpt lat="30.55013964883983135223388671875" lon="104.0459744073450565338134765625">
        <ele>475.20001220703125</ele>
        <time>2026-09-21T13:47:34.000Z</time>
        <extensions>
          <ns3:TrackPointExtension>
            <ns3:hr>162</ns3:hr>
            <ns3:cad>90</ns3:cad>
          </ns3:TrackPointExtension>
        </extensions>
      </trkpt>
      <trkpt lat="30.5501204542815685272216796875" lon="104.04596862383186817169189453125">
        <ele>475.399993896484375</ele>
        <time>2026-09-21T13:47:35.000Z</time>
        <extensions>
          <ns3:TrackPointExtension>
            <ns3:hr>163</ns3:hr>
            <ns3:cad>89</ns3:cad>
          </ns3:TrackPointExtension>
        </extensions>
      </trkpt>
      <trkpt lat="30.55009388364851474761962890625" lon="104.04596392996609210968017578125">
        <ele>475.600006103515625</ele>
        <time>2026-09-21T13:47:36.000Z</time>
        <extensions>
          <ns3:TrackPointExtension>
            <ns3:hr>162</ns3:hr>
            <ns3:cad>89</ns3:cad>
          </ns3:TrackPointExtension>
        </extensions>
      </trkpt>
      <trkpt lat="30.55007393471896648406982421875" lon="104.04596158303320407867431640625">
        <ele>476</ele>
        <time>2026-09-21T13:47:37.000Z</time>
        <extensions>
          <ns3:TrackPointExtension>
            <ns3:hr>162</ns3:hr>
            <ns3:cad>89</ns3:cad>
          </ns3:TrackPointExtension>
        </extensions>
      </trkpt>
      <trkpt lat="30.55004577152431011199951171875" lon="104.04595680534839630126953125">
        <ele>476</ele>
        <time>2026-09-21T13:47:38.000Z</time>
        <extensions>
          <ns3:TrackPointExtension>
            <ns3:hr>162</ns3:hr>
            <ns3:cad>89</ns3:cad>
          </ns3:TrackPointExtension>
        </extensions>
      </trkpt>
      <trkpt lat="30.55002146400511264801025390625" lon="104.0459620021283626556396484375">
        <ele>476.399993896484375</ele>
        <time>2026-09-21T13:47:39.000Z</time>
        <extensions>
          <ns3:TrackPointExtension>
            <ns3:hr>162</ns3:hr>
            <ns3:cad>90</ns3:cad>
          </ns3:TrackPointExtension>
        </extensions>
      </trkpt>
      <trkpt lat="30.5499913729727268218994140625" lon="104.04596460051834583282470703125">
        <ele>476.399993896484375</ele>
        <time>2026-09-21T13:47:40.000Z</time>
        <extensions>
          <ns3:TrackPointExtension>
            <ns3:hr>163</ns3:hr>
            <ns3:cad>90</ns3:cad>
          </ns3:TrackPointExtension>
        </extensions>
      </trkpt>
      <trkpt lat="30.549974106252193450927734375" lon="104.04597348533570766448974609375">
        <ele>476.79998779296875</ele>
        <time>2026-09-21T13:47:41.000Z</time>
        <extensions>
          <ns3:TrackPointExtension>
            <ns3:hr>162</ns3:hr>
            <ns3:cad>90</ns3:cad>
          </ns3:TrackPointExtension>
        </extensions>
      </trkpt>
      <trkpt lat="30.5499447695910930633544921875" lon="104.04598337598145008087158203125">
        <ele>477</ele>
        <time>2026-09-21T13:47:42.000Z</time>
        <extensions>
          <ns3:TrackPointExtension>
            <ns3:hr>163</ns3:hr>
            <ns3:cad>90</ns3:cad>
          </ns3:TrackPointExtension>
        </extensions>
      </trkpt>
      <trkpt lat="30.54992557503283023834228515625" lon="104.04599578119814395904541015625">
        <ele>477.20001220703125</ele>
        <time>2026-09-21T13:47:43.000Z</time>
        <extensions>
          <ns3:TrackPointExtension>
            <ns3:hr>163</ns3:hr>
            <ns3:cad>91</ns3:cad>
          </ns3:TrackPointExtension>
        </extensions>
      </trkpt>
      <trkpt lat="30.54989791475236415863037109375" lon="104.046011455357074737548828125">
        <ele>477.399993896484375</ele>
        <time>2026-09-21T13:47:44.000Z</time>
        <extensions>
          <ns3:TrackPointExtension>
            <ns3:hr>163</ns3:hr>
            <ns3:cad>91</ns3:cad>
          </ns3:TrackPointExtension>
        </extensions>
      </trkpt>
      <trkpt lat="30.54988123476505279541015625" lon="104.0460287220776081085205078125">
        <ele>477.79998779296875</ele>
        <time>2026-09-21T13:47:45.000Z</time>
        <extensions>
          <ns3:TrackPointExtension>
            <ns3:hr>164</ns3:hr>
            <ns3:cad>91</ns3:cad>
          </ns3:TrackPointExtension>
        </extensions>
      </trkpt>
      <trkpt lat="30.549854077398777008056640625" lon="104.04604800045490264892578125">
        <ele>478</ele>
        <time>2026-09-21T13:47:46.000Z</time>
        <extensions>
          <ns3:TrackPointExtension>
            <ns3:hr>164</ns3:hr>
            <ns3:cad>92</ns3:cad>
          </ns3:TrackPointExtension>
        </extensions>
      </trkpt>
      <trkpt lat="30.54983722977340221405029296875" lon="104.04606141149997711181640625">
        <ele>478.20001220703125</ele>
        <time>2026-09-21T13:47:47.000Z</time>
        <extensions>
          <ns3:TrackPointExtension>
            <ns3:hr>165</ns3:hr>
            <ns3:cad>92</ns3:cad>
          </ns3:TrackPointExtension>
        </extensions>
      </trkpt>
      <trkpt lat="30.5498093180358409881591796875" lon="104.04607440344989299774169921875">
        <ele>478.399993896484375</ele>
        <time>2026-09-21T13:47:48.000Z</time>
        <extensions>
          <ns3:TrackPointExtension>
            <ns3:hr>165</ns3:hr>
            <ns3:cad>92</ns3:cad>
          </ns3:TrackPointExtension>
        </extensions>
      </trkpt>
      <trkpt lat="30.54979146458208560943603515625" lon="104.04608546756207942962646484375">
        <ele>478.600006103515625</ele>
        <time>2026-09-21T13:47:49.000Z</time>
        <extensions>
          <ns3:TrackPointExtension>
            <ns3:hr>165</ns3:hr>
            <ns3:cad>92</ns3:cad>
          </ns3:TrackPointExtension>
        </extensions>
      </trkpt>
      <trkpt lat="30.54975843988358974456787109375" lon="104.04609091579914093017578125">
        <ele>478.79998779296875</ele>
        <time>2026-09-21T13:47:50.000Z</time>
        <extensions>
          <ns3:TrackPointExtension>
            <ns3:hr>166</ns3:hr>
            <ns3:cad>92</ns3:cad>
          </ns3:TrackPointExtension>
        </extensions>
      </trkpt>
      <trkpt lat="30.54973497055470943450927734375" lon="104.04609954915940761566162109375">
        <ele>479.20001220703125</ele>
        <time>2026-09-21T13:47:51.000Z</time>
        <extensions>
          <ns3:TrackPointExtension>
            <ns3:hr>166</ns3:hr>
            <ns3:cad>92</ns3:cad>
          </ns3:TrackPointExtension>
        </extensions>
      </trkpt>
      <trkpt lat="30.54970563389360904693603515625" lon="104.046102650463581085205078125">
        <ele>479.399993896484375</ele>
        <time>2026-09-21T13:47:52.000Z</time>
        <extensions>
          <ns3:TrackPointExtension>
            <ns3:hr>167</ns3:hr>
            <ns3:cad>91</ns3:cad>
          </ns3:TrackPointExtension>
        </extensions>
      </trkpt>
      <trkpt lat="30.5496845953166484832763671875" lon="104.0461095236241817474365234375">
        <ele>479.600006103515625</ele>
        <time>2026-09-21T13:47:53.000Z</time>
        <extensions>
          <ns3:TrackPointExtension>
            <ns3:hr>168</ns3:hr>
            <ns3:cad>90</ns3:cad>
          </ns3:TrackPointExtension>
        </extensions>
      </trkpt>
      <trkpt lat="30.54965727031230926513671875" lon="104.0461049973964691162109375">
        <ele>479.600006103515625</ele>
        <time>2026-09-21T13:47:54.000Z</time>
        <extensions>
          <ns3:TrackPointExtension>
            <ns3:hr>168</ns3:hr>
            <ns3:cad>90</ns3:cad>
          </ns3:TrackPointExtension>
        </extensions>
      </trkpt>
      <trkpt lat="30.54963648319244384765625" lon="104.04610809870064258575439453125">
        <ele>479.79998779296875</ele>
        <time>2026-09-21T13:47:55.000Z</time>
        <extensions>
          <ns3:TrackPointExtension>
            <ns3:hr>168</ns3:hr>
            <ns3:cad>90</ns3:cad>
          </ns3:TrackPointExtension>
        </extensions>
      </trkpt>
      <trkpt lat="30.54960672743618488311767578125" lon="104.0461031533777713775634765625">
        <ele>480</ele>
        <time>2026-09-21T13:47:56.000Z</time>
        <extensions>
          <ns3:TrackPointExtension>
            <ns3:hr>168</ns3:hr>
            <ns3:cad>89</ns3:cad>
          </ns3:TrackPointExtension>
        </extensions>
      </trkpt>
      <trkpt lat="30.5495860241353511810302734375" lon="104.04610625468194484710693359375">
        <ele>480</ele>
        <time>2026-09-21T13:47:57.000Z</time>
        <extensions>
          <ns3:TrackPointExtension>
            <ns3:hr>168</ns3:hr>
            <ns3:cad>90</ns3:cad>
          </ns3:TrackPointExtension>
        </extensions>
      </trkpt>
      <trkpt lat="30.54955442436039447784423828125" lon="104.04610298573970794677734375">
        <ele>479.79998779296875</ele>
        <time>2026-09-21T13:47:58.000Z</time>
        <extensions>
          <ns3:TrackPointExtension>
            <ns3:hr>168</ns3:hr>
            <ns3:cad>90</ns3:cad>
          </ns3:TrackPointExtension>
        </extensions>
      </trkpt>
      <trkpt lat="30.549530871212482452392578125" lon="104.04610457830131053924560546875">
        <ele>480</ele>
        <time>2026-09-21T13:47:59.000Z</time>
        <extensions>
          <ns3:TrackPointExtension>
            <ns3:hr>168</ns3:hr>
            <ns3:cad>90</ns3:cad>
          </ns3:TrackPointExtension>
        </extensions>
      </trkpt>
      <trkpt lat="30.54950212128460407257080078125" lon="104.04609921388328075408935546875">
        <ele>480</ele>
        <time>2026-09-21T13:48:00.000Z</time>
        <extensions>
          <ns3:TrackPointExtension>
            <ns3:hr>168</ns3:hr>
            <ns3:cad>92</ns3:cad>
          </ns3:TrackPointExtension>
        </extensions>
      </trkpt>
      <trkpt lat="30.54947596974670886993408203125" lon="104.04610164463520050048828125">
        <ele>480</ele>
        <time>2026-09-21T13:48:01.000Z</time>
        <extensions>
          <ns3:TrackPointExtension>
            <ns3:hr>168</ns3:hr>
            <ns3:cad>92</ns3:cad>
          </ns3:TrackPointExtension>
        </extensions>
      </trkpt>
      <trkpt lat="30.54944680072367191314697265625" lon="104.0460974536836147308349609375">
        <ele>480</ele>
        <time>2026-09-21T13:48:02.000Z</time>
        <extensions>
          <ns3:TrackPointExtension>
            <ns3:hr>168</ns3:hr>
            <ns3:cad>92</ns3:cad>
          </ns3:TrackPointExtension>
        </extensions>
      </trkpt>
      <trkpt lat="30.5494224093854427337646484375" lon="104.0460984595119953155517578125">
        <ele>480</ele>
        <time>2026-09-21T13:48:03.000Z</time>
        <extensions>
          <ns3:TrackPointExtension>
            <ns3:hr>169</ns3:hr>
            <ns3:cad>92</ns3:cad>
          </ns3:TrackPointExtension>
        </extensions>
      </trkpt>
      <trkpt lat="30.549401454627513885498046875" lon="104.04609753750264644622802734375">
        <ele>480.20001220703125</ele>
        <time>2026-09-21T13:48:04.000Z</time>
        <extensions>
          <ns3:TrackPointExtension>
            <ns3:hr>169</ns3:hr>
            <ns3:cad>92</ns3:cad>
          </ns3:TrackPointExtension>
        </extensions>
      </trkpt>
      <trkpt lat="30.5493804998695850372314453125" lon="104.04609871096909046173095703125">
        <ele>480.20001220703125</ele>
        <time>2026-09-21T13:48:05.000Z</time>
        <extensions>
          <ns3:TrackPointExtension>
            <ns3:hr>169</ns3:hr>
            <ns3:cad>92</ns3:cad>
          </ns3:TrackPointExtension>
        </extensions>
      </trkpt>
      <trkpt lat="30.5493563599884510040283203125" lon="104.04609485529363155364990234375">
        <ele>480.399993896484375</ele>
        <time>2026-09-21T13:48:06.000Z</time>
        <extensions>
          <ns3:TrackPointExtension>
            <ns3:hr>168</ns3:hr>
            <ns3:cad>92</ns3:cad>
          </ns3:TrackPointExtension>
        </extensions>
      </trkpt>
      <trkpt lat="30.54933515377342700958251953125" lon="104.04609971679747104644775390625">
        <ele>480.600006103515625</ele>
        <time>2026-09-21T13:48:07.000Z</time>
        <extensions>
          <ns3:TrackPointExtension>
            <ns3:hr>168</ns3:hr>
            <ns3:cad>92</ns3:cad>
          </ns3:TrackPointExtension>
        </extensions>
      </trkpt>
      <trkpt lat="30.549310930073261260986328125" lon="104.04609887860715389251708984375">
        <ele>480.79998779296875</ele>
        <time>2026-09-21T13:48:08.000Z</time>
        <extensions>
          <ns3:TrackPointExtension>
            <ns3:hr>168</ns3:hr>
            <ns3:cad>90</ns3:cad>
          </ns3:TrackPointExtension>
        </extensions>
      </trkpt>
      <trkpt lat="30.54928955622017383575439453125" lon="104.04610156081616878509521484375">
        <ele>480.79998779296875</ele>
        <time>2026-09-21T13:48:09.000Z</time>
        <extensions>
          <ns3:TrackPointExtension>
            <ns3:hr>168</ns3:hr>
            <ns3:cad>90</ns3:cad>
          </ns3:TrackPointExtension>
        </extensions>
      </trkpt>
      <trkpt lat="30.5492634885013103485107421875" lon="104.04610038734972476959228515625">
        <ele>481</ele>
        <time>2026-09-21T13:48:10.000Z</time>
        <extensions>
          <ns3:TrackPointExtension>
            <ns3:hr>168</ns3:hr>
            <ns3:cad>89</ns3:cad>
          </ns3:TrackPointExtension>
        </extensions>
      </trkpt>
      <trkpt lat="30.54924144409596920013427734375" lon="104.04610156081616878509521484375">
        <ele>481</ele>
        <time>2026-09-21T13:48:11.000Z</time>
        <extensions>
          <ns3:TrackPointExtension>
            <ns3:hr>168</ns3:hr>
            <ns3:cad>89</ns3:cad>
          </ns3:TrackPointExtension>
        </extensions>
      </trkpt>
      <trkpt lat="30.54921738803386688232421875" lon="104.04609653167426586151123046875">
        <ele>481</ele>
        <time>2026-09-21T13:48:12.000Z</time>
        <extensions>
          <ns3:TrackPointExtension>
            <ns3:hr>168</ns3:hr>
            <ns3:cad>89</ns3:cad>
          </ns3:TrackPointExtension>
        </extensions>
      </trkpt>
      <trkpt lat="30.5491957627236843109130859375" lon="104.0460941009223461151123046875">
        <ele>481</ele>
        <time>2026-09-21T13:48:13.000Z</time>
        <extensions>
          <ns3:TrackPointExtension>
            <ns3:hr>168</ns3:hr>
            <ns3:cad>90</ns3:cad>
          </ns3:TrackPointExtension>
        </extensions>
      </trkpt>
      <trkpt lat="30.549175478518009185791015625" lon="104.0460890717804431915283203125">
        <ele>481</ele>
        <time>2026-09-21T13:48:14.000Z</time>
        <extensions>
          <ns3:TrackPointExtension>
            <ns3:hr>168</ns3:hr>
            <ns3:cad>90</ns3:cad>
          </ns3:TrackPointExtension>
        </extensions>
      </trkpt>
      <trkpt lat="30.5491525121033191680908203125" lon="104.0460853837430477142333984375">
        <ele>481</ele>
        <time>2026-09-21T13:48:15.000Z</time>
        <extensions>
          <ns3:TrackPointExtension>
            <ns3:hr>168</ns3:hr>
            <ns3:cad>90</ns3:cad>
          </ns3:TrackPointExtension>
        </extensions>
      </trkpt>
      <trkpt lat="30.54912845604121685028076171875" lon="104.0460816957056522369384765625">
        <ele>481</ele>
        <time>2026-09-21T13:48:16.000Z</time>
        <extensions>
          <ns3:TrackPointExtension>
            <ns3:hr>168</ns3:hr>
            <ns3:cad>90</ns3:cad>
          </ns3:TrackPointExtension>
        </extensions>
      </trkpt>
      <trkpt lat="30.549103729426860809326171875" lon="104.04608211480081081390380859375">
        <ele>481.20001220703125</ele>
        <time>2026-09-21T13:48:17.000Z</time>
        <extensions>
          <ns3:TrackPointExtension>
            <ns3:hr>168</ns3:hr>
            <ns3:cad>90</ns3:cad>
          </ns3:TrackPointExtension>
        </extensions>
      </trkpt>
      <trkpt lat="30.54907531477510929107666015625" lon="104.0460786782205104827880859375">
        <ele>481.20001220703125</ele>
        <time>2026-09-21T13:48:18.000Z</time>
        <extensions>
          <ns3:TrackPointExtension>
            <ns3:hr>168</ns3:hr>
            <ns3:cad>90</ns3:cad>
          </ns3:TrackPointExtension>
        </extensions>
      </trkpt>
      <trkpt lat="30.5490504205226898193359375" lon="104.04607909731566905975341796875">
        <ele>481</ele>
        <time>2026-09-21T13:48:19.000Z</time>
        <extensions>
          <ns3:TrackPointExtension>
            <ns3:hr>168</ns3:hr>
            <ns3:cad>90</ns3:cad>
          </ns3:TrackPointExtension>
        </extensions>
      </trkpt>
      <trkpt lat="30.54902292788028717041015625" lon="104.04607842676341533660888671875">
        <ele>481</ele>
        <time>2026-09-21T13:48:20.000Z</time>
        <extensions>
          <ns3:TrackPointExtension>
            <ns3:hr>168</ns3:hr>
            <ns3:cad>90</ns3:cad>
          </ns3:TrackPointExtension>
        </extensions>
      </trkpt>
      <trkpt lat="30.54898914881050586700439453125" lon="104.0460853837430477142333984375">
        <ele>481</ele>
        <time>2026-09-21T13:48:21.000Z</time>
        <extensions>
          <ns3:TrackPointExtension>
            <ns3:hr>168</ns3:hr>
            <ns3:cad>90</ns3:cad>
          </ns3:TrackPointExtension>
        </extensions>
      </trkpt>
      <trkpt lat="30.54896282963454723358154296875" lon="104.0460998006165027618408203125">
        <ele>480.79998779296875</ele>
        <time>2026-09-21T13:48:22.000Z</time>
        <extensions>
          <ns3:TrackPointExtension>
            <ns3:hr>168</ns3:hr>
            <ns3:cad>90</ns3:cad>
          </ns3:TrackPointExtension>
        </extensions>
      </trkpt>
      <trkpt lat="30.54893231950700283050537109375" lon="104.0461132116615772247314453125">
        <ele>480.600006103515625</ele>
        <time>2026-09-21T13:48:23.000Z</time>
        <extensions>
          <ns3:TrackPointExtension>
            <ns3:hr>168</ns3:hr>
            <ns3:cad>90</ns3:cad>
          </ns3:TrackPointExtension>
        </extensions>
      </trkpt>
      <trkpt lat="30.54891287349164485931396484375" lon="104.046128802001476287841796875">
        <ele>480.600006103515625</ele>
        <time>2026-09-21T13:48:24.000Z</time>
        <extensions>
          <ns3:TrackPointExtension>
            <ns3:hr>167</ns3:hr>
            <ns3:cad>92</ns3:cad>
          </ns3:TrackPointExtension>
        </extensions>
      </trkpt>
      <trkpt lat="30.54888621903955936431884765625" lon="104.04615419916808605194091796875">
        <ele>480.399993896484375</ele>
        <time>2026-09-21T13:48:25.000Z</time>
        <extensions>
          <ns3:TrackPointExtension>
            <ns3:hr>167</ns3:hr>
            <ns3:cad>92</ns3:cad>
          </ns3:TrackPointExtension>
        </extensions>
      </trkpt>
      <trkpt lat="30.5488725565373897552490234375" lon="104.0461806021630764007568359375">
        <ele>480.20001220703125</ele>
        <time>2026-09-21T13:48:26.000Z</time>
        <extensions>
          <ns3:TrackPointExtension>
            <ns3:hr>167</ns3:hr>
            <ns3:cad>92</ns3:cad>
          </ns3:TrackPointExtension>
        </extensions>
      </trkpt>
      <trkpt lat="30.54885420016944408416748046875" lon="104.0462122857570648193359375">
        <ele>480</ele>
        <time>2026-09-21T13:48:27.000Z</time>
        <extensions>
          <ns3:TrackPointExtension>
            <ns3:hr>167</ns3:hr>
            <ns3:cad>92</ns3:cad>
          </ns3:TrackPointExtension>
        </extensions>
      </trkpt>
      <trkpt lat="30.54884598590433597564697265625" lon="104.0462396107614040374755859375">
        <ele>479.79998779296875</ele>
        <time>2026-09-21T13:48:28.000Z</time>
        <extensions>
          <ns3:TrackPointExtension>
            <ns3:hr>168</ns3:hr>
            <ns3:cad>92</ns3:cad>
          </ns3:TrackPointExtension>
        </extensions>
      </trkpt>
      <trkpt lat="30.54882469587028026580810546875" lon="104.04626986943185329437255859375">
        <ele>479.79998779296875</ele>
        <time>2026-09-21T13:48:29.000Z</time>
        <extensions>
          <ns3:TrackPointExtension>
            <ns3:hr>168</ns3:hr>
            <ns3:cad>92</ns3:cad>
          </ns3:TrackPointExtension>
        </extensions>
      </trkpt>
      <trkpt lat="30.54881011135876178741455078125" lon="104.04629350639879703521728515625">
        <ele>479.600006103515625</ele>
        <time>2026-09-21T13:48:30.000Z</time>
        <extensions>
          <ns3:TrackPointExtension>
            <ns3:hr>168</ns3:hr>
            <ns3:cad>92</ns3:cad>
          </ns3:TrackPointExtension>
        </extensions>
      </trkpt>
      <trkpt lat="30.5487860552966594696044921875" lon="104.0463168919086456298828125">
        <ele>479.600006103515625</ele>
        <time>2026-09-21T13:48:31.000Z</time>
        <extensions>
          <ns3:TrackPointExtension>
            <ns3:hr>167</ns3:hr>
            <ns3:cad>91</ns3:cad>
          </ns3:TrackPointExtension>
        </extensions>
      </trkpt>
      <trkpt lat="30.54877054877579212188720703125" lon="104.04633876867592334747314453125">
        <ele>479.399993896484375</ele>
        <time>2026-09-21T13:48:32.000Z</time>
        <extensions>
          <ns3:TrackPointExtension>
            <ns3:hr>168</ns3:hr>
            <ns3:cad>91</ns3:cad>
          </ns3:TrackPointExtension>
        </extensions>
      </trkpt>
      <trkpt lat="30.54874154739081859588623046875" lon="104.04635109007358551025390625">
        <ele>479.399993896484375</ele>
        <time>2026-09-21T13:48:33.000Z</time>
        <extensions>
          <ns3:TrackPointExtension>
            <ns3:hr>168</ns3:hr>
            <ns3:cad>91</ns3:cad>
          </ns3:TrackPointExtension>
        </extensions>
      </trkpt>
      <trkpt lat="30.54871723987162113189697265625" lon="104.04636475257575511932373046875">
        <ele>479.20001220703125</ele>
        <time>2026-09-21T13:48:34.000Z</time>
        <extensions>
          <ns3:TrackPointExtension>
            <ns3:hr>167</ns3:hr>
            <ns3:cad>92</ns3:cad>
          </ns3:TrackPointExtension>
        </extensions>
      </trkpt>
      <trkpt lat="30.5486864782869815826416015625" lon="104.04637330211699008941650390625">
        <ele>479</ele>
        <time>2026-09-21T13:48:35.000Z</time>
        <extensions>
          <ns3:TrackPointExtension>
            <ns3:hr>167</ns3:hr>
            <ns3:cad>93</ns3:cad>
          </ns3:TrackPointExtension>
        </extensions>
      </trkpt>
      <trkpt lat="30.5486620031297206878662109375" lon="104.0463810972869396209716796875">
        <ele>479</ele>
        <time>2026-09-21T13:48:36.000Z</time>
        <extensions>
          <ns3:TrackPointExtension>
            <ns3:hr>167</ns3:hr>
            <ns3:cad>93</ns3:cad>
          </ns3:TrackPointExtension>
        </extensions>
      </trkpt>
      <trkpt lat="30.54863342083990573883056640625" lon="104.0463800914585590362548828125">
        <ele>479</ele>
        <time>2026-09-21T13:48:37.000Z</time>
        <extensions>
          <ns3:TrackPointExtension>
            <ns3:hr>167</ns3:hr>
            <ns3:cad>92</ns3:cad>
          </ns3:TrackPointExtension>
        </extensions>
      </trkpt>
      <trkpt lat="30.54861112497746944427490234375" lon="104.04638537205755710601806640625">
        <ele>478.79998779296875</ele>
        <time>2026-09-21T13:48:38.000Z</time>
        <extensions>
          <ns3:TrackPointExtension>
            <ns3:hr>168</ns3:hr>
            <ns3:cad>92</ns3:cad>
          </ns3:TrackPointExtension>
        </extensions>
      </trkpt>
      <trkpt lat="30.5485842190682888031005859375" lon="104.04638436622917652130126953125">
        <ele>478.79998779296875</ele>
        <time>2026-09-21T13:48:39.000Z</time>
        <extensions>
          <ns3:TrackPointExtension>
            <ns3:hr>167</ns3:hr>
            <ns3:cad>91</ns3:cad>
          </ns3:TrackPointExtension>
        </extensions>
      </trkpt>
      <trkpt lat="30.548557899892330169677734375" lon="104.046387635171413421630859375">
        <ele>478.79998779296875</ele>
        <time>2026-09-21T13:48:40.000Z</time>
        <extensions>
          <ns3:TrackPointExtension>
            <ns3:hr>167</ns3:hr>
            <ns3:cad>91</ns3:cad>
          </ns3:TrackPointExtension>
        </extensions>
      </trkpt>
      <trkpt lat="30.5485305748879909515380859375" lon="104.046385623514652252197265625">
        <ele>478.79998779296875</ele>
        <time>2026-09-21T13:48:41.000Z</time>
        <extensions>
          <ns3:TrackPointExtension>
            <ns3:hr>167</ns3:hr>
            <ns3:cad>92</ns3:cad>
          </ns3:TrackPointExtension>
        </extensions>
      </trkpt>
      <trkpt lat="30.54850132204592227935791015625" lon="104.04638738371431827545166015625">
        <ele>478.79998779296875</ele>
        <time>2026-09-21T13:48:42.000Z</time>
        <extensions>
          <ns3:TrackPointExtension>
            <ns3:hr>167</ns3:hr>
            <ns3:cad>92</ns3:cad>
          </ns3:TrackPointExtension>
        </extensions>
      </trkpt>
      <trkpt lat="30.548475421965122222900390625" lon="104.04638461768627166748046875">
        <ele>478.79998779296875</ele>
        <time>2026-09-21T13:48:43.000Z</time>
        <extensions>
          <ns3:TrackPointExtension>
            <ns3:hr>166</ns3:hr>
            <ns3:cad>92</ns3:cad>
          </ns3:TrackPointExtension>
        </extensions>
      </trkpt>
      <trkpt lat="30.54844700731337070465087890625" lon="104.04638285748660564422607421875">
        <ele>478.79998779296875</ele>
        <time>2026-09-21T13:48:44.000Z</time>
        <extensions>
          <ns3:TrackPointExtension>
            <ns3:hr>166</ns3:hr>
            <ns3:cad>92</ns3:cad>
          </ns3:TrackPointExtension>
        </extensions>
      </trkpt>
      <trkpt lat="30.54842622019350528717041015625" lon="104.04638755135238170623779296875">
        <ele>478.79998779296875</ele>
        <time>2026-09-21T13:48:45.000Z</time>
        <extensions>
          <ns3:TrackPointExtension>
            <ns3:hr>166</ns3:hr>
            <ns3:cad>92</ns3:cad>
          </ns3:TrackPointExtension>
        </extensions>
      </trkpt>
      <trkpt lat="30.5483951233327388763427734375" lon="104.04638369567692279815673828125">
        <ele>479</ele>
        <time>2026-09-21T13:48:46.000Z</time>
        <extensions>
          <ns3:TrackPointExtension>
            <ns3:hr>165</ns3:hr>
            <ns3:cad>92</ns3:cad>
          </ns3:TrackPointExtension>
        </extensions>
      </trkpt>
      <trkpt lat="30.54837115108966827392578125" lon="104.04638671316206455230712890625">
        <ele>479</ele>
        <time>2026-09-21T13:48:47.000Z</time>
        <extensions>
          <ns3:TrackPointExtension>
            <ns3:hr>165</ns3:hr>
            <ns3:cad>92</ns3:cad>
          </ns3:TrackPointExtension>
        </extensions>
      </trkpt>
      <trkpt lat="30.548337958753108978271484375" lon="104.04638595879077911376953125">
        <ele>478.79998779296875</ele>
        <time>2026-09-21T13:48:48.000Z</time>
        <extensions>
          <ns3:TrackPointExtension>
            <ns3:hr>165</ns3:hr>
            <ns3:cad>92</ns3:cad>
          </ns3:TrackPointExtension>
        </extensions>
      </trkpt>
      <trkpt lat="30.54831591434776782989501953125" lon="104.046395011246204376220703125">
        <ele>479</ele>
        <time>2026-09-21T13:48:49.000Z</time>
        <extensions>
          <ns3:TrackPointExtension>
            <ns3:hr>165</ns3:hr>
            <ns3:cad>92</ns3:cad>
          </ns3:TrackPointExtension>
        </extensions>
      </trkpt>
      <trkpt lat="30.54828523658215999603271484375" lon="104.04639668762683868408203125">
        <ele>479</ele>
        <time>2026-09-21T13:48:50.000Z</time>
        <extensions>
          <ns3:TrackPointExtension>
            <ns3:hr>165</ns3:hr>
            <ns3:cad>93</ns3:cad>
          </ns3:TrackPointExtension>
        </extensions>
      </trkpt>
      <trkpt lat="30.5482672154903411865234375" lon="104.0463998727500438690185546875">
        <ele>479</ele>
        <time>2026-09-21T13:48:51.000Z</time>
        <extensions>
          <ns3:TrackPointExtension>
            <ns3:hr>164</ns3:hr>
            <ns3:cad>93</ns3:cad>
          </ns3:TrackPointExtension>
        </extensions>
      </trkpt>
      <trkpt lat="30.5482382141053676605224609375" lon="104.04639207758009433746337890625">
        <ele>479</ele>
        <time>2026-09-21T13:48:52.000Z</time>
        <extensions>
          <ns3:TrackPointExtension>
            <ns3:hr>164</ns3:hr>
            <ns3:cad>93</ns3:cad>
          </ns3:TrackPointExtension>
        </extensions>
      </trkpt>
      <trkpt lat="30.548211894929409027099609375" lon="104.04639291577041149139404296875">
        <ele>479</ele>
        <time>2026-09-21T13:48:53.000Z</time>
        <extensions>
          <ns3:TrackPointExtension>
            <ns3:hr>163</ns3:hr>
            <ns3:cad>93</ns3:cad>
          </ns3:TrackPointExtension>
        </extensions>
      </trkpt>
      <trkpt lat="30.5481818877160549163818359375" lon="104.04639341868460178375244140625">
        <ele>479</ele>
        <time>2026-09-21T13:48:54.000Z</time>
        <extensions>
          <ns3:TrackPointExtension>
            <ns3:hr>163</ns3:hr>
            <ns3:cad>92</ns3:cad>
          </ns3:TrackPointExtension>
        </extensions>
      </trkpt>
      <trkpt lat="30.54815347306430339813232421875" lon="104.04639760963618755340576171875">
        <ele>479</ele>
        <time>2026-09-21T13:48:55.000Z</time>
        <extensions>
          <ns3:TrackPointExtension>
            <ns3:hr>163</ns3:hr>
            <ns3:cad>93</ns3:cad>
          </ns3:TrackPointExtension>
        </extensions>
      </trkpt>
      <trkpt lat="30.5481252260506153106689453125" lon="104.04639802873134613037109375">
        <ele>479</ele>
        <time>2026-09-21T13:48:56.000Z</time>
        <extensions>
          <ns3:TrackPointExtension>
            <ns3:hr>163</ns3:hr>
            <ns3:cad>92</ns3:cad>
          </ns3:TrackPointExtension>
        </extensions>
      </trkpt>
      <trkpt lat="30.54809530265629291534423828125" lon="104.04640297405421733856201171875">
        <ele>478.79998779296875</ele>
        <time>2026-09-21T13:48:57.000Z</time>
        <extensions>
          <ns3:TrackPointExtension>
            <ns3:hr>163</ns3:hr>
            <ns3:cad>92</ns3:cad>
          </ns3:TrackPointExtension>
        </extensions>
      </trkpt>
      <trkpt lat="30.5480688996613025665283203125" lon="104.04639392159879207611083984375">
        <ele>479</ele>
        <time>2026-09-21T13:48:58.000Z</time>
        <extensions>
          <ns3:TrackPointExtension>
            <ns3:hr>162</ns3:hr>
            <ns3:cad>92</ns3:cad>
          </ns3:TrackPointExtension>
        </extensions>
      </trkpt>
      <trkpt lat="30.5480417422950267791748046875" lon="104.04639174230396747589111328125">
        <ele>479</ele>
        <time>2026-09-21T13:48:59.000Z</time>
        <extensions>
          <ns3:TrackPointExtension>
            <ns3:hr>162</ns3:hr>
            <ns3:cad>92</ns3:cad>
          </ns3:TrackPointExtension>
        </extensions>
      </trkpt>
      <trkpt lat="30.54801969788968563079833984375" lon="104.0463893115520477294921875">
        <ele>479</ele>
        <time>2026-09-21T13:49:00.000Z</time>
        <extensions>
          <ns3:TrackPointExtension>
            <ns3:hr>162</ns3:hr>
            <ns3:cad>92</ns3:cad>
          </ns3:TrackPointExtension>
        </extensions>
      </trkpt>
      <trkpt lat="30.547989271581172943115234375" lon="104.04638553969562053680419921875">
        <ele>479.20001220703125</ele>
        <time>2026-09-21T13:49:01.000Z</time>
        <extensions>
          <ns3:TrackPointExtension>
            <ns3:hr>162</ns3:hr>
            <ns3:cad>92</ns3:cad>
          </ns3:TrackPointExtension>
        </extensions>
      </trkpt>
      <trkpt lat="30.54796907119452953338623046875" lon="104.04638319276273250579833984375">
        <ele>479.20001220703125</ele>
        <time>2026-09-21T13:49:02.000Z</time>
        <extensions>
          <ns3:TrackPointExtension>
            <ns3:hr>162</ns3:hr>
            <ns3:cad>93</ns3:cad>
          </ns3:TrackPointExtension>
        </extensions>
      </trkpt>
      <trkpt lat="30.54793789051473140716552734375" lon="104.046385623514652252197265625">
        <ele>479.399993896484375</ele>
        <time>2026-09-21T13:49:03.000Z</time>
        <extensions>
          <ns3:TrackPointExtension>
            <ns3:hr>162</ns3:hr>
            <ns3:cad>93</ns3:cad>
          </ns3:TrackPointExtension>
        </extensions>
      </trkpt>
      <trkpt lat="30.5479119904339313507080078125" lon="104.04639258049428462982177734375">
        <ele>479.399993896484375</ele>
        <time>2026-09-21T13:49:04.000Z</time>
        <extensions>
          <ns3:TrackPointExtension>
            <ns3:hr>162</ns3:hr>
            <ns3:cad>93</ns3:cad>
          </ns3:TrackPointExtension>
        </extensions>
      </trkpt>
      <trkpt lat="30.54787896573543548583984375" lon="104.0463981963694095611572265625">
        <ele>479.600006103515625</ele>
        <time>2026-09-21T13:49:05.000Z</time>
        <extensions>
          <ns3:TrackPointExtension>
            <ns3:hr>162</ns3:hr>
            <ns3:cad>92</ns3:cad>
          </ns3:TrackPointExtension>
        </extensions>
      </trkpt>
      <trkpt lat="30.54785708896815776824951171875" lon="104.0464072488248348236083984375">
        <ele>479.79998779296875</ele>
        <time>2026-09-21T13:49:06.000Z</time>
        <extensions>
          <ns3:TrackPointExtension>
            <ns3:hr>162</ns3:hr>
            <ns3:cad>92</ns3:cad>
          </ns3:TrackPointExtension>
        </extensions>
      </trkpt>
      <trkpt lat="30.54782775230705738067626953125" lon="104.046411775052547454833984375">
        <ele>479.79998779296875</ele>
        <time>2026-09-21T13:49:07.000Z</time>
        <extensions>
          <ns3:TrackPointExtension>
            <ns3:hr>162</ns3:hr>
            <ns3:cad>92</ns3:cad>
          </ns3:TrackPointExtension>
        </extensions>
      </trkpt>
      <trkpt lat="30.54780344478785991668701171875" lon="104.046420492231845855712890625">
        <ele>480</ele>
        <time>2026-09-21T13:49:08.000Z</time>
        <extensions>
          <ns3:TrackPointExtension>
            <ns3:hr>162</ns3:hr>
            <ns3:cad>91</ns3:cad>
          </ns3:TrackPointExtension>
        </extensions>
      </trkpt>
      <trkpt lat="30.54777477867901325225830078125" lon="104.04642946086823940277099609375">
        <ele>480</ele>
        <time>2026-09-21T13:49:09.000Z</time>
        <extensions>
          <ns3:TrackPointExtension>
            <ns3:hr>161</ns3:hr>
            <ns3:cad>91</ns3:cad>
          </ns3:TrackPointExtension>
        </extensions>
      </trkpt>
      <trkpt lat="30.547750554978847503662109375" lon="104.04643868096172809600830078125">
        <ele>480.20001220703125</ele>
        <time>2026-09-21T13:49:10.000Z</time>
        <extensions>
          <ns3:TrackPointExtension>
            <ns3:hr>161</ns3:hr>
            <ns3:cad>91</ns3:cad>
          </ns3:TrackPointExtension>
        </extensions>
      </trkpt>
      <trkpt lat="30.54771627299487590789794921875" lon="104.0464468114078044891357421875">
        <ele>480.399993896484375</ele>
        <time>2026-09-21T13:49:11.000Z</time>
        <extensions>
          <ns3:TrackPointExtension>
            <ns3:hr>162</ns3:hr>
            <ns3:cad>91</ns3:cad>
          </ns3:TrackPointExtension>
        </extensions>
      </trkpt>
      <trkpt lat="30.54769531823694705963134765625" lon="104.04645762406289577484130859375">
        <ele>480.600006103515625</ele>
        <time>2026-09-21T13:49:12.000Z</time>
        <extensions>
          <ns3:TrackPointExtension>
            <ns3:hr>162</ns3:hr>
            <ns3:cad>91</ns3:cad>
          </ns3:TrackPointExtension>
        </extensions>
      </trkpt>
      <trkpt lat="30.54766296409070491790771484375" lon="104.04646650888025760650634765625">
        <ele>480.79998779296875</ele>
        <time>2026-09-21T13:49:13.000Z</time>
        <extensions>
          <ns3:TrackPointExtension>
            <ns3:hr>162</ns3:hr>
            <ns3:cad>92</ns3:cad>
          </ns3:TrackPointExtension>
        </extensions>
      </trkpt>
      <trkpt lat="30.54764217697083950042724609375" lon="104.046479165554046630859375">
        <ele>481</ele>
        <time>2026-09-21T13:49:14.000Z</time>
        <extensions>
          <ns3:TrackPointExtension>
            <ns3:hr>162</ns3:hr>
            <ns3:cad>92</ns3:cad>
          </ns3:TrackPointExtension>
        </extensions>
      </trkpt>
      <trkpt lat="30.54761409759521484375" lon="104.04648721218109130859375">
        <ele>481.20001220703125</ele>
        <time>2026-09-21T13:49:15.000Z</time>
        <extensions>
          <ns3:TrackPointExtension>
            <ns3:hr>162</ns3:hr>
            <ns3:cad>92</ns3:cad>
          </ns3:TrackPointExtension>
        </extensions>
      </trkpt>
      <trkpt lat="30.54759155027568340301513671875" lon="104.046491570770740509033203125">
        <ele>481.20001220703125</ele>
        <time>2026-09-21T13:49:16.000Z</time>
        <extensions>
          <ns3:TrackPointExtension>
            <ns3:hr>162</ns3:hr>
            <ns3:cad>91</ns3:cad>
          </ns3:TrackPointExtension>
        </extensions>
      </trkpt>
      <trkpt lat="30.5475636385381221771240234375" lon="104.04649249278008937835693359375">
        <ele>481.20001220703125</ele>
        <time>2026-09-21T13:49:17.000Z</time>
        <extensions>
          <ns3:TrackPointExtension>
            <ns3:hr>162</ns3:hr>
            <ns3:cad>91</ns3:cad>
          </ns3:TrackPointExtension>
        </extensions>
      </trkpt>
      <trkpt lat="30.5475384928286075592041015625" lon="104.046498276293277740478515625">
        <ele>481</ele>
        <time>2026-09-21T13:49:18.000Z</time>
        <extensions>
          <ns3:TrackPointExtension>
            <ns3:hr>162</ns3:hr>
            <ns3:cad>91</ns3:cad>
          </ns3:TrackPointExtension>
        </extensions>
      </trkpt>
      <trkpt lat="30.5475130118429660797119140625" lon="104.046495258808135986328125">
        <ele>481</ele>
        <time>2026-09-21T13:49:19.000Z</time>
        <extensions>
          <ns3:TrackPointExtension>
            <ns3:hr>162</ns3:hr>
            <ns3:cad>92</ns3:cad>
          </ns3:TrackPointExtension>
        </extensions>
      </trkpt>
      <trkpt lat="30.54748761467635631561279296875" lon="104.04649618081748485565185546875">
        <ele>481</ele>
        <time>2026-09-21T13:49:20.000Z</time>
        <extensions>
          <ns3:TrackPointExtension>
            <ns3:hr>163</ns3:hr>
            <ns3:cad>92</ns3:cad>
          </ns3:TrackPointExtension>
        </extensions>
      </trkpt>
      <trkpt lat="30.54746414534747600555419921875" lon="104.0464940853416919708251953125">
        <ele>481</ele>
        <time>2026-09-21T13:49:21.000Z</time>
        <extensions>
          <ns3:TrackPointExtension>
            <ns3:hr>164</ns3:hr>
            <ns3:cad>92</ns3:cad>
          </ns3:TrackPointExtension>
        </extensions>
      </trkpt>
      <trkpt lat="30.5474392510950565338134765625" lon="104.04649467207491397857666015625">
        <ele>481</ele>
        <time>2026-09-21T13:49:22.000Z</time>
        <extensions>
          <ns3:TrackPointExtension>
            <ns3:hr>164</ns3:hr>
            <ns3:cad>92</ns3:cad>
          </ns3:TrackPointExtension>
        </extensions>
      </trkpt>
      <trkpt lat="30.5474127642810344696044921875" lon="104.04649349860846996307373046875">
        <ele>481.20001220703125</ele>
        <time>2026-09-21T13:49:23.000Z</time>
        <extensions>
          <ns3:TrackPointExtension>
            <ns3:hr>164</ns3:hr>
            <ns3:cad>92</ns3:cad>
          </ns3:TrackPointExtension>
        </extensions>
      </trkpt>
      <trkpt lat="30.5473815836012363433837890625" lon="104.046492241322994232177734375">
        <ele>481.20001220703125</ele>
        <time>2026-09-21T13:49:24.000Z</time>
        <extensions>
          <ns3:TrackPointExtension>
            <ns3:hr>164</ns3:hr>
            <ns3:cad>92</ns3:cad>
          </ns3:TrackPointExtension>
        </extensions>
      </trkpt>
      <trkpt lat="30.547358281910419464111328125" lon="104.0464930795133113861083984375">
        <ele>481.20001220703125</ele>
        <time>2026-09-21T13:49:25.000Z</time>
        <extensions>
          <ns3:TrackPointExtension>
            <ns3:hr>164</ns3:hr>
            <ns3:cad>92</ns3:cad>
          </ns3:TrackPointExtension>
        </extensions>
      </trkpt>
      <trkpt lat="30.54732651449739933013916015625" lon="104.04649064876139163970947265625">
        <ele>481.399993896484375</ele>
        <time>2026-09-21T13:49:26.000Z</time>
        <extensions>
          <ns3:TrackPointExtension>
            <ns3:hr>164</ns3:hr>
            <ns3:cad>92</ns3:cad>
          </ns3:TrackPointExtension>
        </extensions>
      </trkpt>
      <trkpt lat="30.5473024584352970123291015625" lon="104.04648914001882076263427734375">
        <ele>481.399993896484375</ele>
        <time>2026-09-21T13:49:27.000Z</time>
        <extensions>
          <ns3:TrackPointExtension>
            <ns3:hr>164</ns3:hr>
            <ns3:cad>92</ns3:cad>
          </ns3:TrackPointExtension>
        </extensions>
      </trkpt>
      <trkpt lat="30.5472706072032451629638671875" lon="104.0464893914759159088134765625">
        <ele>481.600006103515625</ele>
        <time>2026-09-21T13:49:28.000Z</time>
        <extensions>
          <ns3:TrackPointExtension>
            <ns3:hr>165</ns3:hr>
            <ns3:cad>92</ns3:cad>
          </ns3:TrackPointExtension>
        </extensions>
      </trkpt>
      <trkpt lat="30.5472494848072528839111328125" lon="104.0464937500655651092529296875">
        <ele>481.600006103515625</ele>
        <time>2026-09-21T13:49:29.000Z</time>
        <extensions>
          <ns3:TrackPointExtension>
            <ns3:hr>165</ns3:hr>
            <ns3:cad>92</ns3:cad>
          </ns3:TrackPointExtension>
        </extensions>
      </trkpt>
      <trkpt lat="30.547222159802913665771484375" lon="104.04649500735104084014892578125">
        <ele>481.600006103515625</ele>
        <time>2026-09-21T13:49:30.000Z</time>
        <extensions>
          <ns3:TrackPointExtension>
            <ns3:hr>165</ns3:hr>
            <ns3:cad>93</ns3:cad>
          </ns3:TrackPointExtension>
        </extensions>
      </trkpt>
      <trkpt lat="30.5472018755972385406494140625" lon="104.04649869538843631744384765625">
        <ele>481.600006103515625</ele>
        <time>2026-09-21T13:49:31.000Z</time>
        <extensions>
          <ns3:TrackPointExtension>
            <ns3:hr>165</ns3:hr>
            <ns3:cad>93</ns3:cad>
          </ns3:TrackPointExtension>
        </extensions>
      </trkpt>
      <trkpt lat="30.547172538936138153076171875" lon="104.0464930795133113861083984375">
        <ele>481.600006103515625</ele>
        <time>2026-09-21T13:49:32.000Z</time>
        <extensions>
          <ns3:TrackPointExtension>
            <ns3:hr>165</ns3:hr>
            <ns3:cad>93</ns3:cad>
          </ns3:TrackPointExtension>
        </extensions>
      </trkpt>
      <trkpt lat="30.54714848287403583526611328125" lon="104.04649752192199230194091796875">
        <ele>481.600006103515625</ele>
        <time>2026-09-21T13:49:33.000Z</time>
        <extensions>
          <ns3:TrackPointExtension>
            <ns3:hr>165</ns3:hr>
            <ns3:cad>93</ns3:cad>
          </ns3:TrackPointExtension>
        </extensions>
      </trkpt>
      <trkpt lat="30.54711596108973026275634765625" lon="104.0464974381029605865478515625">
        <ele>481.79998779296875</ele>
        <time>2026-09-21T13:49:34.000Z</time>
        <extensions>
          <ns3:TrackPointExtension>
            <ns3:hr>165</ns3:hr>
            <ns3:cad>93</ns3:cad>
          </ns3:TrackPointExtension>
        </extensions>
      </trkpt>
      <trkpt lat="30.54709064774215221405029296875" lon="104.0465031377971172332763671875">
        <ele>481.79998779296875</ele>
        <time>2026-09-21T13:49:35.000Z</time>
        <extensions>
          <ns3:TrackPointExtension>
            <ns3:hr>165</ns3:hr>
            <ns3:cad>92</ns3:cad>
          </ns3:TrackPointExtension>
        </extensions>
      </trkpt>
      <trkpt lat="30.54706131108105182647705078125" lon="104.04649802483618259429931640625">
        <ele>481.79998779296875</ele>
        <time>2026-09-21T13:49:36.000Z</time>
        <extensions>
          <ns3:TrackPointExtension>
            <ns3:hr>165</ns3:hr>
            <ns3:cad>92</ns3:cad>
          </ns3:TrackPointExtension>
        </extensions>
      </trkpt>
      <trkpt lat="30.54703666828572750091552734375" lon="104.04650397598743438720703125">
        <ele>481.79998779296875</ele>
        <time>2026-09-21T13:49:37.000Z</time>
        <extensions>
          <ns3:TrackPointExtension>
            <ns3:hr>165</ns3:hr>
            <ns3:cad>92</ns3:cad>
          </ns3:TrackPointExtension>
        </extensions>
      </trkpt>
      <trkpt lat="30.54701018147170543670654296875" lon="104.04649785719811916351318359375">
        <ele>481.79998779296875</ele>
        <time>2026-09-21T13:49:38.000Z</time>
        <extensions>
          <ns3:TrackPointExtension>
            <ns3:hr>166</ns3:hr>
            <ns3:cad>92</ns3:cad>
          </ns3:TrackPointExtension>
        </extensions>
      </trkpt>
      <trkpt lat="30.54698570631444454193115234375" lon="104.0464991144835948944091796875">
        <ele>481.600006103515625</ele>
        <time>2026-09-21T13:49:39.000Z</time>
        <extensions>
          <ns3:TrackPointExtension>
            <ns3:hr>166</ns3:hr>
            <ns3:cad>91</ns3:cad>
          </ns3:TrackPointExtension>
        </extensions>
      </trkpt>
      <trkpt lat="30.5469584651291370391845703125" lon="104.04649215750396251678466796875">
        <ele>481.600006103515625</ele>
        <time>2026-09-21T13:49:40.000Z</time>
        <extensions>
          <ns3:TrackPointExtension>
            <ns3:hr>165</ns3:hr>
            <ns3:cad>91</ns3:cad>
          </ns3:TrackPointExtension>
        </extensions>
      </trkpt>
      <trkpt lat="30.54693625308573246002197265625" lon="104.04649266041815280914306640625">
        <ele>481.399993896484375</ele>
        <time>2026-09-21T13:49:41.000Z</time>
        <extensions>
          <ns3:TrackPointExtension>
            <ns3:hr>165</ns3:hr>
            <ns3:cad>92</ns3:cad>
          </ns3:TrackPointExtension>
        </extensions>
      </trkpt>
      <trkpt lat="30.54690800607204437255859375" lon="104.04648561961948871612548828125">
        <ele>481.399993896484375</ele>
        <time>2026-09-21T13:49:42.000Z</time>
        <extensions>
          <ns3:TrackPointExtension>
            <ns3:hr>165</ns3:hr>
            <ns3:cad>91</ns3:cad>
          </ns3:TrackPointExtension>
        </extensions>
      </trkpt>
      <trkpt lat="30.5468813516199588775634765625" lon="104.046480841934680938720703125">
        <ele>481.20001220703125</ele>
        <time>2026-09-21T13:49:43.000Z</time>
        <extensions>
          <ns3:TrackPointExtension>
            <ns3:hr>165</ns3:hr>
            <ns3:cad>91</ns3:cad>
          </ns3:TrackPointExtension>
        </extensions>
      </trkpt>
      <trkpt lat="30.546856038272380828857421875" lon="104.04646952636539936065673828125">
        <ele>481</ele>
        <time>2026-09-21T13:49:44.000Z</time>
        <extensions>
          <ns3:TrackPointExtension>
            <ns3:hr>165</ns3:hr>
            <ns3:cad>90</ns3:cad>
          </ns3:TrackPointExtension>
        </extensions>
      </trkpt>
      <trkpt lat="30.54683022201061248779296875" lon="104.04646382667124271392822265625">
        <ele>480.79998779296875</ele>
        <time>2026-09-21T13:49:45.000Z</time>
        <extensions>
          <ns3:TrackPointExtension>
            <ns3:hr>165</ns3:hr>
            <ns3:cad>90</ns3:cad>
          </ns3:TrackPointExtension>
        </extensions>
      </trkpt>
      <trkpt lat="30.5468054115772247314453125" lon="104.04645695351064205169677734375">
        <ele>480.79998779296875</ele>
        <time>2026-09-21T13:49:46.000Z</time>
        <extensions>
          <ns3:TrackPointExtension>
            <ns3:hr>165</ns3:hr>
            <ns3:cad>90</ns3:cad>
          </ns3:TrackPointExtension>
        </extensions>
      </trkpt>
      <trkpt lat="30.54678219370543956756591796875" lon="104.04644572176039218902587890625">
        <ele>480.600006103515625</ele>
        <time>2026-09-21T13:49:47.000Z</time>
        <extensions>
          <ns3:TrackPointExtension>
            <ns3:hr>164</ns3:hr>
            <ns3:cad>90</ns3:cad>
          </ns3:TrackPointExtension>
        </extensions>
      </trkpt>
      <trkpt lat="30.546756125986576080322265625" lon="104.04644119553267955780029296875">
        <ele>480.600006103515625</ele>
        <time>2026-09-21T13:49:48.000Z</time>
        <extensions>
          <ns3:TrackPointExtension>
            <ns3:hr>165</ns3:hr>
            <ns3:cad>91</ns3:cad>
          </ns3:TrackPointExtension>
        </extensions>
      </trkpt>
      <trkpt lat="30.54673223756253719329833984375" lon="104.0464297123253345489501953125">
        <ele>480.600006103515625</ele>
        <time>2026-09-21T13:49:49.000Z</time>
        <extensions>
          <ns3:TrackPointExtension>
            <ns3:hr>165</ns3:hr>
            <ns3:cad>91</ns3:cad>
          </ns3:TrackPointExtension>
        </extensions>
      </trkpt>
      <trkpt lat="30.54671145044267177581787109375" lon="104.046425186097621917724609375">
        <ele>480.399993896484375</ele>
        <time>2026-09-21T13:49:50.000Z</time>
        <extensions>
          <ns3:TrackPointExtension>
            <ns3:hr>164</ns3:hr>
            <ns3:cad>91</ns3:cad>
          </ns3:TrackPointExtension>
        </extensions>
      </trkpt>
      <trkpt lat="30.54668538272380828857421875" lon="104.04641085304319858551025390625">
        <ele>480.399993896484375</ele>
        <time>2026-09-21T13:49:51.000Z</time>
        <extensions>
          <ns3:TrackPointExtension>
            <ns3:hr>164</ns3:hr>
            <ns3:cad>91</ns3:cad>
          </ns3:TrackPointExtension>
        </extensions>
      </trkpt>
      <trkpt lat="30.5466634221374988555908203125" lon="104.04640339314937591552734375">
        <ele>480.399993896484375</ele>
        <time>2026-09-21T13:49:52.000Z</time>
        <extensions>
          <ns3:TrackPointExtension>
            <ns3:hr>164</ns3:hr>
            <ns3:cad>92</ns3:cad>
          </ns3:TrackPointExtension>
        </extensions>
      </trkpt>
      <trkpt lat="30.54663752205669879913330078125" lon="104.04638729989528656005859375">
        <ele>480.399993896484375</ele>
        <time>2026-09-21T13:49:53.000Z</time>
        <extensions>
          <ns3:TrackPointExtension>
            <ns3:hr>164</ns3:hr>
            <ns3:cad>92</ns3:cad>
          </ns3:TrackPointExtension>
        </extensions>
      </trkpt>
      <trkpt lat="30.5466127954423427581787109375" lon="104.046386294066905975341796875">
        <ele>480.20001220703125</ele>
        <time>2026-09-21T13:49:54.000Z</time>
        <extensions>
          <ns3:TrackPointExtension>
            <ns3:hr>163</ns3:hr>
            <ns3:cad>92</ns3:cad>
          </ns3:TrackPointExtension>
        </extensions>
      </trkpt>
      <trkpt lat="30.54658337496221065521240234375" lon="104.046375565230846405029296875">
        <ele>480.20001220703125</ele>
        <time>2026-09-21T13:49:55.000Z</time>
        <extensions>
          <ns3:TrackPointExtension>
            <ns3:hr>163</ns3:hr>
            <ns3:cad>91</ns3:cad>
          </ns3:TrackPointExtension>
        </extensions>
      </trkpt>
      <trkpt lat="30.54656040854752063751220703125" lon="104.04637229628860950469970703125">
        <ele>480</ele>
        <time>2026-09-21T13:49:56.000Z</time>
        <extensions>
          <ns3:TrackPointExtension>
            <ns3:hr>163</ns3:hr>
            <ns3:cad>92</ns3:cad>
          </ns3:TrackPointExtension>
        </extensions>
      </trkpt>
      <trkpt lat="30.54653090424835681915283203125" lon="104.04636450111865997314453125">
        <ele>480</ele>
        <time>2026-09-21T13:49:57.000Z</time>
        <extensions>
          <ns3:TrackPointExtension>
            <ns3:hr>163</ns3:hr>
            <ns3:cad>92</ns3:cad>
          </ns3:TrackPointExtension>
        </extensions>
      </trkpt>
      <trkpt lat="30.5465076863765716552734375" lon="104.04636542312800884246826171875">
        <ele>480</ele>
        <time>2026-09-21T13:49:58.000Z</time>
        <extensions>
          <ns3:TrackPointExtension>
            <ns3:hr>163</ns3:hr>
            <ns3:cad>92</ns3:cad>
          </ns3:TrackPointExtension>
        </extensions>
      </trkpt>
      <trkpt lat="30.54647625423967838287353515625" lon="104.04635888524353504180908203125">
        <ele>480</ele>
        <time>2026-09-21T13:49:59.000Z</time>
        <extensions>
          <ns3:TrackPointExtension>
            <ns3:hr>163</ns3:hr>
            <ns3:cad>92</ns3:cad>
          </ns3:TrackPointExtension>
        </extensions>
      </trkpt>
      <trkpt lat="30.54645471274852752685546875" lon="104.0463629923760890960693359375">
        <ele>480</ele>
        <time>2026-09-21T13:50:00.000Z</time>
        <extensions>
          <ns3:TrackPointExtension>
            <ns3:hr>163</ns3:hr>
            <ns3:cad>92</ns3:cad>
          </ns3:TrackPointExtension>
        </extensions>
      </trkpt>
      <trkpt lat="30.5464230291545391082763671875" lon="104.0463586337864398956298828125">
        <ele>480</ele>
        <time>2026-09-21T13:50:01.000Z</time>
        <extensions>
          <ns3:TrackPointExtension>
            <ns3:hr>163</ns3:hr>
            <ns3:cad>92</ns3:cad>
          </ns3:TrackPointExtension>
        </extensions>
      </trkpt>
      <trkpt lat="30.54639763198792934417724609375" lon="104.04636190272867679595947265625">
        <ele>480</ele>
        <time>2026-09-21T13:50:02.000Z</time>
        <extensions>
          <ns3:TrackPointExtension>
            <ns3:hr>163</ns3:hr>
            <ns3:cad>93</ns3:cad>
          </ns3:TrackPointExtension>
        </extensions>
      </trkpt>
      <trkpt lat="30.54636796005070209503173828125" lon="104.046361483633518218994140625">
        <ele>480</ele>
        <time>2026-09-21T13:50:03.000Z</time>
        <extensions>
          <ns3:TrackPointExtension>
            <ns3:hr>163</ns3:hr>
            <ns3:cad>92</ns3:cad>
          </ns3:TrackPointExtension>
        </extensions>
      </trkpt>
      <trkpt lat="30.54634197615087032318115234375" lon="104.0463643334805965423583984375">
        <ele>480</ele>
        <time>2026-09-21T13:50:04.000Z</time>
        <extensions>
          <ns3:TrackPointExtension>
            <ns3:hr>163</ns3:hr>
            <ns3:cad>93</ns3:cad>
          </ns3:TrackPointExtension>
        </extensions>
      </trkpt>
      <trkpt lat="30.54631121456623077392578125" lon="104.04636592604219913482666015625">
        <ele>480</ele>
        <time>2026-09-21T13:50:05.000Z</time>
        <extensions>
          <ns3:TrackPointExtension>
            <ns3:hr>163</ns3:hr>
            <ns3:cad>93</ns3:cad>
          </ns3:TrackPointExtension>
        </extensions>
      </trkpt>
      <trkpt lat="30.54628305137157440185546875" lon="104.04637330211699008941650390625">
        <ele>480</ele>
        <time>2026-09-21T13:50:06.000Z</time>
        <extensions>
          <ns3:TrackPointExtension>
            <ns3:hr>162</ns3:hr>
            <ns3:cad>93</ns3:cad>
          </ns3:TrackPointExtension>
        </extensions>
      </trkpt>
      <trkpt lat="30.54625698365271091461181640625" lon="104.0463767386972904205322265625">
        <ele>480.20001220703125</ele>
        <time>2026-09-21T13:50:07.000Z</time>
        <extensions>
          <ns3:TrackPointExtension>
            <ns3:hr>162</ns3:hr>
            <ns3:cad>92</ns3:cad>
          </ns3:TrackPointExtension>
        </extensions>
      </trkpt>
      <trkpt lat="30.54623217321932315826416015625" lon="104.04638151638209819793701171875">
        <ele>480.20001220703125</ele>
        <time>2026-09-21T13:50:08.000Z</time>
        <extensions>
          <ns3:TrackPointExtension>
            <ns3:hr>162</ns3:hr>
            <ns3:cad>92</ns3:cad>
          </ns3:TrackPointExtension>
        </extensions>
      </trkpt>
      <trkpt lat="30.54620870389044284820556640625" lon="104.04638688080012798309326171875">
        <ele>480.20001220703125</ele>
        <time>2026-09-21T13:50:09.000Z</time>
        <extensions>
          <ns3:TrackPointExtension>
            <ns3:hr>162</ns3:hr>
            <ns3:cad>92</ns3:cad>
          </ns3:TrackPointExtension>
        </extensions>
      </trkpt>
      <trkpt lat="30.54618188180029392242431640625" lon="104.04639392159879207611083984375">
        <ele>480.20001220703125</ele>
        <time>2026-09-21T13:50:10.000Z</time>
        <extensions>
          <ns3:TrackPointExtension>
            <ns3:hr>162</ns3:hr>
            <ns3:cad>92</ns3:cad>
          </ns3:TrackPointExtension>
        </extensions>
      </trkpt>
      <trkpt lat="30.546158663928508758544921875" lon="104.04640205204486846923828125">
        <ele>480.20001220703125</ele>
        <time>2026-09-21T13:50:11.000Z</time>
        <extensions>
          <ns3:TrackPointExtension>
            <ns3:hr>162</ns3:hr>
            <ns3:cad>92</ns3:cad>
          </ns3:TrackPointExtension>
        </extensions>
      </trkpt>
      <trkpt lat="30.5461310036480426788330078125" lon="104.04641537927091121673583984375">
        <ele>480.20001220703125</ele>
        <time>2026-09-21T13:50:12.000Z</time>
        <extensions>
          <ns3:TrackPointExtension>
            <ns3:hr>162</ns3:hr>
            <ns3:cad>92</ns3:cad>
          </ns3:TrackPointExtension>
        </extensions>
      </trkpt>
      <trkpt lat="30.54611046798527240753173828125" lon="104.04642543755471706390380859375">
        <ele>480.20001220703125</ele>
        <time>2026-09-21T13:50:13.000Z</time>
        <extensions>
          <ns3:TrackPointExtension>
            <ns3:hr>162</ns3:hr>
            <ns3:cad>91</ns3:cad>
          </ns3:TrackPointExtension>
        </extensions>
      </trkpt>
      <trkpt lat="30.5460833944380283355712890625" lon="104.046442620456218719482421875">
        <ele>480.20001220703125</ele>
        <time>2026-09-21T13:50:14.000Z</time>
        <extensions>
          <ns3:TrackPointExtension>
            <ns3:hr>162</ns3:hr>
            <ns3:cad>91</ns3:cad>
          </ns3:TrackPointExtension>
        </extensions>
      </trkpt>
      <trkpt lat="30.54606218822300434112548828125" lon="104.04645477421581745147705078125">
        <ele>480.20001220703125</ele>
        <time>2026-09-21T13:50:15.000Z</time>
        <extensions>
          <ns3:TrackPointExtension>
            <ns3:hr>162</ns3:hr>
            <ns3:cad>92</ns3:cad>
          </ns3:TrackPointExtension>
        </extensions>
      </trkpt>
      <trkpt lat="30.5460334382951259613037109375" lon="104.0464670956134796142578125">
        <ele>480.20001220703125</ele>
        <time>2026-09-21T13:50:16.000Z</time>
        <extensions>
          <ns3:TrackPointExtension>
            <ns3:hr>162</ns3:hr>
            <ns3:cad>92</ns3:cad>
          </ns3:TrackPointExtension>
        </extensions>
      </trkpt>
      <trkpt lat="30.54601072333753108978271484375" lon="104.04648193158209323883056640625">
        <ele>480.20001220703125</ele>
        <time>2026-09-21T13:50:17.000Z</time>
        <extensions>
          <ns3:TrackPointExtension>
            <ns3:hr>162</ns3:hr>
            <ns3:cad>92</ns3:cad>
          </ns3:TrackPointExtension>
        </extensions>
      </trkpt>
      <trkpt lat="30.54597920738160610198974609375" lon="104.04649081639945507049560546875">
        <ele>480.399993896484375</ele>
        <time>2026-09-21T13:50:18.000Z</time>
        <extensions>
          <ns3:TrackPointExtension>
            <ns3:hr>162</ns3:hr>
            <ns3:cad>92</ns3:cad>
          </ns3:TrackPointExtension>
        </extensions>
      </trkpt>
      <trkpt lat="30.54595590569078922271728515625" lon="104.04650188051164150238037109375">
        <ele>480.399993896484375</ele>
        <time>2026-09-21T13:50:19.000Z</time>
        <extensions>
          <ns3:TrackPointExtension>
            <ns3:hr>161</ns3:hr>
            <ns3:cad>92</ns3:cad>
          </ns3:TrackPointExtension>
        </extensions>
      </trkpt>
      <trkpt lat="30.5459258146584033966064453125" lon="104.04650372453033924102783203125">
        <ele>480.399993896484375</ele>
        <time>2026-09-21T13:50:20.000Z</time>
        <extensions>
          <ns3:TrackPointExtension>
            <ns3:hr>161</ns3:hr>
            <ns3:cad>92</ns3:cad>
          </ns3:TrackPointExtension>
        </extensions>
      </trkpt>
      <trkpt lat="30.54590326733887195587158203125" lon="104.04651177115738391876220703125">
        <ele>480.399993896484375</ele>
        <time>2026-09-21T13:50:21.000Z</time>
        <extensions>
          <ns3:TrackPointExtension>
            <ns3:hr>161</ns3:hr>
            <ns3:cad>93</ns3:cad>
          </ns3:TrackPointExtension>
        </extensions>
      </trkpt>
      <trkpt lat="30.54587577469646930694580078125" lon="104.04651512391865253448486328125">
        <ele>480.20001220703125</ele>
        <time>2026-09-21T13:50:22.000Z</time>
        <extensions>
          <ns3:TrackPointExtension>
            <ns3:hr>162</ns3:hr>
            <ns3:cad>93</ns3:cad>
          </ns3:TrackPointExtension>
        </extensions>
      </trkpt>
      <trkpt lat="30.54584861733019351959228515625" lon="104.04652317054569721221923828125">
        <ele>480.20001220703125</ele>
        <time>2026-09-21T13:50:23.000Z</time>
        <extensions>
          <ns3:TrackPointExtension>
            <ns3:hr>162</ns3:hr>
            <ns3:cad>93</ns3:cad>
          </ns3:TrackPointExtension>
        </extensions>
      </trkpt>
      <trkpt lat="30.5458248965442180633544921875" lon="104.046525098383426666259765625">
        <ele>480.20001220703125</ele>
        <time>2026-09-21T13:50:24.000Z</time>
        <extensions>
          <ns3:TrackPointExtension>
            <ns3:hr>162</ns3:hr>
            <ns3:cad>91</ns3:cad>
          </ns3:TrackPointExtension>
        </extensions>
      </trkpt>
      <trkpt lat="30.54579488933086395263671875" lon="104.046530462801456451416015625">
        <ele>480.20001220703125</ele>
        <time>2026-09-21T13:50:25.000Z</time>
        <extensions>
          <ns3:TrackPointExtension>
            <ns3:hr>162</ns3:hr>
            <ns3:cad>91</ns3:cad>
          </ns3:TrackPointExtension>
        </extensions>
      </trkpt>
      <trkpt lat="30.54577410221099853515625" lon="104.04653825797140598297119140625">
        <ele>480.20001220703125</ele>
        <time>2026-09-21T13:50:26.000Z</time>
        <extensions>
          <ns3:TrackPointExtension>
            <ns3:hr>162</ns3:hr>
            <ns3:cad>91</ns3:cad>
          </ns3:TrackPointExtension>
        </extensions>
      </trkpt>
      <trkpt lat="30.54574317298829555511474609375" lon="104.04654479585587978363037109375">
        <ele>480.399993896484375</ele>
        <time>2026-09-21T13:50:27.000Z</time>
        <extensions>
          <ns3:TrackPointExtension>
            <ns3:hr>162</ns3:hr>
            <ns3:cad>92</ns3:cad>
          </ns3:TrackPointExtension>
        </extensions>
      </trkpt>
      <trkpt lat="30.54572087712585926055908203125" lon="104.04655150137841701507568359375">
        <ele>480.399993896484375</ele>
        <time>2026-09-21T13:50:28.000Z</time>
        <extensions>
          <ns3:TrackPointExtension>
            <ns3:hr>162</ns3:hr>
            <ns3:cad>93</ns3:cad>
          </ns3:TrackPointExtension>
        </extensions>
      </trkpt>
      <trkpt lat="30.54569338448345661163330078125" lon="104.04655435122549533843994140625">
        <ele>480.399993896484375</ele>
        <time>2026-09-21T13:50:29.000Z</time>
        <extensions>
          <ns3:TrackPointExtension>
            <ns3:hr>162</ns3:hr>
            <ns3:cad>93</ns3:cad>
          </ns3:TrackPointExtension>
        </extensions>
      </trkpt>
      <trkpt lat="30.5456716753542423248291015625" lon="104.0465661697089672088623046875">
        <ele>480.399993896484375</ele>
        <time>2026-09-21T13:50:30.000Z</time>
        <extensions>
          <ns3:TrackPointExtension>
            <ns3:hr>162</ns3:hr>
            <ns3:cad>94</ns3:cad>
          </ns3:TrackPointExtension>
        </extensions>
      </trkpt>
      <trkpt lat="30.545645691454410552978515625" lon="104.04657245613634586334228515625">
        <ele>480.399993896484375</ele>
        <time>2026-09-21T13:50:31.000Z</time>
        <extensions>
          <ns3:TrackPointExtension>
            <ns3:hr>161</ns3:hr>
            <ns3:cad>92</ns3:cad>
          </ns3:TrackPointExtension>
        </extensions>
      </trkpt>
      <trkpt lat="30.545622222125530242919921875" lon="104.04657815583050251007080078125">
        <ele>480.20001220703125</ele>
        <time>2026-09-21T13:50:32.000Z</time>
        <extensions>
          <ns3:TrackPointExtension>
            <ns3:hr>162</ns3:hr>
            <ns3:cad>92</ns3:cad>
          </ns3:TrackPointExtension>
        </extensions>
      </trkpt>
      <trkpt lat="30.54559196345508098602294921875" lon="104.0465779043734073638916015625">
        <ele>480.20001220703125</ele>
        <time>2026-09-21T13:50:33.000Z</time>
        <extensions>
          <ns3:TrackPointExtension>
            <ns3:hr>162</ns3:hr>
            <ns3:cad>92</ns3:cad>
          </ns3:TrackPointExtension>
        </extensions>
      </trkpt>
      <trkpt lat="30.54556782357394695281982421875" lon="104.0465832687914371490478515625">
        <ele>480.399993896484375</ele>
        <time>2026-09-21T13:50:34.000Z</time>
        <extensions>
          <ns3:TrackPointExtension>
            <ns3:hr>162</ns3:hr>
            <ns3:cad>92</ns3:cad>
          </ns3:TrackPointExtension>
        </extensions>
      </trkpt>
      <trkpt lat="30.54553806781768798828125" lon="104.04657840728759765625">
        <ele>480.399993896484375</ele>
        <time>2026-09-21T13:50:35.000Z</time>
        <extensions>
          <ns3:TrackPointExtension>
            <ns3:hr>162</ns3:hr>
            <ns3:cad>92</ns3:cad>
          </ns3:TrackPointExtension>
        </extensions>
      </trkpt>
      <trkpt lat="30.545510910451412200927734375" lon="104.04657782055437564849853515625">
        <ele>480.399993896484375</ele>
        <time>2026-09-21T13:50:36.000Z</time>
        <extensions>
          <ns3:TrackPointExtension>
            <ns3:hr>162</ns3:hr>
            <ns3:cad>92</ns3:cad>
          </ns3:TrackPointExtension>
        </extensions>
      </trkpt>
      <trkpt lat="30.545482076704502105712890625" lon="104.046573378145694732666015625">
        <ele>480.399993896484375</ele>
        <time>2026-09-21T13:50:37.000Z</time>
        <extensions>
          <ns3:TrackPointExtension>
            <ns3:hr>162</ns3:hr>
            <ns3:cad>93</ns3:cad>
          </ns3:TrackPointExtension>
        </extensions>
      </trkpt>
      <trkpt lat="30.54545332677662372589111328125" lon="104.04657061211764812469482421875">
        <ele>480.399993896484375</ele>
        <time>2026-09-21T13:50:38.000Z</time>
        <extensions>
          <ns3:TrackPointExtension>
            <ns3:hr>162</ns3:hr>
            <ns3:cad>93</ns3:cad>
          </ns3:TrackPointExtension>
        </extensions>
      </trkpt>
      <trkpt lat="30.5454235710203647613525390625" lon="104.04656977392733097076416015625">
        <ele>480.20001220703125</ele>
        <time>2026-09-21T13:50:39.000Z</time>
        <extensions>
          <ns3:TrackPointExtension>
            <ns3:hr>161</ns3:hr>
            <ns3:cad>93</ns3:cad>
          </ns3:TrackPointExtension>
        </extensions>
      </trkpt>
      <trkpt lat="30.54539415054023265838623046875" lon="104.046563990414142608642578125">
        <ele>480.20001220703125</ele>
        <time>2026-09-21T13:50:40.000Z</time>
        <extensions>
          <ns3:TrackPointExtension>
            <ns3:hr>161</ns3:hr>
            <ns3:cad>93</ns3:cad>
          </ns3:TrackPointExtension>
        </extensions>
      </trkpt>
      <trkpt lat="30.54536682553589344024658203125" lon="104.0465614758431911468505859375">
        <ele>480.20001220703125</ele>
        <time>2026-09-21T13:50:41.000Z</time>
        <extensions>
          <ns3:TrackPointExtension>
            <ns3:hr>161</ns3:hr>
            <ns3:cad>92</ns3:cad>
          </ns3:TrackPointExtension>
        </extensions>
      </trkpt>
      <trkpt lat="30.5453387461602687835693359375" lon="104.046555943787097930908203125">
        <ele>480.20001220703125</ele>
        <time>2026-09-21T13:50:42.000Z</time>
        <extensions>
          <ns3:TrackPointExtension>
            <ns3:hr>161</ns3:hr>
            <ns3:cad>92</ns3:cad>
          </ns3:TrackPointExtension>
        </extensions>
      </trkpt>
      <trkpt lat="30.545310415327548980712890625" lon="104.04655049555003643035888671875">
        <ele>480.20001220703125</ele>
        <time>2026-09-21T13:50:43.000Z</time>
        <extensions>
          <ns3:TrackPointExtension>
            <ns3:hr>161</ns3:hr>
            <ns3:cad>91</ns3:cad>
          </ns3:TrackPointExtension>
        </extensions>
      </trkpt>
      <trkpt lat="30.5452837608754634857177734375" lon="104.0465529263019561767578125">
        <ele>480.20001220703125</ele>
        <time>2026-09-21T13:50:44.000Z</time>
        <extensions>
          <ns3:TrackPointExtension>
            <ns3:hr>161</ns3:hr>
            <ns3:cad>92</ns3:cad>
          </ns3:TrackPointExtension>
        </extensions>
      </trkpt>
      <trkpt lat="30.54525735788047313690185546875" lon="104.04655334539711475372314453125">
        <ele>480.399993896484375</ele>
        <time>2026-09-21T13:50:45.000Z</time>
        <extensions>
          <ns3:TrackPointExtension>
            <ns3:hr>160</ns3:hr>
            <ns3:cad>92</ns3:cad>
          </ns3:TrackPointExtension>
        </extensions>
      </trkpt>
      <trkpt lat="30.54522500373423099517822265625" lon="104.0465530939400196075439453125">
        <ele>480.399993896484375</ele>
        <time>2026-09-21T13:50:46.000Z</time>
        <extensions>
          <ns3:TrackPointExtension>
            <ns3:hr>160</ns3:hr>
            <ns3:cad>92</ns3:cad>
          </ns3:TrackPointExtension>
        </extensions>
      </trkpt>
      <trkpt lat="30.54519918747246265411376953125" lon="104.04655820690095424652099609375">
        <ele>480.399993896484375</ele>
        <time>2026-09-21T13:50:47.000Z</time>
        <extensions>
          <ns3:TrackPointExtension>
            <ns3:hr>161</ns3:hr>
            <ns3:cad>92</ns3:cad>
          </ns3:TrackPointExtension>
        </extensions>
      </trkpt>
      <trkpt lat="30.54516934789717197418212890625" lon="104.04656139202415943145751953125">
        <ele>480.399993896484375</ele>
        <time>2026-09-21T13:50:48.000Z</time>
        <extensions>
          <ns3:TrackPointExtension>
            <ns3:hr>161</ns3:hr>
            <ns3:cad>92</ns3:cad>
          </ns3:TrackPointExtension>
        </extensions>
      </trkpt>
      <trkpt lat="30.5451446212828159332275390625" lon="104.04656843282282352447509765625">
        <ele>480.399993896484375</ele>
        <time>2026-09-21T13:50:49.000Z</time>
        <extensions>
          <ns3:TrackPointExtension>
            <ns3:hr>160</ns3:hr>
            <ns3:cad>91</ns3:cad>
          </ns3:TrackPointExtension>
        </extensions>
      </trkpt>
      <trkpt lat="30.545111261308193206787109375" lon="104.04657329432666301727294921875">
        <ele>480.399993896484375</ele>
        <time>2026-09-21T13:50:50.000Z</time>
        <extensions>
          <ns3:TrackPointExtension>
            <ns3:hr>160</ns3:hr>
            <ns3:cad>91</ns3:cad>
          </ns3:TrackPointExtension>
        </extensions>
      </trkpt>
      <trkpt lat="30.54508385248482227325439453125" lon="104.0465812571346759796142578125">
        <ele>480.399993896484375</ele>
        <time>2026-09-21T13:50:51.000Z</time>
        <extensions>
          <ns3:TrackPointExtension>
            <ns3:hr>160</ns3:hr>
            <ns3:cad>91</ns3:cad>
          </ns3:TrackPointExtension>
        </extensions>
      </trkpt>
      <trkpt lat="30.54505216889083385467529296875" lon="104.04658637009561061859130859375">
        <ele>480.399993896484375</ele>
        <time>2026-09-21T13:50:52.000Z</time>
        <extensions>
          <ns3:TrackPointExtension>
            <ns3:hr>161</ns3:hr>
            <ns3:cad>93</ns3:cad>
          </ns3:TrackPointExtension>
        </extensions>
      </trkpt>
      <trkpt lat="30.54502350278198719024658203125" lon="104.04659290798008441925048828125">
        <ele>480.600006103515625</ele>
        <time>2026-09-21T13:50:53.000Z</time>
        <extensions>
          <ns3:TrackPointExtension>
            <ns3:hr>160</ns3:hr>
            <ns3:cad>93</ns3:cad>
          </ns3:TrackPointExtension>
        </extensions>
      </trkpt>
      <trkpt lat="30.54499131627380847930908203125" lon="104.046590812504291534423828125">
        <ele>480.600006103515625</ele>
        <time>2026-09-21T13:50:54.000Z</time>
        <extensions>
          <ns3:TrackPointExtension>
            <ns3:hr>160</ns3:hr>
            <ns3:cad>92</ns3:cad>
          </ns3:TrackPointExtension>
        </extensions>
      </trkpt>
      <trkpt lat="30.544963069260120391845703125" lon="104.0465903095901012420654296875">
        <ele>480.79998779296875</ele>
        <time>2026-09-21T13:50:55.000Z</time>
        <extensions>
          <ns3:TrackPointExtension>
            <ns3:hr>161</ns3:hr>
            <ns3:cad>92</ns3:cad>
          </ns3:TrackPointExtension>
        </extensions>
      </trkpt>
      <trkpt lat="30.5449350737035274505615234375" lon="104.046586789190769195556640625">
        <ele>480.79998779296875</ele>
        <time>2026-09-21T13:50:56.000Z</time>
        <extensions>
          <ns3:TrackPointExtension>
            <ns3:hr>161</ns3:hr>
            <ns3:cad>92</ns3:cad>
          </ns3:TrackPointExtension>
        </extensions>
      </trkpt>
      <trkpt lat="30.54490397684276103973388671875" lon="104.0465812571346759796142578125">
        <ele>480.79998779296875</ele>
        <time>2026-09-21T13:50:57.000Z</time>
        <extensions>
          <ns3:TrackPointExtension>
            <ns3:hr>161</ns3:hr>
            <ns3:cad>92</ns3:cad>
          </ns3:TrackPointExtension>
        </extensions>
      </trkpt>
      <trkpt lat="30.54487464018166065216064453125" lon="104.04657773673534393310546875">
        <ele>480.79998779296875</ele>
        <time>2026-09-21T13:50:58.000Z</time>
        <extensions>
          <ns3:TrackPointExtension>
            <ns3:hr>161</ns3:hr>
            <ns3:cad>92</ns3:cad>
          </ns3:TrackPointExtension>
        </extensions>
      </trkpt>
      <trkpt lat="30.54484832100570201873779296875" lon="104.04657698236405849456787109375">
        <ele>481</ele>
        <time>2026-09-21T13:50:59.000Z</time>
        <extensions>
          <ns3:TrackPointExtension>
            <ns3:hr>162</ns3:hr>
            <ns3:cad>92</ns3:cad>
          </ns3:TrackPointExtension>
        </extensions>
      </trkpt>
      <trkpt lat="30.5448210798203945159912109375" lon="104.04657765291631221771240234375">
        <ele>481</ele>
        <time>2026-09-21T13:51:00.000Z</time>
        <extensions>
          <ns3:TrackPointExtension>
            <ns3:hr>162</ns3:hr>
            <ns3:cad>93</ns3:cad>
          </ns3:TrackPointExtension>
        </extensions>
      </trkpt>
      <trkpt lat="30.54479249753057956695556640625" lon="104.04656608588993549346923828125">
        <ele>480.79998779296875</ele>
        <time>2026-09-21T13:51:01.000Z</time>
        <extensions>
          <ns3:TrackPointExtension>
            <ns3:hr>162</ns3:hr>
            <ns3:cad>92</ns3:cad>
          </ns3:TrackPointExtension>
        </extensions>
      </trkpt>
      <trkpt lat="30.544767268002033233642578125" lon="104.046566002070903778076171875">
        <ele>480.79998779296875</ele>
        <time>2026-09-21T13:51:02.000Z</time>
        <extensions>
          <ns3:TrackPointExtension>
            <ns3:hr>163</ns3:hr>
            <ns3:cad>91</ns3:cad>
          </ns3:TrackPointExtension>
        </extensions>
      </trkpt>
      <trkpt lat="30.5447374284267425537109375" lon="104.04655753634870052337646484375">
        <ele>480.79998779296875</ele>
        <time>2026-09-21T13:51:03.000Z</time>
        <extensions>
          <ns3:TrackPointExtension>
            <ns3:hr>163</ns3:hr>
            <ns3:cad>91</ns3:cad>
          </ns3:TrackPointExtension>
        </extensions>
      </trkpt>
      <trkpt lat="30.54471102543175220489501953125" lon="104.0465547703206539154052734375">
        <ele>480.79998779296875</ele>
        <time>2026-09-21T13:51:04.000Z</time>
        <extensions>
          <ns3:TrackPointExtension>
            <ns3:hr>164</ns3:hr>
            <ns3:cad>91</ns3:cad>
          </ns3:TrackPointExtension>
        </extensions>
      </trkpt>
      <trkpt lat="30.54467800073325634002685546875" lon="104.04654412530362606048583984375">
        <ele>480.600006103515625</ele>
        <time>2026-09-21T13:51:05.000Z</time>
        <extensions>
          <ns3:TrackPointExtension>
            <ns3:hr>164</ns3:hr>
            <ns3:cad>92</ns3:cad>
          </ns3:TrackPointExtension>
        </extensions>
      </trkpt>
      <trkpt lat="30.54465972818434238433837890625" lon="104.0465484000742435455322265625">
        <ele>480.600006103515625</ele>
        <time>2026-09-21T13:51:06.000Z</time>
        <extensions>
          <ns3:TrackPointExtension>
            <ns3:hr>164</ns3:hr>
            <ns3:cad>92</ns3:cad>
          </ns3:TrackPointExtension>
        </extensions>
      </trkpt>
      <trkpt lat="30.54462770931422710418701171875" lon="104.04654420912265777587890625">
        <ele>480.600006103515625</ele>
        <time>2026-09-21T13:51:07.000Z</time>
        <extensions>
          <ns3:TrackPointExtension>
            <ns3:hr>164</ns3:hr>
            <ns3:cad>92</ns3:cad>
          </ns3:TrackPointExtension>
        </extensions>
      </trkpt>
      <trkpt lat="30.54460801184177398681640625" lon="104.0465448796749114990234375">
        <ele>480.600006103515625</ele>
        <time>2026-09-21T13:51:08.000Z</time>
        <extensions>
          <ns3:TrackPointExtension>
            <ns3:hr>164</ns3:hr>
            <ns3:cad>92</ns3:cad>
          </ns3:TrackPointExtension>
        </extensions>
      </trkpt>
      <trkpt lat="30.5445806868374347686767578125" lon="104.0465400181710720062255859375">
        <ele>480.600006103515625</ele>
        <time>2026-09-21T13:51:09.000Z</time>
        <extensions>
          <ns3:TrackPointExtension>
            <ns3:hr>164</ns3:hr>
            <ns3:cad>92</ns3:cad>
          </ns3:TrackPointExtension>
        </extensions>
      </trkpt>
      <trkpt lat="30.5445572175085544586181640625" lon="104.046539179980754852294921875">
        <ele>480.600006103515625</ele>
        <time>2026-09-21T13:51:10.000Z</time>
        <extensions>
          <ns3:TrackPointExtension>
            <ns3:hr>163</ns3:hr>
            <ns3:cad>92</ns3:cad>
          </ns3:TrackPointExtension>
        </extensions>
      </trkpt>
      <trkpt lat="30.5445300601422786712646484375" lon="104.04653088189661502838134765625">
        <ele>480.600006103515625</ele>
        <time>2026-09-21T13:51:11.000Z</time>
        <extensions>
          <ns3:TrackPointExtension>
            <ns3:hr>163</ns3:hr>
            <ns3:cad>92</ns3:cad>
          </ns3:TrackPointExtension>
        </extensions>
      </trkpt>
      <trkpt lat="30.54450734518468379974365234375" lon="104.0465336479246616363525390625">
        <ele>480.399993896484375</ele>
        <time>2026-09-21T13:51:12.000Z</time>
        <extensions>
          <ns3:TrackPointExtension>
            <ns3:hr>164</ns3:hr>
            <ns3:cad>91</ns3:cad>
          </ns3:TrackPointExtension>
        </extensions>
      </trkpt>
      <trkpt lat="30.54447750560939311981201171875" lon="104.0465256012976169586181640625">
        <ele>480.399993896484375</ele>
        <time>2026-09-21T13:51:13.000Z</time>
        <extensions>
          <ns3:TrackPointExtension>
            <ns3:hr>163</ns3:hr>
            <ns3:cad>91</ns3:cad>
          </ns3:TrackPointExtension>
        </extensions>
      </trkpt>
      <trkpt lat="30.544454120099544525146484375" lon="104.04652752913534641265869140625">
        <ele>480.399993896484375</ele>
        <time>2026-09-21T13:51:14.000Z</time>
        <extensions>
          <ns3:TrackPointExtension>
            <ns3:hr>163</ns3:hr>
            <ns3:cad>91</ns3:cad>
          </ns3:TrackPointExtension>
        </extensions>
      </trkpt>
      <trkpt lat="30.544429309666156768798828125" lon="104.04652652330696582794189453125">
        <ele>480.600006103515625</ele>
        <time>2026-09-21T13:51:15.000Z</time>
        <extensions>
          <ns3:TrackPointExtension>
            <ns3:hr>163</ns3:hr>
            <ns3:cad>91</ns3:cad>
          </ns3:TrackPointExtension>
        </extensions>
      </trkpt>
      <trkpt lat="30.5444076843559741973876953125" lon="104.04652819968760013580322265625">
        <ele>480.399993896484375</ele>
        <time>2026-09-21T13:51:16.000Z</time>
        <extensions>
          <ns3:TrackPointExtension>
            <ns3:hr>163</ns3:hr>
            <ns3:cad>91</ns3:cad>
          </ns3:TrackPointExtension>
        </extensions>
      </trkpt>
      <trkpt lat="30.544378347694873809814453125" lon="104.04652300290763378143310546875">
        <ele>480.399993896484375</ele>
        <time>2026-09-21T13:51:17.000Z</time>
        <extensions>
          <ns3:TrackPointExtension>
            <ns3:hr>162</ns3:hr>
            <ns3:cad>91</ns3:cad>
          </ns3:TrackPointExtension>
        </extensions>
      </trkpt>
      <trkpt lat="30.54435563273727893829345703125" lon="104.04652233235538005828857421875">
        <ele>480.399993896484375</ele>
        <time>2026-09-21T13:51:18.000Z</time>
        <extensions>
          <ns3:TrackPointExtension>
            <ns3:hr>162</ns3:hr>
            <ns3:cad>91</ns3:cad>
          </ns3:TrackPointExtension>
        </extensions>
      </trkpt>
      <trkpt lat="30.54432570934295654296875" lon="104.046514369547367095947265625">
        <ele>480.399993896484375</ele>
        <time>2026-09-21T13:51:19.000Z</time>
        <extensions>
          <ns3:TrackPointExtension>
            <ns3:hr>162</ns3:hr>
            <ns3:cad>90</ns3:cad>
          </ns3:TrackPointExtension>
        </extensions>
      </trkpt>
      <trkpt lat="30.54430089890956878662109375" lon="104.0465108491480350494384765625">
        <ele>480.399993896484375</ele>
        <time>2026-09-21T13:51:20.000Z</time>
        <extensions>
          <ns3:TrackPointExtension>
            <ns3:hr>162</ns3:hr>
            <ns3:cad>90</ns3:cad>
          </ns3:TrackPointExtension>
        </extensions>
      </trkpt>
      <trkpt lat="30.544273070991039276123046875" lon="104.04650540091097354888916015625">
        <ele>480.20001220703125</ele>
        <time>2026-09-21T13:51:21.000Z</time>
        <extensions>
          <ns3:TrackPointExtension>
            <ns3:hr>162</ns3:hr>
            <ns3:cad>90</ns3:cad>
          </ns3:TrackPointExtension>
        </extensions>
      </trkpt>
      <trkpt lat="30.54424767382442951202392578125" lon="104.046503640711307525634765625">
        <ele>480.20001220703125</ele>
        <time>2026-09-21T13:51:22.000Z</time>
        <extensions>
          <ns3:TrackPointExtension>
            <ns3:hr>162</ns3:hr>
            <ns3:cad>90</ns3:cad>
          </ns3:TrackPointExtension>
        </extensions>
      </trkpt>
      <trkpt lat="30.54422068409621715545654296875" lon="104.04649349860846996307373046875">
        <ele>480</ele>
        <time>2026-09-21T13:51:23.000Z</time>
        <extensions>
          <ns3:TrackPointExtension>
            <ns3:hr>162</ns3:hr>
            <ns3:cad>90</ns3:cad>
          </ns3:TrackPointExtension>
        </extensions>
      </trkpt>
      <trkpt lat="30.54419386200606822967529296875" lon="104.04648779891431331634521484375">
        <ele>480</ele>
        <time>2026-09-21T13:51:24.000Z</time>
        <extensions>
          <ns3:TrackPointExtension>
            <ns3:hr>162</ns3:hr>
            <ns3:cad>90</ns3:cad>
          </ns3:TrackPointExtension>
        </extensions>
      </trkpt>
      <trkpt lat="30.5441656149923801422119140625" lon="104.0464820154011249542236328125">
        <ele>479.79998779296875</ele>
        <time>2026-09-21T13:51:25.000Z</time>
        <extensions>
          <ns3:TrackPointExtension>
            <ns3:hr>162</ns3:hr>
            <ns3:cad>90</ns3:cad>
          </ns3:TrackPointExtension>
        </extensions>
      </trkpt>
      <trkpt lat="30.54413703270256519317626953125" lon="104.04647053219377994537353515625">
        <ele>479.79998779296875</ele>
        <time>2026-09-21T13:51:26.000Z</time>
        <extensions>
          <ns3:TrackPointExtension>
            <ns3:hr>162</ns3:hr>
            <ns3:cad>90</ns3:cad>
          </ns3:TrackPointExtension>
        </extensions>
      </trkpt>
      <trkpt lat="30.5441066063940525054931640625" lon="104.04646147973835468292236328125">
        <ele>479.600006103515625</ele>
        <time>2026-09-21T13:51:27.000Z</time>
        <extensions>
          <ns3:TrackPointExtension>
            <ns3:hr>162</ns3:hr>
            <ns3:cad>90</ns3:cad>
          </ns3:TrackPointExtension>
        </extensions>
      </trkpt>
      <trkpt lat="30.54407601244747638702392578125" lon="104.04645058326423168182373046875">
        <ele>479.600006103515625</ele>
        <time>2026-09-21T13:51:28.000Z</time>
        <extensions>
          <ns3:TrackPointExtension>
            <ns3:hr>162</ns3:hr>
            <ns3:cad>90</ns3:cad>
          </ns3:TrackPointExtension>
        </extensions>
      </trkpt>
      <trkpt lat="30.5440481007099151611328125" lon="104.04643985442817211151123046875">
        <ele>479.399993896484375</ele>
        <time>2026-09-21T13:51:29.000Z</time>
        <extensions>
          <ns3:TrackPointExtension>
            <ns3:hr>162</ns3:hr>
            <ns3:cad>90</ns3:cad>
          </ns3:TrackPointExtension>
        </extensions>
      </trkpt>
      <trkpt lat="30.54402085952460765838623046875" lon="104.04641537927091121673583984375">
        <ele>479.20001220703125</ele>
        <time>2026-09-21T13:51:30.000Z</time>
        <extensions>
          <ns3:TrackPointExtension>
            <ns3:hr>162</ns3:hr>
            <ns3:cad>91</ns3:cad>
          </ns3:TrackPointExtension>
        </extensions>
      </trkpt>
      <trkpt lat="30.54399655200541019439697265625" lon="104.04640213586390018463134765625">
        <ele>479.20001220703125</ele>
        <time>2026-09-21T13:51:31.000Z</time>
        <extensions>
          <ns3:TrackPointExtension>
            <ns3:hr>162</ns3:hr>
            <ns3:cad>92</ns3:cad>
          </ns3:TrackPointExtension>
        </extensions>
      </trkpt>
      <trkpt lat="30.54396939463913440704345703125" lon="104.04638461768627166748046875">
        <ele>479</ele>
        <time>2026-09-21T13:51:32.000Z</time>
        <extensions>
          <ns3:TrackPointExtension>
            <ns3:hr>162</ns3:hr>
            <ns3:cad>92</ns3:cad>
          </ns3:TrackPointExtension>
        </extensions>
      </trkpt>
      <trkpt lat="30.5439443327486515045166015625" lon="104.0463705360889434814453125">
        <ele>479</ele>
        <time>2026-09-21T13:51:33.000Z</time>
        <extensions>
          <ns3:TrackPointExtension>
            <ns3:hr>162</ns3:hr>
            <ns3:cad>92</ns3:cad>
          </ns3:TrackPointExtension>
        </extensions>
      </trkpt>
      <trkpt lat="30.5439166724681854248046875" lon="104.046350419521331787109375">
        <ele>479</ele>
        <time>2026-09-21T13:51:34.000Z</time>
        <extensions>
          <ns3:TrackPointExtension>
            <ns3:hr>162</ns3:hr>
            <ns3:cad>92</ns3:cad>
          </ns3:TrackPointExtension>
        </extensions>
      </trkpt>
      <trkpt lat="30.54389663971960544586181640625" lon="104.046342372894287109375">
        <ele>479</ele>
        <time>2026-09-21T13:51:35.000Z</time>
        <extensions>
          <ns3:TrackPointExtension>
            <ns3:hr>162</ns3:hr>
            <ns3:cad>92</ns3:cad>
          </ns3:TrackPointExtension>
        </extensions>
      </trkpt>
      <trkpt lat="30.54386830888688564300537109375" lon="104.04632669873535633087158203125">
        <ele>479</ele>
        <time>2026-09-21T13:51:36.000Z</time>
        <extensions>
          <ns3:TrackPointExtension>
            <ns3:hr>161</ns3:hr>
            <ns3:cad>91</ns3:cad>
          </ns3:TrackPointExtension>
        </extensions>
      </trkpt>
      <trkpt lat="30.54384483955800533294677734375" lon="104.0463220886886119842529296875">
        <ele>479</ele>
        <time>2026-09-21T13:51:37.000Z</time>
        <extensions>
          <ns3:TrackPointExtension>
            <ns3:hr>162</ns3:hr>
            <ns3:cad>92</ns3:cad>
          </ns3:TrackPointExtension>
        </extensions>
      </trkpt>
      <trkpt lat="30.5438105575740337371826171875" lon="104.0463113598525524139404296875">
        <ele>479</ele>
        <time>2026-09-21T13:51:38.000Z</time>
        <extensions>
          <ns3:TrackPointExtension>
            <ns3:hr>162</ns3:hr>
            <ns3:cad>92</ns3:cad>
          </ns3:TrackPointExtension>
        </extensions>
      </trkpt>
      <trkpt lat="30.5437884293496608734130859375" lon="104.04630943201482295989990234375">
        <ele>479</ele>
        <time>2026-09-21T13:51:39.000Z</time>
        <extensions>
          <ns3:TrackPointExtension>
            <ns3:hr>162</ns3:hr>
            <ns3:cad>92</ns3:cad>
          </ns3:TrackPointExtension>
        </extensions>
      </trkpt>
      <trkpt lat="30.54375817067921161651611328125" lon="104.0462986193597316741943359375">
        <ele>479</ele>
        <time>2026-09-21T13:51:40.000Z</time>
        <extensions>
          <ns3:TrackPointExtension>
            <ns3:hr>162</ns3:hr>
            <ns3:cad>90</ns3:cad>
          </ns3:TrackPointExtension>
        </extensions>
      </trkpt>
      <trkpt lat="30.54373788647353649139404296875" lon="104.04629518277943134307861328125">
        <ele>479</ele>
        <time>2026-09-21T13:51:41.000Z</time>
        <extensions>
          <ns3:TrackPointExtension>
            <ns3:hr>162</ns3:hr>
            <ns3:cad>90</ns3:cad>
          </ns3:TrackPointExtension>
        </extensions>
      </trkpt>
      <trkpt lat="30.5437119863927364349365234375" lon="104.04629233293235301971435546875">
        <ele>479.20001220703125</ele>
        <time>2026-09-21T13:51:42.000Z</time>
        <extensions>
          <ns3:TrackPointExtension>
            <ns3:hr>162</ns3:hr>
            <ns3:cad>90</ns3:cad>
          </ns3:TrackPointExtension>
        </extensions>
      </trkpt>
      <trkpt lat="30.54368893615901470184326171875" lon="104.04629283584654331207275390625">
        <ele>479.20001220703125</ele>
        <time>2026-09-21T13:51:43.000Z</time>
        <extensions>
          <ns3:TrackPointExtension>
            <ns3:hr>162</ns3:hr>
            <ns3:cad>90</ns3:cad>
          </ns3:TrackPointExtension>
        </extensions>
      </trkpt>
      <trkpt lat="30.543656833469867706298828125" lon="104.04628747142851352691650390625">
        <ele>479.399993896484375</ele>
        <time>2026-09-21T13:51:44.000Z</time>
        <extensions>
          <ns3:TrackPointExtension>
            <ns3:hr>162</ns3:hr>
            <ns3:cad>90</ns3:cad>
          </ns3:TrackPointExtension>
        </extensions>
      </trkpt>
      <trkpt lat="30.54363763891160488128662109375" lon="104.04628914780914783477783203125">
        <ele>479.399993896484375</ele>
        <time>2026-09-21T13:51:45.000Z</time>
        <extensions>
          <ns3:TrackPointExtension>
            <ns3:hr>162</ns3:hr>
            <ns3:cad>90</ns3:cad>
          </ns3:TrackPointExtension>
        </extensions>
      </trkpt>
      <trkpt lat="30.5436073802411556243896484375" lon="104.04628881253302097320556640625">
        <ele>479.600006103515625</ele>
        <time>2026-09-21T13:51:46.000Z</time>
        <extensions>
          <ns3:TrackPointExtension>
            <ns3:hr>161</ns3:hr>
            <ns3:cad>90</ns3:cad>
          </ns3:TrackPointExtension>
        </extensions>
      </trkpt>
      <trkpt lat="30.543585084378719329833984375" lon="104.04629669152200222015380859375">
        <ele>479.600006103515625</ele>
        <time>2026-09-21T13:51:47.000Z</time>
        <extensions>
          <ns3:TrackPointExtension>
            <ns3:hr>162</ns3:hr>
            <ns3:cad>90</ns3:cad>
          </ns3:TrackPointExtension>
        </extensions>
      </trkpt>
      <trkpt lat="30.54355566389858722686767578125" lon="104.0462969429790973663330078125">
        <ele>479.79998779296875</ele>
        <time>2026-09-21T13:51:48.000Z</time>
        <extensions>
          <ns3:TrackPointExtension>
            <ns3:hr>162</ns3:hr>
            <ns3:cad>91</ns3:cad>
          </ns3:TrackPointExtension>
        </extensions>
      </trkpt>
      <trkpt lat="30.54353236220777034759521484375" lon="104.04630121774971485137939453125">
        <ele>479.79998779296875</ele>
        <time>2026-09-21T13:51:49.000Z</time>
        <extensions>
          <ns3:TrackPointExtension>
            <ns3:hr>162</ns3:hr>
            <ns3:cad>91</ns3:cad>
          </ns3:TrackPointExtension>
        </extensions>
      </trkpt>
      <trkpt lat="30.54350419901311397552490234375" lon="104.04630339704453945159912109375">
        <ele>480</ele>
        <time>2026-09-21T13:51:50.000Z</time>
        <extensions>
          <ns3:TrackPointExtension>
            <ns3:hr>162</ns3:hr>
            <ns3:cad>91</ns3:cad>
          </ns3:TrackPointExtension>
        </extensions>
      </trkpt>
      <trkpt lat="30.54348441772162914276123046875" lon="104.04630574397742748260498046875">
        <ele>480</ele>
        <time>2026-09-21T13:51:51.000Z</time>
        <extensions>
          <ns3:TrackPointExtension>
            <ns3:hr>162</ns3:hr>
            <ns3:cad>91</ns3:cad>
          </ns3:TrackPointExtension>
        </extensions>
      </trkpt>
      <trkpt lat="30.5434553325176239013671875" lon="104.04630926437675952911376953125">
        <ele>480</ele>
        <time>2026-09-21T13:51:52.000Z</time>
        <extensions>
          <ns3:TrackPointExtension>
            <ns3:hr>162</ns3:hr>
            <ns3:cad>91</ns3:cad>
          </ns3:TrackPointExtension>
        </extensions>
      </trkpt>
      <trkpt lat="30.54343580268323421478271484375" lon="104.0463173948228359222412109375">
        <ele>480.20001220703125</ele>
        <time>2026-09-21T13:51:53.000Z</time>
        <extensions>
          <ns3:TrackPointExtension>
            <ns3:hr>161</ns3:hr>
            <ns3:cad>90</ns3:cad>
          </ns3:TrackPointExtension>
        </extensions>
      </trkpt>
      <trkpt lat="30.5434055440127849578857421875" lon="104.04632401652634143829345703125">
        <ele>480.20001220703125</ele>
        <time>2026-09-21T13:51:54.000Z</time>
        <extensions>
          <ns3:TrackPointExtension>
            <ns3:hr>161</ns3:hr>
            <ns3:cad>90</ns3:cad>
          </ns3:TrackPointExtension>
        </extensions>
      </trkpt>
      <trkpt lat="30.54338626563549041748046875" lon="104.0463375113904476165771484375">
        <ele>480.399993896484375</ele>
        <time>2026-09-21T13:51:55.000Z</time>
        <extensions>
          <ns3:TrackPointExtension>
            <ns3:hr>161</ns3:hr>
            <ns3:cad>90</ns3:cad>
          </ns3:TrackPointExtension>
        </extensions>
      </trkpt>
      <trkpt lat="30.5433582700788974761962890625" lon="104.046344049274921417236328125">
        <ele>480.600006103515625</ele>
        <time>2026-09-21T13:51:56.000Z</time>
        <extensions>
          <ns3:TrackPointExtension>
            <ns3:hr>161</ns3:hr>
            <ns3:cad>91</ns3:cad>
          </ns3:TrackPointExtension>
        </extensions>
      </trkpt>
      <trkpt lat="30.54333924315869808197021484375" lon="104.04635251499712467193603515625">
        <ele>480.79998779296875</ele>
        <time>2026-09-21T13:51:57.000Z</time>
        <extensions>
          <ns3:TrackPointExtension>
            <ns3:hr>161</ns3:hr>
            <ns3:cad>90</ns3:cad>
          </ns3:TrackPointExtension>
        </extensions>
      </trkpt>
      <trkpt lat="30.5433103255927562713623046875" lon="104.04636156745254993438720703125">
        <ele>480.79998779296875</ele>
        <time>2026-09-21T13:51:58.000Z</time>
        <extensions>
          <ns3:TrackPointExtension>
            <ns3:hr>160</ns3:hr>
            <ns3:cad>90</ns3:cad>
          </ns3:TrackPointExtension>
        </extensions>
      </trkpt>
      <trkpt lat="30.5432895384728908538818359375" lon="104.0463678538799285888671875">
        <ele>481</ele>
        <time>2026-09-21T13:51:59.000Z</time>
        <extensions>
          <ns3:TrackPointExtension>
            <ns3:hr>161</ns3:hr>
            <ns3:cad>90</ns3:cad>
          </ns3:TrackPointExtension>
        </extensions>
      </trkpt>
      <trkpt lat="30.54326028563082218170166015625" lon="104.04637581668794155120849609375">
        <ele>481</ele>
        <time>2026-09-21T13:52:00.000Z</time>
        <extensions>
          <ns3:TrackPointExtension>
            <ns3:hr>161</ns3:hr>
            <ns3:cad>90</ns3:cad>
          </ns3:TrackPointExtension>
        </extensions>
      </trkpt>
      <trkpt lat="30.54323648102581501007080078125" lon="104.0463866293430328369140625">
        <ele>481</ele>
        <time>2026-09-21T13:52:01.000Z</time>
        <extensions>
          <ns3:TrackPointExtension>
            <ns3:hr>160</ns3:hr>
            <ns3:cad>90</ns3:cad>
          </ns3:TrackPointExtension>
        </extensions>
      </trkpt>
      <trkpt lat="30.543207563459873199462890625" lon="104.04639358632266521453857421875">
        <ele>481.20001220703125</ele>
        <time>2026-09-21T13:52:02.000Z</time>
        <extensions>
          <ns3:TrackPointExtension>
            <ns3:hr>160</ns3:hr>
            <ns3:cad>90</ns3:cad>
          </ns3:TrackPointExtension>
        </extensions>
      </trkpt>
      <trkpt lat="30.5431844294071197509765625" lon="104.0464005433022975921630859375">
        <ele>481.20001220703125</ele>
        <time>2026-09-21T13:52:03.000Z</time>
        <extensions>
          <ns3:TrackPointExtension>
            <ns3:hr>161</ns3:hr>
            <ns3:cad>90</ns3:cad>
          </ns3:TrackPointExtension>
        </extensions>
      </trkpt>
      <trkpt lat="30.54315769113600254058837890625" lon="104.0464045666158199310302734375">
        <ele>481.399993896484375</ele>
        <time>2026-09-21T13:52:04.000Z</time>
        <extensions>
          <ns3:TrackPointExtension>
            <ns3:hr>161</ns3:hr>
            <ns3:cad>90</ns3:cad>
          </ns3:TrackPointExtension>
        </extensions>
      </trkpt>
      <trkpt lat="30.54313438944518566131591796875" lon="104.04641219414770603179931640625">
        <ele>481.399993896484375</ele>
        <time>2026-09-21T13:52:05.000Z</time>
        <extensions>
          <ns3:TrackPointExtension>
            <ns3:hr>161</ns3:hr>
            <ns3:cad>90</ns3:cad>
          </ns3:TrackPointExtension>
        </extensions>
      </trkpt>
      <trkpt lat="30.54310756735503673553466796875" lon="104.0464152954518795013427734375">
        <ele>481.600006103515625</ele>
        <time>2026-09-21T13:52:06.000Z</time>
        <extensions>
          <ns3:TrackPointExtension>
            <ns3:hr>162</ns3:hr>
            <ns3:cad>90</ns3:cad>
          </ns3:TrackPointExtension>
        </extensions>
      </trkpt>
      <trkpt lat="30.5430853553116321563720703125" lon="104.046419821679592132568359375">
        <ele>481.79998779296875</ele>
        <time>2026-09-21T13:52:07.000Z</time>
        <extensions>
          <ns3:TrackPointExtension>
            <ns3:hr>163</ns3:hr>
            <ns3:cad>91</ns3:cad>
          </ns3:TrackPointExtension>
        </extensions>
      </trkpt>
      <trkpt lat="30.54305962286889553070068359375" lon="104.0464188158512115478515625">
        <ele>481.79998779296875</ele>
        <time>2026-09-21T13:52:08.000Z</time>
        <extensions>
          <ns3:TrackPointExtension>
            <ns3:hr>163</ns3:hr>
            <ns3:cad>91</ns3:cad>
          </ns3:TrackPointExtension>
        </extensions>
      </trkpt>
      <trkpt lat="30.5430394224822521209716796875" lon="104.04642694629728794097900390625">
        <ele>482</ele>
        <time>2026-09-21T13:52:09.000Z</time>
        <extensions>
          <ns3:TrackPointExtension>
            <ns3:hr>164</ns3:hr>
            <ns3:cad>90</ns3:cad>
          </ns3:TrackPointExtension>
        </extensions>
      </trkpt>
      <trkpt lat="30.54301201365888118743896484375" lon="104.04642753303050994873046875">
        <ele>482</ele>
        <time>2026-09-21T13:52:10.000Z</time>
        <extensions>
          <ns3:TrackPointExtension>
            <ns3:hr>164</ns3:hr>
            <ns3:cad>90</ns3:cad>
          </ns3:TrackPointExtension>
        </extensions>
      </trkpt>
      <trkpt lat="30.542988963425159454345703125" lon="104.04643482528626918792724609375">
        <ele>482.20001220703125</ele>
        <time>2026-09-21T13:52:11.000Z</time>
        <extensions>
          <ns3:TrackPointExtension>
            <ns3:hr>165</ns3:hr>
            <ns3:cad>90</ns3:cad>
          </ns3:TrackPointExtension>
        </extensions>
      </trkpt>
      <trkpt lat="30.54296071641147136688232421875" lon="104.04643247835338115692138671875">
        <ele>482.20001220703125</ele>
        <time>2026-09-21T13:52:12.000Z</time>
        <extensions>
          <ns3:TrackPointExtension>
            <ns3:hr>165</ns3:hr>
            <ns3:cad>90</ns3:cad>
          </ns3:TrackPointExtension>
        </extensions>
      </trkpt>
      <trkpt lat="30.542939342558383941650390625" lon="104.04643826186656951904296875">
        <ele>482.20001220703125</ele>
        <time>2026-09-21T13:52:13.000Z</time>
        <extensions>
          <ns3:TrackPointExtension>
            <ns3:hr>165</ns3:hr>
            <ns3:cad>90</ns3:cad>
          </ns3:TrackPointExtension>
        </extensions>
      </trkpt>
      <trkpt lat="30.54291260428726673126220703125" lon="104.04643356800079345703125">
        <ele>482.20001220703125</ele>
        <time>2026-09-21T13:52:14.000Z</time>
        <extensions>
          <ns3:TrackPointExtension>
            <ns3:hr>165</ns3:hr>
            <ns3:cad>90</ns3:cad>
          </ns3:TrackPointExtension>
        </extensions>
      </trkpt>
      <trkpt lat="30.54289097897708415985107421875" lon="104.04643717221915721893310546875">
        <ele>482.20001220703125</ele>
        <time>2026-09-21T13:52:15.000Z</time>
        <extensions>
          <ns3:TrackPointExtension>
            <ns3:hr>166</ns3:hr>
            <ns3:cad>90</ns3:cad>
          </ns3:TrackPointExtension>
        </extensions>
      </trkpt>
      <trkpt lat="30.54286683909595012664794921875" lon="104.0464327298104763031005859375">
        <ele>482.20001220703125</ele>
        <time>2026-09-21T13:52:16.000Z</time>
        <extensions>
          <ns3:TrackPointExtension>
            <ns3:hr>165</ns3:hr>
            <ns3:cad>88</ns3:cad>
          </ns3:TrackPointExtension>
        </extensions>
      </trkpt>
      <trkpt lat="30.54284940473735332489013671875" lon="104.04643365181982517242431640625">
        <ele>482.20001220703125</ele>
        <time>2026-09-21T13:52:17.000Z</time>
        <extensions>
          <ns3:TrackPointExtension>
            <ns3:hr>165</ns3:hr>
            <ns3:cad>88</ns3:cad>
          </ns3:TrackPointExtension>
        </extensions>
      </trkpt>
      <trkpt lat="30.542823337018489837646484375" lon="104.04642753303050994873046875">
        <ele>482.20001220703125</ele>
        <time>2026-09-21T13:52:18.000Z</time>
        <extensions>
          <ns3:TrackPointExtension>
            <ns3:hr>165</ns3:hr>
            <ns3:cad>88</ns3:cad>
          </ns3:TrackPointExtension>
        </extensions>
      </trkpt>
      <trkpt lat="30.54280288517475128173828125" lon="104.0464307181537151336669921875">
        <ele>482.20001220703125</ele>
        <time>2026-09-21T13:52:19.000Z</time>
        <extensions>
          <ns3:TrackPointExtension>
            <ns3:hr>165</ns3:hr>
            <ns3:cad>89</ns3:cad>
          </ns3:TrackPointExtension>
        </extensions>
      </trkpt>
      <trkpt lat="30.542772375047206878662109375" lon="104.0464280359447002410888671875">
        <ele>482</ele>
        <time>2026-09-21T13:52:20.000Z</time>
        <extensions>
          <ns3:TrackPointExtension>
            <ns3:hr>165</ns3:hr>
            <ns3:cad>89</ns3:cad>
          </ns3:TrackPointExtension>
        </extensions>
      </trkpt>
      <trkpt lat="30.54274915717542171478271484375" lon="104.04643096961081027984619140625">
        <ele>482</ele>
        <time>2026-09-21T13:52:21.000Z</time>
        <extensions>
          <ns3:TrackPointExtension>
            <ns3:hr>165</ns3:hr>
            <ns3:cad>89</ns3:cad>
          </ns3:TrackPointExtension>
        </extensions>
      </trkpt>
      <trkpt lat="30.54272183217108249664306640625" lon="104.04642342589795589447021484375">
        <ele>481.79998779296875</ele>
        <time>2026-09-21T13:52:22.000Z</time>
        <extensions>
          <ns3:TrackPointExtension>
            <ns3:hr>165</ns3:hr>
            <ns3:cad>89</ns3:cad>
          </ns3:TrackPointExtension>
        </extensions>
      </trkpt>
      <trkpt lat="30.54270171560347080230712890625" lon="104.04642283916473388671875">
        <ele>481.79998779296875</ele>
        <time>2026-09-21T13:52:23.000Z</time>
        <extensions>
          <ns3:TrackPointExtension>
            <ns3:hr>165</ns3:hr>
            <ns3:cad>89</ns3:cad>
          </ns3:TrackPointExtension>
        </extensions>
      </trkpt>
      <trkpt lat="30.54267321713268756866455078125" lon="104.046415798366069793701171875">
        <ele>481.600006103515625</ele>
        <time>2026-09-21T13:52:24.000Z</time>
        <extensions>
          <ns3:TrackPointExtension>
            <ns3:hr>164</ns3:hr>
            <ns3:cad>89</ns3:cad>
          </ns3:TrackPointExtension>
        </extensions>
      </trkpt>
      <trkpt lat="30.542654357850551605224609375" lon="104.0464179776608943939208984375">
        <ele>481.600006103515625</ele>
        <time>2026-09-21T13:52:25.000Z</time>
        <extensions>
          <ns3:TrackPointExtension>
            <ns3:hr>164</ns3:hr>
            <ns3:cad>89</ns3:cad>
          </ns3:TrackPointExtension>
        </extensions>
      </trkpt>
      <trkpt lat="30.54262460209429264068603515625" lon="104.046416468918323516845703125">
        <ele>481.600006103515625</ele>
        <time>2026-09-21T13:52:26.000Z</time>
        <extensions>
          <ns3:TrackPointExtension>
            <ns3:hr>164</ns3:hr>
            <ns3:cad>89</ns3:cad>
          </ns3:TrackPointExtension>
        </extensions>
      </trkpt>
      <trkpt lat="30.542606413364410400390625" lon="104.0464126132428646087646484375">
        <ele>481.79998779296875</ele>
        <time>2026-09-21T13:52:27.000Z</time>
        <extensions>
          <ns3:TrackPointExtension>
            <ns3:hr>163</ns3:hr>
            <ns3:cad>89</ns3:cad>
          </ns3:TrackPointExtension>
        </extensions>
      </trkpt>
      <trkpt lat="30.54257682524621486663818359375" lon="104.0464085899293422698974609375">
        <ele>481.79998779296875</ele>
        <time>2026-09-21T13:52:28.000Z</time>
        <extensions>
          <ns3:TrackPointExtension>
            <ns3:hr>163</ns3:hr>
            <ns3:cad>89</ns3:cad>
          </ns3:TrackPointExtension>
        </extensions>
      </trkpt>
      <trkpt lat="30.54255754686892032623291015625" lon="104.04640682972967624664306640625">
        <ele>481.79998779296875</ele>
        <time>2026-09-21T13:52:29.000Z</time>
        <extensions>
          <ns3:TrackPointExtension>
            <ns3:hr>163</ns3:hr>
            <ns3:cad>90</ns3:cad>
          </ns3:TrackPointExtension>
        </extensions>
      </trkpt>
      <trkpt lat="30.54252603091299533843994140625" lon="104.046401716768741607666015625">
        <ele>481.79998779296875</ele>
        <time>2026-09-21T13:52:30.000Z</time>
        <extensions>
          <ns3:TrackPointExtension>
            <ns3:hr>163</ns3:hr>
            <ns3:cad>90</ns3:cad>
          </ns3:TrackPointExtension>
        </extensions>
      </trkpt>
      <trkpt lat="30.5425086803734302520751953125" lon="104.0464055724442005157470703125">
        <ele>481.600006103515625</ele>
        <time>2026-09-21T13:52:31.000Z</time>
        <extensions>
          <ns3:TrackPointExtension>
            <ns3:hr>163</ns3:hr>
            <ns3:cad>90</ns3:cad>
          </ns3:TrackPointExtension>
        </extensions>
      </trkpt>
      <trkpt lat="30.54247875697910785675048828125" lon="104.04640314169228076934814453125">
        <ele>481.600006103515625</ele>
        <time>2026-09-21T13:52:32.000Z</time>
        <extensions>
          <ns3:TrackPointExtension>
            <ns3:hr>163</ns3:hr>
            <ns3:cad>90</ns3:cad>
          </ns3:TrackPointExtension>
        </extensions>
      </trkpt>
      <trkpt lat="30.542455874383449554443359375" lon="104.04640414752066135406494140625">
        <ele>481.600006103515625</ele>
        <time>2026-09-21T13:52:33.000Z</time>
        <extensions>
          <ns3:TrackPointExtension>
            <ns3:hr>163</ns3:hr>
            <ns3:cad>90</ns3:cad>
          </ns3:TrackPointExtension>
        </extensions>
      </trkpt>
      <trkpt lat="30.54242444224655628204345703125" lon="104.0463973581790924072265625">
        <ele>481.399993896484375</ele>
        <time>2026-09-21T13:52:34.000Z</time>
        <extensions>
          <ns3:TrackPointExtension>
            <ns3:hr>163</ns3:hr>
            <ns3:cad>90</ns3:cad>
          </ns3:TrackPointExtension>
        </extensions>
      </trkpt>
      <trkpt lat="30.54239946417510509490966796875" lon="104.046398364007472991943359375">
        <ele>481.600006103515625</ele>
        <time>2026-09-21T13:52:35.000Z</time>
        <extensions>
          <ns3:TrackPointExtension>
            <ns3:hr>163</ns3:hr>
            <ns3:cad>90</ns3:cad>
          </ns3:TrackPointExtension>
        </extensions>
      </trkpt>
      <trkpt lat="30.5423712171614170074462890625" lon="104.04639274813234806060791015625">
        <ele>481.600006103515625</ele>
        <time>2026-09-21T13:52:36.000Z</time>
        <extensions>
          <ns3:TrackPointExtension>
            <ns3:hr>163</ns3:hr>
            <ns3:cad>91</ns3:cad>
          </ns3:TrackPointExtension>
        </extensions>
      </trkpt>
      <trkpt lat="30.5423467420041561126708984375" lon="104.04639040119946002960205078125">
        <ele>481.600006103515625</ele>
        <time>2026-09-21T13:52:37.000Z</time>
        <extensions>
          <ns3:TrackPointExtension>
            <ns3:hr>163</ns3:hr>
            <ns3:cad>91</ns3:cad>
          </ns3:TrackPointExtension>
        </extensions>
      </trkpt>
      <trkpt lat="30.54231950081884860992431640625" lon="104.04638671316206455230712890625">
        <ele>481.600006103515625</ele>
        <time>2026-09-21T13:52:38.000Z</time>
        <extensions>
          <ns3:TrackPointExtension>
            <ns3:hr>164</ns3:hr>
            <ns3:cad>90</ns3:cad>
          </ns3:TrackPointExtension>
        </extensions>
      </trkpt>
      <trkpt lat="30.542292259633541107177734375" lon="104.04638436622917652130126953125">
        <ele>481.600006103515625</ele>
        <time>2026-09-21T13:52:39.000Z</time>
        <extensions>
          <ns3:TrackPointExtension>
            <ns3:hr>164</ns3:hr>
            <ns3:cad>90</ns3:cad>
          </ns3:TrackPointExtension>
        </extensions>
      </trkpt>
      <trkpt lat="30.5422666110098361968994140625" lon="104.04638637788593769073486328125">
        <ele>481.600006103515625</ele>
        <time>2026-09-21T13:52:40.000Z</time>
        <extensions>
          <ns3:TrackPointExtension>
            <ns3:hr>163</ns3:hr>
            <ns3:cad>91</ns3:cad>
          </ns3:TrackPointExtension>
        </extensions>
      </trkpt>
      <trkpt lat="30.5422387830913066864013671875" lon="104.04638185165822505950927734375">
        <ele>481.600006103515625</ele>
        <time>2026-09-21T13:52:41.000Z</time>
        <extensions>
          <ns3:TrackPointExtension>
            <ns3:hr>163</ns3:hr>
            <ns3:cad>91</ns3:cad>
          </ns3:TrackPointExtension>
        </extensions>
      </trkpt>
      <trkpt lat="30.5422166548669338226318359375" lon="104.04638453386723995208740234375">
        <ele>481.600006103515625</ele>
        <time>2026-09-21T13:52:42.000Z</time>
        <extensions>
          <ns3:TrackPointExtension>
            <ns3:hr>164</ns3:hr>
            <ns3:cad>92</ns3:cad>
          </ns3:TrackPointExtension>
        </extensions>
      </trkpt>
      <trkpt lat="30.54218463599681854248046875" lon="104.04637782834470272064208984375">
        <ele>481.600006103515625</ele>
        <time>2026-09-21T13:52:43.000Z</time>
        <extensions>
          <ns3:TrackPointExtension>
            <ns3:hr>164</ns3:hr>
            <ns3:cad>92</ns3:cad>
          </ns3:TrackPointExtension>
        </extensions>
      </trkpt>
      <trkpt lat="30.5421599932014942169189453125" lon="104.04638218693435192108154296875">
        <ele>481.79998779296875</ele>
        <time>2026-09-21T13:52:44.000Z</time>
        <extensions>
          <ns3:TrackPointExtension>
            <ns3:hr>164</ns3:hr>
            <ns3:cad>92</ns3:cad>
          </ns3:TrackPointExtension>
        </extensions>
      </trkpt>
      <trkpt lat="30.54212965071201324462890625" lon="104.0463745594024658203125">
        <ele>481.79998779296875</ele>
        <time>2026-09-21T13:52:45.000Z</time>
        <extensions>
          <ns3:TrackPointExtension>
            <ns3:hr>165</ns3:hr>
            <ns3:cad>92</ns3:cad>
          </ns3:TrackPointExtension>
        </extensions>
      </trkpt>
      <trkpt lat="30.5421056784689426422119140625" lon="104.0463740564882755279541015625">
        <ele>481.79998779296875</ele>
        <time>2026-09-21T13:52:46.000Z</time>
        <extensions>
          <ns3:TrackPointExtension>
            <ns3:hr>165</ns3:hr>
            <ns3:cad>92</ns3:cad>
          </ns3:TrackPointExtension>
        </extensions>
      </trkpt>
      <trkpt lat="30.542077682912349700927734375" lon="104.04636508785188198089599609375">
        <ele>481.79998779296875</ele>
        <time>2026-09-21T13:52:47.000Z</time>
        <extensions>
          <ns3:TrackPointExtension>
            <ns3:hr>165</ns3:hr>
            <ns3:cad>92</ns3:cad>
          </ns3:TrackPointExtension>
        </extensions>
      </trkpt>
      <trkpt lat="30.54205329157412052154541015625" lon="104.04636257328093051910400390625">
        <ele>481.79998779296875</ele>
        <time>2026-09-21T13:52:48.000Z</time>
        <extensions>
          <ns3:TrackPointExtension>
            <ns3:hr>165</ns3:hr>
            <ns3:cad>92</ns3:cad>
          </ns3:TrackPointExtension>
        </extensions>
      </trkpt>
      <trkpt lat="30.54202529601752758026123046875" lon="104.046355783939361572265625">
        <ele>481.79998779296875</ele>
        <time>2026-09-21T13:52:49.000Z</time>
        <extensions>
          <ns3:TrackPointExtension>
            <ns3:hr>165</ns3:hr>
            <ns3:cad>93</ns3:cad>
          </ns3:TrackPointExtension>
        </extensions>
      </trkpt>
      <trkpt lat="30.54199847392737865447998046875" lon="104.0463512577116489410400390625">
        <ele>481.79998779296875</ele>
        <time>2026-09-21T13:52:50.000Z</time>
        <extensions>
          <ns3:TrackPointExtension>
            <ns3:hr>165</ns3:hr>
            <ns3:cad>92</ns3:cad>
          </ns3:TrackPointExtension>
        </extensions>
      </trkpt>
      <trkpt lat="30.5419732443988323211669921875" lon="104.0463452227413654327392578125">
        <ele>482</ele>
        <time>2026-09-21T13:52:51.000Z</time>
        <extensions>
          <ns3:TrackPointExtension>
            <ns3:hr>165</ns3:hr>
            <ns3:cad>92</ns3:cad>
          </ns3:TrackPointExtension>
        </extensions>
      </trkpt>
      <trkpt lat="30.54194466210901737213134765625" lon="104.046337343752384185791015625">
        <ele>482</ele>
        <time>2026-09-21T13:52:52.000Z</time>
        <extensions>
          <ns3:TrackPointExtension>
            <ns3:hr>165</ns3:hr>
            <ns3:cad>92</ns3:cad>
          </ns3:TrackPointExtension>
        </extensions>
      </trkpt>
      <trkpt lat="30.5419192649424076080322265625" lon="104.04632753692567348480224609375">
        <ele>482.20001220703125</ele>
        <time>2026-09-21T13:52:53.000Z</time>
        <extensions>
          <ns3:TrackPointExtension>
            <ns3:hr>165</ns3:hr>
            <ns3:cad>92</ns3:cad>
          </ns3:TrackPointExtension>
        </extensions>
      </trkpt>
      <trkpt lat="30.5418889224529266357421875" lon="104.04631312005221843719482421875">
        <ele>482.20001220703125</ele>
        <time>2026-09-21T13:52:54.000Z</time>
        <extensions>
          <ns3:TrackPointExtension>
            <ns3:hr>165</ns3:hr>
            <ns3:cad>93</ns3:cad>
          </ns3:TrackPointExtension>
        </extensions>
      </trkpt>
      <trkpt lat="30.5418659560382366180419921875" lon="104.0463056601583957672119140625">
        <ele>482.399993896484375</ele>
        <time>2026-09-21T13:52:55.000Z</time>
        <extensions>
          <ns3:TrackPointExtension>
            <ns3:hr>165</ns3:hr>
            <ns3:cad>92</ns3:cad>
          </ns3:TrackPointExtension>
        </extensions>
      </trkpt>
      <trkpt lat="30.54183318279683589935302734375" lon="104.0462922491133213043212890625">
        <ele>482.399993896484375</ele>
        <time>2026-09-21T13:52:56.000Z</time>
        <extensions>
          <ns3:TrackPointExtension>
            <ns3:hr>165</ns3:hr>
            <ns3:cad>92</ns3:cad>
          </ns3:TrackPointExtension>
        </extensions>
      </trkpt>
      <trkpt lat="30.54180887527763843536376953125" lon="104.046284370124340057373046875">
        <ele>482.399993896484375</ele>
        <time>2026-09-21T13:52:57.000Z</time>
        <extensions>
          <ns3:TrackPointExtension>
            <ns3:hr>165</ns3:hr>
            <ns3:cad>92</ns3:cad>
          </ns3:TrackPointExtension>
        </extensions>
      </trkpt>
      <trkpt lat="30.5417804606258869171142578125" lon="104.04627121053636074066162109375">
        <ele>482.20001220703125</ele>
        <time>2026-09-21T13:52:58.000Z</time>
        <extensions>
          <ns3:TrackPointExtension>
            <ns3:hr>165</ns3:hr>
            <ns3:cad>92</ns3:cad>
          </ns3:TrackPointExtension>
        </extensions>
      </trkpt>
      <trkpt lat="30.5417573265731334686279296875" lon="104.0462644211947917938232421875">
        <ele>482.20001220703125</ele>
        <time>2026-09-21T13:52:59.000Z</time>
        <extensions>
          <ns3:TrackPointExtension>
            <ns3:hr>165</ns3:hr>
            <ns3:cad>93</ns3:cad>
          </ns3:TrackPointExtension>
        </extensions>
      </trkpt>
      <trkpt lat="30.54173125885426998138427734375" lon="104.0462489984929561614990234375">
        <ele>482.20001220703125</ele>
        <time>2026-09-21T13:53:00.000Z</time>
        <extensions>
          <ns3:TrackPointExtension>
            <ns3:hr>165</ns3:hr>
            <ns3:cad>93</ns3:cad>
          </ns3:TrackPointExtension>
        </extensions>
      </trkpt>
      <trkpt lat="30.5417066998779773712158203125" lon="104.046238772571086883544921875">
        <ele>482</ele>
        <time>2026-09-21T13:53:01.000Z</time>
        <extensions>
          <ns3:TrackPointExtension>
            <ns3:hr>165</ns3:hr>
            <ns3:cad>92</ns3:cad>
          </ns3:TrackPointExtension>
        </extensions>
      </trkpt>
      <trkpt lat="30.54168247617781162261962890625" lon="104.046219326555728912353515625">
        <ele>482</ele>
        <time>2026-09-21T13:53:02.000Z</time>
        <extensions>
          <ns3:TrackPointExtension>
            <ns3:hr>164</ns3:hr>
            <ns3:cad>92</ns3:cad>
          </ns3:TrackPointExtension>
        </extensions>
      </trkpt>
      <trkpt lat="30.54165766574442386627197265625" lon="104.04620801098644733428955078125">
        <ele>482</ele>
        <time>2026-09-21T13:53:03.000Z</time>
        <extensions>
          <ns3:TrackPointExtension>
            <ns3:hr>164</ns3:hr>
            <ns3:cad>92</ns3:cad>
          </ns3:TrackPointExtension>
        </extensions>
      </trkpt>
      <trkpt lat="30.54163604043424129486083984375" lon="104.046189822256565093994140625">
        <ele>482</ele>
        <time>2026-09-21T13:53:04.000Z</time>
        <extensions>
          <ns3:TrackPointExtension>
            <ns3:hr>165</ns3:hr>
            <ns3:cad>93</ns3:cad>
          </ns3:TrackPointExtension>
        </extensions>
      </trkpt>
      <trkpt lat="30.541613996028900146484375" lon="104.04617615975439548492431640625">
        <ele>482</ele>
        <time>2026-09-21T13:53:05.000Z</time>
        <extensions>
          <ns3:TrackPointExtension>
            <ns3:hr>165</ns3:hr>
            <ns3:cad>93</ns3:cad>
          </ns3:TrackPointExtension>
        </extensions>
      </trkpt>
      <trkpt lat="30.54159346036612987518310546875" lon="104.0461591444909572601318359375">
        <ele>482</ele>
        <time>2026-09-21T13:53:06.000Z</time>
        <extensions>
          <ns3:TrackPointExtension>
            <ns3:hr>164</ns3:hr>
            <ns3:cad>93</ns3:cad>
          </ns3:TrackPointExtension>
        </extensions>
      </trkpt>
      <trkpt lat="30.541572757065296173095703125" lon="104.04613877646625041961669921875">
        <ele>482</ele>
        <time>2026-09-21T13:53:07.000Z</time>
        <extensions>
          <ns3:TrackPointExtension>
            <ns3:hr>164</ns3:hr>
            <ns3:cad>92</ns3:cad>
          </ns3:TrackPointExtension>
        </extensions>
      </trkpt>
      <trkpt lat="30.5415521375834941864013671875" lon="104.04611916281282901763916015625">
        <ele>482</ele>
        <time>2026-09-21T13:53:08.000Z</time>
        <extensions>
          <ns3:TrackPointExtension>
            <ns3:hr>163</ns3:hr>
            <ns3:cad>92</ns3:cad>
          </ns3:TrackPointExtension>
        </extensions>
      </trkpt>
      <trkpt lat="30.54152942262589931488037109375" lon="104.04610055498778820037841796875">
        <ele>481.79998779296875</ele>
        <time>2026-09-21T13:53:09.000Z</time>
        <extensions>
          <ns3:TrackPointExtension>
            <ns3:hr>163</ns3:hr>
            <ns3:cad>92</ns3:cad>
          </ns3:TrackPointExtension>
        </extensions>
      </trkpt>
      <trkpt lat="30.54150930605828762054443359375" lon="104.04608194716274738311767578125">
        <ele>481.79998779296875</ele>
        <time>2026-09-21T13:53:10.000Z</time>
        <extensions>
          <ns3:TrackPointExtension>
            <ns3:hr>163</ns3:hr>
            <ns3:cad>92</ns3:cad>
          </ns3:TrackPointExtension>
        </extensions>
      </trkpt>
      <trkpt lat="30.5414857529103755950927734375" lon="104.0460585616528987884521484375">
        <ele>481.79998779296875</ele>
        <time>2026-09-21T13:53:11.000Z</time>
        <extensions>
          <ns3:TrackPointExtension>
            <ns3:hr>163</ns3:hr>
            <ns3:cad>92</ns3:cad>
          </ns3:TrackPointExtension>
        </extensions>
      </trkpt>
      <trkpt lat="30.541467480361461639404296875" lon="104.04603970237076282501220703125">
        <ele>481.79998779296875</ele>
        <time>2026-09-21T13:53:12.000Z</time>
        <extensions>
          <ns3:TrackPointExtension>
            <ns3:hr>163</ns3:hr>
            <ns3:cad>92</ns3:cad>
          </ns3:TrackPointExtension>
        </extensions>
      </trkpt>
      <trkpt lat="30.54144459776580333709716796875" lon="104.046017825603485107421875">
        <ele>481.79998779296875</ele>
        <time>2026-09-21T13:53:13.000Z</time>
        <extensions>
          <ns3:TrackPointExtension>
            <ns3:hr>163</ns3:hr>
            <ns3:cad>92</ns3:cad>
          </ns3:TrackPointExtension>
        </extensions>
      </trkpt>
      <trkpt lat="30.54142548702657222747802734375" lon="104.0460039116442203521728515625">
        <ele>481.79998779296875</ele>
        <time>2026-09-21T13:53:14.000Z</time>
        <extensions>
          <ns3:TrackPointExtension>
            <ns3:hr>163</ns3:hr>
            <ns3:cad>92</ns3:cad>
          </ns3:TrackPointExtension>
        </extensions>
      </trkpt>
      <trkpt lat="30.54139799438416957855224609375" lon="104.04597868211567401885986328125">
        <ele>481.79998779296875</ele>
        <time>2026-09-21T13:53:15.000Z</time>
        <extensions>
          <ns3:TrackPointExtension>
            <ns3:hr>162</ns3:hr>
            <ns3:cad>92</ns3:cad>
          </ns3:TrackPointExtension>
        </extensions>
      </trkpt>
      <trkpt lat="30.5413793027400970458984375" lon="104.04596275649964809417724609375">
        <ele>481.79998779296875</ele>
        <time>2026-09-21T13:53:16.000Z</time>
        <extensions>
          <ns3:TrackPointExtension>
            <ns3:hr>162</ns3:hr>
            <ns3:cad>92</ns3:cad>
          </ns3:TrackPointExtension>
        </extensions>
      </trkpt>
      <trkpt lat="30.54135658778250217437744140625" lon="104.04594004154205322265625">
        <ele>481.600006103515625</ele>
        <time>2026-09-21T13:53:17.000Z</time>
        <extensions>
          <ns3:TrackPointExtension>
            <ns3:hr>162</ns3:hr>
            <ns3:cad>92</ns3:cad>
          </ns3:TrackPointExtension>
        </extensions>
      </trkpt>
      <trkpt lat="30.5413389019668102264404296875" lon="104.04592319391667842864990234375">
        <ele>481.600006103515625</ele>
        <time>2026-09-21T13:53:18.000Z</time>
        <extensions>
          <ns3:TrackPointExtension>
            <ns3:hr>162</ns3:hr>
            <ns3:cad>92</ns3:cad>
          </ns3:TrackPointExtension>
        </extensions>
      </trkpt>
      <trkpt lat="30.54131367243826389312744140625" lon="104.04590458609163761138916015625">
        <ele>481.600006103515625</ele>
        <time>2026-09-21T13:53:19.000Z</time>
        <extensions>
          <ns3:TrackPointExtension>
            <ns3:hr>162</ns3:hr>
            <ns3:cad>92</ns3:cad>
          </ns3:TrackPointExtension>
        </extensions>
      </trkpt>
      <trkpt lat="30.54129472933709621429443359375" lon="104.04589151032269001007080078125">
        <ele>481.600006103515625</ele>
        <time>2026-09-21T13:53:20.000Z</time>
        <extensions>
          <ns3:TrackPointExtension>
            <ns3:hr>162</ns3:hr>
            <ns3:cad>92</ns3:cad>
          </ns3:TrackPointExtension>
        </extensions>
      </trkpt>
      <trkpt lat="30.54126941598951816558837890625" lon="104.0458711422979831695556640625">
        <ele>481.600006103515625</ele>
        <time>2026-09-21T13:53:21.000Z</time>
        <extensions>
          <ns3:TrackPointExtension>
            <ns3:hr>162</ns3:hr>
            <ns3:cad>92</ns3:cad>
          </ns3:TrackPointExtension>
        </extensions>
      </trkpt>
      <trkpt lat="30.54124854505062103271484375" lon="104.04586267657577991485595703125">
        <ele>481.600006103515625</ele>
        <time>2026-09-21T13:53:22.000Z</time>
        <extensions>
          <ns3:TrackPointExtension>
            <ns3:hr>162</ns3:hr>
            <ns3:cad>92</ns3:cad>
          </ns3:TrackPointExtension>
        </extensions>
      </trkpt>
      <trkpt lat="30.54122381843626499176025390625" lon="104.04584473930299282073974609375">
        <ele>481.600006103515625</ele>
        <time>2026-09-21T13:53:23.000Z</time>
        <extensions>
          <ns3:TrackPointExtension>
            <ns3:hr>162</ns3:hr>
            <ns3:cad>92</ns3:cad>
          </ns3:TrackPointExtension>
        </extensions>
      </trkpt>
      <trkpt lat="30.54120160639286041259765625" lon="104.04583786614239215850830078125">
        <ele>481.600006103515625</ele>
        <time>2026-09-21T13:53:24.000Z</time>
        <extensions>
          <ns3:TrackPointExtension>
            <ns3:hr>162</ns3:hr>
            <ns3:cad>92</ns3:cad>
          </ns3:TrackPointExtension>
        </extensions>
      </trkpt>
      <trkpt lat="30.5411705933511257171630859375" lon="104.0458215214312076568603515625">
        <ele>481.600006103515625</ele>
        <time>2026-09-21T13:53:25.000Z</time>
        <extensions>
          <ns3:TrackPointExtension>
            <ns3:hr>162</ns3:hr>
            <ns3:cad>92</ns3:cad>
          </ns3:TrackPointExtension>
        </extensions>
      </trkpt>
      <trkpt lat="30.541145615279674530029296875" lon="104.04581598937511444091796875">
        <ele>481.600006103515625</ele>
        <time>2026-09-21T13:53:26.000Z</time>
        <extensions>
          <ns3:TrackPointExtension>
            <ns3:hr>162</ns3:hr>
            <ns3:cad>92</ns3:cad>
          </ns3:TrackPointExtension>
        </extensions>
      </trkpt>
      <trkpt lat="30.54111803881824016571044921875" lon="104.04580282978713512420654296875">
        <ele>481.399993896484375</ele>
        <time>2026-09-21T13:53:27.000Z</time>
        <extensions>
          <ns3:TrackPointExtension>
            <ns3:hr>162</ns3:hr>
            <ns3:cad>90</ns3:cad>
          </ns3:TrackPointExtension>
        </extensions>
      </trkpt>
      <trkpt lat="30.54109674878418445587158203125" lon="104.04580199159681797027587890625">
        <ele>481.399993896484375</ele>
        <time>2026-09-21T13:53:28.000Z</time>
        <extensions>
          <ns3:TrackPointExtension>
            <ns3:hr>161</ns3:hr>
            <ns3:cad>90</ns3:cad>
          </ns3:TrackPointExtension>
        </extensions>
      </trkpt>
      <trkpt lat="30.54106925614178180694580078125" lon="104.0457990579307079315185546875">
        <ele>481.399993896484375</ele>
        <time>2026-09-21T13:53:29.000Z</time>
        <extensions>
          <ns3:TrackPointExtension>
            <ns3:hr>162</ns3:hr>
            <ns3:cad>90</ns3:cad>
          </ns3:TrackPointExtension>
        </extensions>
      </trkpt>
      <trkpt lat="30.54105366580188274383544921875" lon="104.0458024106919765472412109375">
        <ele>481.399993896484375</ele>
        <time>2026-09-21T13:53:30.000Z</time>
        <extensions>
          <ns3:TrackPointExtension>
            <ns3:hr>162</ns3:hr>
            <ns3:cad>90</ns3:cad>
          </ns3:TrackPointExtension>
        </extensions>
      </trkpt>
      <trkpt lat="30.541026927530765533447265625" lon="104.04580526053905487060546875">
        <ele>481.399993896484375</ele>
        <time>2026-09-21T13:53:31.000Z</time>
        <extensions>
          <ns3:TrackPointExtension>
            <ns3:hr>162</ns3:hr>
            <ns3:cad>90</ns3:cad>
          </ns3:TrackPointExtension>
        </extensions>
      </trkpt>
      <trkpt lat="30.54101041518151760101318359375" lon="104.0458148159086704254150390625">
        <ele>481.399993896484375</ele>
        <time>2026-09-21T13:53:32.000Z</time>
        <extensions>
          <ns3:TrackPointExtension>
            <ns3:hr>162</ns3:hr>
            <ns3:cad>90</ns3:cad>
          </ns3:TrackPointExtension>
        </extensions>
      </trkpt>
      <trkpt lat="30.54098434746265411376953125" lon="104.0458201803267002105712890625">
        <ele>481.20001220703125</ele>
        <time>2026-09-21T13:53:33.000Z</time>
        <extensions>
          <ns3:TrackPointExtension>
            <ns3:hr>161</ns3:hr>
            <ns3:cad>90</ns3:cad>
          </ns3:TrackPointExtension>
        </extensions>
      </trkpt>
      <trkpt lat="30.54096288979053497314453125" lon="104.04583283700048923492431640625">
        <ele>481.20001220703125</ele>
        <time>2026-09-21T13:53:34.000Z</time>
        <extensions>
          <ns3:TrackPointExtension>
            <ns3:hr>161</ns3:hr>
            <ns3:cad>90</ns3:cad>
          </ns3:TrackPointExtension>
        </extensions>
      </trkpt>
      <trkpt lat="30.54093464277684688568115234375" lon="104.045843146741390228271484375">
        <ele>481</ele>
        <time>2026-09-21T13:53:35.000Z</time>
        <extensions>
          <ns3:TrackPointExtension>
            <ns3:hr>161</ns3:hr>
            <ns3:cad>89</ns3:cad>
          </ns3:TrackPointExtension>
        </extensions>
      </trkpt>
      <trkpt lat="30.54091930389404296875" lon="104.04585622251033782958984375">
        <ele>480.600006103515625</ele>
        <time>2026-09-21T13:53:36.000Z</time>
        <extensions>
          <ns3:TrackPointExtension>
            <ns3:hr>160</ns3:hr>
            <ns3:cad>89</ns3:cad>
          </ns3:TrackPointExtension>
        </extensions>
      </trkpt>
      <trkpt lat="30.54090388119220733642578125" lon="104.04588145203888416290283203125">
        <ele>480.399993896484375</ele>
        <time>2026-09-21T13:53:37.000Z</time>
        <extensions>
          <ns3:TrackPointExtension>
            <ns3:hr>160</ns3:hr>
            <ns3:cad>88</ns3:cad>
          </ns3:TrackPointExtension>
        </extensions>
      </trkpt>
      <trkpt lat="30.54090480320155620574951171875" lon="104.0459036640822887420654296875">
        <ele>480.20001220703125</ele>
        <time>2026-09-21T13:53:38.000Z</time>
        <extensions>
          <ns3:TrackPointExtension>
            <ns3:hr>160</ns3:hr>
            <ns3:cad>88</ns3:cad>
          </ns3:TrackPointExtension>
        </extensions>
      </trkpt>
      <trkpt lat="30.54091117344796657562255859375" lon="104.04593534767627716064453125">
        <ele>480</ele>
        <time>2026-09-21T13:53:39.000Z</time>
        <extensions>
          <ns3:TrackPointExtension>
            <ns3:hr>161</ns3:hr>
            <ns3:cad>88</ns3:cad>
          </ns3:TrackPointExtension>
        </extensions>
      </trkpt>
      <trkpt lat="30.5409288592636585235595703125" lon="104.04595772735774517059326171875">
        <ele>479.79998779296875</ele>
        <time>2026-09-21T13:53:40.000Z</time>
        <extensions>
          <ns3:TrackPointExtension>
            <ns3:hr>160</ns3:hr>
            <ns3:cad>89</ns3:cad>
          </ns3:TrackPointExtension>
        </extensions>
      </trkpt>
      <trkpt lat="30.54094352759420871734619140625" lon="104.04599091969430446624755859375">
        <ele>479.600006103515625</ele>
        <time>2026-09-21T13:53:41.000Z</time>
        <extensions>
          <ns3:TrackPointExtension>
            <ns3:hr>160</ns3:hr>
            <ns3:cad>88</ns3:cad>
          </ns3:TrackPointExtension>
        </extensions>
      </trkpt>
      <trkpt lat="30.54095040075480937957763671875" lon="104.046017490327358245849609375">
        <ele>479.399993896484375</ele>
        <time>2026-09-21T13:53:42.000Z</time>
        <extensions>
          <ns3:TrackPointExtension>
            <ns3:hr>160</ns3:hr>
            <ns3:cad>89</ns3:cad>
          </ns3:TrackPointExtension>
        </extensions>
      </trkpt>
      <trkpt lat="30.5409486405551433563232421875" lon="104.04605562798678874969482421875">
        <ele>479</ele>
        <time>2026-09-21T13:53:43.000Z</time>
        <extensions>
          <ns3:TrackPointExtension>
            <ns3:hr>160</ns3:hr>
            <ns3:cad>90</ns3:cad>
          </ns3:TrackPointExtension>
        </extensions>
      </trkpt>
      <trkpt lat="30.54094470106065273284912109375" lon="104.0460840426385402679443359375">
        <ele>478.79998779296875</ele>
        <time>2026-09-21T13:53:44.000Z</time>
        <extensions>
          <ns3:TrackPointExtension>
            <ns3:hr>161</ns3:hr>
            <ns3:cad>90</ns3:cad>
          </ns3:TrackPointExtension>
        </extensions>
      </trkpt>
      <trkpt lat="30.5409286916255950927734375" lon="104.04611748643219470977783203125">
        <ele>478.600006103515625</ele>
        <time>2026-09-21T13:53:45.000Z</time>
        <extensions>
          <ns3:TrackPointExtension>
            <ns3:hr>160</ns3:hr>
            <ns3:cad>90</ns3:cad>
          </ns3:TrackPointExtension>
        </extensions>
      </trkpt>
      <trkpt lat="30.54091050289571285247802734375" lon="104.04614145867526531219482421875">
        <ele>478.399993896484375</ele>
        <time>2026-09-21T13:53:46.000Z</time>
        <extensions>
          <ns3:TrackPointExtension>
            <ns3:hr>160</ns3:hr>
            <ns3:cad>90</ns3:cad>
          </ns3:TrackPointExtension>
        </extensions>
      </trkpt>
      <trkpt lat="30.54088183678686618804931640625" lon="104.0461645089089870452880859375">
        <ele>478.20001220703125</ele>
        <time>2026-09-21T13:53:47.000Z</time>
        <extensions>
          <ns3:TrackPointExtension>
            <ns3:hr>160</ns3:hr>
            <ns3:cad>90</ns3:cad>
          </ns3:TrackPointExtension>
        </extensions>
      </trkpt>
      <trkpt lat="30.5408514104783535003662109375" lon="104.04617582447826862335205078125">
        <ele>478</ele>
        <time>2026-09-21T13:53:48.000Z</time>
        <extensions>
          <ns3:TrackPointExtension>
            <ns3:hr>159</ns3:hr>
            <ns3:cad>89</ns3:cad>
          </ns3:TrackPointExtension>
        </extensions>
      </trkpt>
      <trkpt lat="30.5408187210559844970703125" lon="104.0461806021630764007568359375">
        <ele>477.600006103515625</ele>
        <time>2026-09-21T13:53:49.000Z</time>
        <extensions>
          <ns3:TrackPointExtension>
            <ns3:hr>159</ns3:hr>
            <ns3:cad>89</ns3:cad>
          </ns3:TrackPointExtension>
        </extensions>
      </trkpt>
      <trkpt lat="30.54079064168035984039306640625" lon="104.04618470929563045501708984375">
        <ele>477.399993896484375</ele>
        <time>2026-09-21T13:53:50.000Z</time>
        <extensions>
          <ns3:TrackPointExtension>
            <ns3:hr>159</ns3:hr>
            <ns3:cad>89</ns3:cad>
          </ns3:TrackPointExtension>
        </extensions>
      </trkpt>
      <trkpt lat="30.54075744934380054473876953125" lon="104.04617180116474628448486328125">
        <ele>477.20001220703125</ele>
        <time>2026-09-21T13:53:51.000Z</time>
        <extensions>
          <ns3:TrackPointExtension>
            <ns3:hr>159</ns3:hr>
            <ns3:cad>90</ns3:cad>
          </ns3:TrackPointExtension>
        </extensions>
      </trkpt>
      <trkpt lat="30.54073180072009563446044921875" lon="104.046164341270923614501953125">
        <ele>477</ele>
        <time>2026-09-21T13:53:52.000Z</time>
        <extensions>
          <ns3:TrackPointExtension>
            <ns3:hr>159</ns3:hr>
            <ns3:cad>90</ns3:cad>
          </ns3:TrackPointExtension>
        </extensions>
      </trkpt>
      <trkpt lat="30.5407042242586612701416015625" lon="104.0461425483226776123046875">
        <ele>476.79998779296875</ele>
        <time>2026-09-21T13:53:53.000Z</time>
        <extensions>
          <ns3:TrackPointExtension>
            <ns3:hr>159</ns3:hr>
            <ns3:cad>90</ns3:cad>
          </ns3:TrackPointExtension>
        </extensions>
      </trkpt>
      <trkpt lat="30.54068586789071559906005859375" lon="104.0461246110498905181884765625">
        <ele>476.600006103515625</ele>
        <time>2026-09-21T13:53:54.000Z</time>
        <extensions>
          <ns3:TrackPointExtension>
            <ns3:hr>159</ns3:hr>
            <ns3:cad>90</ns3:cad>
          </ns3:TrackPointExtension>
        </extensions>
      </trkpt>
      <trkpt lat="30.5406696908175945281982421875" lon="104.0460957773029804229736328125">
        <ele>476.399993896484375</ele>
        <time>2026-09-21T13:53:55.000Z</time>
        <extensions>
          <ns3:TrackPointExtension>
            <ns3:hr>159</ns3:hr>
            <ns3:cad>90</ns3:cad>
          </ns3:TrackPointExtension>
        </extensions>
      </trkpt>
      <trkpt lat="30.54065443575382232666015625" lon="104.04607322998344898223876953125">
        <ele>476.20001220703125</ele>
        <time>2026-09-21T13:53:56.000Z</time>
        <extensions>
          <ns3:TrackPointExtension>
            <ns3:hr>159</ns3:hr>
            <ns3:cad>90</ns3:cad>
          </ns3:TrackPointExtension>
        </extensions>
      </trkpt>
      <trkpt lat="30.54064345546066761016845703125" lon="104.04603718779981136322021484375">
        <ele>476</ele>
        <time>2026-09-21T13:53:57.000Z</time>
        <extensions>
          <ns3:TrackPointExtension>
            <ns3:hr>159</ns3:hr>
            <ns3:cad>91</ns3:cad>
          </ns3:TrackPointExtension>
        </extensions>
      </trkpt>
      <trkpt lat="30.54063172079622745513916015625" lon="104.046007432043552398681640625">
        <ele>475.600006103515625</ele>
        <time>2026-09-21T13:53:58.000Z</time>
        <extensions>
          <ns3:TrackPointExtension>
            <ns3:hr>158</ns3:hr>
            <ns3:cad>92</ns3:cad>
          </ns3:TrackPointExtension>
        </extensions>
      </trkpt>
      <trkpt lat="30.54062166251242160797119140625" lon="104.045973233878612518310546875">
        <ele>475.600006103515625</ele>
        <time>2026-09-21T13:53:59.000Z</time>
        <extensions>
          <ns3:TrackPointExtension>
            <ns3:hr>158</ns3:hr>
            <ns3:cad>91</ns3:cad>
          </ns3:TrackPointExtension>
        </extensions>
      </trkpt>
      <trkpt lat="30.5406106822192668914794921875" lon="104.0459519438445568084716796875">
        <ele>475.399993896484375</ele>
        <time>2026-09-21T13:54:00.000Z</time>
        <extensions>
          <ns3:TrackPointExtension>
            <ns3:hr>158</ns3:hr>
            <ns3:cad>90</ns3:cad>
          </ns3:TrackPointExtension>
        </extensions>
      </trkpt>
    </trkseg>
  </trk>
</gpx>
