<gpx xmlns:ns3="http://www.garmin.com/xmlschemas/TrackPointExtension/v1" xmlns="http://www.topografix.com/GPX/1/1" xmlns:xsi="http://www.w3.org/2001/XMLSchema-instance" xmlns:ns2="http://www.garmin.com/xmlschemas/GpxExtensions/v3" creator="Garmin Connect" version="1.1" xsi:schemaLocation="http://www.topografix.com/GPX/1/1 http://www.topografix.com/GPX/11.xsd">
  <extensions>
<distance>3138.6</distance>
<average_hr>159.0</average_hr>
<average_speed>3.0429999828338627</average_speed>
<start_time>2026-10-03T01:13:31+00:00</start_time>
<end_time>2026-10-03T01:30:42.528000+00:00</end_time>
<moving_time>1003.249</moving_time>
<elapsed_time>1031.528</elapsed_time>
<calories>208.0</calories>
<elevation_loss>5.0</elevation_loss>
<min_elevation>397.6</min_elevation>
<max_elevation>403.8</max_elevation>
<avg_power>278.0</avg_power>
<max_power>372.0</max_power>
<aerobic_te>3.0</aerobic_te>
<anaerobic_te>0.10000000149011612</anaerobic_te>
<avg_stride_length>107.2</avg_stride_length>
<hr_zones>[{"zone": 1, "seconds": 20.001, "low_boundary": 103}, {"zone": 2, "seconds": 34.0, "low_boundary": 121}, {"zone": 3, "seconds": 344.976, "low_boundary": 137}, {"zone": 4, "seconds": 622.976, "low_boundary": 161}, {"zone": 5, "seconds": 0.0, "low_boundary": 177}]</hr_zones>
</extensions>
<metadata>
    <link href="connect.garmin.com">
      <text>Garmin Connect</text>
    </link>
    <time>2026-10-03T01:13:31.000Z</time>
  </metadata>
  <trk>
    <name>眉山市 跑步</name>
    <type>running</type>
    <trkseg>
      <trkpt lat="29.98434643261134624481201171875" lon="103.83036713115870952606201171875">
        <ele>403.600006103515625</ele>
        <time>2026-10-03T01:13:31.000Z</time>
        <extensions>
          <ns3:TrackPointExtension>
            <ns3:hr>93</ns3:hr>
            <ns3:cad>0</ns3:cad>
          </ns3:TrackPointExtension>
        </extensions>
      </trkpt>
      <trkpt lat="29.98433151282370090484619140625" lon="103.830361850559711456298828125">
        <ele>403.79998779296875</ele>
        <time>2026-10-03T01:13:32.000Z</time>
        <extensions>
          <ns3:TrackPointExtension>
            <ns3:hr>94</ns3:hr>
            <ns3:cad>0</ns3:cad>
          </ns3:TrackPointExtension>
        </extensions>
      </trkpt>
      <trkpt lat="29.98433872126042842864990234375" lon="103.8303781114518642425537109375">
        <ele>403.79998779296875</ele>
        <time>2026-10-03T01:13:33.000Z</time>
        <extensions>
          <ns3:TrackPointExtension>
            <ns3:hr>94</ns3:hr>
            <ns3:cad>0</ns3:cad>
          </ns3:TrackPointExtension>
        </extensions>
      </trkpt>
      <trkpt lat="29.98434391804039478302001953125" lon="103.8304076157510280609130859375">
        <ele>403.600006103515625</ele>
        <time>2026-10-03T01:13:34.000Z</time>
        <extensions>
          <ns3:TrackPointExtension>
            <ns3:hr>95</ns3:hr>
            <ns3:cad>0</ns3:cad>
          </ns3:TrackPointExtension>
        </extensions>
      </trkpt>
      <trkpt lat="29.984352551400661468505859375" lon="103.83043251000344753265380859375">
        <ele>403.600006103515625</ele>
        <time>2026-10-03T01:13:35.000Z</time>
        <extensions>
          <ns3:TrackPointExtension>
            <ns3:hr>95</ns3:hr>
            <ns3:cad>0</ns3:cad>
          </ns3:TrackPointExtension>
        </extensions>
      </trkpt>
      <trkpt lat="29.98436068184673786163330078125" lon="103.830465115606784820556640625">
        <ele>403.600006103515625</ele>
        <time>2026-10-03T01:13:36.000Z</time>
        <extensions>
          <ns3:TrackPointExtension>
            <ns3:hr>96</ns3:hr>
            <ns3:cad>0</ns3:cad>
          </ns3:TrackPointExtension>
        </extensions>
      </trkpt>
      <trkpt lat="29.984368644654750823974609375" lon="103.8304956257343292236328125">
        <ele>403.600006103515625</ele>
        <time>2026-10-03T01:13:37.000Z</time>
        <extensions>
          <ns3:TrackPointExtension>
            <ns3:hr>97</ns3:hr>
            <ns3:cad>0</ns3:cad>
          </ns3:TrackPointExtension>
        </extensions>
      </trkpt>
      <trkpt lat="29.98436805792152881622314453125" lon="103.83053443394601345062255859375">
        <ele>403.399993896484375</ele>
        <time>2026-10-03T01:13:38.000Z</time>
        <extensions>
          <ns3:TrackPointExtension>
            <ns3:hr>98</ns3:hr>
            <ns3:cad>0</ns3:cad>
          </ns3:TrackPointExtension>
        </extensions>
      </trkpt>
      <trkpt lat="29.98437794856727123260498046875" lon="103.8305658660829067230224609375">
        <ele>403.399993896484375</ele>
        <time>2026-10-03T01:13:39.000Z</time>
        <extensions>
          <ns3:TrackPointExtension>
            <ns3:hr>99</ns3:hr>
            <ns3:cad>0</ns3:cad>
          </ns3:TrackPointExtension>
        </extensions>
      </trkpt>
      <trkpt lat="29.9843785353004932403564453125" lon="103.83061540313065052032470703125">
        <ele>403.399993896484375</ele>
        <time>2026-10-03T01:13:40.000Z</time>
        <extensions>
          <ns3:TrackPointExtension>
            <ns3:hr>101</ns3:hr>
            <ns3:cad>0</ns3:cad>
          </ns3:TrackPointExtension>
        </extensions>
      </trkpt>
      <trkpt lat="29.9843842349946498870849609375" lon="103.8306483440101146697998046875">
        <ele>403.399993896484375</ele>
        <time>2026-10-03T01:13:41.000Z</time>
        <extensions>
          <ns3:TrackPointExtension>
            <ns3:hr>103</ns3:hr>
            <ns3:cad>87</ns3:cad>
          </ns3:TrackPointExtension>
        </extensions>
      </trkpt>
      <trkpt lat="29.98438842594623565673828125" lon="103.8306872360408306121826171875">
        <ele>403.399993896484375</ele>
        <time>2026-10-03T01:13:42.000Z</time>
        <extensions>
          <ns3:TrackPointExtension>
            <ns3:hr>105</ns3:hr>
            <ns3:cad>87</ns3:cad>
          </ns3:TrackPointExtension>
        </extensions>
      </trkpt>
      <trkpt lat="29.98439236544072628021240234375" lon="103.8307257927954196929931640625">
        <ele>403.399993896484375</ele>
        <time>2026-10-03T01:13:43.000Z</time>
        <extensions>
          <ns3:TrackPointExtension>
            <ns3:hr>106</ns3:hr>
            <ns3:cad>87</ns3:cad>
          </ns3:TrackPointExtension>
        </extensions>
      </trkpt>
      <trkpt lat="29.98441868461668491363525390625" lon="103.83074984885752201080322265625">
        <ele>403.600006103515625</ele>
        <time>2026-10-03T01:13:44.000Z</time>
        <extensions>
          <ns3:TrackPointExtension>
            <ns3:hr>107</ns3:hr>
            <ns3:cad>88</ns3:cad>
          </ns3:TrackPointExtension>
        </extensions>
      </trkpt>
      <trkpt lat="29.98443578369915485382080078125" lon="103.83075772784650325775146484375">
        <ele>403.600006103515625</ele>
        <time>2026-10-03T01:13:45.000Z</time>
        <extensions>
          <ns3:TrackPointExtension>
            <ns3:hr>108</ns3:hr>
            <ns3:cad>88</ns3:cad>
          </ns3:TrackPointExtension>
        </extensions>
      </trkpt>
      <trkpt lat="29.9844549782574176788330078125" lon="103.83076108060777187347412109375">
        <ele>403.600006103515625</ele>
        <time>2026-10-03T01:13:46.000Z</time>
        <extensions>
          <ns3:TrackPointExtension>
            <ns3:hr>109</ns3:hr>
            <ns3:cad>88</ns3:cad>
          </ns3:TrackPointExtension>
        </extensions>
      </trkpt>
      <trkpt lat="29.984471239149570465087890625" lon="103.83077147416770458221435546875">
        <ele>403.600006103515625</ele>
        <time>2026-10-03T01:13:47.000Z</time>
        <extensions>
          <ns3:TrackPointExtension>
            <ns3:hr>109</ns3:hr>
            <ns3:cad>88</ns3:cad>
          </ns3:TrackPointExtension>
        </extensions>
      </trkpt>
      <trkpt lat="29.98448020778596401214599609375" lon="103.8307871483266353607177734375">
        <ele>403.600006103515625</ele>
        <time>2026-10-03T01:13:48.000Z</time>
        <extensions>
          <ns3:TrackPointExtension>
            <ns3:hr>111</ns3:hr>
            <ns3:cad>88</ns3:cad>
          </ns3:TrackPointExtension>
        </extensions>
      </trkpt>
      <trkpt lat="29.9844851531088352203369140625" lon="103.8308065943419933319091796875">
        <ele>403.399993896484375</ele>
        <time>2026-10-03T01:13:49.000Z</time>
        <extensions>
          <ns3:TrackPointExtension>
            <ns3:hr>112</ns3:hr>
            <ns3:cad>88</ns3:cad>
          </ns3:TrackPointExtension>
        </extensions>
      </trkpt>
      <trkpt lat="29.98447752557694911956787109375" lon="103.83081539534032344818115234375">
        <ele>403.399993896484375</ele>
        <time>2026-10-03T01:13:50.000Z</time>
        <extensions>
          <ns3:TrackPointExtension>
            <ns3:hr>113</ns3:hr>
            <ns3:cad>88</ns3:cad>
          </ns3:TrackPointExtension>
        </extensions>
      </trkpt>
      <trkpt lat="29.98443041928112506866455078125" lon="103.83081137202680110931396484375">
        <ele>403.399993896484375</ele>
        <time>2026-10-03T01:13:51.000Z</time>
        <extensions>
          <ns3:TrackPointExtension>
            <ns3:hr>114</ns3:hr>
            <ns3:cad>88</ns3:cad>
          </ns3:TrackPointExtension>
        </extensions>
      </trkpt>
      <trkpt lat="29.98441214673221111297607421875" lon="103.83082578890025615692138671875">
        <ele>403.20001220703125</ele>
        <time>2026-10-03T01:13:52.000Z</time>
        <extensions>
          <ns3:TrackPointExtension>
            <ns3:hr>114</ns3:hr>
            <ns3:cad>88</ns3:cad>
          </ns3:TrackPointExtension>
        </extensions>
      </trkpt>
      <trkpt lat="29.984397478401660919189453125" lon="103.83085596375167369842529296875">
        <ele>403.399993896484375</ele>
        <time>2026-10-03T01:13:53.000Z</time>
        <extensions>
          <ns3:TrackPointExtension>
            <ns3:hr>115</ns3:hr>
            <ns3:cad>88</ns3:cad>
          </ns3:TrackPointExtension>
        </extensions>
      </trkpt>
      <trkpt lat="29.98438079841434955596923828125" lon="103.830882199108600616455078125">
        <ele>403.399993896484375</ele>
        <time>2026-10-03T01:13:54.000Z</time>
        <extensions>
          <ns3:TrackPointExtension>
            <ns3:hr>116</ns3:hr>
            <ns3:cad>88</ns3:cad>
          </ns3:TrackPointExtension>
        </extensions>
      </trkpt>
      <trkpt lat="29.98435012064874172210693359375" lon="103.830904327332973480224609375">
        <ele>403.399993896484375</ele>
        <time>2026-10-03T01:13:55.000Z</time>
        <extensions>
          <ns3:TrackPointExtension>
            <ns3:hr>117</ns3:hr>
            <ns3:cad>90</ns3:cad>
          </ns3:TrackPointExtension>
        </extensions>
      </trkpt>
      <trkpt lat="29.98432178981602191925048828125" lon="103.83092251606285572052001953125">
        <ele>403.399993896484375</ele>
        <time>2026-10-03T01:13:56.000Z</time>
        <extensions>
          <ns3:TrackPointExtension>
            <ns3:hr>116</ns3:hr>
            <ns3:cad>90</ns3:cad>
          </ns3:TrackPointExtension>
        </extensions>
      </trkpt>
      <trkpt lat="29.98428373597562313079833984375" lon="103.8309356756508350372314453125">
        <ele>403.399993896484375</ele>
        <time>2026-10-03T01:13:57.000Z</time>
        <extensions>
          <ns3:TrackPointExtension>
            <ns3:hr>117</ns3:hr>
            <ns3:cad>90</ns3:cad>
          </ns3:TrackPointExtension>
        </extensions>
      </trkpt>
      <trkpt lat="29.9842514656484127044677734375" lon="103.83094489574432373046875">
        <ele>403.20001220703125</ele>
        <time>2026-10-03T01:13:58.000Z</time>
        <extensions>
          <ns3:TrackPointExtension>
            <ns3:hr>118</ns3:hr>
            <ns3:cad>90</ns3:cad>
          </ns3:TrackPointExtension>
        </extensions>
      </trkpt>
      <trkpt lat="29.98421852476894855499267578125" lon="103.830947913229465484619140625">
        <ele>403.20001220703125</ele>
        <time>2026-10-03T01:13:59.000Z</time>
        <extensions>
          <ns3:TrackPointExtension>
            <ns3:hr>119</ns3:hr>
            <ns3:cad>90</ns3:cad>
          </ns3:TrackPointExtension>
        </extensions>
      </trkpt>
      <trkpt lat="29.98418767936527729034423828125" lon="103.83095419965684413909912109375">
        <ele>403.20001220703125</ele>
        <time>2026-10-03T01:14:00.000Z</time>
        <extensions>
          <ns3:TrackPointExtension>
            <ns3:hr>120</ns3:hr>
            <ns3:cad>90</ns3:cad>
          </ns3:TrackPointExtension>
        </extensions>
      </trkpt>
      <trkpt lat="29.984144009649753570556640625" lon="103.83095906116068363189697265625">
        <ele>403.20001220703125</ele>
        <time>2026-10-03T01:14:01.000Z</time>
        <extensions>
          <ns3:TrackPointExtension>
            <ns3:hr>122</ns3:hr>
            <ns3:cad>90</ns3:cad>
          </ns3:TrackPointExtension>
        </extensions>
      </trkpt>
      <trkpt lat="29.98411039821803569793701171875" lon="103.83096207864582538604736328125">
        <ele>403.399993896484375</ele>
        <time>2026-10-03T01:14:02.000Z</time>
        <extensions>
          <ns3:TrackPointExtension>
            <ns3:hr>123</ns3:hr>
            <ns3:cad>90</ns3:cad>
          </ns3:TrackPointExtension>
        </extensions>
      </trkpt>
      <trkpt lat="29.98407728970050811767578125" lon="103.83095772005617618560791015625">
        <ele>403.399993896484375</ele>
        <time>2026-10-03T01:14:03.000Z</time>
        <extensions>
          <ns3:TrackPointExtension>
            <ns3:hr>125</ns3:hr>
            <ns3:cad>90</ns3:cad>
          </ns3:TrackPointExtension>
        </extensions>
      </trkpt>
      <trkpt lat="29.98404535464942455291748046875" lon="103.8309527747333049774169921875">
        <ele>403.20001220703125</ele>
        <time>2026-10-03T01:14:04.000Z</time>
        <extensions>
          <ns3:TrackPointExtension>
            <ns3:hr>126</ns3:hr>
            <ns3:cad>90</ns3:cad>
          </ns3:TrackPointExtension>
        </extensions>
      </trkpt>
      <trkpt lat="29.98401719145476818084716796875" lon="103.830939196050167083740234375">
        <ele>403.20001220703125</ele>
        <time>2026-10-03T01:14:05.000Z</time>
        <extensions>
          <ns3:TrackPointExtension>
            <ns3:hr>127</ns3:hr>
            <ns3:cad>90</ns3:cad>
          </ns3:TrackPointExtension>
        </extensions>
      </trkpt>
      <trkpt lat="29.98398986645042896270751953125" lon="103.830918408930301666259765625">
        <ele>403.20001220703125</ele>
        <time>2026-10-03T01:14:06.000Z</time>
        <extensions>
          <ns3:TrackPointExtension>
            <ns3:hr>128</ns3:hr>
            <ns3:cad>90</ns3:cad>
          </ns3:TrackPointExtension>
        </extensions>
      </trkpt>
      <trkpt lat="29.98397444374859333038330078125" lon="103.830890245735645294189453125">
        <ele>403.20001220703125</ele>
        <time>2026-10-03T01:14:07.000Z</time>
        <extensions>
          <ns3:TrackPointExtension>
            <ns3:hr>129</ns3:hr>
            <ns3:cad>90</ns3:cad>
          </ns3:TrackPointExtension>
        </extensions>
      </trkpt>
      <trkpt lat="29.98395717702805995941162109375" lon="103.83085629902780055999755859375">
        <ele>403.399993896484375</ele>
        <time>2026-10-03T01:14:08.000Z</time>
        <extensions>
          <ns3:TrackPointExtension>
            <ns3:hr>130</ns3:hr>
            <ns3:cad>90</ns3:cad>
          </ns3:TrackPointExtension>
        </extensions>
      </trkpt>
      <trkpt lat="29.98395382426679134368896484375" lon="103.8308153115212917327880859375">
        <ele>403.399993896484375</ele>
        <time>2026-10-03T01:14:09.000Z</time>
        <extensions>
          <ns3:TrackPointExtension>
            <ns3:hr>131</ns3:hr>
            <ns3:cad>91</ns3:cad>
          </ns3:TrackPointExtension>
        </extensions>
      </trkpt>
      <trkpt lat="29.9839470349252223968505859375" lon="103.8307770900428295135498046875">
        <ele>403.399993896484375</ele>
        <time>2026-10-03T01:14:10.000Z</time>
        <extensions>
          <ns3:TrackPointExtension>
            <ns3:hr>131</ns3:hr>
            <ns3:cad>91</ns3:cad>
          </ns3:TrackPointExtension>
        </extensions>
      </trkpt>
      <trkpt lat="29.98394309543073177337646484375" lon="103.8307355158030986785888671875">
        <ele>403.399993896484375</ele>
        <time>2026-10-03T01:14:11.000Z</time>
        <extensions>
          <ns3:TrackPointExtension>
            <ns3:hr>132</ns3:hr>
            <ns3:cad>90</ns3:cad>
          </ns3:TrackPointExtension>
        </extensions>
      </trkpt>
      <trkpt lat="29.98393806628882884979248046875" lon="103.83069813251495361328125">
        <ele>403.399993896484375</ele>
        <time>2026-10-03T01:14:12.000Z</time>
        <extensions>
          <ns3:TrackPointExtension>
            <ns3:hr>133</ns3:hr>
            <ns3:cad>90</ns3:cad>
          </ns3:TrackPointExtension>
        </extensions>
      </trkpt>
      <trkpt lat="29.98394259251654148101806640625" lon="103.8306557200849056243896484375">
        <ele>403.399993896484375</ele>
        <time>2026-10-03T01:14:13.000Z</time>
        <extensions>
          <ns3:TrackPointExtension>
            <ns3:hr>134</ns3:hr>
            <ns3:cad>90</ns3:cad>
          </ns3:TrackPointExtension>
        </extensions>
      </trkpt>
      <trkpt lat="29.9839369766414165496826171875" lon="103.83061741478741168975830078125">
        <ele>403.399993896484375</ele>
        <time>2026-10-03T01:14:14.000Z</time>
        <extensions>
          <ns3:TrackPointExtension>
            <ns3:hr>135</ns3:hr>
            <ns3:cad>89</ns3:cad>
          </ns3:TrackPointExtension>
        </extensions>
      </trkpt>
      <trkpt lat="29.9839356355369091033935546875" lon="103.83056863211095333099365234375">
        <ele>403.399993896484375</ele>
        <time>2026-10-03T01:14:15.000Z</time>
        <extensions>
          <ns3:TrackPointExtension>
            <ns3:hr>136</ns3:hr>
            <ns3:cad>89</ns3:cad>
          </ns3:TrackPointExtension>
        </extensions>
      </trkpt>
      <trkpt lat="29.98393404297530651092529296875" lon="103.8305289857089519500732421875">
        <ele>403.399993896484375</ele>
        <time>2026-10-03T01:14:16.000Z</time>
        <extensions>
          <ns3:TrackPointExtension>
            <ns3:hr>137</ns3:hr>
            <ns3:cad>89</ns3:cad>
          </ns3:TrackPointExtension>
        </extensions>
      </trkpt>
      <trkpt lat="29.98392633162438869476318359375" lon="103.830491602420806884765625">
        <ele>403.600006103515625</ele>
        <time>2026-10-03T01:14:17.000Z</time>
        <extensions>
          <ns3:TrackPointExtension>
            <ns3:hr>138</ns3:hr>
            <ns3:cad>90</ns3:cad>
          </ns3:TrackPointExtension>
        </extensions>
      </trkpt>
      <trkpt lat="29.983920045197010040283203125" lon="103.830451704561710357666015625">
        <ele>403.600006103515625</ele>
        <time>2026-10-03T01:14:18.000Z</time>
        <extensions>
          <ns3:TrackPointExtension>
            <ns3:hr>139</ns3:hr>
            <ns3:cad>90</ns3:cad>
          </ns3:TrackPointExtension>
        </extensions>
      </trkpt>
      <trkpt lat="29.9839151836931705474853515625" lon="103.8304193504154682159423828125">
        <ele>403.600006103515625</ele>
        <time>2026-10-03T01:14:19.000Z</time>
        <extensions>
          <ns3:TrackPointExtension>
            <ns3:hr>140</ns3:hr>
            <ns3:cad>90</ns3:cad>
          </ns3:TrackPointExtension>
        </extensions>
      </trkpt>
      <trkpt lat="29.98391409404575824737548828125" lon="103.8303784467279911041259765625">
        <ele>403.600006103515625</ele>
        <time>2026-10-03T01:14:20.000Z</time>
        <extensions>
          <ns3:TrackPointExtension>
            <ns3:hr>141</ns3:hr>
            <ns3:cad>90</ns3:cad>
          </ns3:TrackPointExtension>
        </extensions>
      </trkpt>
      <trkpt lat="29.98390571214258670806884765625" lon="103.83034734986722469329833984375">
        <ele>403.600006103515625</ele>
        <time>2026-10-03T01:14:21.000Z</time>
        <extensions>
          <ns3:TrackPointExtension>
            <ns3:hr>142</ns3:hr>
            <ns3:cad>90</ns3:cad>
          </ns3:TrackPointExtension>
        </extensions>
      </trkpt>
      <trkpt lat="29.98390353284776210784912109375" lon="103.83030208759009838104248046875">
        <ele>403.399993896484375</ele>
        <time>2026-10-03T01:14:22.000Z</time>
        <extensions>
          <ns3:TrackPointExtension>
            <ns3:hr>142</ns3:hr>
            <ns3:cad>90</ns3:cad>
          </ns3:TrackPointExtension>
        </extensions>
      </trkpt>
      <trkpt lat="29.98390403576195240020751953125" lon="103.830270655453205108642578125">
        <ele>403.399993896484375</ele>
        <time>2026-10-03T01:14:23.000Z</time>
        <extensions>
          <ns3:TrackPointExtension>
            <ns3:hr>143</ns3:hr>
            <ns3:cad>90</ns3:cad>
          </ns3:TrackPointExtension>
        </extensions>
      </trkpt>
      <trkpt lat="29.9839027784764766693115234375" lon="103.8302300870418548583984375">
        <ele>403.399993896484375</ele>
        <time>2026-10-03T01:14:24.000Z</time>
        <extensions>
          <ns3:TrackPointExtension>
            <ns3:hr>144</ns3:hr>
            <ns3:cad>90</ns3:cad>
          </ns3:TrackPointExtension>
        </extensions>
      </trkpt>
      <trkpt lat="29.9838982522487640380859375" lon="103.83020259439945220947265625">
        <ele>403.399993896484375</ele>
        <time>2026-10-03T01:14:25.000Z</time>
        <extensions>
          <ns3:TrackPointExtension>
            <ns3:hr>145</ns3:hr>
            <ns3:cad>90</ns3:cad>
          </ns3:TrackPointExtension>
        </extensions>
      </trkpt>
      <trkpt lat="29.98389682732522487640380859375" lon="103.830160014331340789794921875">
        <ele>403.399993896484375</ele>
        <time>2026-10-03T01:14:26.000Z</time>
        <extensions>
          <ns3:TrackPointExtension>
            <ns3:hr>146</ns3:hr>
            <ns3:cad>90</ns3:cad>
          </ns3:TrackPointExtension>
        </extensions>
      </trkpt>
      <trkpt lat="29.983887188136577606201171875" lon="103.830130510032176971435546875">
        <ele>403.600006103515625</ele>
        <time>2026-10-03T01:14:27.000Z</time>
        <extensions>
          <ns3:TrackPointExtension>
            <ns3:hr>147</ns3:hr>
            <ns3:cad>90</ns3:cad>
          </ns3:TrackPointExtension>
        </extensions>
      </trkpt>
      <trkpt lat="29.9838819913566112518310546875" lon="103.83009321056306362152099609375">
        <ele>403.600006103515625</ele>
        <time>2026-10-03T01:14:28.000Z</time>
        <extensions>
          <ns3:TrackPointExtension>
            <ns3:hr>147</ns3:hr>
            <ns3:cad>90</ns3:cad>
          </ns3:TrackPointExtension>
        </extensions>
      </trkpt>
      <trkpt lat="29.98387805186212062835693359375" lon="103.830060102045536041259765625">
        <ele>403.600006103515625</ele>
        <time>2026-10-03T01:14:29.000Z</time>
        <extensions>
          <ns3:TrackPointExtension>
            <ns3:hr>148</ns3:hr>
            <ns3:cad>90</ns3:cad>
          </ns3:TrackPointExtension>
        </extensions>
      </trkpt>
      <trkpt lat="29.98387553729116916656494140625" lon="103.83001978509128093719482421875">
        <ele>403.399993896484375</ele>
        <time>2026-10-03T01:14:30.000Z</time>
        <extensions>
          <ns3:TrackPointExtension>
            <ns3:hr>149</ns3:hr>
            <ns3:cad>90</ns3:cad>
          </ns3:TrackPointExtension>
        </extensions>
      </trkpt>
      <trkpt lat="29.98386832885444164276123046875" lon="103.8299865089356899261474609375">
        <ele>403.399993896484375</ele>
        <time>2026-10-03T01:14:31.000Z</time>
        <extensions>
          <ns3:TrackPointExtension>
            <ns3:hr>149</ns3:hr>
            <ns3:cad>89</ns3:cad>
          </ns3:TrackPointExtension>
        </extensions>
      </trkpt>
      <trkpt lat="29.9838633835315704345703125" lon="103.82994703017175197601318359375">
        <ele>403.399993896484375</ele>
        <time>2026-10-03T01:14:32.000Z</time>
        <extensions>
          <ns3:TrackPointExtension>
            <ns3:hr>149</ns3:hr>
            <ns3:cad>89</ns3:cad>
          </ns3:TrackPointExtension>
        </extensions>
      </trkpt>
      <trkpt lat="29.98386095277965068817138671875" lon="103.82991903461515903472900390625">
        <ele>403.399993896484375</ele>
        <time>2026-10-03T01:14:33.000Z</time>
        <extensions>
          <ns3:TrackPointExtension>
            <ns3:hr>149</ns3:hr>
            <ns3:cad>89</ns3:cad>
          </ns3:TrackPointExtension>
        </extensions>
      </trkpt>
      <trkpt lat="29.9838648922741413116455078125" lon="103.829924650490283966064453125">
        <ele>403.600006103515625</ele>
        <time>2026-10-03T01:14:34.000Z</time>
        <extensions>
          <ns3:TrackPointExtension>
            <ns3:hr>148</ns3:hr>
            <ns3:cad>88</ns3:cad>
          </ns3:TrackPointExtension>
        </extensions>
      </trkpt>
      <trkpt lat="29.98386866413056850433349609375" lon="103.82995356805622577667236328125">
        <ele>403.600006103515625</ele>
        <time>2026-10-03T01:14:35.000Z</time>
        <extensions>
          <ns3:TrackPointExtension>
            <ns3:hr>147</ns3:hr>
            <ns3:cad>88</ns3:cad>
          </ns3:TrackPointExtension>
        </extensions>
      </trkpt>
      <trkpt lat="29.98387989588081836700439453125" lon="103.8299727626144886016845703125">
        <ele>403.600006103515625</ele>
        <time>2026-10-03T01:14:36.000Z</time>
        <extensions>
          <ns3:TrackPointExtension>
            <ns3:hr>147</ns3:hr>
            <ns3:cad>88</ns3:cad>
          </ns3:TrackPointExtension>
        </extensions>
      </trkpt>
      <trkpt lat="29.98387939296662807464599609375" lon="103.8300136663019657135009765625">
        <ele>403.399993896484375</ele>
        <time>2026-10-03T01:14:37.000Z</time>
        <extensions>
          <ns3:TrackPointExtension>
            <ns3:hr>148</ns3:hr>
            <ns3:cad>87</ns3:cad>
          </ns3:TrackPointExtension>
        </extensions>
      </trkpt>
      <trkpt lat="29.98388660140335559844970703125" lon="103.8300425000488758087158203125">
        <ele>403.399993896484375</ele>
        <time>2026-10-03T01:14:38.000Z</time>
        <extensions>
          <ns3:TrackPointExtension>
            <ns3:hr>148</ns3:hr>
            <ns3:cad>87</ns3:cad>
          </ns3:TrackPointExtension>
        </extensions>
      </trkpt>
      <trkpt lat="29.983889199793338775634765625" lon="103.83008147589862346649169921875">
        <ele>403.399993896484375</ele>
        <time>2026-10-03T01:14:39.000Z</time>
        <extensions>
          <ns3:TrackPointExtension>
            <ns3:hr>148</ns3:hr>
            <ns3:cad>86</ns3:cad>
          </ns3:TrackPointExtension>
        </extensions>
      </trkpt>
      <trkpt lat="29.9839014373719692230224609375" lon="103.8301095552742481231689453125">
        <ele>403.399993896484375</ele>
        <time>2026-10-03T01:14:40.000Z</time>
        <extensions>
          <ns3:TrackPointExtension>
            <ns3:hr>148</ns3:hr>
            <ns3:cad>86</ns3:cad>
          </ns3:TrackPointExtension>
        </extensions>
      </trkpt>
      <trkpt lat="29.98390621505677700042724609375" lon="103.8301501236855983734130859375">
        <ele>403.399993896484375</ele>
        <time>2026-10-03T01:14:41.000Z</time>
        <extensions>
          <ns3:TrackPointExtension>
            <ns3:hr>149</ns3:hr>
            <ns3:cad>86</ns3:cad>
          </ns3:TrackPointExtension>
        </extensions>
      </trkpt>
      <trkpt lat="29.9839125014841556549072265625" lon="103.83018004707992076873779296875">
        <ele>403.399993896484375</ele>
        <time>2026-10-03T01:14:42.000Z</time>
        <extensions>
          <ns3:TrackPointExtension>
            <ns3:hr>149</ns3:hr>
            <ns3:cad>89</ns3:cad>
          </ns3:TrackPointExtension>
        </extensions>
      </trkpt>
      <trkpt lat="29.98390789143741130828857421875" lon="103.83022262714803218841552734375">
        <ele>403.399993896484375</ele>
        <time>2026-10-03T01:14:43.000Z</time>
        <extensions>
          <ns3:TrackPointExtension>
            <ns3:hr>149</ns3:hr>
            <ns3:cad>89</ns3:cad>
          </ns3:TrackPointExtension>
        </extensions>
      </trkpt>
      <trkpt lat="29.9839128367602825164794921875" lon="103.830252550542354583740234375">
        <ele>403.399993896484375</ele>
        <time>2026-10-03T01:14:44.000Z</time>
        <extensions>
          <ns3:TrackPointExtension>
            <ns3:hr>150</ns3:hr>
            <ns3:cad>90</ns3:cad>
          </ns3:TrackPointExtension>
        </extensions>
      </trkpt>
      <trkpt lat="29.98391459695994853973388671875" lon="103.83029085583984851837158203125">
        <ele>403.399993896484375</ele>
        <time>2026-10-03T01:14:45.000Z</time>
        <extensions>
          <ns3:TrackPointExtension>
            <ns3:hr>150</ns3:hr>
            <ns3:cad>90</ns3:cad>
          </ns3:TrackPointExtension>
        </extensions>
      </trkpt>
      <trkpt lat="29.98392113484442234039306640625" lon="103.83031784556806087493896484375">
        <ele>403.399993896484375</ele>
        <time>2026-10-03T01:14:46.000Z</time>
        <extensions>
          <ns3:TrackPointExtension>
            <ns3:hr>151</ns3:hr>
            <ns3:cad>90</ns3:cad>
          </ns3:TrackPointExtension>
        </extensions>
      </trkpt>
      <trkpt lat="29.9839158542454242706298828125" lon="103.83035807870328426361083984375">
        <ele>403.399993896484375</ele>
        <time>2026-10-03T01:14:47.000Z</time>
        <extensions>
          <ns3:TrackPointExtension>
            <ns3:hr>151</ns3:hr>
            <ns3:cad>90</ns3:cad>
          </ns3:TrackPointExtension>
        </extensions>
      </trkpt>
      <trkpt lat="29.9839249067008495330810546875" lon="103.830373920500278472900390625">
        <ele>403.600006103515625</ele>
        <time>2026-10-03T01:14:48.000Z</time>
        <extensions>
          <ns3:TrackPointExtension>
            <ns3:hr>151</ns3:hr>
            <ns3:cad>90</ns3:cad>
          </ns3:TrackPointExtension>
        </extensions>
      </trkpt>
      <trkpt lat="29.98392683453857898712158203125" lon="103.83038741536438465118408203125">
        <ele>403.600006103515625</ele>
        <time>2026-10-03T01:14:49.000Z</time>
        <extensions>
          <ns3:TrackPointExtension>
            <ns3:hr>152</ns3:hr>
            <ns3:cad>90</ns3:cad>
          </ns3:TrackPointExtension>
        </extensions>
      </trkpt>
      <trkpt lat="29.983929432928562164306640625" lon="103.83038741536438465118408203125">
        <ele>403.600006103515625</ele>
        <time>2026-10-03T01:14:50.000Z</time>
        <extensions>
          <ns3:TrackPointExtension>
            <ns3:hr>152</ns3:hr>
            <ns3:cad>90</ns3:cad>
          </ns3:TrackPointExtension>
        </extensions>
      </trkpt>
      <trkpt lat="29.9839299358427524566650390625" lon="103.8303868286311626434326171875">
        <ele>403.600006103515625</ele>
        <time>2026-10-03T01:14:51.000Z</time>
        <extensions>
          <ns3:TrackPointExtension>
            <ns3:hr>152</ns3:hr>
            <ns3:cad>89</ns3:cad>
          </ns3:TrackPointExtension>
        </extensions>
      </trkpt>
      <trkpt lat="29.98392951674759387969970703125" lon="103.8303883373737335205078125">
        <ele>403.600006103515625</ele>
        <time>2026-10-03T01:14:52.000Z</time>
        <extensions>
          <ns3:TrackPointExtension>
            <ns3:hr>152</ns3:hr>
            <ns3:cad>89</ns3:cad>
          </ns3:TrackPointExtension>
        </extensions>
      </trkpt>
      <trkpt lat="29.98393303714692592620849609375" lon="103.83038557134568691253662109375">
        <ele>403.600006103515625</ele>
        <time>2026-10-03T01:14:53.000Z</time>
        <extensions>
          <ns3:TrackPointExtension>
            <ns3:hr>152</ns3:hr>
            <ns3:cad>89</ns3:cad>
          </ns3:TrackPointExtension>
        </extensions>
      </trkpt>
      <trkpt lat="29.9839359708130359649658203125" lon="103.83039445616304874420166015625">
        <ele>403.600006103515625</ele>
        <time>2026-10-03T01:14:54.000Z</time>
        <extensions>
          <ns3:TrackPointExtension>
            <ns3:hr>153</ns3:hr>
            <ns3:cad>0</ns3:cad>
          </ns3:TrackPointExtension>
        </extensions>
      </trkpt>
      <trkpt lat="29.98393722809851169586181640625" lon="103.8304159976541996002197265625">
        <ele>403.600006103515625</ele>
        <time>2026-10-03T01:14:55.000Z</time>
        <extensions>
          <ns3:TrackPointExtension>
            <ns3:hr>152</ns3:hr>
            <ns3:cad>0</ns3:cad>
          </ns3:TrackPointExtension>
        </extensions>
      </trkpt>
      <trkpt lat="29.98393488116562366485595703125" lon="103.83045095019042491912841796875">
        <ele>403.399993896484375</ele>
        <time>2026-10-03T01:14:56.000Z</time>
        <extensions>
          <ns3:TrackPointExtension>
            <ns3:hr>150</ns3:hr>
            <ns3:cad>0</ns3:cad>
          </ns3:TrackPointExtension>
        </extensions>
      </trkpt>
      <trkpt lat="29.98394183814525604248046875" lon="103.8304795324802398681640625">
        <ele>403.399993896484375</ele>
        <time>2026-10-03T01:14:57.000Z</time>
        <extensions>
          <ns3:TrackPointExtension>
            <ns3:hr>146</ns3:hr>
            <ns3:cad>0</ns3:cad>
          </ns3:TrackPointExtension>
        </extensions>
      </trkpt>
      <trkpt lat="29.9839373119175434112548828125" lon="103.83052269928157329559326171875">
        <ele>403.399993896484375</ele>
        <time>2026-10-03T01:14:58.000Z</time>
        <extensions>
          <ns3:TrackPointExtension>
            <ns3:hr>143</ns3:hr>
            <ns3:cad>0</ns3:cad>
          </ns3:TrackPointExtension>
        </extensions>
      </trkpt>
      <trkpt lat="29.98394644819200038909912109375" lon="103.83055974729359149932861328125">
        <ele>403.399993896484375</ele>
        <time>2026-10-03T01:14:59.000Z</time>
        <extensions>
          <ns3:TrackPointExtension>
            <ns3:hr>142</ns3:hr>
            <ns3:cad>0</ns3:cad>
          </ns3:TrackPointExtension>
        </extensions>
      </trkpt>
      <trkpt lat="29.98394493944942951202392578125" lon="103.8306057639420032501220703125">
        <ele>403.399993896484375</ele>
        <time>2026-10-03T01:15:00.000Z</time>
        <extensions>
          <ns3:TrackPointExtension>
            <ns3:hr>141</ns3:hr>
            <ns3:cad>0</ns3:cad>
          </ns3:TrackPointExtension>
        </extensions>
      </trkpt>
      <trkpt lat="29.98395013622939586639404296875" lon="103.8306379504501819610595703125">
        <ele>403.600006103515625</ele>
        <time>2026-10-03T01:15:01.000Z</time>
        <extensions>
          <ns3:TrackPointExtension>
            <ns3:hr>139</ns3:hr>
            <ns3:cad>88</ns3:cad>
          </ns3:TrackPointExtension>
        </extensions>
      </trkpt>
      <trkpt lat="29.98394720256328582763671875" lon="103.83067944087088108062744140625">
        <ele>403.600006103515625</ele>
        <time>2026-10-03T01:15:02.000Z</time>
        <extensions>
          <ns3:TrackPointExtension>
            <ns3:hr>139</ns3:hr>
            <ns3:cad>89</ns3:cad>
          </ns3:TrackPointExtension>
        </extensions>
      </trkpt>
      <trkpt lat="29.98394996859133243560791015625" lon="103.83071498014032840728759765625">
        <ele>403.600006103515625</ele>
        <time>2026-10-03T01:15:03.000Z</time>
        <extensions>
          <ns3:TrackPointExtension>
            <ns3:hr>140</ns3:hr>
            <ns3:cad>89</ns3:cad>
          </ns3:TrackPointExtension>
        </extensions>
      </trkpt>
      <trkpt lat="29.98394778929650783538818359375" lon="103.8307529501616954803466796875">
        <ele>403.600006103515625</ele>
        <time>2026-10-03T01:15:04.000Z</time>
        <extensions>
          <ns3:TrackPointExtension>
            <ns3:hr>141</ns3:hr>
            <ns3:cad>90</ns3:cad>
          </ns3:TrackPointExtension>
        </extensions>
      </trkpt>
      <trkpt lat="29.98395248316228389739990234375" lon="103.8307851366698741912841796875">
        <ele>403.399993896484375</ele>
        <time>2026-10-03T01:15:05.000Z</time>
        <extensions>
          <ns3:TrackPointExtension>
            <ns3:hr>142</ns3:hr>
            <ns3:cad>91</ns3:cad>
          </ns3:TrackPointExtension>
        </extensions>
      </trkpt>
      <trkpt lat="29.98396036215126514434814453125" lon="103.830817826092243194580078125">
        <ele>403.399993896484375</ele>
        <time>2026-10-03T01:15:06.000Z</time>
        <extensions>
          <ns3:TrackPointExtension>
            <ns3:hr>143</ns3:hr>
            <ns3:cad>91</ns3:cad>
          </ns3:TrackPointExtension>
        </extensions>
      </trkpt>
      <trkpt lat="29.9839728511869907379150390625" lon="103.83084774948656558990478515625">
        <ele>403.399993896484375</ele>
        <time>2026-10-03T01:15:07.000Z</time>
        <extensions>
          <ns3:TrackPointExtension>
            <ns3:hr>143</ns3:hr>
            <ns3:cad>91</ns3:cad>
          </ns3:TrackPointExtension>
        </extensions>
      </trkpt>
      <trkpt lat="29.983993805944919586181640625" lon="103.830880858004093170166015625">
        <ele>403.600006103515625</ele>
        <time>2026-10-03T01:15:08.000Z</time>
        <extensions>
          <ns3:TrackPointExtension>
            <ns3:hr>144</ns3:hr>
            <ns3:cad>91</ns3:cad>
          </ns3:TrackPointExtension>
        </extensions>
      </trkpt>
      <trkpt lat="29.9840224720537662506103515625" lon="103.8309018127620220184326171875">
        <ele>403.600006103515625</ele>
        <time>2026-10-03T01:15:09.000Z</time>
        <extensions>
          <ns3:TrackPointExtension>
            <ns3:hr>144</ns3:hr>
            <ns3:cad>91</ns3:cad>
          </ns3:TrackPointExtension>
        </extensions>
      </trkpt>
      <trkpt lat="29.98405574820935726165771484375" lon="103.830917738378047943115234375">
        <ele>403.600006103515625</ele>
        <time>2026-10-03T01:15:10.000Z</time>
        <extensions>
          <ns3:TrackPointExtension>
            <ns3:hr>144</ns3:hr>
            <ns3:cad>90</ns3:cad>
          </ns3:TrackPointExtension>
        </extensions>
      </trkpt>
      <trkpt lat="29.98409204185009002685546875" lon="103.83092653937637805938720703125">
        <ele>403.600006103515625</ele>
        <time>2026-10-03T01:15:11.000Z</time>
        <extensions>
          <ns3:TrackPointExtension>
            <ns3:hr>145</ns3:hr>
            <ns3:cad>90</ns3:cad>
          </ns3:TrackPointExtension>
        </extensions>
      </trkpt>
      <trkpt lat="29.98412447981536388397216796875" lon="103.83092754520475864410400390625">
        <ele>403.600006103515625</ele>
        <time>2026-10-03T01:15:12.000Z</time>
        <extensions>
          <ns3:TrackPointExtension>
            <ns3:hr>144</ns3:hr>
            <ns3:cad>92</ns3:cad>
          </ns3:TrackPointExtension>
        </extensions>
      </trkpt>
      <trkpt lat="29.98416085727512836456298828125" lon="103.83092720992863178253173828125">
        <ele>403.600006103515625</ele>
        <time>2026-10-03T01:15:13.000Z</time>
        <extensions>
          <ns3:TrackPointExtension>
            <ns3:hr>144</ns3:hr>
            <ns3:cad>92</ns3:cad>
          </ns3:TrackPointExtension>
        </extensions>
      </trkpt>
      <trkpt lat="29.98419270850718021392822265625" lon="103.83092821575701236724853515625">
        <ele>403.600006103515625</ele>
        <time>2026-10-03T01:15:14.000Z</time>
        <extensions>
          <ns3:TrackPointExtension>
            <ns3:hr>145</ns3:hr>
            <ns3:cad>92</ns3:cad>
          </ns3:TrackPointExtension>
        </extensions>
      </trkpt>
      <trkpt lat="29.98422925360500812530517578125" lon="103.830927796661853790283203125">
        <ele>403.600006103515625</ele>
        <time>2026-10-03T01:15:15.000Z</time>
        <extensions>
          <ns3:TrackPointExtension>
            <ns3:hr>145</ns3:hr>
            <ns3:cad>92</ns3:cad>
          </ns3:TrackPointExtension>
        </extensions>
      </trkpt>
      <trkpt lat="29.98425833880901336669921875" lon="103.8309259526431560516357421875">
        <ele>403.600006103515625</ele>
        <time>2026-10-03T01:15:16.000Z</time>
        <extensions>
          <ns3:TrackPointExtension>
            <ns3:hr>145</ns3:hr>
            <ns3:cad>91</ns3:cad>
          </ns3:TrackPointExtension>
        </extensions>
      </trkpt>
      <trkpt lat="29.984294213354587554931640625" lon="103.8309180736541748046875">
        <ele>403.600006103515625</ele>
        <time>2026-10-03T01:15:17.000Z</time>
        <extensions>
          <ns3:TrackPointExtension>
            <ns3:hr>144</ns3:hr>
            <ns3:cad>91</ns3:cad>
          </ns3:TrackPointExtension>
        </extensions>
      </trkpt>
      <trkpt lat="29.98432137072086334228515625" lon="103.83091069757938385009765625">
        <ele>403.600006103515625</ele>
        <time>2026-10-03T01:15:18.000Z</time>
        <extensions>
          <ns3:TrackPointExtension>
            <ns3:hr>144</ns3:hr>
            <ns3:cad>90</ns3:cad>
          </ns3:TrackPointExtension>
        </extensions>
      </trkpt>
      <trkpt lat="29.9843523837625980377197265625" lon="103.8308840431272983551025390625">
        <ele>403.399993896484375</ele>
        <time>2026-10-03T01:15:19.000Z</time>
        <extensions>
          <ns3:TrackPointExtension>
            <ns3:hr>145</ns3:hr>
            <ns3:cad>90</ns3:cad>
          </ns3:TrackPointExtension>
        </extensions>
      </trkpt>
      <trkpt lat="29.98437191359698772430419921875" lon="103.83086434565484523773193359375">
        <ele>403.399993896484375</ele>
        <time>2026-10-03T01:15:20.000Z</time>
        <extensions>
          <ns3:TrackPointExtension>
            <ns3:hr>145</ns3:hr>
            <ns3:cad>90</ns3:cad>
          </ns3:TrackPointExtension>
        </extensions>
      </trkpt>
      <trkpt lat="29.984395466744899749755859375" lon="103.83082595653831958770751953125">
        <ele>403.399993896484375</ele>
        <time>2026-10-03T01:15:21.000Z</time>
        <extensions>
          <ns3:TrackPointExtension>
            <ns3:hr>146</ns3:hr>
            <ns3:cad>90</ns3:cad>
          </ns3:TrackPointExtension>
        </extensions>
      </trkpt>
      <trkpt lat="29.9843999929726123809814453125" lon="103.83080047555267810821533203125">
        <ele>403.399993896484375</ele>
        <time>2026-10-03T01:15:22.000Z</time>
        <extensions>
          <ns3:TrackPointExtension>
            <ns3:hr>146</ns3:hr>
            <ns3:cad>90</ns3:cad>
          </ns3:TrackPointExtension>
        </extensions>
      </trkpt>
      <trkpt lat="29.9844103865325450897216796875" lon="103.8307609967887401580810546875">
        <ele>403.399993896484375</ele>
        <time>2026-10-03T01:15:23.000Z</time>
        <extensions>
          <ns3:TrackPointExtension>
            <ns3:hr>146</ns3:hr>
            <ns3:cad>90</ns3:cad>
          </ns3:TrackPointExtension>
        </extensions>
      </trkpt>
      <trkpt lat="29.98440711759030818939208984375" lon="103.8307328335940837860107421875">
        <ele>403.399993896484375</ele>
        <time>2026-10-03T01:15:24.000Z</time>
        <extensions>
          <ns3:TrackPointExtension>
            <ns3:hr>146</ns3:hr>
            <ns3:cad>90</ns3:cad>
          </ns3:TrackPointExtension>
        </extensions>
      </trkpt>
      <trkpt lat="29.9844051897525787353515625" lon="103.830689080059528350830078125">
        <ele>403.600006103515625</ele>
        <time>2026-10-03T01:15:25.000Z</time>
        <extensions>
          <ns3:TrackPointExtension>
            <ns3:hr>147</ns3:hr>
            <ns3:cad>90</ns3:cad>
          </ns3:TrackPointExtension>
        </extensions>
      </trkpt>
      <trkpt lat="29.98439655639231204986572265625" lon="103.83065731264650821685791015625">
        <ele>403.399993896484375</ele>
        <time>2026-10-03T01:15:26.000Z</time>
        <extensions>
          <ns3:TrackPointExtension>
            <ns3:hr>147</ns3:hr>
            <ns3:cad>90</ns3:cad>
          </ns3:TrackPointExtension>
        </extensions>
      </trkpt>
      <trkpt lat="29.984393455088138580322265625" lon="103.83061230182647705078125">
        <ele>403.399993896484375</ele>
        <time>2026-10-03T01:15:27.000Z</time>
        <extensions>
          <ns3:TrackPointExtension>
            <ns3:hr>147</ns3:hr>
            <ns3:cad>90</ns3:cad>
          </ns3:TrackPointExtension>
        </extensions>
      </trkpt>
      <trkpt lat="29.984384067356586456298828125" lon="103.83058187551796436309814453125">
        <ele>403.399993896484375</ele>
        <time>2026-10-03T01:15:28.000Z</time>
        <extensions>
          <ns3:TrackPointExtension>
            <ns3:hr>147</ns3:hr>
            <ns3:cad>90</ns3:cad>
          </ns3:TrackPointExtension>
        </extensions>
      </trkpt>
      <trkpt lat="29.984379708766937255859375" lon="103.83053627796471118927001953125">
        <ele>403.399993896484375</ele>
        <time>2026-10-03T01:15:29.000Z</time>
        <extensions>
          <ns3:TrackPointExtension>
            <ns3:hr>147</ns3:hr>
            <ns3:cad>90</ns3:cad>
          </ns3:TrackPointExtension>
        </extensions>
      </trkpt>
      <trkpt lat="29.98437501490116119384765625" lon="103.83050568401813507080078125">
        <ele>403.399993896484375</ele>
        <time>2026-10-03T01:15:30.000Z</time>
        <extensions>
          <ns3:TrackPointExtension>
            <ns3:hr>147</ns3:hr>
            <ns3:cad>90</ns3:cad>
          </ns3:TrackPointExtension>
        </extensions>
      </trkpt>
      <trkpt lat="29.984374009072780609130859375" lon="103.83046134375035762786865234375">
        <ele>403.399993896484375</ele>
        <time>2026-10-03T01:15:31.000Z</time>
        <extensions>
          <ns3:TrackPointExtension>
            <ns3:hr>146</ns3:hr>
            <ns3:cad>90</ns3:cad>
          </ns3:TrackPointExtension>
        </extensions>
      </trkpt>
      <trkpt lat="29.98436721973121166229248046875" lon="103.83043334819376468658447265625">
        <ele>403.399993896484375</ele>
        <time>2026-10-03T01:15:32.000Z</time>
        <extensions>
          <ns3:TrackPointExtension>
            <ns3:hr>147</ns3:hr>
            <ns3:cad>90</ns3:cad>
          </ns3:TrackPointExtension>
        </extensions>
      </trkpt>
      <trkpt lat="29.98436219058930873870849609375" lon="103.83039277978241443634033203125">
        <ele>403.399993896484375</ele>
        <time>2026-10-03T01:15:33.000Z</time>
        <extensions>
          <ns3:TrackPointExtension>
            <ns3:hr>147</ns3:hr>
            <ns3:cad>90</ns3:cad>
          </ns3:TrackPointExtension>
        </extensions>
      </trkpt>
      <trkpt lat="29.98436353169381618499755859375" lon="103.830361180007457733154296875">
        <ele>403.399993896484375</ele>
        <time>2026-10-03T01:15:34.000Z</time>
        <extensions>
          <ns3:TrackPointExtension>
            <ns3:hr>147</ns3:hr>
            <ns3:cad>89</ns3:cad>
          </ns3:TrackPointExtension>
        </extensions>
      </trkpt>
      <trkpt lat="29.9843569099903106689453125" lon="103.830318935215473175048828125">
        <ele>403.399993896484375</ele>
        <time>2026-10-03T01:15:35.000Z</time>
        <extensions>
          <ns3:TrackPointExtension>
            <ns3:hr>147</ns3:hr>
            <ns3:cad>89</ns3:cad>
          </ns3:TrackPointExtension>
        </extensions>
      </trkpt>
      <trkpt lat="29.98434006236493587493896484375" lon="103.8303006626665592193603515625">
        <ele>403.399993896484375</ele>
        <time>2026-10-03T01:15:36.000Z</time>
        <extensions>
          <ns3:TrackPointExtension>
            <ns3:hr>147</ns3:hr>
            <ns3:cad>89</ns3:cad>
          </ns3:TrackPointExtension>
        </extensions>
      </trkpt>
      <trkpt lat="29.9843332730233669281005859375" lon="103.8303117267787456512451171875">
        <ele>403.399993896484375</ele>
        <time>2026-10-03T01:15:37.000Z</time>
        <extensions>
          <ns3:TrackPointExtension>
            <ns3:hr>147</ns3:hr>
            <ns3:cad>88</ns3:cad>
          </ns3:TrackPointExtension>
        </extensions>
      </trkpt>
      <trkpt lat="29.98433134518563747406005859375" lon="103.8303378783166408538818359375">
        <ele>403.399993896484375</ele>
        <time>2026-10-03T01:15:38.000Z</time>
        <extensions>
          <ns3:TrackPointExtension>
            <ns3:hr>146</ns3:hr>
            <ns3:cad>88</ns3:cad>
          </ns3:TrackPointExtension>
        </extensions>
      </trkpt>
      <trkpt lat="29.9843342788517475128173828125" lon="103.830368220806121826171875">
        <ele>403.399993896484375</ele>
        <time>2026-10-03T01:15:39.000Z</time>
        <extensions>
          <ns3:TrackPointExtension>
            <ns3:hr>147</ns3:hr>
            <ns3:cad>88</ns3:cad>
          </ns3:TrackPointExtension>
        </extensions>
      </trkpt>
      <trkpt lat="29.98433855362236499786376953125" lon="103.83040401153266429901123046875">
        <ele>403.399993896484375</ele>
        <time>2026-10-03T01:15:40.000Z</time>
        <extensions>
          <ns3:TrackPointExtension>
            <ns3:hr>147</ns3:hr>
            <ns3:cad>88</ns3:cad>
          </ns3:TrackPointExtension>
        </extensions>
      </trkpt>
      <trkpt lat="29.9843436665832996368408203125" lon="103.8304401375353336334228515625">
        <ele>403.399993896484375</ele>
        <time>2026-10-03T01:15:41.000Z</time>
        <extensions>
          <ns3:TrackPointExtension>
            <ns3:hr>147</ns3:hr>
            <ns3:cad>88</ns3:cad>
          </ns3:TrackPointExtension>
        </extensions>
      </trkpt>
      <trkpt lat="29.98434542678296566009521484375" lon="103.83047777228057384490966796875">
        <ele>403.399993896484375</ele>
        <time>2026-10-03T01:15:42.000Z</time>
        <extensions>
          <ns3:TrackPointExtension>
            <ns3:hr>146</ns3:hr>
            <ns3:cad>87</ns3:cad>
          </ns3:TrackPointExtension>
        </extensions>
      </trkpt>
      <trkpt lat="29.9843540601432323455810546875" lon="103.83051079697906970977783203125">
        <ele>403.20001220703125</ele>
        <time>2026-10-03T01:15:43.000Z</time>
        <extensions>
          <ns3:TrackPointExtension>
            <ns3:hr>147</ns3:hr>
            <ns3:cad>88</ns3:cad>
          </ns3:TrackPointExtension>
        </extensions>
      </trkpt>
      <trkpt lat="29.9843564070761203765869140625" lon="103.83055203594267368316650390625">
        <ele>403.20001220703125</ele>
        <time>2026-10-03T01:15:44.000Z</time>
        <extensions>
          <ns3:TrackPointExtension>
            <ns3:hr>146</ns3:hr>
            <ns3:cad>88</ns3:cad>
          </ns3:TrackPointExtension>
        </extensions>
      </trkpt>
      <trkpt lat="29.98436487279832363128662109375" lon="103.83058757521212100982666015625">
        <ele>403.20001220703125</ele>
        <time>2026-10-03T01:15:45.000Z</time>
        <extensions>
          <ns3:TrackPointExtension>
            <ns3:hr>146</ns3:hr>
            <ns3:cad>89</ns3:cad>
          </ns3:TrackPointExtension>
        </extensions>
      </trkpt>
      <trkpt lat="29.98436705209314823150634765625" lon="103.8306258805096149444580078125">
        <ele>403.20001220703125</ele>
        <time>2026-10-03T01:15:46.000Z</time>
        <extensions>
          <ns3:TrackPointExtension>
            <ns3:hr>146</ns3:hr>
            <ns3:cad>89</ns3:cad>
          </ns3:TrackPointExtension>
        </extensions>
      </trkpt>
      <trkpt lat="29.98437543399631977081298828125" lon="103.8306570611894130706787109375">
        <ele>403.20001220703125</ele>
        <time>2026-10-03T01:15:47.000Z</time>
        <extensions>
          <ns3:TrackPointExtension>
            <ns3:hr>146</ns3:hr>
            <ns3:cad>89</ns3:cad>
          </ns3:TrackPointExtension>
        </extensions>
      </trkpt>
      <trkpt lat="29.984378702938556671142578125" lon="103.83069477975368499755859375">
        <ele>403.20001220703125</ele>
        <time>2026-10-03T01:15:48.000Z</time>
        <extensions>
          <ns3:TrackPointExtension>
            <ns3:hr>147</ns3:hr>
            <ns3:cad>89</ns3:cad>
          </ns3:TrackPointExtension>
        </extensions>
      </trkpt>
      <trkpt lat="29.9843872524797916412353515625" lon="103.8307294808328151702880859375">
        <ele>403.399993896484375</ele>
        <time>2026-10-03T01:15:49.000Z</time>
        <extensions>
          <ns3:TrackPointExtension>
            <ns3:hr>147</ns3:hr>
            <ns3:cad>89</ns3:cad>
          </ns3:TrackPointExtension>
        </extensions>
      </trkpt>
      <trkpt lat="29.9843822233378887176513671875" lon="103.83076745085418224334716796875">
        <ele>403.399993896484375</ele>
        <time>2026-10-03T01:15:50.000Z</time>
        <extensions>
          <ns3:TrackPointExtension>
            <ns3:hr>147</ns3:hr>
            <ns3:cad>89</ns3:cad>
          </ns3:TrackPointExtension>
        </extensions>
      </trkpt>
      <trkpt lat="29.98437660746276378631591796875" lon="103.83080114610493183135986328125">
        <ele>403.399993896484375</ele>
        <time>2026-10-03T01:15:51.000Z</time>
        <extensions>
          <ns3:TrackPointExtension>
            <ns3:hr>147</ns3:hr>
            <ns3:cad>89</ns3:cad>
          </ns3:TrackPointExtension>
        </extensions>
      </trkpt>
      <trkpt lat="29.984361268579959869384765625" lon="103.83083618246018886566162109375">
        <ele>403.399993896484375</ele>
        <time>2026-10-03T01:15:52.000Z</time>
        <extensions>
          <ns3:TrackPointExtension>
            <ns3:hr>147</ns3:hr>
            <ns3:cad>89</ns3:cad>
          </ns3:TrackPointExtension>
        </extensions>
      </trkpt>
      <trkpt lat="29.98434819281101226806640625" lon="103.8308656029403209686279296875">
        <ele>403.399993896484375</ele>
        <time>2026-10-03T01:15:53.000Z</time>
        <extensions>
          <ns3:TrackPointExtension>
            <ns3:hr>147</ns3:hr>
            <ns3:cad>90</ns3:cad>
          </ns3:TrackPointExtension>
        </extensions>
      </trkpt>
      <trkpt lat="29.98431759886443614959716796875" lon="103.83088429458439350128173828125">
        <ele>403.399993896484375</ele>
        <time>2026-10-03T01:15:54.000Z</time>
        <extensions>
          <ns3:TrackPointExtension>
            <ns3:hr>147</ns3:hr>
            <ns3:cad>89</ns3:cad>
          </ns3:TrackPointExtension>
        </extensions>
      </trkpt>
      <trkpt lat="29.98429052531719207763671875" lon="103.83089996874332427978515625">
        <ele>403.399993896484375</ele>
        <time>2026-10-03T01:15:55.000Z</time>
        <extensions>
          <ns3:TrackPointExtension>
            <ns3:hr>146</ns3:hr>
            <ns3:cad>89</ns3:cad>
          </ns3:TrackPointExtension>
        </extensions>
      </trkpt>
      <trkpt lat="29.98425758443772792816162109375" lon="103.8309071771800518035888671875">
        <ele>403.20001220703125</ele>
        <time>2026-10-03T01:15:56.000Z</time>
        <extensions>
          <ns3:TrackPointExtension>
            <ns3:hr>147</ns3:hr>
            <ns3:cad>89</ns3:cad>
          </ns3:TrackPointExtension>
        </extensions>
      </trkpt>
      <trkpt lat="29.98422439210116863250732421875" lon="103.830915726721286773681640625">
        <ele>403.20001220703125</ele>
        <time>2026-10-03T01:15:57.000Z</time>
        <extensions>
          <ns3:TrackPointExtension>
            <ns3:hr>148</ns3:hr>
            <ns3:cad>89</ns3:cad>
          </ns3:TrackPointExtension>
        </extensions>
      </trkpt>
      <trkpt lat="29.98418600298464298248291015625" lon="103.8309199176728725433349609375">
        <ele>403.20001220703125</ele>
        <time>2026-10-03T01:15:58.000Z</time>
        <extensions>
          <ns3:TrackPointExtension>
            <ns3:hr>148</ns3:hr>
            <ns3:cad>89</ns3:cad>
          </ns3:TrackPointExtension>
        </extensions>
      </trkpt>
      <trkpt lat="29.984152726829051971435546875" lon="103.8309279642999172210693359375">
        <ele>403.20001220703125</ele>
        <time>2026-10-03T01:15:59.000Z</time>
        <extensions>
          <ns3:TrackPointExtension>
            <ns3:hr>148</ns3:hr>
            <ns3:cad>90</ns3:cad>
          </ns3:TrackPointExtension>
        </extensions>
      </trkpt>
      <trkpt lat="29.9841150082647800445556640625" lon="103.830930478870868682861328125">
        <ele>403.20001220703125</ele>
        <time>2026-10-03T01:16:00.000Z</time>
        <extensions>
          <ns3:TrackPointExtension>
            <ns3:hr>148</ns3:hr>
            <ns3:cad>90</ns3:cad>
          </ns3:TrackPointExtension>
        </extensions>
      </trkpt>
      <trkpt lat="29.9840833246707916259765625" lon="103.83093190379440784454345703125">
        <ele>403.20001220703125</ele>
        <time>2026-10-03T01:16:01.000Z</time>
        <extensions>
          <ns3:TrackPointExtension>
            <ns3:hr>149</ns3:hr>
            <ns3:cad>90</ns3:cad>
          </ns3:TrackPointExtension>
        </extensions>
      </trkpt>
      <trkpt lat="29.98404979705810546875" lon="103.83091874420642852783203125">
        <ele>403.20001220703125</ele>
        <time>2026-10-03T01:16:02.000Z</time>
        <extensions>
          <ns3:TrackPointExtension>
            <ns3:hr>149</ns3:hr>
            <ns3:cad>89</ns3:cad>
          </ns3:TrackPointExtension>
        </extensions>
      </trkpt>
      <trkpt lat="29.98402230441570281982421875" lon="103.830907344818115234375">
        <ele>403.20001220703125</ele>
        <time>2026-10-03T01:16:03.000Z</time>
        <extensions>
          <ns3:TrackPointExtension>
            <ns3:hr>149</ns3:hr>
            <ns3:cad>89</ns3:cad>
          </ns3:TrackPointExtension>
        </extensions>
      </trkpt>
      <trkpt lat="29.983994476497173309326171875" lon="103.8308796845376491546630859375">
        <ele>403.399993896484375</ele>
        <time>2026-10-03T01:16:04.000Z</time>
        <extensions>
          <ns3:TrackPointExtension>
            <ns3:hr>150</ns3:hr>
            <ns3:cad>89</ns3:cad>
          </ns3:TrackPointExtension>
        </extensions>
      </trkpt>
      <trkpt lat="29.9839733541011810302734375" lon="103.83085596375167369842529296875">
        <ele>403.399993896484375</ele>
        <time>2026-10-03T01:16:05.000Z</time>
        <extensions>
          <ns3:TrackPointExtension>
            <ns3:hr>150</ns3:hr>
            <ns3:cad>89</ns3:cad>
          </ns3:TrackPointExtension>
        </extensions>
      </trkpt>
      <trkpt lat="29.98395935632288455963134765625" lon="103.8308193348348140716552734375">
        <ele>403.399993896484375</ele>
        <time>2026-10-03T01:16:06.000Z</time>
        <extensions>
          <ns3:TrackPointExtension>
            <ns3:hr>150</ns3:hr>
            <ns3:cad>89</ns3:cad>
          </ns3:TrackPointExtension>
        </extensions>
      </trkpt>
      <trkpt lat="29.98394259251654148101806640625" lon="103.83079226128756999969482421875">
        <ele>403.399993896484375</ele>
        <time>2026-10-03T01:16:07.000Z</time>
        <extensions>
          <ns3:TrackPointExtension>
            <ns3:hr>150</ns3:hr>
            <ns3:cad>89</ns3:cad>
          </ns3:TrackPointExtension>
        </extensions>
      </trkpt>
      <trkpt lat="29.98394426889717578887939453125" lon="103.8307482562959194183349609375">
        <ele>403.399993896484375</ele>
        <time>2026-10-03T01:16:08.000Z</time>
        <extensions>
          <ns3:TrackPointExtension>
            <ns3:hr>151</ns3:hr>
            <ns3:cad>90</ns3:cad>
          </ns3:TrackPointExtension>
        </extensions>
      </trkpt>
      <trkpt lat="29.98394158668816089630126953125" lon="103.8307190872728824615478515625">
        <ele>403.20001220703125</ele>
        <time>2026-10-03T01:16:09.000Z</time>
        <extensions>
          <ns3:TrackPointExtension>
            <ns3:hr>151</ns3:hr>
            <ns3:cad>90</ns3:cad>
          </ns3:TrackPointExtension>
        </extensions>
      </trkpt>
      <trkpt lat="29.9839386530220508575439453125" lon="103.83067868649959564208984375">
        <ele>403.20001220703125</ele>
        <time>2026-10-03T01:16:10.000Z</time>
        <extensions>
          <ns3:TrackPointExtension>
            <ns3:hr>151</ns3:hr>
            <ns3:cad>90</ns3:cad>
          </ns3:TrackPointExtension>
        </extensions>
      </trkpt>
      <trkpt lat="29.9839312769472599029541015625" lon="103.83064926601946353912353515625">
        <ele>403.20001220703125</ele>
        <time>2026-10-03T01:16:11.000Z</time>
        <extensions>
          <ns3:TrackPointExtension>
            <ns3:hr>151</ns3:hr>
            <ns3:cad>89</ns3:cad>
          </ns3:TrackPointExtension>
        </extensions>
      </trkpt>
      <trkpt lat="29.98393102549016475677490234375" lon="103.83060668595135211944580078125">
        <ele>403.20001220703125</ele>
        <time>2026-10-03T01:16:12.000Z</time>
        <extensions>
          <ns3:TrackPointExtension>
            <ns3:hr>151</ns3:hr>
            <ns3:cad>89</ns3:cad>
          </ns3:TrackPointExtension>
        </extensions>
      </trkpt>
      <trkpt lat="29.98392574489116668701171875" lon="103.8305688835680484771728515625">
        <ele>403.399993896484375</ele>
        <time>2026-10-03T01:16:13.000Z</time>
        <extensions>
          <ns3:TrackPointExtension>
            <ns3:hr>151</ns3:hr>
            <ns3:cad>89</ns3:cad>
          </ns3:TrackPointExtension>
        </extensions>
      </trkpt>
      <trkpt lat="29.983923397958278656005859375" lon="103.8305246271193027496337890625">
        <ele>403.399993896484375</ele>
        <time>2026-10-03T01:16:14.000Z</time>
        <extensions>
          <ns3:TrackPointExtension>
            <ns3:hr>152</ns3:hr>
            <ns3:cad>89</ns3:cad>
          </ns3:TrackPointExtension>
        </extensions>
      </trkpt>
      <trkpt lat="29.983914010226726531982421875" lon="103.8304910995066165924072265625">
        <ele>403.20001220703125</ele>
        <time>2026-10-03T01:16:15.000Z</time>
        <extensions>
          <ns3:TrackPointExtension>
            <ns3:hr>152</ns3:hr>
            <ns3:cad>89</ns3:cad>
          </ns3:TrackPointExtension>
        </extensions>
      </trkpt>
      <trkpt lat="29.98391090892255306243896484375" lon="103.83045195601880550384521484375">
        <ele>403.20001220703125</ele>
        <time>2026-10-03T01:16:16.000Z</time>
        <extensions>
          <ns3:TrackPointExtension>
            <ns3:hr>152</ns3:hr>
            <ns3:cad>90</ns3:cad>
          </ns3:TrackPointExtension>
        </extensions>
      </trkpt>
      <trkpt lat="29.98390353284776210784912109375" lon="103.83041717112064361572265625">
        <ele>403.20001220703125</ele>
        <time>2026-10-03T01:16:17.000Z</time>
        <extensions>
          <ns3:TrackPointExtension>
            <ns3:hr>152</ns3:hr>
            <ns3:cad>90</ns3:cad>
          </ns3:TrackPointExtension>
        </extensions>
      </trkpt>
      <trkpt lat="29.9838982522487640380859375" lon="103.830380626022815704345703125">
        <ele>403.20001220703125</ele>
        <time>2026-10-03T01:16:18.000Z</time>
        <extensions>
          <ns3:TrackPointExtension>
            <ns3:hr>151</ns3:hr>
            <ns3:cad>91</ns3:cad>
          </ns3:TrackPointExtension>
        </extensions>
      </trkpt>
      <trkpt lat="29.98389297164976596832275390625" lon="103.83034475147724151611328125">
        <ele>403.20001220703125</ele>
        <time>2026-10-03T01:16:19.000Z</time>
        <extensions>
          <ns3:TrackPointExtension>
            <ns3:hr>152</ns3:hr>
            <ns3:cad>91</ns3:cad>
          </ns3:TrackPointExtension>
        </extensions>
      </trkpt>
      <trkpt lat="29.9838890321552753448486328125" lon="103.8303093798458576202392578125">
        <ele>403.20001220703125</ele>
        <time>2026-10-03T01:16:20.000Z</time>
        <extensions>
          <ns3:TrackPointExtension>
            <ns3:hr>151</ns3:hr>
            <ns3:cad>91</ns3:cad>
          </ns3:TrackPointExtension>
        </extensions>
      </trkpt>
      <trkpt lat="29.98388727195560932159423828125" lon="103.8302688114345073699951171875">
        <ele>403.20001220703125</ele>
        <time>2026-10-03T01:16:21.000Z</time>
        <extensions>
          <ns3:TrackPointExtension>
            <ns3:hr>151</ns3:hr>
            <ns3:cad>92</ns3:cad>
          </ns3:TrackPointExtension>
        </extensions>
      </trkpt>
      <trkpt lat="29.98388777486979961395263671875" lon="103.83023302070796489715576171875">
        <ele>403.399993896484375</ele>
        <time>2026-10-03T01:16:22.000Z</time>
        <extensions>
          <ns3:TrackPointExtension>
            <ns3:hr>151</ns3:hr>
            <ns3:cad>92</ns3:cad>
          </ns3:TrackPointExtension>
        </extensions>
      </trkpt>
      <trkpt lat="29.98388442210853099822998046875" lon="103.8301933743059635162353515625">
        <ele>403.399993896484375</ele>
        <time>2026-10-03T01:16:23.000Z</time>
        <extensions>
          <ns3:TrackPointExtension>
            <ns3:hr>151</ns3:hr>
            <ns3:cad>92</ns3:cad>
          </ns3:TrackPointExtension>
        </extensions>
      </trkpt>
      <trkpt lat="29.9838860146701335906982421875" lon="103.8301578350365161895751953125">
        <ele>403.20001220703125</ele>
        <time>2026-10-03T01:16:24.000Z</time>
        <extensions>
          <ns3:TrackPointExtension>
            <ns3:hr>150</ns3:hr>
            <ns3:cad>91</ns3:cad>
          </ns3:TrackPointExtension>
        </extensions>
      </trkpt>
      <trkpt lat="29.98388961888849735260009765625" lon="103.83011768572032451629638671875">
        <ele>403.20001220703125</ele>
        <time>2026-10-03T01:16:25.000Z</time>
        <extensions>
          <ns3:TrackPointExtension>
            <ns3:hr>150</ns3:hr>
            <ns3:cad>91</ns3:cad>
          </ns3:TrackPointExtension>
        </extensions>
      </trkpt>
      <trkpt lat="29.9838960729539394378662109375" lon="103.83008499629795551300048828125">
        <ele>403.20001220703125</ele>
        <time>2026-10-03T01:16:26.000Z</time>
        <extensions>
          <ns3:TrackPointExtension>
            <ns3:hr>150</ns3:hr>
            <ns3:cad>91</ns3:cad>
          </ns3:TrackPointExtension>
        </extensions>
      </trkpt>
      <trkpt lat="29.9838928878307342529296875" lon="103.8300495408475399017333984375">
        <ele>403.20001220703125</ele>
        <time>2026-10-03T01:16:27.000Z</time>
        <extensions>
          <ns3:TrackPointExtension>
            <ns3:hr>150</ns3:hr>
            <ns3:cad>90</ns3:cad>
          </ns3:TrackPointExtension>
        </extensions>
      </trkpt>
      <trkpt lat="29.98389464803040027618408203125" lon="103.83001006208360195159912109375">
        <ele>403.20001220703125</ele>
        <time>2026-10-03T01:16:28.000Z</time>
        <extensions>
          <ns3:TrackPointExtension>
            <ns3:hr>150</ns3:hr>
            <ns3:cad>90</ns3:cad>
          </ns3:TrackPointExtension>
        </extensions>
      </trkpt>
      <trkpt lat="29.983881823718547821044921875" lon="103.82998541928827762603759765625">
        <ele>403.20001220703125</ele>
        <time>2026-10-03T01:16:29.000Z</time>
        <extensions>
          <ns3:TrackPointExtension>
            <ns3:hr>150</ns3:hr>
            <ns3:cad>90</ns3:cad>
          </ns3:TrackPointExtension>
        </extensions>
      </trkpt>
      <trkpt lat="29.98386271297931671142578125" lon="103.82998374290764331817626953125">
        <ele>403.20001220703125</ele>
        <time>2026-10-03T01:16:30.000Z</time>
        <extensions>
          <ns3:TrackPointExtension>
            <ns3:hr>150</ns3:hr>
            <ns3:cad>90</ns3:cad>
          </ns3:TrackPointExtension>
        </extensions>
      </trkpt>
      <trkpt lat="29.98386262916028499603271484375" lon="103.8299982436001300811767578125">
        <ele>403.20001220703125</ele>
        <time>2026-10-03T01:16:31.000Z</time>
        <extensions>
          <ns3:TrackPointExtension>
            <ns3:hr>150</ns3:hr>
            <ns3:cad>90</ns3:cad>
          </ns3:TrackPointExtension>
        </extensions>
      </trkpt>
      <trkpt lat="29.9838674068450927734375" lon="103.83002825081348419189453125">
        <ele>403.20001220703125</ele>
        <time>2026-10-03T01:16:32.000Z</time>
        <extensions>
          <ns3:TrackPointExtension>
            <ns3:hr>150</ns3:hr>
            <ns3:cad>89</ns3:cad>
          </ns3:TrackPointExtension>
        </extensions>
      </trkpt>
      <trkpt lat="29.9838746152818202972412109375" lon="103.83006068877875804901123046875">
        <ele>403.20001220703125</ele>
        <time>2026-10-03T01:16:33.000Z</time>
        <extensions>
          <ns3:TrackPointExtension>
            <ns3:hr>150</ns3:hr>
            <ns3:cad>89</ns3:cad>
          </ns3:TrackPointExtension>
        </extensions>
      </trkpt>
      <trkpt lat="29.983881153166294097900390625" lon="103.83009128272533416748046875">
        <ele>403.20001220703125</ele>
        <time>2026-10-03T01:16:34.000Z</time>
        <extensions>
          <ns3:TrackPointExtension>
            <ns3:hr>150</ns3:hr>
            <ns3:cad>89</ns3:cad>
          </ns3:TrackPointExtension>
        </extensions>
      </trkpt>
      <trkpt lat="29.98388961888849735260009765625" lon="103.8301212899386882781982421875">
        <ele>403.20001220703125</ele>
        <time>2026-10-03T01:16:35.000Z</time>
        <extensions>
          <ns3:TrackPointExtension>
            <ns3:hr>150</ns3:hr>
            <ns3:cad>89</ns3:cad>
          </ns3:TrackPointExtension>
        </extensions>
      </trkpt>
      <trkpt lat="29.98389615677297115325927734375" lon="103.830160684883594512939453125">
        <ele>403.20001220703125</ele>
        <time>2026-10-03T01:16:36.000Z</time>
        <extensions>
          <ns3:TrackPointExtension>
            <ns3:hr>150</ns3:hr>
            <ns3:cad>89</ns3:cad>
          </ns3:TrackPointExtension>
        </extensions>
      </trkpt>
      <trkpt lat="29.98390185646712779998779296875" lon="103.8301979005336761474609375">
        <ele>403</ele>
        <time>2026-10-03T01:16:37.000Z</time>
        <extensions>
          <ns3:TrackPointExtension>
            <ns3:hr>150</ns3:hr>
            <ns3:cad>90</ns3:cad>
          </ns3:TrackPointExtension>
        </extensions>
      </trkpt>
      <trkpt lat="29.983903281390666961669921875" lon="103.8302315957844257354736328125">
        <ele>403</ele>
        <time>2026-10-03T01:16:38.000Z</time>
        <extensions>
          <ns3:TrackPointExtension>
            <ns3:hr>151</ns3:hr>
            <ns3:cad>90</ns3:cad>
          </ns3:TrackPointExtension>
        </extensions>
      </trkpt>
      <trkpt lat="29.9839057959616184234619140625" lon="103.830265961587429046630859375">
        <ele>403</ele>
        <time>2026-10-03T01:16:39.000Z</time>
        <extensions>
          <ns3:TrackPointExtension>
            <ns3:hr>150</ns3:hr>
            <ns3:cad>90</ns3:cad>
          </ns3:TrackPointExtension>
        </extensions>
      </trkpt>
      <trkpt lat="29.98390587978065013885498046875" lon="103.8302979804575443267822265625">
        <ele>403</ele>
        <time>2026-10-03T01:16:40.000Z</time>
        <extensions>
          <ns3:TrackPointExtension>
            <ns3:hr>150</ns3:hr>
            <ns3:cad>90</ns3:cad>
          </ns3:TrackPointExtension>
        </extensions>
      </trkpt>
      <trkpt lat="29.98390956781804561614990234375" lon="103.8303311727941036224365234375">
        <ele>403</ele>
        <time>2026-10-03T01:16:41.000Z</time>
        <extensions>
          <ns3:TrackPointExtension>
            <ns3:hr>150</ns3:hr>
            <ns3:cad>89</ns3:cad>
          </ns3:TrackPointExtension>
        </extensions>
      </trkpt>
      <trkpt lat="29.983906634151935577392578125" lon="103.83037165738642215728759765625">
        <ele>403</ele>
        <time>2026-10-03T01:16:42.000Z</time>
        <extensions>
          <ns3:TrackPointExtension>
            <ns3:hr>151</ns3:hr>
            <ns3:cad>89</ns3:cad>
          </ns3:TrackPointExtension>
        </extensions>
      </trkpt>
      <trkpt lat="29.9839104898273944854736328125" lon="103.8304079510271549224853515625">
        <ele>403</ele>
        <time>2026-10-03T01:16:43.000Z</time>
        <extensions>
          <ns3:TrackPointExtension>
            <ns3:hr>150</ns3:hr>
            <ns3:cad>89</ns3:cad>
          </ns3:TrackPointExtension>
        </extensions>
      </trkpt>
      <trkpt lat="29.98391275294125080108642578125" lon="103.83044667541980743408203125">
        <ele>403.20001220703125</ele>
        <time>2026-10-03T01:16:44.000Z</time>
        <extensions>
          <ns3:TrackPointExtension>
            <ns3:hr>150</ns3:hr>
            <ns3:cad>89</ns3:cad>
          </ns3:TrackPointExtension>
        </extensions>
      </trkpt>
      <trkpt lat="29.98391694389283657073974609375" lon="103.83047576062381267547607421875">
        <ele>403.20001220703125</ele>
        <time>2026-10-03T01:16:45.000Z</time>
        <extensions>
          <ns3:TrackPointExtension>
            <ns3:hr>149</ns3:hr>
            <ns3:cad>89</ns3:cad>
          </ns3:TrackPointExtension>
        </extensions>
      </trkpt>
      <trkpt lat="29.98391778208315372467041015625" lon="103.83050777949392795562744140625">
        <ele>403.399993896484375</ele>
        <time>2026-10-03T01:16:46.000Z</time>
        <extensions>
          <ns3:TrackPointExtension>
            <ns3:hr>149</ns3:hr>
            <ns3:cad>88</ns3:cad>
          </ns3:TrackPointExtension>
        </extensions>
      </trkpt>
      <trkpt lat="29.98391996137797832489013671875" lon="103.83053778670728206634521484375">
        <ele>403.600006103515625</ele>
        <time>2026-10-03T01:16:47.000Z</time>
        <extensions>
          <ns3:TrackPointExtension>
            <ns3:hr>149</ns3:hr>
            <ns3:cad>88</ns3:cad>
          </ns3:TrackPointExtension>
        </extensions>
      </trkpt>
      <trkpt lat="29.98392180539667606353759765625" lon="103.8305680453777313232421875">
        <ele>403.79998779296875</ele>
        <time>2026-10-03T01:16:48.000Z</time>
        <extensions>
          <ns3:TrackPointExtension>
            <ns3:hr>149</ns3:hr>
            <ns3:cad>88</ns3:cad>
          </ns3:TrackPointExtension>
        </extensions>
      </trkpt>
      <trkpt lat="29.9839223921298980712890625" lon="103.8305948674678802490234375">
        <ele>403.79998779296875</ele>
        <time>2026-10-03T01:16:49.000Z</time>
        <extensions>
          <ns3:TrackPointExtension>
            <ns3:hr>149</ns3:hr>
            <ns3:cad>89</ns3:cad>
          </ns3:TrackPointExtension>
        </extensions>
      </trkpt>
      <trkpt lat="29.9839171953499317169189453125" lon="103.8306324183940887451171875">
        <ele>403.79998779296875</ele>
        <time>2026-10-03T01:16:50.000Z</time>
        <extensions>
          <ns3:TrackPointExtension>
            <ns3:hr>149</ns3:hr>
            <ns3:cad>89</ns3:cad>
          </ns3:TrackPointExtension>
        </extensions>
      </trkpt>
      <trkpt lat="29.9839198775589466094970703125" lon="103.8306674547493457794189453125">
        <ele>403.600006103515625</ele>
        <time>2026-10-03T01:16:51.000Z</time>
        <extensions>
          <ns3:TrackPointExtension>
            <ns3:hr>149</ns3:hr>
            <ns3:cad>89</ns3:cad>
          </ns3:TrackPointExtension>
        </extensions>
      </trkpt>
      <trkpt lat="29.98391644097864627838134765625" lon="103.8307048380374908447265625">
        <ele>403.399993896484375</ele>
        <time>2026-10-03T01:16:52.000Z</time>
        <extensions>
          <ns3:TrackPointExtension>
            <ns3:hr>149</ns3:hr>
            <ns3:cad>90</ns3:cad>
          </ns3:TrackPointExtension>
        </extensions>
      </trkpt>
      <trkpt lat="29.9839225597679615020751953125" lon="103.83073727600276470184326171875">
        <ele>403.20001220703125</ele>
        <time>2026-10-03T01:16:53.000Z</time>
        <extensions>
          <ns3:TrackPointExtension>
            <ns3:hr>149</ns3:hr>
            <ns3:cad>90</ns3:cad>
          </ns3:TrackPointExtension>
        </extensions>
      </trkpt>
      <trkpt lat="29.9839259125292301177978515625" lon="103.8307772576808929443359375">
        <ele>403</ele>
        <time>2026-10-03T01:16:54.000Z</time>
        <extensions>
          <ns3:TrackPointExtension>
            <ns3:hr>149</ns3:hr>
            <ns3:cad>90</ns3:cad>
          </ns3:TrackPointExtension>
        </extensions>
      </trkpt>
      <trkpt lat="29.9839317798614501953125" lon="103.8308149762451648712158203125">
        <ele>403</ele>
        <time>2026-10-03T01:16:55.000Z</time>
        <extensions>
          <ns3:TrackPointExtension>
            <ns3:hr>149</ns3:hr>
            <ns3:cad>90</ns3:cad>
          </ns3:TrackPointExtension>
        </extensions>
      </trkpt>
      <trkpt lat="29.983944185078144073486328125" lon="103.83085244335234165191650390625">
        <ele>403.20001220703125</ele>
        <time>2026-10-03T01:16:56.000Z</time>
        <extensions>
          <ns3:TrackPointExtension>
            <ns3:hr>149</ns3:hr>
            <ns3:cad>90</ns3:cad>
          </ns3:TrackPointExtension>
        </extensions>
      </trkpt>
      <trkpt lat="29.9839681573212146759033203125" lon="103.83088178001344203948974609375">
        <ele>403.20001220703125</ele>
        <time>2026-10-03T01:16:57.000Z</time>
        <extensions>
          <ns3:TrackPointExtension>
            <ns3:hr>149</ns3:hr>
            <ns3:cad>90</ns3:cad>
          </ns3:TrackPointExtension>
        </extensions>
      </trkpt>
      <trkpt lat="29.98399523086845874786376953125" lon="103.83091061376035213470458984375">
        <ele>403.20001220703125</ele>
        <time>2026-10-03T01:16:58.000Z</time>
        <extensions>
          <ns3:TrackPointExtension>
            <ns3:hr>149</ns3:hr>
            <ns3:cad>90</ns3:cad>
          </ns3:TrackPointExtension>
        </extensions>
      </trkpt>
      <trkpt lat="29.9840254895389080047607421875" lon="103.8309272937476634979248046875">
        <ele>403</ele>
        <time>2026-10-03T01:16:59.000Z</time>
        <extensions>
          <ns3:TrackPointExtension>
            <ns3:hr>149</ns3:hr>
            <ns3:cad>90</ns3:cad>
          </ns3:TrackPointExtension>
        </extensions>
      </trkpt>
      <trkpt lat="29.98405507765710353851318359375" lon="103.83093944750726222991943359375">
        <ele>403.20001220703125</ele>
        <time>2026-10-03T01:17:00.000Z</time>
        <extensions>
          <ns3:TrackPointExtension>
            <ns3:hr>149</ns3:hr>
            <ns3:cad>90</ns3:cad>
          </ns3:TrackPointExtension>
        </extensions>
      </trkpt>
      <trkpt lat="29.98408659361302852630615234375" lon="103.83094095624983310699462890625">
        <ele>403.20001220703125</ele>
        <time>2026-10-03T01:17:01.000Z</time>
        <extensions>
          <ns3:TrackPointExtension>
            <ns3:hr>150</ns3:hr>
            <ns3:cad>90</ns3:cad>
          </ns3:TrackPointExtension>
        </extensions>
      </trkpt>
      <trkpt lat="29.984117858111858367919921875" lon="103.830943889915943145751953125">
        <ele>403.20001220703125</ele>
        <time>2026-10-03T01:17:02.000Z</time>
        <extensions>
          <ns3:TrackPointExtension>
            <ns3:hr>150</ns3:hr>
            <ns3:cad>91</ns3:cad>
          </ns3:TrackPointExtension>
        </extensions>
      </trkpt>
      <trkpt lat="29.9841465242207050323486328125" lon="103.8309410400688648223876953125">
        <ele>403.20001220703125</ele>
        <time>2026-10-03T01:17:03.000Z</time>
        <extensions>
          <ns3:TrackPointExtension>
            <ns3:hr>150</ns3:hr>
            <ns3:cad>90</ns3:cad>
          </ns3:TrackPointExtension>
        </extensions>
      </trkpt>
      <trkpt lat="29.98417845927178859710693359375" lon="103.830947913229465484619140625">
        <ele>403.399993896484375</ele>
        <time>2026-10-03T01:17:04.000Z</time>
        <extensions>
          <ns3:TrackPointExtension>
            <ns3:hr>150</ns3:hr>
            <ns3:cad>90</ns3:cad>
          </ns3:TrackPointExtension>
        </extensions>
      </trkpt>
      <trkpt lat="29.98420813120901584625244140625" lon="103.830941207706928253173828125">
        <ele>403.20001220703125</ele>
        <time>2026-10-03T01:17:05.000Z</time>
        <extensions>
          <ns3:TrackPointExtension>
            <ns3:hr>150</ns3:hr>
            <ns3:cad>90</ns3:cad>
          </ns3:TrackPointExtension>
        </extensions>
      </trkpt>
      <trkpt lat="29.9842447601258754730224609375" lon="103.830942548811435699462890625">
        <ele>403.20001220703125</ele>
        <time>2026-10-03T01:17:06.000Z</time>
        <extensions>
          <ns3:TrackPointExtension>
            <ns3:hr>150</ns3:hr>
            <ns3:cad>89</ns3:cad>
          </ns3:TrackPointExtension>
        </extensions>
      </trkpt>
      <trkpt lat="29.98427149839699268341064453125" lon="103.83093391545116901397705078125">
        <ele>403.20001220703125</ele>
        <time>2026-10-03T01:17:07.000Z</time>
        <extensions>
          <ns3:TrackPointExtension>
            <ns3:hr>150</ns3:hr>
            <ns3:cad>89</ns3:cad>
          </ns3:TrackPointExtension>
        </extensions>
      </trkpt>
      <trkpt lat="29.98430636711418628692626953125" lon="103.83092285133898258209228515625">
        <ele>403.20001220703125</ele>
        <time>2026-10-03T01:17:08.000Z</time>
        <extensions>
          <ns3:TrackPointExtension>
            <ns3:hr>151</ns3:hr>
            <ns3:cad>88</ns3:cad>
          </ns3:TrackPointExtension>
        </extensions>
      </trkpt>
      <trkpt lat="29.984328746795654296875" lon="103.830902986228466033935546875">
        <ele>403.20001220703125</ele>
        <time>2026-10-03T01:17:09.000Z</time>
        <extensions>
          <ns3:TrackPointExtension>
            <ns3:hr>151</ns3:hr>
            <ns3:cad>88</ns3:cad>
          </ns3:TrackPointExtension>
        </extensions>
      </trkpt>
      <trkpt lat="29.98435917310416698455810546875" lon="103.8308759965002536773681640625">
        <ele>403.20001220703125</ele>
        <time>2026-10-03T01:17:10.000Z</time>
        <extensions>
          <ns3:TrackPointExtension>
            <ns3:hr>151</ns3:hr>
            <ns3:cad>88</ns3:cad>
          </ns3:TrackPointExtension>
        </extensions>
      </trkpt>
      <trkpt lat="29.98437459580600261688232421875" lon="103.83085294626653194427490234375">
        <ele>403.20001220703125</ele>
        <time>2026-10-03T01:17:11.000Z</time>
        <extensions>
          <ns3:TrackPointExtension>
            <ns3:hr>150</ns3:hr>
            <ns3:cad>88</ns3:cad>
          </ns3:TrackPointExtension>
        </extensions>
      </trkpt>
      <trkpt lat="29.98439311981201171875" lon="103.83081355132162570953369140625">
        <ele>403.20001220703125</ele>
        <time>2026-10-03T01:17:12.000Z</time>
        <extensions>
          <ns3:TrackPointExtension>
            <ns3:hr>151</ns3:hr>
            <ns3:cad>88</ns3:cad>
          </ns3:TrackPointExtension>
        </extensions>
      </trkpt>
      <trkpt lat="29.9844013340771198272705078125" lon="103.83078454993665218353271484375">
        <ele>403.20001220703125</ele>
        <time>2026-10-03T01:17:13.000Z</time>
        <extensions>
          <ns3:TrackPointExtension>
            <ns3:hr>151</ns3:hr>
            <ns3:cad>89</ns3:cad>
          </ns3:TrackPointExtension>
        </extensions>
      </trkpt>
      <trkpt lat="29.98440988361835479736328125" lon="103.83074549026787281036376953125">
        <ele>403.20001220703125</ele>
        <time>2026-10-03T01:17:14.000Z</time>
        <extensions>
          <ns3:TrackPointExtension>
            <ns3:hr>150</ns3:hr>
            <ns3:cad>89</ns3:cad>
          </ns3:TrackPointExtension>
        </extensions>
      </trkpt>
      <trkpt lat="29.9844050221145153045654296875" lon="103.83071732707321643829345703125">
        <ele>403.20001220703125</ele>
        <time>2026-10-03T01:17:15.000Z</time>
        <extensions>
          <ns3:TrackPointExtension>
            <ns3:hr>151</ns3:hr>
            <ns3:cad>89</ns3:cad>
          </ns3:TrackPointExtension>
        </extensions>
      </trkpt>
      <trkpt lat="29.98440611176192760467529296875" lon="103.830679692327976226806640625">
        <ele>403</ele>
        <time>2026-10-03T01:17:16.000Z</time>
        <extensions>
          <ns3:TrackPointExtension>
            <ns3:hr>151</ns3:hr>
            <ns3:cad>89</ns3:cad>
          </ns3:TrackPointExtension>
        </extensions>
      </trkpt>
      <trkpt lat="29.984398148953914642333984375" lon="103.830654881894588470458984375">
        <ele>403</ele>
        <time>2026-10-03T01:17:17.000Z</time>
        <extensions>
          <ns3:TrackPointExtension>
            <ns3:hr>152</ns3:hr>
            <ns3:cad>89</ns3:cad>
          </ns3:TrackPointExtension>
        </extensions>
      </trkpt>
      <trkpt lat="29.9843959696590900421142578125" lon="103.83061473257839679718017578125">
        <ele>403</ele>
        <time>2026-10-03T01:17:18.000Z</time>
        <extensions>
          <ns3:TrackPointExtension>
            <ns3:hr>153</ns3:hr>
            <ns3:cad>89</ns3:cad>
          </ns3:TrackPointExtension>
        </extensions>
      </trkpt>
      <trkpt lat="29.9843879230320453643798828125" lon="103.83058908395469188690185546875">
        <ele>403</ele>
        <time>2026-10-03T01:17:19.000Z</time>
        <extensions>
          <ns3:TrackPointExtension>
            <ns3:hr>155</ns3:hr>
            <ns3:cad>89</ns3:cad>
          </ns3:TrackPointExtension>
        </extensions>
      </trkpt>
      <trkpt lat="29.984384737908840179443359375" lon="103.83055186830461025238037109375">
        <ele>403</ele>
        <time>2026-10-03T01:17:20.000Z</time>
        <extensions>
          <ns3:TrackPointExtension>
            <ns3:hr>156</ns3:hr>
            <ns3:cad>89</ns3:cad>
          </ns3:TrackPointExtension>
        </extensions>
      </trkpt>
      <trkpt lat="29.98438314534723758697509765625" lon="103.83052571676671504974365234375">
        <ele>403</ele>
        <time>2026-10-03T01:17:21.000Z</time>
        <extensions>
          <ns3:TrackPointExtension>
            <ns3:hr>157</ns3:hr>
            <ns3:cad>89</ns3:cad>
          </ns3:TrackPointExtension>
        </extensions>
      </trkpt>
      <trkpt lat="29.9843823909759521484375" lon="103.83048648945987224578857421875">
        <ele>403</ele>
        <time>2026-10-03T01:17:22.000Z</time>
        <extensions>
          <ns3:TrackPointExtension>
            <ns3:hr>157</ns3:hr>
            <ns3:cad>89</ns3:cad>
          </ns3:TrackPointExtension>
        </extensions>
      </trkpt>
      <trkpt lat="29.98437291942536830902099609375" lon="103.8304622657597064971923828125">
        <ele>403</ele>
        <time>2026-10-03T01:17:23.000Z</time>
        <extensions>
          <ns3:TrackPointExtension>
            <ns3:hr>157</ns3:hr>
            <ns3:cad>89</ns3:cad>
          </ns3:TrackPointExtension>
        </extensions>
      </trkpt>
      <trkpt lat="29.984371662139892578125" lon="103.83042010478675365447998046875">
        <ele>403</ele>
        <time>2026-10-03T01:17:24.000Z</time>
        <extensions>
          <ns3:TrackPointExtension>
            <ns3:hr>157</ns3:hr>
            <ns3:cad>89</ns3:cad>
          </ns3:TrackPointExtension>
        </extensions>
      </trkpt>
      <trkpt lat="29.9843651242554187774658203125" lon="103.8303888402879238128662109375">
        <ele>403</ele>
        <time>2026-10-03T01:17:25.000Z</time>
        <extensions>
          <ns3:TrackPointExtension>
            <ns3:hr>157</ns3:hr>
            <ns3:cad>90</ns3:cad>
          </ns3:TrackPointExtension>
        </extensions>
      </trkpt>
      <trkpt lat="29.984352551400661468505859375" lon="103.83034617640078067779541015625">
        <ele>403</ele>
        <time>2026-10-03T01:17:26.000Z</time>
        <extensions>
          <ns3:TrackPointExtension>
            <ns3:hr>157</ns3:hr>
            <ns3:cad>90</ns3:cad>
          </ns3:TrackPointExtension>
        </extensions>
      </trkpt>
      <trkpt lat="29.9843389727175235748291015625" lon="103.83033025078475475311279296875">
        <ele>403</ele>
        <time>2026-10-03T01:17:27.000Z</time>
        <extensions>
          <ns3:TrackPointExtension>
            <ns3:hr>156</ns3:hr>
            <ns3:cad>89</ns3:cad>
          </ns3:TrackPointExtension>
        </extensions>
      </trkpt>
      <trkpt lat="29.9843326024711132049560546875" lon="103.83034131489694118499755859375">
        <ele>403</ele>
        <time>2026-10-03T01:17:28.000Z</time>
        <extensions>
          <ns3:TrackPointExtension>
            <ns3:hr>157</ns3:hr>
            <ns3:cad>89</ns3:cad>
          </ns3:TrackPointExtension>
        </extensions>
      </trkpt>
      <trkpt lat="29.98433486558496952056884765625" lon="103.83037467487156391143798828125">
        <ele>403</ele>
        <time>2026-10-03T01:17:29.000Z</time>
        <extensions>
          <ns3:TrackPointExtension>
            <ns3:hr>157</ns3:hr>
            <ns3:cad>89</ns3:cad>
          </ns3:TrackPointExtension>
        </extensions>
      </trkpt>
      <trkpt lat="29.9843396432697772979736328125" lon="103.8304071128368377685546875">
        <ele>403</ele>
        <time>2026-10-03T01:17:30.000Z</time>
        <extensions>
          <ns3:TrackPointExtension>
            <ns3:hr>156</ns3:hr>
            <ns3:cad>88</ns3:cad>
          </ns3:TrackPointExtension>
        </extensions>
      </trkpt>
      <trkpt lat="29.98434307985007762908935546875" lon="103.830439634621143341064453125">
        <ele>402.79998779296875</ele>
        <time>2026-10-03T01:17:31.000Z</time>
        <extensions>
          <ns3:TrackPointExtension>
            <ns3:hr>156</ns3:hr>
            <ns3:cad>88</ns3:cad>
          </ns3:TrackPointExtension>
        </extensions>
      </trkpt>
      <trkpt lat="29.98434844426810741424560546875" lon="103.8304713182151317596435546875">
        <ele>402.79998779296875</ele>
        <time>2026-10-03T01:17:32.000Z</time>
        <extensions>
          <ns3:TrackPointExtension>
            <ns3:hr>156</ns3:hr>
            <ns3:cad>88</ns3:cad>
          </ns3:TrackPointExtension>
        </extensions>
      </trkpt>
      <trkpt lat="29.98435162939131259918212890625" lon="103.8305088691413402557373046875">
        <ele>402.79998779296875</ele>
        <time>2026-10-03T01:17:33.000Z</time>
        <extensions>
          <ns3:TrackPointExtension>
            <ns3:hr>156</ns3:hr>
            <ns3:cad>88</ns3:cad>
          </ns3:TrackPointExtension>
        </extensions>
      </trkpt>
      <trkpt lat="29.98435514979064464569091796875" lon="103.83054046891629695892333984375">
        <ele>403</ele>
        <time>2026-10-03T01:17:34.000Z</time>
        <extensions>
          <ns3:TrackPointExtension>
            <ns3:hr>156</ns3:hr>
            <ns3:cad>88</ns3:cad>
          </ns3:TrackPointExtension>
        </extensions>
      </trkpt>
      <trkpt lat="29.98435632325708866119384765625" lon="103.83057617582380771636962890625">
        <ele>403</ele>
        <time>2026-10-03T01:17:35.000Z</time>
        <extensions>
          <ns3:TrackPointExtension>
            <ns3:hr>156</ns3:hr>
            <ns3:cad>88</ns3:cad>
          </ns3:TrackPointExtension>
        </extensions>
      </trkpt>
      <trkpt lat="29.98436294496059417724609375" lon="103.83060517720878124237060546875">
        <ele>403</ele>
        <time>2026-10-03T01:17:36.000Z</time>
        <extensions>
          <ns3:TrackPointExtension>
            <ns3:hr>156</ns3:hr>
            <ns3:cad>88</ns3:cad>
          </ns3:TrackPointExtension>
        </extensions>
      </trkpt>
      <trkpt lat="29.984364621341228485107421875" lon="103.83064188994467258453369140625">
        <ele>403</ele>
        <time>2026-10-03T01:17:37.000Z</time>
        <extensions>
          <ns3:TrackPointExtension>
            <ns3:hr>156</ns3:hr>
            <ns3:cad>88</ns3:cad>
          </ns3:TrackPointExtension>
        </extensions>
      </trkpt>
      <trkpt lat="29.98436906374990940093994140625" lon="103.83066971786320209503173828125">
        <ele>403</ele>
        <time>2026-10-03T01:17:38.000Z</time>
        <extensions>
          <ns3:TrackPointExtension>
            <ns3:hr>156</ns3:hr>
            <ns3:cad>89</ns3:cad>
          </ns3:TrackPointExtension>
        </extensions>
      </trkpt>
      <trkpt lat="29.98436939902603626251220703125" lon="103.8307013176381587982177734375">
        <ele>403</ele>
        <time>2026-10-03T01:17:39.000Z</time>
        <extensions>
          <ns3:TrackPointExtension>
            <ns3:hr>156</ns3:hr>
            <ns3:cad>88</ns3:cad>
          </ns3:TrackPointExtension>
        </extensions>
      </trkpt>
      <trkpt lat="29.98437208123505115509033203125" lon="103.83071531541645526885986328125">
        <ele>403</ele>
        <time>2026-10-03T01:17:40.000Z</time>
        <extensions>
          <ns3:TrackPointExtension>
            <ns3:hr>156</ns3:hr>
            <ns3:cad>88</ns3:cad>
          </ns3:TrackPointExtension>
        </extensions>
      </trkpt>
      <trkpt lat="29.98437501490116119384765625" lon="103.8307100348174571990966796875">
        <ele>402.79998779296875</ele>
        <time>2026-10-03T01:17:41.000Z</time>
        <extensions>
          <ns3:TrackPointExtension>
            <ns3:hr>155</ns3:hr>
            <ns3:cad>88</ns3:cad>
          </ns3:TrackPointExtension>
        </extensions>
      </trkpt>
      <trkpt lat="29.9843778647482395172119140625" lon="103.83070408366620540618896484375">
        <ele>402.79998779296875</ele>
        <time>2026-10-03T01:17:42.000Z</time>
        <extensions>
          <ns3:TrackPointExtension>
            <ns3:hr>156</ns3:hr>
            <ns3:cad>88</ns3:cad>
          </ns3:TrackPointExtension>
        </extensions>
      </trkpt>
      <trkpt lat="29.98438364826142787933349609375" lon="103.83071632124483585357666015625">
        <ele>402.600006103515625</ele>
        <time>2026-10-03T01:17:43.000Z</time>
        <extensions>
          <ns3:TrackPointExtension>
            <ns3:hr>155</ns3:hr>
            <ns3:cad>88</ns3:cad>
          </ns3:TrackPointExtension>
        </extensions>
      </trkpt>
      <trkpt lat="29.9843872524797916412353515625" lon="103.83073627017438411712646484375">
        <ele>402.600006103515625</ele>
        <time>2026-10-03T01:17:44.000Z</time>
        <extensions>
          <ns3:TrackPointExtension>
            <ns3:hr>155</ns3:hr>
            <ns3:cad>0</ns3:cad>
          </ns3:TrackPointExtension>
        </extensions>
      </trkpt>
      <trkpt lat="29.9843815527856349945068359375" lon="103.83076627738773822784423828125">
        <ele>402.600006103515625</ele>
        <time>2026-10-03T01:17:45.000Z</time>
        <extensions>
          <ns3:TrackPointExtension>
            <ns3:hr>155</ns3:hr>
            <ns3:cad>0</ns3:cad>
          </ns3:TrackPointExtension>
        </extensions>
      </trkpt>
      <trkpt lat="29.9843731708824634552001953125" lon="103.8307891599833965301513671875">
        <ele>402.79998779296875</ele>
        <time>2026-10-03T01:17:46.000Z</time>
        <extensions>
          <ns3:TrackPointExtension>
            <ns3:hr>154</ns3:hr>
            <ns3:cad>83</ns3:cad>
          </ns3:TrackPointExtension>
        </extensions>
      </trkpt>
      <trkpt lat="29.98435833491384983062744140625" lon="103.83082075975835323333740234375">
        <ele>403</ele>
        <time>2026-10-03T01:17:47.000Z</time>
        <extensions>
          <ns3:TrackPointExtension>
            <ns3:hr>154</ns3:hr>
            <ns3:cad>83</ns3:cad>
          </ns3:TrackPointExtension>
        </extensions>
      </trkpt>
      <trkpt lat="29.98434685170650482177734375" lon="103.83084498345851898193359375">
        <ele>403.20001220703125</ele>
        <time>2026-10-03T01:17:48.000Z</time>
        <extensions>
          <ns3:TrackPointExtension>
            <ns3:hr>153</ns3:hr>
            <ns3:cad>83</ns3:cad>
          </ns3:TrackPointExtension>
        </extensions>
      </trkpt>
      <trkpt lat="29.9843461811542510986328125" lon="103.83085126988589763641357421875">
        <ele>403</ele>
        <time>2026-10-03T01:17:49.000Z</time>
        <extensions>
          <ns3:TrackPointExtension>
            <ns3:hr>153</ns3:hr>
            <ns3:cad>87</ns3:cad>
          </ns3:TrackPointExtension>
        </extensions>
      </trkpt>
      <trkpt lat="29.98434324748814105987548828125" lon="103.8308558799326419830322265625">
        <ele>402.79998779296875</ele>
        <time>2026-10-03T01:17:50.000Z</time>
        <extensions>
          <ns3:TrackPointExtension>
            <ns3:hr>152</ns3:hr>
            <ns3:cad>87</ns3:cad>
          </ns3:TrackPointExtension>
        </extensions>
      </trkpt>
      <trkpt lat="29.9843409843742847442626953125" lon="103.8308555446565151214599609375">
        <ele>402.600006103515625</ele>
        <time>2026-10-03T01:17:51.000Z</time>
        <extensions>
          <ns3:TrackPointExtension>
            <ns3:hr>152</ns3:hr>
            <ns3:cad>87</ns3:cad>
          </ns3:TrackPointExtension>
        </extensions>
      </trkpt>
      <trkpt lat="29.98433654196560382843017578125" lon="103.83085571229457855224609375">
        <ele>402.399993896484375</ele>
        <time>2026-10-03T01:17:52.000Z</time>
        <extensions>
          <ns3:TrackPointExtension>
            <ns3:hr>152</ns3:hr>
            <ns3:cad>0</ns3:cad>
          </ns3:TrackPointExtension>
        </extensions>
      </trkpt>
      <trkpt lat="29.98433168046176433563232421875" lon="103.83086032234132289886474609375">
        <ele>402.20001220703125</ele>
        <time>2026-10-03T01:17:53.000Z</time>
        <extensions>
          <ns3:TrackPointExtension>
            <ns3:hr>152</ns3:hr>
            <ns3:cad>0</ns3:cad>
          </ns3:TrackPointExtension>
        </extensions>
      </trkpt>
      <trkpt lat="29.98433209955692291259765625" lon="103.8308609090745449066162109375">
        <ele>402.20001220703125</ele>
        <time>2026-10-03T01:17:54.000Z</time>
        <extensions>
          <ns3:TrackPointExtension>
            <ns3:hr>151</ns3:hr>
            <ns3:cad>0</ns3:cad>
          </ns3:TrackPointExtension>
        </extensions>
      </trkpt>
      <trkpt lat="29.98433209955692291259765625" lon="103.8308609090745449066162109375">
        <ele>402.20001220703125</ele>
        <time>2026-10-03T01:17:55.000Z</time>
        <extensions>
          <ns3:TrackPointExtension>
            <ns3:hr>150</ns3:hr>
            <ns3:cad>0</ns3:cad>
          </ns3:TrackPointExtension>
        </extensions>
      </trkpt>
      <trkpt lat="29.98433209955692291259765625" lon="103.8308609090745449066162109375">
        <ele>402.20001220703125</ele>
        <time>2026-10-03T01:17:56.000Z</time>
        <extensions>
          <ns3:TrackPointExtension>
            <ns3:hr>149</ns3:hr>
            <ns3:cad>0</ns3:cad>
          </ns3:TrackPointExtension>
        </extensions>
      </trkpt>
      <trkpt lat="29.98433209955692291259765625" lon="103.8308609090745449066162109375">
        <ele>402.20001220703125</ele>
        <time>2026-10-03T01:17:57.000Z</time>
        <extensions>
          <ns3:TrackPointExtension>
            <ns3:hr>149</ns3:hr>
            <ns3:cad>0</ns3:cad>
          </ns3:TrackPointExtension>
        </extensions>
      </trkpt>
      <trkpt lat="29.98433209955692291259765625" lon="103.8308609090745449066162109375">
        <ele>402.20001220703125</ele>
        <time>2026-10-03T01:17:58.000Z</time>
        <extensions>
          <ns3:TrackPointExtension>
            <ns3:hr>148</ns3:hr>
            <ns3:cad>0</ns3:cad>
          </ns3:TrackPointExtension>
        </extensions>
      </trkpt>
      <trkpt lat="29.98433209955692291259765625" lon="103.8308609090745449066162109375">
        <ele>402.20001220703125</ele>
        <time>2026-10-03T01:17:59.000Z</time>
        <extensions>
          <ns3:TrackPointExtension>
            <ns3:hr>147</ns3:hr>
            <ns3:cad>0</ns3:cad>
          </ns3:TrackPointExtension>
        </extensions>
      </trkpt>
      <trkpt lat="29.98433209955692291259765625" lon="103.8308609090745449066162109375">
        <ele>402.20001220703125</ele>
        <time>2026-10-03T01:18:00.000Z</time>
        <extensions>
          <ns3:TrackPointExtension>
            <ns3:hr>146</ns3:hr>
            <ns3:cad>0</ns3:cad>
          </ns3:TrackPointExtension>
        </extensions>
      </trkpt>
      <trkpt lat="29.98433209955692291259765625" lon="103.8308609090745449066162109375">
        <ele>402.20001220703125</ele>
        <time>2026-10-03T01:18:01.000Z</time>
        <extensions>
          <ns3:TrackPointExtension>
            <ns3:hr>146</ns3:hr>
            <ns3:cad>0</ns3:cad>
          </ns3:TrackPointExtension>
        </extensions>
      </trkpt>
      <trkpt lat="29.98433209955692291259765625" lon="103.8308609090745449066162109375">
        <ele>402.20001220703125</ele>
        <time>2026-10-03T01:18:02.000Z</time>
        <extensions>
          <ns3:TrackPointExtension>
            <ns3:hr>145</ns3:hr>
            <ns3:cad>0</ns3:cad>
          </ns3:TrackPointExtension>
        </extensions>
      </trkpt>
      <trkpt lat="29.98433251865208148956298828125" lon="103.83086317218840122222900390625">
        <ele>402.20001220703125</ele>
        <time>2026-10-03T01:18:03.000Z</time>
        <extensions>
          <ns3:TrackPointExtension>
            <ns3:hr>145</ns3:hr>
            <ns3:cad>0</ns3:cad>
          </ns3:TrackPointExtension>
        </extensions>
      </trkpt>
      <trkpt lat="29.98431994579732418060302734375" lon="103.83087716996669769287109375">
        <ele>402.20001220703125</ele>
        <time>2026-10-03T01:18:04.000Z</time>
        <extensions>
          <ns3:TrackPointExtension>
            <ns3:hr>145</ns3:hr>
            <ns3:cad>0</ns3:cad>
          </ns3:TrackPointExtension>
        </extensions>
      </trkpt>
      <trkpt lat="29.98431340791285037994384765625" lon="103.8308845460414886474609375">
        <ele>402.20001220703125</ele>
        <time>2026-10-03T01:18:05.000Z</time>
        <extensions>
          <ns3:TrackPointExtension>
            <ns3:hr>144</ns3:hr>
            <ns3:cad>0</ns3:cad>
          </ns3:TrackPointExtension>
        </extensions>
      </trkpt>
      <trkpt lat="29.98431776650249958038330078125" lon="103.83088580332696437835693359375">
        <ele>402.399993896484375</ele>
        <time>2026-10-03T01:18:06.000Z</time>
        <extensions>
          <ns3:TrackPointExtension>
            <ns3:hr>143</ns3:hr>
            <ns3:cad>0</ns3:cad>
          </ns3:TrackPointExtension>
        </extensions>
      </trkpt>
      <trkpt lat="29.9843232147395610809326171875" lon="103.8308843784034252166748046875">
        <ele>402.399993896484375</ele>
        <time>2026-10-03T01:18:07.000Z</time>
        <extensions>
          <ns3:TrackPointExtension>
            <ns3:hr>143</ns3:hr>
            <ns3:cad>0</ns3:cad>
          </ns3:TrackPointExtension>
        </extensions>
      </trkpt>
      <trkpt lat="29.98432413674890995025634765625" lon="103.83088513277471065521240234375">
        <ele>402.399993896484375</ele>
        <time>2026-10-03T01:18:08.000Z</time>
        <extensions>
          <ns3:TrackPointExtension>
            <ns3:hr>142</ns3:hr>
            <ns3:cad>0</ns3:cad>
          </ns3:TrackPointExtension>
        </extensions>
      </trkpt>
      <trkpt lat="29.9843274056911468505859375" lon="103.8308827020227909088134765625">
        <ele>402.20001220703125</ele>
        <time>2026-10-03T01:18:09.000Z</time>
        <extensions>
          <ns3:TrackPointExtension>
            <ns3:hr>141</ns3:hr>
            <ns3:cad>0</ns3:cad>
          </ns3:TrackPointExtension>
        </extensions>
      </trkpt>
      <trkpt lat="29.98432983644306659698486328125" lon="103.83088144473731517791748046875">
        <ele>402</ele>
        <time>2026-10-03T01:18:10.000Z</time>
        <extensions>
          <ns3:TrackPointExtension>
            <ns3:hr>141</ns3:hr>
            <ns3:cad>0</ns3:cad>
          </ns3:TrackPointExtension>
        </extensions>
      </trkpt>
      <trkpt lat="29.98433075845241546630859375" lon="103.8308793492615222930908203125">
        <ele>402</ele>
        <time>2026-10-03T01:18:11.000Z</time>
        <extensions>
          <ns3:TrackPointExtension>
            <ns3:hr>140</ns3:hr>
            <ns3:cad>0</ns3:cad>
          </ns3:TrackPointExtension>
        </extensions>
      </trkpt>
      <trkpt lat="29.984332434833049774169921875" lon="103.83088027127087116241455078125">
        <ele>402</ele>
        <time>2026-10-03T01:18:12.000Z</time>
        <extensions>
          <ns3:TrackPointExtension>
            <ns3:hr>139</ns3:hr>
            <ns3:cad>0</ns3:cad>
          </ns3:TrackPointExtension>
        </extensions>
      </trkpt>
      <trkpt lat="29.98433017171919345855712890625" lon="103.83088261820375919342041015625">
        <ele>401.79998779296875</ele>
        <time>2026-10-03T01:18:13.000Z</time>
        <extensions>
          <ns3:TrackPointExtension>
            <ns3:hr>138</ns3:hr>
            <ns3:cad>0</ns3:cad>
          </ns3:TrackPointExtension>
        </extensions>
      </trkpt>
      <trkpt lat="29.98432807624340057373046875" lon="103.83088848553597927093505859375">
        <ele>401.79998779296875</ele>
        <time>2026-10-03T01:18:14.000Z</time>
        <extensions>
          <ns3:TrackPointExtension>
            <ns3:hr>137</ns3:hr>
            <ns3:cad>0</ns3:cad>
          </ns3:TrackPointExtension>
        </extensions>
      </trkpt>
      <trkpt lat="29.984328411519527435302734375" lon="103.83088949136435985565185546875">
        <ele>401.79998779296875</ele>
        <time>2026-10-03T01:18:15.000Z</time>
        <extensions>
          <ns3:TrackPointExtension>
            <ns3:hr>136</ns3:hr>
            <ns3:cad>0</ns3:cad>
          </ns3:TrackPointExtension>
        </extensions>
      </trkpt>
      <trkpt lat="29.984328411519527435302734375" lon="103.83088949136435985565185546875">
        <ele>401.79998779296875</ele>
        <time>2026-10-03T01:18:16.000Z</time>
        <extensions>
          <ns3:TrackPointExtension>
            <ns3:hr>134</ns3:hr>
            <ns3:cad>0</ns3:cad>
          </ns3:TrackPointExtension>
        </extensions>
      </trkpt>
      <trkpt lat="29.984328411519527435302734375" lon="103.83088949136435985565185546875">
        <ele>401.79998779296875</ele>
        <time>2026-10-03T01:18:17.000Z</time>
        <extensions>
          <ns3:TrackPointExtension>
            <ns3:hr>134</ns3:hr>
            <ns3:cad>0</ns3:cad>
          </ns3:TrackPointExtension>
        </extensions>
      </trkpt>
      <trkpt lat="29.9843279086053371429443359375" lon="103.83089049719274044036865234375">
        <ele>402</ele>
        <time>2026-10-03T01:18:18.000Z</time>
        <extensions>
          <ns3:TrackPointExtension>
            <ns3:hr>132</ns3:hr>
            <ns3:cad>0</ns3:cad>
          </ns3:TrackPointExtension>
        </extensions>
      </trkpt>
      <trkpt lat="29.9843027628958225250244140625" lon="103.830904997885227203369140625">
        <ele>402</ele>
        <time>2026-10-03T01:18:19.000Z</time>
        <extensions>
          <ns3:TrackPointExtension>
            <ns3:hr>131</ns3:hr>
            <ns3:cad>0</ns3:cad>
          </ns3:TrackPointExtension>
        </extensions>
      </trkpt>
      <trkpt lat="29.984276778995990753173828125" lon="103.83091329596936702728271484375">
        <ele>402.20001220703125</ele>
        <time>2026-10-03T01:18:20.000Z</time>
        <extensions>
          <ns3:TrackPointExtension>
            <ns3:hr>131</ns3:hr>
            <ns3:cad>0</ns3:cad>
          </ns3:TrackPointExtension>
        </extensions>
      </trkpt>
      <trkpt lat="29.984243921935558319091796875" lon="103.8309209235012531280517578125">
        <ele>402.399993896484375</ele>
        <time>2026-10-03T01:18:21.000Z</time>
        <extensions>
          <ns3:TrackPointExtension>
            <ns3:hr>130</ns3:hr>
            <ns3:cad>0</ns3:cad>
          </ns3:TrackPointExtension>
        </extensions>
      </trkpt>
      <trkpt lat="29.98421408236026763916015625" lon="103.83092737756669521331787109375">
        <ele>402.399993896484375</ele>
        <time>2026-10-03T01:18:22.000Z</time>
        <extensions>
          <ns3:TrackPointExtension>
            <ns3:hr>129</ns3:hr>
            <ns3:cad>0</ns3:cad>
          </ns3:TrackPointExtension>
        </extensions>
      </trkpt>
      <trkpt lat="29.9841798841953277587890625" lon="103.83093475364148616790771484375">
        <ele>402.399993896484375</ele>
        <time>2026-10-03T01:18:23.000Z</time>
        <extensions>
          <ns3:TrackPointExtension>
            <ns3:hr>129</ns3:hr>
            <ns3:cad>86</ns3:cad>
          </ns3:TrackPointExtension>
        </extensions>
      </trkpt>
      <trkpt lat="29.9841505475342273712158203125" lon="103.830944560468196868896484375">
        <ele>402.399993896484375</ele>
        <time>2026-10-03T01:18:24.000Z</time>
        <extensions>
          <ns3:TrackPointExtension>
            <ns3:hr>129</ns3:hr>
            <ns3:cad>86</ns3:cad>
          </ns3:TrackPointExtension>
        </extensions>
      </trkpt>
      <trkpt lat="29.984117858111858367919921875" lon="103.83095134980976581573486328125">
        <ele>402.600006103515625</ele>
        <time>2026-10-03T01:18:25.000Z</time>
        <extensions>
          <ns3:TrackPointExtension>
            <ns3:hr>130</ns3:hr>
            <ns3:cad>88</ns3:cad>
          </ns3:TrackPointExtension>
        </extensions>
      </trkpt>
      <trkpt lat="29.98408734798431396484375" lon="103.830955959856510162353515625">
        <ele>402.399993896484375</ele>
        <time>2026-10-03T01:18:26.000Z</time>
        <extensions>
          <ns3:TrackPointExtension>
            <ns3:hr>132</ns3:hr>
            <ns3:cad>89</ns3:cad>
          </ns3:TrackPointExtension>
        </extensions>
      </trkpt>
      <trkpt lat="29.984048120677471160888671875" lon="103.8309443928301334381103515625">
        <ele>402.600006103515625</ele>
        <time>2026-10-03T01:18:27.000Z</time>
        <extensions>
          <ns3:TrackPointExtension>
            <ns3:hr>132</ns3:hr>
            <ns3:cad>89</ns3:cad>
          </ns3:TrackPointExtension>
        </extensions>
      </trkpt>
      <trkpt lat="29.98401836492121219635009765625" lon="103.83092603646218776702880859375">
        <ele>402.399993896484375</ele>
        <time>2026-10-03T01:18:28.000Z</time>
        <extensions>
          <ns3:TrackPointExtension>
            <ns3:hr>133</ns3:hr>
            <ns3:cad>90</ns3:cad>
          </ns3:TrackPointExtension>
        </extensions>
      </trkpt>
      <trkpt lat="29.98398877680301666259765625" lon="103.8308961130678653717041015625">
        <ele>402.399993896484375</ele>
        <time>2026-10-03T01:18:29.000Z</time>
        <extensions>
          <ns3:TrackPointExtension>
            <ns3:hr>133</ns3:hr>
            <ns3:cad>90</ns3:cad>
          </ns3:TrackPointExtension>
        </extensions>
      </trkpt>
      <trkpt lat="29.9839694984257221221923828125" lon="103.83086065761744976043701171875">
        <ele>402.399993896484375</ele>
        <time>2026-10-03T01:18:30.000Z</time>
        <extensions>
          <ns3:TrackPointExtension>
            <ns3:hr>133</ns3:hr>
            <ns3:cad>91</ns3:cad>
          </ns3:TrackPointExtension>
        </extensions>
      </trkpt>
      <trkpt lat="29.98396019451320171356201171875" lon="103.8308159820735454559326171875">
        <ele>402.399993896484375</ele>
        <time>2026-10-03T01:18:31.000Z</time>
        <extensions>
          <ns3:TrackPointExtension>
            <ns3:hr>134</ns3:hr>
            <ns3:cad>91</ns3:cad>
          </ns3:TrackPointExtension>
        </extensions>
      </trkpt>
      <trkpt lat="29.98394988477230072021484375" lon="103.8307794369757175445556640625">
        <ele>402.399993896484375</ele>
        <time>2026-10-03T01:18:32.000Z</time>
        <extensions>
          <ns3:TrackPointExtension>
            <ns3:hr>134</ns3:hr>
            <ns3:cad>91</ns3:cad>
          </ns3:TrackPointExtension>
        </extensions>
      </trkpt>
      <trkpt lat="29.9839423410594463348388671875" lon="103.83073224686086177825927734375">
        <ele>402.399993896484375</ele>
        <time>2026-10-03T01:18:33.000Z</time>
        <extensions>
          <ns3:TrackPointExtension>
            <ns3:hr>136</ns3:hr>
            <ns3:cad>92</ns3:cad>
          </ns3:TrackPointExtension>
        </extensions>
      </trkpt>
      <trkpt lat="29.9839346297085285186767578125" lon="103.830695115029811859130859375">
        <ele>402.399993896484375</ele>
        <time>2026-10-03T01:18:34.000Z</time>
        <extensions>
          <ns3:TrackPointExtension>
            <ns3:hr>137</ns3:hr>
            <ns3:cad>92</ns3:cad>
          </ns3:TrackPointExtension>
        </extensions>
      </trkpt>
      <trkpt lat="29.98393219895660877227783203125" lon="103.83064993657171726226806640625">
        <ele>402.399993896484375</ele>
        <time>2026-10-03T01:18:35.000Z</time>
        <extensions>
          <ns3:TrackPointExtension>
            <ns3:hr>138</ns3:hr>
            <ns3:cad>92</ns3:cad>
          </ns3:TrackPointExtension>
        </extensions>
      </trkpt>
      <trkpt lat="29.9839249067008495330810546875" lon="103.83061431348323822021484375">
        <ele>402.399993896484375</ele>
        <time>2026-10-03T01:18:36.000Z</time>
        <extensions>
          <ns3:TrackPointExtension>
            <ns3:hr>139</ns3:hr>
            <ns3:cad>92</ns3:cad>
          </ns3:TrackPointExtension>
        </extensions>
      </trkpt>
      <trkpt lat="29.9839245714247226715087890625" lon="103.8305708952248096466064453125">
        <ele>402.399993896484375</ele>
        <time>2026-10-03T01:18:37.000Z</time>
        <extensions>
          <ns3:TrackPointExtension>
            <ns3:hr>140</ns3:hr>
            <ns3:cad>93</ns3:cad>
          </ns3:TrackPointExtension>
        </extensions>
      </trkpt>
      <trkpt lat="29.9839195422828197479248046875" lon="103.83053359575569629669189453125">
        <ele>402.399993896484375</ele>
        <time>2026-10-03T01:18:38.000Z</time>
        <extensions>
          <ns3:TrackPointExtension>
            <ns3:hr>141</ns3:hr>
            <ns3:cad>93</ns3:cad>
          </ns3:TrackPointExtension>
        </extensions>
      </trkpt>
      <trkpt lat="29.9839170277118682861328125" lon="103.830491267144680023193359375">
        <ele>402.399993896484375</ele>
        <time>2026-10-03T01:18:39.000Z</time>
        <extensions>
          <ns3:TrackPointExtension>
            <ns3:hr>142</ns3:hr>
            <ns3:cad>92</ns3:cad>
          </ns3:TrackPointExtension>
        </extensions>
      </trkpt>
      <trkpt lat="29.98390889726579189300537109375" lon="103.83045195601880550384521484375">
        <ele>402.399993896484375</ele>
        <time>2026-10-03T01:18:40.000Z</time>
        <extensions>
          <ns3:TrackPointExtension>
            <ns3:hr>142</ns3:hr>
            <ns3:cad>92</ns3:cad>
          </ns3:TrackPointExtension>
        </extensions>
      </trkpt>
      <trkpt lat="29.9839044548571109771728515625" lon="103.8304159976541996002197265625">
        <ele>402.399993896484375</ele>
        <time>2026-10-03T01:18:41.000Z</time>
        <extensions>
          <ns3:TrackPointExtension>
            <ns3:hr>142</ns3:hr>
            <ns3:cad>92</ns3:cad>
          </ns3:TrackPointExtension>
        </extensions>
      </trkpt>
      <trkpt lat="29.98390152119100093841552734375" lon="103.830375261604785919189453125">
        <ele>402.399993896484375</ele>
        <time>2026-10-03T01:18:42.000Z</time>
        <extensions>
          <ns3:TrackPointExtension>
            <ns3:hr>143</ns3:hr>
            <ns3:cad>93</ns3:cad>
          </ns3:TrackPointExtension>
        </extensions>
      </trkpt>
      <trkpt lat="29.98389900662004947662353515625" lon="103.83033913560211658477783203125">
        <ele>402.399993896484375</ele>
        <time>2026-10-03T01:18:43.000Z</time>
        <extensions>
          <ns3:TrackPointExtension>
            <ns3:hr>144</ns3:hr>
            <ns3:cad>93</ns3:cad>
          </ns3:TrackPointExtension>
        </extensions>
      </trkpt>
      <trkpt lat="29.9838987551629543304443359375" lon="103.83029923774302005767822265625">
        <ele>402.399993896484375</ele>
        <time>2026-10-03T01:18:44.000Z</time>
        <extensions>
          <ns3:TrackPointExtension>
            <ns3:hr>145</ns3:hr>
            <ns3:cad>93</ns3:cad>
          </ns3:TrackPointExtension>
        </extensions>
      </trkpt>
      <trkpt lat="29.983895905315876007080078125" lon="103.83026839233934879302978515625">
        <ele>402.399993896484375</ele>
        <time>2026-10-03T01:18:45.000Z</time>
        <extensions>
          <ns3:TrackPointExtension>
            <ns3:hr>145</ns3:hr>
            <ns3:cad>92</ns3:cad>
          </ns3:TrackPointExtension>
        </extensions>
      </trkpt>
      <trkpt lat="29.9838982522487640380859375" lon="103.83022732101380825042724609375">
        <ele>402.399993896484375</ele>
        <time>2026-10-03T01:18:46.000Z</time>
        <extensions>
          <ns3:TrackPointExtension>
            <ns3:hr>147</ns3:hr>
            <ns3:cad>92</ns3:cad>
          </ns3:TrackPointExtension>
        </extensions>
      </trkpt>
      <trkpt lat="29.983892552554607391357421875" lon="103.8301960565149784088134765625">
        <ele>402.399993896484375</ele>
        <time>2026-10-03T01:18:47.000Z</time>
        <extensions>
          <ns3:TrackPointExtension>
            <ns3:hr>148</ns3:hr>
            <ns3:cad>93</ns3:cad>
          </ns3:TrackPointExtension>
        </extensions>
      </trkpt>
      <trkpt lat="29.98388945125043392181396484375" lon="103.8301571644842624664306640625">
        <ele>402.399993896484375</ele>
        <time>2026-10-03T01:18:48.000Z</time>
        <extensions>
          <ns3:TrackPointExtension>
            <ns3:hr>152</ns3:hr>
            <ns3:cad>93</ns3:cad>
          </ns3:TrackPointExtension>
        </extensions>
      </trkpt>
      <trkpt lat="29.98388509266078472137451171875" lon="103.83012271486222743988037109375">
        <ele>402.399993896484375</ele>
        <time>2026-10-03T01:18:49.000Z</time>
        <extensions>
          <ns3:TrackPointExtension>
            <ns3:hr>154</ns3:hr>
            <ns3:cad>93</ns3:cad>
          </ns3:TrackPointExtension>
        </extensions>
      </trkpt>
      <trkpt lat="29.98387880623340606689453125" lon="103.83008700795471668243408203125">
        <ele>402.399993896484375</ele>
        <time>2026-10-03T01:18:50.000Z</time>
        <extensions>
          <ns3:TrackPointExtension>
            <ns3:hr>155</ns3:hr>
            <ns3:cad>92</ns3:cad>
          </ns3:TrackPointExtension>
        </extensions>
      </trkpt>
      <trkpt lat="29.98387235216796398162841796875" lon="103.83005381561815738677978515625">
        <ele>402.399993896484375</ele>
        <time>2026-10-03T01:18:51.000Z</time>
        <extensions>
          <ns3:TrackPointExtension>
            <ns3:hr>155</ns3:hr>
            <ns3:cad>92</ns3:cad>
          </ns3:TrackPointExtension>
        </extensions>
      </trkpt>
      <trkpt lat="29.98387034051120281219482421875" lon="103.83001056499779224395751953125">
        <ele>402.20001220703125</ele>
        <time>2026-10-03T01:18:52.000Z</time>
        <extensions>
          <ns3:TrackPointExtension>
            <ns3:hr>156</ns3:hr>
            <ns3:cad>93</ns3:cad>
          </ns3:TrackPointExtension>
        </extensions>
      </trkpt>
      <trkpt lat="29.98385910876095294952392578125" lon="103.829982988536357879638671875">
        <ele>402.399993896484375</ele>
        <time>2026-10-03T01:18:53.000Z</time>
        <extensions>
          <ns3:TrackPointExtension>
            <ns3:hr>156</ns3:hr>
            <ns3:cad>92</ns3:cad>
          </ns3:TrackPointExtension>
        </extensions>
      </trkpt>
      <trkpt lat="29.98385491780936717987060546875" lon="103.829985670745372772216796875">
        <ele>402.399993896484375</ele>
        <time>2026-10-03T01:18:54.000Z</time>
        <extensions>
          <ns3:TrackPointExtension>
            <ns3:hr>156</ns3:hr>
            <ns3:cad>92</ns3:cad>
          </ns3:TrackPointExtension>
        </extensions>
      </trkpt>
      <trkpt lat="29.9838555045425891876220703125" lon="103.83000100962817668914794921875">
        <ele>402.399993896484375</ele>
        <time>2026-10-03T01:18:55.000Z</time>
        <extensions>
          <ns3:TrackPointExtension>
            <ns3:hr>156</ns3:hr>
            <ns3:cad>91</ns3:cad>
          </ns3:TrackPointExtension>
        </extensions>
      </trkpt>
      <trkpt lat="29.9838553369045257568359375" lon="103.8300351239740848541259765625">
        <ele>402.399993896484375</ele>
        <time>2026-10-03T01:18:56.000Z</time>
        <extensions>
          <ns3:TrackPointExtension>
            <ns3:hr>157</ns3:hr>
            <ns3:cad>90</ns3:cad>
          </ns3:TrackPointExtension>
        </extensions>
      </trkpt>
      <trkpt lat="29.983865059912204742431640625" lon="103.8300582580268383026123046875">
        <ele>402.20001220703125</ele>
        <time>2026-10-03T01:18:57.000Z</time>
        <extensions>
          <ns3:TrackPointExtension>
            <ns3:hr>157</ns3:hr>
            <ns3:cad>90</ns3:cad>
          </ns3:TrackPointExtension>
        </extensions>
      </trkpt>
      <trkpt lat="29.9838732741773128509521484375" lon="103.83009354583919048309326171875">
        <ele>402.20001220703125</ele>
        <time>2026-10-03T01:18:58.000Z</time>
        <extensions>
          <ns3:TrackPointExtension>
            <ns3:hr>157</ns3:hr>
            <ns3:cad>87</ns3:cad>
          </ns3:TrackPointExtension>
        </extensions>
      </trkpt>
      <trkpt lat="29.98388140462338924407958984375" lon="103.83011952973902225494384765625">
        <ele>402.20001220703125</ele>
        <time>2026-10-03T01:18:59.000Z</time>
        <extensions>
          <ns3:TrackPointExtension>
            <ns3:hr>156</ns3:hr>
            <ns3:cad>87</ns3:cad>
          </ns3:TrackPointExtension>
        </extensions>
      </trkpt>
      <trkpt lat="29.98389028944075107574462890625" lon="103.83015590719878673553466796875">
        <ele>402.20001220703125</ele>
        <time>2026-10-03T01:19:00.000Z</time>
        <extensions>
          <ns3:TrackPointExtension>
            <ns3:hr>156</ns3:hr>
            <ns3:cad>87</ns3:cad>
          </ns3:TrackPointExtension>
        </extensions>
      </trkpt>
      <trkpt lat="29.98390001244843006134033203125" lon="103.8301791250705718994140625">
        <ele>402</ele>
        <time>2026-10-03T01:19:01.000Z</time>
        <extensions>
          <ns3:TrackPointExtension>
            <ns3:hr>156</ns3:hr>
            <ns3:cad>88</ns3:cad>
          </ns3:TrackPointExtension>
        </extensions>
      </trkpt>
      <trkpt lat="29.9839004315435886383056640625" lon="103.83021927438676357269287109375">
        <ele>402</ele>
        <time>2026-10-03T01:19:02.000Z</time>
        <extensions>
          <ns3:TrackPointExtension>
            <ns3:hr>156</ns3:hr>
            <ns3:cad>88</ns3:cad>
          </ns3:TrackPointExtension>
        </extensions>
      </trkpt>
      <trkpt lat="29.98390336520969867706298828125" lon="103.8302446715533733367919921875">
        <ele>402.20001220703125</ele>
        <time>2026-10-03T01:19:03.000Z</time>
        <extensions>
          <ns3:TrackPointExtension>
            <ns3:hr>156</ns3:hr>
            <ns3:cad>89</ns3:cad>
          </ns3:TrackPointExtension>
        </extensions>
      </trkpt>
      <trkpt lat="29.98390487395226955413818359375" lon="103.8302805460989475250244140625">
        <ele>402.20001220703125</ele>
        <time>2026-10-03T01:19:04.000Z</time>
        <extensions>
          <ns3:TrackPointExtension>
            <ns3:hr>156</ns3:hr>
            <ns3:cad>90</ns3:cad>
          </ns3:TrackPointExtension>
        </extensions>
      </trkpt>
      <trkpt lat="29.98390504159033298492431640625" lon="103.8303093798458576202392578125">
        <ele>402.20001220703125</ele>
        <time>2026-10-03T01:19:05.000Z</time>
        <extensions>
          <ns3:TrackPointExtension>
            <ns3:hr>156</ns3:hr>
            <ns3:cad>90</ns3:cad>
          </ns3:TrackPointExtension>
        </extensions>
      </trkpt>
      <trkpt lat="29.98390001244843006134033203125" lon="103.83034768514335155487060546875">
        <ele>402.20001220703125</ele>
        <time>2026-10-03T01:19:06.000Z</time>
        <extensions>
          <ns3:TrackPointExtension>
            <ns3:hr>156</ns3:hr>
            <ns3:cad>90</ns3:cad>
          </ns3:TrackPointExtension>
        </extensions>
      </trkpt>
      <trkpt lat="29.98390537686645984649658203125" lon="103.8303750939667224884033203125">
        <ele>402.20001220703125</ele>
        <time>2026-10-03T01:19:07.000Z</time>
        <extensions>
          <ns3:TrackPointExtension>
            <ns3:hr>156</ns3:hr>
            <ns3:cad>90</ns3:cad>
          </ns3:TrackPointExtension>
        </extensions>
      </trkpt>
      <trkpt lat="29.9839014373719692230224609375" lon="103.830413818359375">
        <ele>402.20001220703125</ele>
        <time>2026-10-03T01:19:08.000Z</time>
        <extensions>
          <ns3:TrackPointExtension>
            <ns3:hr>156</ns3:hr>
            <ns3:cad>90</ns3:cad>
          </ns3:TrackPointExtension>
        </extensions>
      </trkpt>
      <trkpt lat="29.9839098192751407623291015625" lon="103.83044173009693622589111328125">
        <ele>402.20001220703125</ele>
        <time>2026-10-03T01:19:09.000Z</time>
        <extensions>
          <ns3:TrackPointExtension>
            <ns3:hr>156</ns3:hr>
            <ns3:cad>90</ns3:cad>
          </ns3:TrackPointExtension>
        </extensions>
      </trkpt>
      <trkpt lat="29.9839138425886631011962890625" lon="103.83048095740377902984619140625">
        <ele>402.20001220703125</ele>
        <time>2026-10-03T01:19:10.000Z</time>
        <extensions>
          <ns3:TrackPointExtension>
            <ns3:hr>156</ns3:hr>
            <ns3:cad>90</ns3:cad>
          </ns3:TrackPointExtension>
        </extensions>
      </trkpt>
      <trkpt lat="29.9839202128350734710693359375" lon="103.8305071927607059478759765625">
        <ele>402.20001220703125</ele>
        <time>2026-10-03T01:19:11.000Z</time>
        <extensions>
          <ns3:TrackPointExtension>
            <ns3:hr>156</ns3:hr>
            <ns3:cad>90</ns3:cad>
          </ns3:TrackPointExtension>
        </extensions>
      </trkpt>
      <trkpt lat="29.98391627334058284759521484375" lon="103.83054717443883419036865234375">
        <ele>402.20001220703125</ele>
        <time>2026-10-03T01:19:12.000Z</time>
        <extensions>
          <ns3:TrackPointExtension>
            <ns3:hr>156</ns3:hr>
            <ns3:cad>90</ns3:cad>
          </ns3:TrackPointExtension>
        </extensions>
      </trkpt>
      <trkpt lat="29.98392398469150066375732421875" lon="103.8305729068815708160400390625">
        <ele>402.20001220703125</ele>
        <time>2026-10-03T01:19:13.000Z</time>
        <extensions>
          <ns3:TrackPointExtension>
            <ns3:hr>156</ns3:hr>
            <ns3:cad>90</ns3:cad>
          </ns3:TrackPointExtension>
        </extensions>
      </trkpt>
      <trkpt lat="29.983922727406024932861328125" lon="103.83061406202614307403564453125">
        <ele>402.20001220703125</ele>
        <time>2026-10-03T01:19:14.000Z</time>
        <extensions>
          <ns3:TrackPointExtension>
            <ns3:hr>156</ns3:hr>
            <ns3:cad>90</ns3:cad>
          </ns3:TrackPointExtension>
        </extensions>
      </trkpt>
      <trkpt lat="29.98392348177731037139892578125" lon="103.8306436501443386077880859375">
        <ele>402.20001220703125</ele>
        <time>2026-10-03T01:19:15.000Z</time>
        <extensions>
          <ns3:TrackPointExtension>
            <ns3:hr>156</ns3:hr>
            <ns3:cad>90</ns3:cad>
          </ns3:TrackPointExtension>
        </extensions>
      </trkpt>
      <trkpt lat="29.9839205481112003326416015625" lon="103.8306852243840694427490234375">
        <ele>402.20001220703125</ele>
        <time>2026-10-03T01:19:16.000Z</time>
        <extensions>
          <ns3:TrackPointExtension>
            <ns3:hr>156</ns3:hr>
            <ns3:cad>90</ns3:cad>
          </ns3:TrackPointExtension>
        </extensions>
      </trkpt>
      <trkpt lat="29.98392172157764434814453125" lon="103.830715902149677276611328125">
        <ele>402.20001220703125</ele>
        <time>2026-10-03T01:19:17.000Z</time>
        <extensions>
          <ns3:TrackPointExtension>
            <ns3:hr>156</ns3:hr>
            <ns3:cad>90</ns3:cad>
          </ns3:TrackPointExtension>
        </extensions>
      </trkpt>
      <trkpt lat="29.98392063193023204803466796875" lon="103.83075789548456668853759765625">
        <ele>402.20001220703125</ele>
        <time>2026-10-03T01:19:18.000Z</time>
        <extensions>
          <ns3:TrackPointExtension>
            <ns3:hr>157</ns3:hr>
            <ns3:cad>91</ns3:cad>
          </ns3:TrackPointExtension>
        </extensions>
      </trkpt>
      <trkpt lat="29.983926080167293548583984375" lon="103.8307894952595233917236328125">
        <ele>402.20001220703125</ele>
        <time>2026-10-03T01:19:19.000Z</time>
        <extensions>
          <ns3:TrackPointExtension>
            <ns3:hr>156</ns3:hr>
            <ns3:cad>91</ns3:cad>
          </ns3:TrackPointExtension>
        </extensions>
      </trkpt>
      <trkpt lat="29.98393504880368709564208984375" lon="103.8308280520141124725341796875">
        <ele>402.20001220703125</ele>
        <time>2026-10-03T01:19:20.000Z</time>
        <extensions>
          <ns3:TrackPointExtension>
            <ns3:hr>156</ns3:hr>
            <ns3:cad>91</ns3:cad>
          </ns3:TrackPointExtension>
        </extensions>
      </trkpt>
      <trkpt lat="29.98395147733390331268310546875" lon="103.83085680194199085235595703125">
        <ele>402.20001220703125</ele>
        <time>2026-10-03T01:19:21.000Z</time>
        <extensions>
          <ns3:TrackPointExtension>
            <ns3:hr>157</ns3:hr>
            <ns3:cad>91</ns3:cad>
          </ns3:TrackPointExtension>
        </extensions>
      </trkpt>
      <trkpt lat="29.98397125862538814544677734375" lon="103.83088647387921810150146484375">
        <ele>402.399993896484375</ele>
        <time>2026-10-03T01:19:22.000Z</time>
        <extensions>
          <ns3:TrackPointExtension>
            <ns3:hr>157</ns3:hr>
            <ns3:cad>91</ns3:cad>
          </ns3:TrackPointExtension>
        </extensions>
      </trkpt>
      <trkpt lat="29.9839953146874904632568359375" lon="103.830909021198749542236328125">
        <ele>402.399993896484375</ele>
        <time>2026-10-03T01:19:23.000Z</time>
        <extensions>
          <ns3:TrackPointExtension>
            <ns3:hr>157</ns3:hr>
            <ns3:cad>90</ns3:cad>
          </ns3:TrackPointExtension>
        </extensions>
      </trkpt>
      <trkpt lat="29.98402155004441738128662109375" lon="103.83093408308923244476318359375">
        <ele>402.399993896484375</ele>
        <time>2026-10-03T01:19:24.000Z</time>
        <extensions>
          <ns3:TrackPointExtension>
            <ns3:hr>157</ns3:hr>
            <ns3:cad>90</ns3:cad>
          </ns3:TrackPointExtension>
        </extensions>
      </trkpt>
      <trkpt lat="29.9840496294200420379638671875" lon="103.8309435546398162841796875">
        <ele>402.20001220703125</ele>
        <time>2026-10-03T01:19:25.000Z</time>
        <extensions>
          <ns3:TrackPointExtension>
            <ns3:hr>157</ns3:hr>
            <ns3:cad>91</ns3:cad>
          </ns3:TrackPointExtension>
        </extensions>
      </trkpt>
      <trkpt lat="29.98407988809049129486083984375" lon="103.8309521041810512542724609375">
        <ele>402.20001220703125</ele>
        <time>2026-10-03T01:19:26.000Z</time>
        <extensions>
          <ns3:TrackPointExtension>
            <ns3:hr>157</ns3:hr>
            <ns3:cad>91</ns3:cad>
          </ns3:TrackPointExtension>
        </extensions>
      </trkpt>
      <trkpt lat="29.98411190696060657501220703125" lon="103.83095151744782924652099609375">
        <ele>402.20001220703125</ele>
        <time>2026-10-03T01:19:27.000Z</time>
        <extensions>
          <ns3:TrackPointExtension>
            <ns3:hr>157</ns3:hr>
            <ns3:cad>91</ns3:cad>
          </ns3:TrackPointExtension>
        </extensions>
      </trkpt>
      <trkpt lat="29.98413638211786746978759765625" lon="103.83094866760075092315673828125">
        <ele>402.20001220703125</ele>
        <time>2026-10-03T01:19:28.000Z</time>
        <extensions>
          <ns3:TrackPointExtension>
            <ns3:hr>157</ns3:hr>
            <ns3:cad>91</ns3:cad>
          </ns3:TrackPointExtension>
        </extensions>
      </trkpt>
      <trkpt lat="29.98416823334991931915283203125" lon="103.83094514720141887664794921875">
        <ele>402.20001220703125</ele>
        <time>2026-10-03T01:19:29.000Z</time>
        <extensions>
          <ns3:TrackPointExtension>
            <ns3:hr>157</ns3:hr>
            <ns3:cad>91</ns3:cad>
          </ns3:TrackPointExtension>
        </extensions>
      </trkpt>
      <trkpt lat="29.9841927923262119293212890625" lon="103.8309403695166110992431640625">
        <ele>402.20001220703125</ele>
        <time>2026-10-03T01:19:30.000Z</time>
        <extensions>
          <ns3:TrackPointExtension>
            <ns3:hr>157</ns3:hr>
            <ns3:cad>91</ns3:cad>
          </ns3:TrackPointExtension>
        </extensions>
      </trkpt>
      <trkpt lat="29.9842276610434055328369140625" lon="103.8309366814792156219482421875">
        <ele>402.20001220703125</ele>
        <time>2026-10-03T01:19:31.000Z</time>
        <extensions>
          <ns3:TrackPointExtension>
            <ns3:hr>157</ns3:hr>
            <ns3:cad>91</ns3:cad>
          </ns3:TrackPointExtension>
        </extensions>
      </trkpt>
      <trkpt lat="29.9842554889619350433349609375" lon="103.8309339992702007293701171875">
        <ele>402.20001220703125</ele>
        <time>2026-10-03T01:19:32.000Z</time>
        <extensions>
          <ns3:TrackPointExtension>
            <ns3:hr>157</ns3:hr>
            <ns3:cad>91</ns3:cad>
          </ns3:TrackPointExtension>
        </extensions>
      </trkpt>
      <trkpt lat="29.98429052531719207763671875" lon="103.83092637173831462860107421875">
        <ele>402.20001220703125</ele>
        <time>2026-10-03T01:19:33.000Z</time>
        <extensions>
          <ns3:TrackPointExtension>
            <ns3:hr>157</ns3:hr>
            <ns3:cad>91</ns3:cad>
          </ns3:TrackPointExtension>
        </extensions>
      </trkpt>
      <trkpt lat="29.98431793414056301116943359375" lon="103.8309189118444919586181640625">
        <ele>402.20001220703125</ele>
        <time>2026-10-03T01:19:34.000Z</time>
        <extensions>
          <ns3:TrackPointExtension>
            <ns3:hr>158</ns3:hr>
            <ns3:cad>91</ns3:cad>
          </ns3:TrackPointExtension>
        </extensions>
      </trkpt>
      <trkpt lat="29.9843486957252025604248046875" lon="103.8308957777917385101318359375">
        <ele>402.20001220703125</ele>
        <time>2026-10-03T01:19:35.000Z</time>
        <extensions>
          <ns3:TrackPointExtension>
            <ns3:hr>158</ns3:hr>
            <ns3:cad>91</ns3:cad>
          </ns3:TrackPointExtension>
        </extensions>
      </trkpt>
      <trkpt lat="29.98436319641768932342529296875" lon="103.83087440393865108489990234375">
        <ele>402.20001220703125</ele>
        <time>2026-10-03T01:19:36.000Z</time>
        <extensions>
          <ns3:TrackPointExtension>
            <ns3:hr>158</ns3:hr>
            <ns3:cad>91</ns3:cad>
          </ns3:TrackPointExtension>
        </extensions>
      </trkpt>
      <trkpt lat="29.98438440263271331787109375" lon="103.83083400316536426544189453125">
        <ele>402.20001220703125</ele>
        <time>2026-10-03T01:19:37.000Z</time>
        <extensions>
          <ns3:TrackPointExtension>
            <ns3:hr>158</ns3:hr>
            <ns3:cad>91</ns3:cad>
          </ns3:TrackPointExtension>
        </extensions>
      </trkpt>
      <trkpt lat="29.98438683338463306427001953125" lon="103.83080433122813701629638671875">
        <ele>402.20001220703125</ele>
        <time>2026-10-03T01:19:38.000Z</time>
        <extensions>
          <ns3:TrackPointExtension>
            <ns3:hr>159</ns3:hr>
            <ns3:cad>91</ns3:cad>
          </ns3:TrackPointExtension>
        </extensions>
      </trkpt>
      <trkpt lat="29.9843949638307094573974609375" lon="103.83076049387454986572265625">
        <ele>402.20001220703125</ele>
        <time>2026-10-03T01:19:39.000Z</time>
        <extensions>
          <ns3:TrackPointExtension>
            <ns3:hr>159</ns3:hr>
            <ns3:cad>92</ns3:cad>
          </ns3:TrackPointExtension>
        </extensions>
      </trkpt>
      <trkpt lat="29.98439772985875606536865234375" lon="103.8307271338999271392822265625">
        <ele>402.20001220703125</ele>
        <time>2026-10-03T01:19:40.000Z</time>
        <extensions>
          <ns3:TrackPointExtension>
            <ns3:hr>159</ns3:hr>
            <ns3:cad>92</ns3:cad>
          </ns3:TrackPointExtension>
        </extensions>
      </trkpt>
      <trkpt lat="29.9843979813158512115478515625" lon="103.830685056746006011962890625">
        <ele>402.20001220703125</ele>
        <time>2026-10-03T01:19:41.000Z</time>
        <extensions>
          <ns3:TrackPointExtension>
            <ns3:hr>159</ns3:hr>
            <ns3:cad>92</ns3:cad>
          </ns3:TrackPointExtension>
        </extensions>
      </trkpt>
      <trkpt lat="29.9843922816216945648193359375" lon="103.830657899379730224609375">
        <ele>402.20001220703125</ele>
        <time>2026-10-03T01:19:42.000Z</time>
        <extensions>
          <ns3:TrackPointExtension>
            <ns3:hr>159</ns3:hr>
            <ns3:cad>92</ns3:cad>
          </ns3:TrackPointExtension>
        </extensions>
      </trkpt>
      <trkpt lat="29.984392784535884857177734375" lon="103.830615319311618804931640625">
        <ele>402.20001220703125</ele>
        <time>2026-10-03T01:19:43.000Z</time>
        <extensions>
          <ns3:TrackPointExtension>
            <ns3:hr>159</ns3:hr>
            <ns3:cad>92</ns3:cad>
          </ns3:TrackPointExtension>
        </extensions>
      </trkpt>
      <trkpt lat="29.98438968323171138763427734375" lon="103.83058321662247180938720703125">
        <ele>402.20001220703125</ele>
        <time>2026-10-03T01:19:44.000Z</time>
        <extensions>
          <ns3:TrackPointExtension>
            <ns3:hr>159</ns3:hr>
            <ns3:cad>92</ns3:cad>
          </ns3:TrackPointExtension>
        </extensions>
      </trkpt>
      <trkpt lat="29.9843855760991573333740234375" lon="103.83054432459175586700439453125">
        <ele>402.20001220703125</ele>
        <time>2026-10-03T01:19:45.000Z</time>
        <extensions>
          <ns3:TrackPointExtension>
            <ns3:hr>159</ns3:hr>
            <ns3:cad>92</ns3:cad>
          </ns3:TrackPointExtension>
        </extensions>
      </trkpt>
      <trkpt lat="29.984380714595317840576171875" lon="103.830516748130321502685546875">
        <ele>402.20001220703125</ele>
        <time>2026-10-03T01:19:46.000Z</time>
        <extensions>
          <ns3:TrackPointExtension>
            <ns3:hr>159</ns3:hr>
            <ns3:cad>92</ns3:cad>
          </ns3:TrackPointExtension>
        </extensions>
      </trkpt>
      <trkpt lat="29.98437928967177867889404296875" lon="103.8304760120809078216552734375">
        <ele>402.20001220703125</ele>
        <time>2026-10-03T01:19:47.000Z</time>
        <extensions>
          <ns3:TrackPointExtension>
            <ns3:hr>159</ns3:hr>
            <ns3:cad>91</ns3:cad>
          </ns3:TrackPointExtension>
        </extensions>
      </trkpt>
      <trkpt lat="29.984373338520526885986328125" lon="103.830449022352695465087890625">
        <ele>402.20001220703125</ele>
        <time>2026-10-03T01:19:48.000Z</time>
        <extensions>
          <ns3:TrackPointExtension>
            <ns3:hr>159</ns3:hr>
            <ns3:cad>91</ns3:cad>
          </ns3:TrackPointExtension>
        </extensions>
      </trkpt>
      <trkpt lat="29.984367303550243377685546875" lon="103.83041792549192905426025390625">
        <ele>402.20001220703125</ele>
        <time>2026-10-03T01:19:49.000Z</time>
        <extensions>
          <ns3:TrackPointExtension>
            <ns3:hr>159</ns3:hr>
            <ns3:cad>91</ns3:cad>
          </ns3:TrackPointExtension>
        </extensions>
      </trkpt>
      <trkpt lat="29.98435489833354949951171875" lon="103.8304002396762371063232421875">
        <ele>402.20001220703125</ele>
        <time>2026-10-03T01:19:50.000Z</time>
        <extensions>
          <ns3:TrackPointExtension>
            <ns3:hr>160</ns3:hr>
            <ns3:cad>90</ns3:cad>
          </ns3:TrackPointExtension>
        </extensions>
      </trkpt>
      <trkpt lat="29.98435498215258121490478515625" lon="103.830414824187755584716796875">
        <ele>402.20001220703125</ele>
        <time>2026-10-03T01:19:51.000Z</time>
        <extensions>
          <ns3:TrackPointExtension>
            <ns3:hr>159</ns3:hr>
            <ns3:cad>90</ns3:cad>
          </ns3:TrackPointExtension>
        </extensions>
      </trkpt>
      <trkpt lat="29.98435221612453460693359375" lon="103.83044726215302944183349609375">
        <ele>402.20001220703125</ele>
        <time>2026-10-03T01:19:52.000Z</time>
        <extensions>
          <ns3:TrackPointExtension>
            <ns3:hr>159</ns3:hr>
            <ns3:cad>90</ns3:cad>
          </ns3:TrackPointExtension>
        </extensions>
      </trkpt>
      <trkpt lat="29.98435355722904205322265625" lon="103.8304853998124599456787109375">
        <ele>402.20001220703125</ele>
        <time>2026-10-03T01:19:53.000Z</time>
        <extensions>
          <ns3:TrackPointExtension>
            <ns3:hr>160</ns3:hr>
            <ns3:cad>89</ns3:cad>
          </ns3:TrackPointExtension>
        </extensions>
      </trkpt>
      <trkpt lat="29.98435783199965953826904296875" lon="103.830515407025814056396484375">
        <ele>402.20001220703125</ele>
        <time>2026-10-03T01:19:54.000Z</time>
        <extensions>
          <ns3:TrackPointExtension>
            <ns3:hr>159</ns3:hr>
            <ns3:cad>89</ns3:cad>
          </ns3:TrackPointExtension>
        </extensions>
      </trkpt>
      <trkpt lat="29.98435867018997669219970703125" lon="103.83055438287556171417236328125">
        <ele>402.20001220703125</ele>
        <time>2026-10-03T01:19:55.000Z</time>
        <extensions>
          <ns3:TrackPointExtension>
            <ns3:hr>159</ns3:hr>
            <ns3:cad>88</ns3:cad>
          </ns3:TrackPointExtension>
        </extensions>
      </trkpt>
      <trkpt lat="29.98436571098864078521728515625" lon="103.830585479736328125">
        <ele>402.20001220703125</ele>
        <time>2026-10-03T01:19:56.000Z</time>
        <extensions>
          <ns3:TrackPointExtension>
            <ns3:hr>160</ns3:hr>
            <ns3:cad>88</ns3:cad>
          </ns3:TrackPointExtension>
        </extensions>
      </trkpt>
      <trkpt lat="29.98436830937862396240234375" lon="103.8306282274425029754638671875">
        <ele>402.20001220703125</ele>
        <time>2026-10-03T01:19:57.000Z</time>
        <extensions>
          <ns3:TrackPointExtension>
            <ns3:hr>159</ns3:hr>
            <ns3:cad>88</ns3:cad>
          </ns3:TrackPointExtension>
        </extensions>
      </trkpt>
      <trkpt lat="29.984376691281795501708984375" lon="103.830657899379730224609375">
        <ele>402.20001220703125</ele>
        <time>2026-10-03T01:19:58.000Z</time>
        <extensions>
          <ns3:TrackPointExtension>
            <ns3:hr>159</ns3:hr>
            <ns3:cad>90</ns3:cad>
          </ns3:TrackPointExtension>
        </extensions>
      </trkpt>
      <trkpt lat="29.984381385147571563720703125" lon="103.83070089854300022125244140625">
        <ele>402</ele>
        <time>2026-10-03T01:19:59.000Z</time>
        <extensions>
          <ns3:TrackPointExtension>
            <ns3:hr>159</ns3:hr>
            <ns3:cad>90</ns3:cad>
          </ns3:TrackPointExtension>
        </extensions>
      </trkpt>
      <trkpt lat="29.98438716866075992584228515625" lon="103.83072939701378345489501953125">
        <ele>402</ele>
        <time>2026-10-03T01:20:00.000Z</time>
        <extensions>
          <ns3:TrackPointExtension>
            <ns3:hr>159</ns3:hr>
            <ns3:cad>90</ns3:cad>
          </ns3:TrackPointExtension>
        </extensions>
      </trkpt>
      <trkpt lat="29.9843828938901424407958984375" lon="103.830769546329975128173828125">
        <ele>402</ele>
        <time>2026-10-03T01:20:01.000Z</time>
        <extensions>
          <ns3:TrackPointExtension>
            <ns3:hr>159</ns3:hr>
            <ns3:cad>90</ns3:cad>
          </ns3:TrackPointExtension>
        </extensions>
      </trkpt>
      <trkpt lat="29.98437962494790554046630859375" lon="103.83079829625785350799560546875">
        <ele>402</ele>
        <time>2026-10-03T01:20:02.000Z</time>
        <extensions>
          <ns3:TrackPointExtension>
            <ns3:hr>159</ns3:hr>
            <ns3:cad>90</ns3:cad>
          </ns3:TrackPointExtension>
        </extensions>
      </trkpt>
      <trkpt lat="29.98436336405575275421142578125" lon="103.8308324106037616729736328125">
        <ele>402</ele>
        <time>2026-10-03T01:20:03.000Z</time>
        <extensions>
          <ns3:TrackPointExtension>
            <ns3:hr>159</ns3:hr>
            <ns3:cad>90</ns3:cad>
          </ns3:TrackPointExtension>
        </extensions>
      </trkpt>
      <trkpt lat="29.984348528087139129638671875" lon="103.8308615796267986297607421875">
        <ele>402</ele>
        <time>2026-10-03T01:20:04.000Z</time>
        <extensions>
          <ns3:TrackPointExtension>
            <ns3:hr>159</ns3:hr>
            <ns3:cad>91</ns3:cad>
          </ns3:TrackPointExtension>
        </extensions>
      </trkpt>
      <trkpt lat="29.98431927524507045745849609375" lon="103.83088588714599609375">
        <ele>402</ele>
        <time>2026-10-03T01:20:05.000Z</time>
        <extensions>
          <ns3:TrackPointExtension>
            <ns3:hr>159</ns3:hr>
            <ns3:cad>91</ns3:cad>
          </ns3:TrackPointExtension>
        </extensions>
      </trkpt>
      <trkpt lat="29.9842933751642704010009765625" lon="103.8309021480381488800048828125">
        <ele>402</ele>
        <time>2026-10-03T01:20:06.000Z</time>
        <extensions>
          <ns3:TrackPointExtension>
            <ns3:hr>160</ns3:hr>
            <ns3:cad>91</ns3:cad>
          </ns3:TrackPointExtension>
        </extensions>
      </trkpt>
      <trkpt lat="29.984256327152252197265625" lon="103.83090692572295665740966796875">
        <ele>402</ele>
        <time>2026-10-03T01:20:07.000Z</time>
        <extensions>
          <ns3:TrackPointExtension>
            <ns3:hr>160</ns3:hr>
            <ns3:cad>90</ns3:cad>
          </ns3:TrackPointExtension>
        </extensions>
      </trkpt>
      <trkpt lat="29.98422908596694469451904296875" lon="103.8309125415980815887451171875">
        <ele>402</ele>
        <time>2026-10-03T01:20:08.000Z</time>
        <extensions>
          <ns3:TrackPointExtension>
            <ns3:hr>160</ns3:hr>
            <ns3:cad>90</ns3:cad>
          </ns3:TrackPointExtension>
        </extensions>
      </trkpt>
      <trkpt lat="29.9841924570500850677490234375" lon="103.8309172354638576507568359375">
        <ele>402</ele>
        <time>2026-10-03T01:20:09.000Z</time>
        <extensions>
          <ns3:TrackPointExtension>
            <ns3:hr>160</ns3:hr>
            <ns3:cad>90</ns3:cad>
          </ns3:TrackPointExtension>
        </extensions>
      </trkpt>
      <trkpt lat="29.98416370712220668792724609375" lon="103.8309282995760440826416015625">
        <ele>402</ele>
        <time>2026-10-03T01:20:10.000Z</time>
        <extensions>
          <ns3:TrackPointExtension>
            <ns3:hr>160</ns3:hr>
            <ns3:cad>90</ns3:cad>
          </ns3:TrackPointExtension>
        </extensions>
      </trkpt>
      <trkpt lat="29.98413168825209140777587890625" lon="103.8309316523373126983642578125">
        <ele>402</ele>
        <time>2026-10-03T01:20:11.000Z</time>
        <extensions>
          <ns3:TrackPointExtension>
            <ns3:hr>160</ns3:hr>
            <ns3:cad>90</ns3:cad>
          </ns3:TrackPointExtension>
        </extensions>
      </trkpt>
      <trkpt lat="29.9841046147048473358154296875" lon="103.830935843288898468017578125">
        <ele>402</ele>
        <time>2026-10-03T01:20:12.000Z</time>
        <extensions>
          <ns3:TrackPointExtension>
            <ns3:hr>161</ns3:hr>
            <ns3:cad>90</ns3:cad>
          </ns3:TrackPointExtension>
        </extensions>
      </trkpt>
      <trkpt lat="29.98406999744474887847900390625" lon="103.83093073032796382904052734375">
        <ele>402</ele>
        <time>2026-10-03T01:20:13.000Z</time>
        <extensions>
          <ns3:TrackPointExtension>
            <ns3:hr>161</ns3:hr>
            <ns3:cad>90</ns3:cad>
          </ns3:TrackPointExtension>
        </extensions>
      </trkpt>
      <trkpt lat="29.984042756259441375732421875" lon="103.83092352189123630523681640625">
        <ele>402</ele>
        <time>2026-10-03T01:20:14.000Z</time>
        <extensions>
          <ns3:TrackPointExtension>
            <ns3:hr>161</ns3:hr>
            <ns3:cad>90</ns3:cad>
          </ns3:TrackPointExtension>
        </extensions>
      </trkpt>
      <trkpt lat="29.98401082120835781097412109375" lon="103.8308967836201190948486328125">
        <ele>402</ele>
        <time>2026-10-03T01:20:15.000Z</time>
        <extensions>
          <ns3:TrackPointExtension>
            <ns3:hr>161</ns3:hr>
            <ns3:cad>90</ns3:cad>
          </ns3:TrackPointExtension>
        </extensions>
      </trkpt>
      <trkpt lat="29.98398475348949432373046875" lon="103.830878175795078277587890625">
        <ele>402</ele>
        <time>2026-10-03T01:20:16.000Z</time>
        <extensions>
          <ns3:TrackPointExtension>
            <ns3:hr>161</ns3:hr>
            <ns3:cad>90</ns3:cad>
          </ns3:TrackPointExtension>
        </extensions>
      </trkpt>
      <trkpt lat="29.98396656475961208343505859375" lon="103.8308407925069332122802734375">
        <ele>402</ele>
        <time>2026-10-03T01:20:17.000Z</time>
        <extensions>
          <ns3:TrackPointExtension>
            <ns3:hr>161</ns3:hr>
            <ns3:cad>90</ns3:cad>
          </ns3:TrackPointExtension>
        </extensions>
      </trkpt>
      <trkpt lat="29.983954243361949920654296875" lon="103.83081254549324512481689453125">
        <ele>402.20001220703125</ele>
        <time>2026-10-03T01:20:18.000Z</time>
        <extensions>
          <ns3:TrackPointExtension>
            <ns3:hr>161</ns3:hr>
            <ns3:cad>90</ns3:cad>
          </ns3:TrackPointExtension>
        </extensions>
      </trkpt>
      <trkpt lat="29.98394762165844440460205078125" lon="103.8307723961770534515380859375">
        <ele>402.20001220703125</ele>
        <time>2026-10-03T01:20:19.000Z</time>
        <extensions>
          <ns3:TrackPointExtension>
            <ns3:hr>161</ns3:hr>
            <ns3:cad>90</ns3:cad>
          </ns3:TrackPointExtension>
        </extensions>
      </trkpt>
      <trkpt lat="29.98394175432622432708740234375" lon="103.83074104785919189453125">
        <ele>402</ele>
        <time>2026-10-03T01:20:20.000Z</time>
        <extensions>
          <ns3:TrackPointExtension>
            <ns3:hr>161</ns3:hr>
            <ns3:cad>90</ns3:cad>
          </ns3:TrackPointExtension>
        </extensions>
      </trkpt>
      <trkpt lat="29.9839430116117000579833984375" lon="103.83069871924817562103271484375">
        <ele>402</ele>
        <time>2026-10-03T01:20:21.000Z</time>
        <extensions>
          <ns3:TrackPointExtension>
            <ns3:hr>160</ns3:hr>
            <ns3:cad>90</ns3:cad>
          </ns3:TrackPointExtension>
        </extensions>
      </trkpt>
      <trkpt lat="29.98393638990819454193115234375" lon="103.83066753856837749481201171875">
        <ele>401.79998779296875</ele>
        <time>2026-10-03T01:20:22.000Z</time>
        <extensions>
          <ns3:TrackPointExtension>
            <ns3:hr>161</ns3:hr>
            <ns3:cad>90</ns3:cad>
          </ns3:TrackPointExtension>
        </extensions>
      </trkpt>
      <trkpt lat="29.98393655754625797271728515625" lon="103.83062579669058322906494140625">
        <ele>401.600006103515625</ele>
        <time>2026-10-03T01:20:23.000Z</time>
        <extensions>
          <ns3:TrackPointExtension>
            <ns3:hr>161</ns3:hr>
            <ns3:cad>90</ns3:cad>
          </ns3:TrackPointExtension>
        </extensions>
      </trkpt>
      <trkpt lat="29.98393119312822818756103515625" lon="103.830593526363372802734375">
        <ele>401.600006103515625</ele>
        <time>2026-10-03T01:20:24.000Z</time>
        <extensions>
          <ns3:TrackPointExtension>
            <ns3:hr>161</ns3:hr>
            <ns3:cad>90</ns3:cad>
          </ns3:TrackPointExtension>
        </extensions>
      </trkpt>
      <trkpt lat="29.983932115137577056884765625" lon="103.83055438287556171417236328125">
        <ele>401.79998779296875</ele>
        <time>2026-10-03T01:20:25.000Z</time>
        <extensions>
          <ns3:TrackPointExtension>
            <ns3:hr>160</ns3:hr>
            <ns3:cad>90</ns3:cad>
          </ns3:TrackPointExtension>
        </extensions>
      </trkpt>
      <trkpt lat="29.9839279241859912872314453125" lon="103.83052605204284191131591796875">
        <ele>401.79998779296875</ele>
        <time>2026-10-03T01:20:26.000Z</time>
        <extensions>
          <ns3:TrackPointExtension>
            <ns3:hr>161</ns3:hr>
            <ns3:cad>91</ns3:cad>
          </ns3:TrackPointExtension>
        </extensions>
      </trkpt>
      <trkpt lat="29.9839215539395809173583984375" lon="103.83048665709793567657470703125">
        <ele>401.79998779296875</ele>
        <time>2026-10-03T01:20:27.000Z</time>
        <extensions>
          <ns3:TrackPointExtension>
            <ns3:hr>161</ns3:hr>
            <ns3:cad>91</ns3:cad>
          </ns3:TrackPointExtension>
        </extensions>
      </trkpt>
      <trkpt lat="29.983918033540248870849609375" lon="103.8304585777223110198974609375">
        <ele>401.79998779296875</ele>
        <time>2026-10-03T01:20:28.000Z</time>
        <extensions>
          <ns3:TrackPointExtension>
            <ns3:hr>160</ns3:hr>
            <ns3:cad>91</ns3:cad>
          </ns3:TrackPointExtension>
        </extensions>
      </trkpt>
      <trkpt lat="29.9839165247976779937744140625" lon="103.83042060770094394683837890625">
        <ele>401.79998779296875</ele>
        <time>2026-10-03T01:20:29.000Z</time>
        <extensions>
          <ns3:TrackPointExtension>
            <ns3:hr>161</ns3:hr>
            <ns3:cad>91</ns3:cad>
          </ns3:TrackPointExtension>
        </extensions>
      </trkpt>
      <trkpt lat="29.983911998569965362548828125" lon="103.83038892410695552825927734375">
        <ele>401.79998779296875</ele>
        <time>2026-10-03T01:20:30.000Z</time>
        <extensions>
          <ns3:TrackPointExtension>
            <ns3:hr>161</ns3:hr>
            <ns3:cad>91</ns3:cad>
          </ns3:TrackPointExtension>
        </extensions>
      </trkpt>
      <trkpt lat="29.98391610570251941680908203125" lon="103.83035003207623958587646484375">
        <ele>402</ele>
        <time>2026-10-03T01:20:31.000Z</time>
        <extensions>
          <ns3:TrackPointExtension>
            <ns3:hr>161</ns3:hr>
            <ns3:cad>91</ns3:cad>
          </ns3:TrackPointExtension>
        </extensions>
      </trkpt>
      <trkpt lat="29.983914680778980255126953125" lon="103.8303170911967754364013671875">
        <ele>401.79998779296875</ele>
        <time>2026-10-03T01:20:32.000Z</time>
        <extensions>
          <ns3:TrackPointExtension>
            <ns3:hr>161</ns3:hr>
            <ns3:cad>91</ns3:cad>
          </ns3:TrackPointExtension>
        </extensions>
      </trkpt>
      <trkpt lat="29.98391526751220226287841796875" lon="103.8302835635840892791748046875">
        <ele>402</ele>
        <time>2026-10-03T01:20:33.000Z</time>
        <extensions>
          <ns3:TrackPointExtension>
            <ns3:hr>162</ns3:hr>
            <ns3:cad>91</ns3:cad>
          </ns3:TrackPointExtension>
        </extensions>
      </trkpt>
      <trkpt lat="29.98391409404575824737548828125" lon="103.83024743758141994476318359375">
        <ele>401.79998779296875</ele>
        <time>2026-10-03T01:20:34.000Z</time>
        <extensions>
          <ns3:TrackPointExtension>
            <ns3:hr>162</ns3:hr>
            <ns3:cad>90</ns3:cad>
          </ns3:TrackPointExtension>
        </extensions>
      </trkpt>
      <trkpt lat="29.98391392640769481658935546875" lon="103.83021198213100433349609375">
        <ele>402</ele>
        <time>2026-10-03T01:20:35.000Z</time>
        <extensions>
          <ns3:TrackPointExtension>
            <ns3:hr>162</ns3:hr>
            <ns3:cad>90</ns3:cad>
          </ns3:TrackPointExtension>
        </extensions>
      </trkpt>
      <trkpt lat="29.98390403576195240020751953125" lon="103.83019454777240753173828125">
        <ele>402</ele>
        <time>2026-10-03T01:20:36.000Z</time>
        <extensions>
          <ns3:TrackPointExtension>
            <ns3:hr>162</ns3:hr>
            <ns3:cad>89</ns3:cad>
          </ns3:TrackPointExtension>
        </extensions>
      </trkpt>
      <trkpt lat="29.98388375155627727508544921875" lon="103.83019982837140560150146484375">
        <ele>401.79998779296875</ele>
        <time>2026-10-03T01:20:37.000Z</time>
        <extensions>
          <ns3:TrackPointExtension>
            <ns3:hr>162</ns3:hr>
            <ns3:cad>89</ns3:cad>
          </ns3:TrackPointExtension>
        </extensions>
      </trkpt>
      <trkpt lat="29.98387344181537628173828125" lon="103.83021106012165546417236328125">
        <ele>401.79998779296875</ele>
        <time>2026-10-03T01:20:38.000Z</time>
        <extensions>
          <ns3:TrackPointExtension>
            <ns3:hr>162</ns3:hr>
            <ns3:cad>89</ns3:cad>
          </ns3:TrackPointExtension>
        </extensions>
      </trkpt>
      <trkpt lat="29.98386732302606105804443359375" lon="103.830243162810802459716796875">
        <ele>401.79998779296875</ele>
        <time>2026-10-03T01:20:39.000Z</time>
        <extensions>
          <ns3:TrackPointExtension>
            <ns3:hr>162</ns3:hr>
            <ns3:cad>88</ns3:cad>
          </ns3:TrackPointExtension>
        </extensions>
      </trkpt>
      <trkpt lat="29.98386816121637821197509765625" lon="103.83026772178709506988525390625">
        <ele>401.79998779296875</ele>
        <time>2026-10-03T01:20:40.000Z</time>
        <extensions>
          <ns3:TrackPointExtension>
            <ns3:hr>162</ns3:hr>
            <ns3:cad>89</ns3:cad>
          </ns3:TrackPointExtension>
        </extensions>
      </trkpt>
      <trkpt lat="29.983875118196010589599609375" lon="103.8303025066852569580078125">
        <ele>401.79998779296875</ele>
        <time>2026-10-03T01:20:41.000Z</time>
        <extensions>
          <ns3:TrackPointExtension>
            <ns3:hr>162</ns3:hr>
            <ns3:cad>89</ns3:cad>
          </ns3:TrackPointExtension>
        </extensions>
      </trkpt>
      <trkpt lat="29.983880817890167236328125" lon="103.830326311290264129638671875">
        <ele>401.600006103515625</ele>
        <time>2026-10-03T01:20:42.000Z</time>
        <extensions>
          <ns3:TrackPointExtension>
            <ns3:hr>162</ns3:hr>
            <ns3:cad>88</ns3:cad>
          </ns3:TrackPointExtension>
        </extensions>
      </trkpt>
      <trkpt lat="29.9838833324611186981201171875" lon="103.8303583301603794097900390625">
        <ele>401.600006103515625</ele>
        <time>2026-10-03T01:20:43.000Z</time>
        <extensions>
          <ns3:TrackPointExtension>
            <ns3:hr>162</ns3:hr>
            <ns3:cad>88</ns3:cad>
          </ns3:TrackPointExtension>
        </extensions>
      </trkpt>
      <trkpt lat="29.9838890321552753448486328125" lon="103.83038305677473545074462890625">
        <ele>401.600006103515625</ele>
        <time>2026-10-03T01:20:44.000Z</time>
        <extensions>
          <ns3:TrackPointExtension>
            <ns3:hr>161</ns3:hr>
            <ns3:cad>89</ns3:cad>
          </ns3:TrackPointExtension>
        </extensions>
      </trkpt>
      <trkpt lat="29.98389448039233684539794921875" lon="103.83041918277740478515625">
        <ele>401.600006103515625</ele>
        <time>2026-10-03T01:20:45.000Z</time>
        <extensions>
          <ns3:TrackPointExtension>
            <ns3:hr>162</ns3:hr>
            <ns3:cad>89</ns3:cad>
          </ns3:TrackPointExtension>
        </extensions>
      </trkpt>
      <trkpt lat="29.98390118591487407684326171875" lon="103.8304448314011096954345703125">
        <ele>401.600006103515625</ele>
        <time>2026-10-03T01:20:46.000Z</time>
        <extensions>
          <ns3:TrackPointExtension>
            <ns3:hr>161</ns3:hr>
            <ns3:cad>89</ns3:cad>
          </ns3:TrackPointExtension>
        </extensions>
      </trkpt>
      <trkpt lat="29.98390470631420612335205078125" lon="103.8304807059466838836669921875">
        <ele>401.600006103515625</ele>
        <time>2026-10-03T01:20:47.000Z</time>
        <extensions>
          <ns3:TrackPointExtension>
            <ns3:hr>161</ns3:hr>
            <ns3:cad>89</ns3:cad>
          </ns3:TrackPointExtension>
        </extensions>
      </trkpt>
      <trkpt lat="29.98390688560903072357177734375" lon="103.83051079697906970977783203125">
        <ele>401.600006103515625</ele>
        <time>2026-10-03T01:20:48.000Z</time>
        <extensions>
          <ns3:TrackPointExtension>
            <ns3:hr>161</ns3:hr>
            <ns3:cad>88</ns3:cad>
          </ns3:TrackPointExtension>
        </extensions>
      </trkpt>
      <trkpt lat="29.98391241766512393951416015625" lon="103.83054633624851703643798828125">
        <ele>401.600006103515625</ele>
        <time>2026-10-03T01:20:49.000Z</time>
        <extensions>
          <ns3:TrackPointExtension>
            <ns3:hr>161</ns3:hr>
            <ns3:cad>88</ns3:cad>
          </ns3:TrackPointExtension>
        </extensions>
      </trkpt>
      <trkpt lat="29.98391509987413883209228515625" lon="103.83057751692831516265869140625">
        <ele>401.600006103515625</ele>
        <time>2026-10-03T01:20:50.000Z</time>
        <extensions>
          <ns3:TrackPointExtension>
            <ns3:hr>161</ns3:hr>
            <ns3:cad>89</ns3:cad>
          </ns3:TrackPointExtension>
        </extensions>
      </trkpt>
      <trkpt lat="29.9839168600738048553466796875" lon="103.830613978207111358642578125">
        <ele>401.600006103515625</ele>
        <time>2026-10-03T01:20:51.000Z</time>
        <extensions>
          <ns3:TrackPointExtension>
            <ns3:hr>161</ns3:hr>
            <ns3:cad>89</ns3:cad>
          </ns3:TrackPointExtension>
        </extensions>
      </trkpt>
      <trkpt lat="29.9839195422828197479248046875" lon="103.83064272813498973846435546875">
        <ele>401.600006103515625</ele>
        <time>2026-10-03T01:20:52.000Z</time>
        <extensions>
          <ns3:TrackPointExtension>
            <ns3:hr>161</ns3:hr>
            <ns3:cad>89</ns3:cad>
          </ns3:TrackPointExtension>
        </extensions>
      </trkpt>
      <trkpt lat="29.9839192070066928863525390625" lon="103.83068463765084743499755859375">
        <ele>401.600006103515625</ele>
        <time>2026-10-03T01:20:53.000Z</time>
        <extensions>
          <ns3:TrackPointExtension>
            <ns3:hr>161</ns3:hr>
            <ns3:cad>90</ns3:cad>
          </ns3:TrackPointExtension>
        </extensions>
      </trkpt>
      <trkpt lat="29.98391929082572460174560546875" lon="103.830711878836154937744140625">
        <ele>401.79998779296875</ele>
        <time>2026-10-03T01:20:54.000Z</time>
        <extensions>
          <ns3:TrackPointExtension>
            <ns3:hr>161</ns3:hr>
            <ns3:cad>90</ns3:cad>
          </ns3:TrackPointExtension>
        </extensions>
      </trkpt>
      <trkpt lat="29.9839145131409168243408203125" lon="103.8307506032288074493408203125">
        <ele>401.79998779296875</ele>
        <time>2026-10-03T01:20:55.000Z</time>
        <extensions>
          <ns3:TrackPointExtension>
            <ns3:hr>161</ns3:hr>
            <ns3:cad>90</ns3:cad>
          </ns3:TrackPointExtension>
        </extensions>
      </trkpt>
      <trkpt lat="29.98392331413924694061279296875" lon="103.83077616803348064422607421875">
        <ele>401.79998779296875</ele>
        <time>2026-10-03T01:20:56.000Z</time>
        <extensions>
          <ns3:TrackPointExtension>
            <ns3:hr>161</ns3:hr>
            <ns3:cad>90</ns3:cad>
          </ns3:TrackPointExtension>
        </extensions>
      </trkpt>
      <trkpt lat="29.9839312769472599029541015625" lon="103.83081824518740177154541015625">
        <ele>401.79998779296875</ele>
        <time>2026-10-03T01:20:57.000Z</time>
        <extensions>
          <ns3:TrackPointExtension>
            <ns3:hr>160</ns3:hr>
            <ns3:cad>90</ns3:cad>
          </ns3:TrackPointExtension>
        </extensions>
      </trkpt>
      <trkpt lat="29.98394561000168323516845703125" lon="103.8308424688875675201416015625">
        <ele>401.79998779296875</ele>
        <time>2026-10-03T01:20:58.000Z</time>
        <extensions>
          <ns3:TrackPointExtension>
            <ns3:hr>161</ns3:hr>
            <ns3:cad>90</ns3:cad>
          </ns3:TrackPointExtension>
        </extensions>
      </trkpt>
      <trkpt lat="29.98396254144608974456787109375" lon="103.8308806903660297393798828125">
        <ele>401.79998779296875</ele>
        <time>2026-10-03T01:20:59.000Z</time>
        <extensions>
          <ns3:TrackPointExtension>
            <ns3:hr>161</ns3:hr>
            <ns3:cad>90</ns3:cad>
          </ns3:TrackPointExtension>
        </extensions>
      </trkpt>
      <trkpt lat="29.98398416675627231597900390625" lon="103.83089862763881683349609375">
        <ele>401.79998779296875</ele>
        <time>2026-10-03T01:21:00.000Z</time>
        <extensions>
          <ns3:TrackPointExtension>
            <ns3:hr>160</ns3:hr>
            <ns3:cad>90</ns3:cad>
          </ns3:TrackPointExtension>
        </extensions>
      </trkpt>
      <trkpt lat="29.9840171076357364654541015625" lon="103.830922432243824005126953125">
        <ele>401.79998779296875</ele>
        <time>2026-10-03T01:21:01.000Z</time>
        <extensions>
          <ns3:TrackPointExtension>
            <ns3:hr>160</ns3:hr>
            <ns3:cad>89</ns3:cad>
          </ns3:TrackPointExtension>
        </extensions>
      </trkpt>
      <trkpt lat="29.98404133133590221405029296875" lon="103.83093223907053470611572265625">
        <ele>401.79998779296875</ele>
        <time>2026-10-03T01:21:02.000Z</time>
        <extensions>
          <ns3:TrackPointExtension>
            <ns3:hr>160</ns3:hr>
            <ns3:cad>89</ns3:cad>
          </ns3:TrackPointExtension>
        </extensions>
      </trkpt>
      <trkpt lat="29.98407787643373012542724609375" lon="103.8309400342404842376708984375">
        <ele>401.79998779296875</ele>
        <time>2026-10-03T01:21:03.000Z</time>
        <extensions>
          <ns3:TrackPointExtension>
            <ns3:hr>160</ns3:hr>
            <ns3:cad>89</ns3:cad>
          </ns3:TrackPointExtension>
        </extensions>
      </trkpt>
      <trkpt lat="29.98410419560968875885009765625" lon="103.83093441836535930633544921875">
        <ele>401.79998779296875</ele>
        <time>2026-10-03T01:21:04.000Z</time>
        <extensions>
          <ns3:TrackPointExtension>
            <ns3:hr>161</ns3:hr>
            <ns3:cad>90</ns3:cad>
          </ns3:TrackPointExtension>
        </extensions>
      </trkpt>
      <trkpt lat="29.98414124362170696258544921875" lon="103.83093358017504215240478515625">
        <ele>401.79998779296875</ele>
        <time>2026-10-03T01:21:05.000Z</time>
        <extensions>
          <ns3:TrackPointExtension>
            <ns3:hr>161</ns3:hr>
            <ns3:cad>90</ns3:cad>
          </ns3:TrackPointExtension>
        </extensions>
      </trkpt>
      <trkpt lat="29.98416555114090442657470703125" lon="103.8309269584715366363525390625">
        <ele>401.79998779296875</ele>
        <time>2026-10-03T01:21:06.000Z</time>
        <extensions>
          <ns3:TrackPointExtension>
            <ns3:hr>161</ns3:hr>
            <ns3:cad>90</ns3:cad>
          </ns3:TrackPointExtension>
        </extensions>
      </trkpt>
      <trkpt lat="29.984196983277797698974609375" lon="103.83092402480542659759521484375">
        <ele>401.79998779296875</ele>
        <time>2026-10-03T01:21:07.000Z</time>
        <extensions>
          <ns3:TrackPointExtension>
            <ns3:hr>161</ns3:hr>
            <ns3:cad>89</ns3:cad>
          </ns3:TrackPointExtension>
        </extensions>
      </trkpt>
      <trkpt lat="29.984218440949916839599609375" lon="103.83092033676803112030029296875">
        <ele>401.79998779296875</ele>
        <time>2026-10-03T01:21:08.000Z</time>
        <extensions>
          <ns3:TrackPointExtension>
            <ns3:hr>161</ns3:hr>
            <ns3:cad>89</ns3:cad>
          </ns3:TrackPointExtension>
        </extensions>
      </trkpt>
      <trkpt lat="29.98425557278096675872802734375" lon="103.8309165649116039276123046875">
        <ele>401.79998779296875</ele>
        <time>2026-10-03T01:21:09.000Z</time>
        <extensions>
          <ns3:TrackPointExtension>
            <ns3:hr>162</ns3:hr>
            <ns3:cad>89</ns3:cad>
          </ns3:TrackPointExtension>
        </extensions>
      </trkpt>
      <trkpt lat="29.98427971266210079193115234375" lon="103.8309112004935741424560546875">
        <ele>401.79998779296875</ele>
        <time>2026-10-03T01:21:10.000Z</time>
        <extensions>
          <ns3:TrackPointExtension>
            <ns3:hr>162</ns3:hr>
            <ns3:cad>89</ns3:cad>
          </ns3:TrackPointExtension>
        </extensions>
      </trkpt>
      <trkpt lat="29.98431441374123096466064453125" lon="103.8309041596949100494384765625">
        <ele>401.79998779296875</ele>
        <time>2026-10-03T01:21:11.000Z</time>
        <extensions>
          <ns3:TrackPointExtension>
            <ns3:hr>162</ns3:hr>
            <ns3:cad>89</ns3:cad>
          </ns3:TrackPointExtension>
        </extensions>
      </trkpt>
      <trkpt lat="29.9843383021652698516845703125" lon="103.83088798262178897857666015625">
        <ele>401.79998779296875</ele>
        <time>2026-10-03T01:21:12.000Z</time>
        <extensions>
          <ns3:TrackPointExtension>
            <ns3:hr>163</ns3:hr>
            <ns3:cad>89</ns3:cad>
          </ns3:TrackPointExtension>
        </extensions>
      </trkpt>
      <trkpt lat="29.98436721973121166229248046875" lon="103.8308649323880672454833984375">
        <ele>401.600006103515625</ele>
        <time>2026-10-03T01:21:13.000Z</time>
        <extensions>
          <ns3:TrackPointExtension>
            <ns3:hr>163</ns3:hr>
            <ns3:cad>89</ns3:cad>
          </ns3:TrackPointExtension>
        </extensions>
      </trkpt>
      <trkpt lat="29.98438213951885700225830078125" lon="103.8308411277830600738525390625">
        <ele>401.600006103515625</ele>
        <time>2026-10-03T01:21:14.000Z</time>
        <extensions>
          <ns3:TrackPointExtension>
            <ns3:hr>163</ns3:hr>
            <ns3:cad>89</ns3:cad>
          </ns3:TrackPointExtension>
        </extensions>
      </trkpt>
      <trkpt lat="29.98440108262002468109130859375" lon="103.8308072648942470550537109375">
        <ele>401.79998779296875</ele>
        <time>2026-10-03T01:21:15.000Z</time>
        <extensions>
          <ns3:TrackPointExtension>
            <ns3:hr>162</ns3:hr>
            <ns3:cad>89</ns3:cad>
          </ns3:TrackPointExtension>
        </extensions>
      </trkpt>
      <trkpt lat="29.98440393246710300445556640625" lon="103.83078773505985736846923828125">
        <ele>401.600006103515625</ele>
        <time>2026-10-03T01:21:16.000Z</time>
        <extensions>
          <ns3:TrackPointExtension>
            <ns3:hr>162</ns3:hr>
            <ns3:cad>89</ns3:cad>
          </ns3:TrackPointExtension>
        </extensions>
      </trkpt>
      <trkpt lat="29.9844100512564182281494140625" lon="103.8307512737810611724853515625">
        <ele>401.600006103515625</ele>
        <time>2026-10-03T01:21:17.000Z</time>
        <extensions>
          <ns3:TrackPointExtension>
            <ns3:hr>162</ns3:hr>
            <ns3:cad>89</ns3:cad>
          </ns3:TrackPointExtension>
        </extensions>
      </trkpt>
      <trkpt lat="29.98441063798964023590087890625" lon="103.8307274691760540008544921875">
        <ele>401.600006103515625</ele>
        <time>2026-10-03T01:21:18.000Z</time>
        <extensions>
          <ns3:TrackPointExtension>
            <ns3:hr>163</ns3:hr>
            <ns3:cad>90</ns3:cad>
          </ns3:TrackPointExtension>
        </extensions>
      </trkpt>
      <trkpt lat="29.98440720140933990478515625" lon="103.8306946121156215667724609375">
        <ele>401.600006103515625</ele>
        <time>2026-10-03T01:21:19.000Z</time>
        <extensions>
          <ns3:TrackPointExtension>
            <ns3:hr>163</ns3:hr>
            <ns3:cad>90</ns3:cad>
          </ns3:TrackPointExtension>
        </extensions>
      </trkpt>
      <trkpt lat="29.9844033457338809967041015625" lon="103.83066938258707523345947265625">
        <ele>401.600006103515625</ele>
        <time>2026-10-03T01:21:20.000Z</time>
        <extensions>
          <ns3:TrackPointExtension>
            <ns3:hr>163</ns3:hr>
            <ns3:cad>90</ns3:cad>
          </ns3:TrackPointExtension>
        </extensions>
      </trkpt>
      <trkpt lat="29.98440175317227840423583984375" lon="103.83062764070928096771240234375">
        <ele>401.600006103515625</ele>
        <time>2026-10-03T01:21:21.000Z</time>
        <extensions>
          <ns3:TrackPointExtension>
            <ns3:hr>163</ns3:hr>
            <ns3:cad>89</ns3:cad>
          </ns3:TrackPointExtension>
        </extensions>
      </trkpt>
      <trkpt lat="29.98439504764974117279052734375" lon="103.83060400374233722686767578125">
        <ele>401.600006103515625</ele>
        <time>2026-10-03T01:21:22.000Z</time>
        <extensions>
          <ns3:TrackPointExtension>
            <ns3:hr>163</ns3:hr>
            <ns3:cad>89</ns3:cad>
          </ns3:TrackPointExtension>
        </extensions>
      </trkpt>
      <trkpt lat="29.98439068906009197235107421875" lon="103.83056879974901676177978515625">
        <ele>401.600006103515625</ele>
        <time>2026-10-03T01:21:23.000Z</time>
        <extensions>
          <ns3:TrackPointExtension>
            <ns3:hr>163</ns3:hr>
            <ns3:cad>90</ns3:cad>
          </ns3:TrackPointExtension>
        </extensions>
      </trkpt>
      <trkpt lat="29.98438582755625247955322265625" lon="103.83054298348724842071533203125">
        <ele>401.600006103515625</ele>
        <time>2026-10-03T01:21:24.000Z</time>
        <extensions>
          <ns3:TrackPointExtension>
            <ns3:hr>163</ns3:hr>
            <ns3:cad>89</ns3:cad>
          </ns3:TrackPointExtension>
        </extensions>
      </trkpt>
      <trkpt lat="29.98438172042369842529296875" lon="103.8305058516561985015869140625">
        <ele>401.600006103515625</ele>
        <time>2026-10-03T01:21:25.000Z</time>
        <extensions>
          <ns3:TrackPointExtension>
            <ns3:hr>163</ns3:hr>
            <ns3:cad>89</ns3:cad>
          </ns3:TrackPointExtension>
        </extensions>
      </trkpt>
      <trkpt lat="29.98437660746276378631591796875" lon="103.8304795324802398681640625">
        <ele>401.600006103515625</ele>
        <time>2026-10-03T01:21:26.000Z</time>
        <extensions>
          <ns3:TrackPointExtension>
            <ns3:hr>163</ns3:hr>
            <ns3:cad>89</ns3:cad>
          </ns3:TrackPointExtension>
        </extensions>
      </trkpt>
      <trkpt lat="29.98437593691051006317138671875" lon="103.8304384611546993255615234375">
        <ele>401.600006103515625</ele>
        <time>2026-10-03T01:21:27.000Z</time>
        <extensions>
          <ns3:TrackPointExtension>
            <ns3:hr>163</ns3:hr>
            <ns3:cad>89</ns3:cad>
          </ns3:TrackPointExtension>
        </extensions>
      </trkpt>
      <trkpt lat="29.984371326863765716552734375" lon="103.830413483083248138427734375">
        <ele>401.600006103515625</ele>
        <time>2026-10-03T01:21:28.000Z</time>
        <extensions>
          <ns3:TrackPointExtension>
            <ns3:hr>163</ns3:hr>
            <ns3:cad>89</ns3:cad>
          </ns3:TrackPointExtension>
        </extensions>
      </trkpt>
      <trkpt lat="29.98437090776860713958740234375" lon="103.830369897186756134033203125">
        <ele>401.600006103515625</ele>
        <time>2026-10-03T01:21:29.000Z</time>
        <extensions>
          <ns3:TrackPointExtension>
            <ns3:hr>163</ns3:hr>
            <ns3:cad>89</ns3:cad>
          </ns3:TrackPointExtension>
        </extensions>
      </trkpt>
      <trkpt lat="29.98437258414924144744873046875" lon="103.83033779449760913848876953125">
        <ele>401.399993896484375</ele>
        <time>2026-10-03T01:21:30.000Z</time>
        <extensions>
          <ns3:TrackPointExtension>
            <ns3:hr>163</ns3:hr>
            <ns3:cad>89</ns3:cad>
          </ns3:TrackPointExtension>
        </extensions>
      </trkpt>
      <trkpt lat="29.98436705209314823150634765625" lon="103.8303025066852569580078125">
        <ele>401.399993896484375</ele>
        <time>2026-10-03T01:21:31.000Z</time>
        <extensions>
          <ns3:TrackPointExtension>
            <ns3:hr>163</ns3:hr>
            <ns3:cad>89</ns3:cad>
          </ns3:TrackPointExtension>
        </extensions>
      </trkpt>
      <trkpt lat="29.98434609733521938323974609375" lon="103.83028331212699413299560546875">
        <ele>401.399993896484375</ele>
        <time>2026-10-03T01:21:32.000Z</time>
        <extensions>
          <ns3:TrackPointExtension>
            <ns3:hr>163</ns3:hr>
            <ns3:cad>88</ns3:cad>
          </ns3:TrackPointExtension>
        </extensions>
      </trkpt>
      <trkpt lat="29.9843376316130161285400390625" lon="103.83029454387724399566650390625">
        <ele>401.399993896484375</ele>
        <time>2026-10-03T01:21:33.000Z</time>
        <extensions>
          <ns3:TrackPointExtension>
            <ns3:hr>163</ns3:hr>
            <ns3:cad>88</ns3:cad>
          </ns3:TrackPointExtension>
        </extensions>
      </trkpt>
      <trkpt lat="29.98433251865208148956298828125" lon="103.8303191028535366058349609375">
        <ele>401.399993896484375</ele>
        <time>2026-10-03T01:21:34.000Z</time>
        <extensions>
          <ns3:TrackPointExtension>
            <ns3:hr>163</ns3:hr>
            <ns3:cad>88</ns3:cad>
          </ns3:TrackPointExtension>
        </extensions>
      </trkpt>
      <trkpt lat="29.9843349494040012359619140625" lon="103.83034315891563892364501953125">
        <ele>401.399993896484375</ele>
        <time>2026-10-03T01:21:35.000Z</time>
        <extensions>
          <ns3:TrackPointExtension>
            <ns3:hr>163</ns3:hr>
            <ns3:cad>88</ns3:cad>
          </ns3:TrackPointExtension>
        </extensions>
      </trkpt>
      <trkpt lat="29.98433469794690608978271484375" lon="103.8303767703473567962646484375">
        <ele>401.399993896484375</ele>
        <time>2026-10-03T01:21:36.000Z</time>
        <extensions>
          <ns3:TrackPointExtension>
            <ns3:hr>162</ns3:hr>
            <ns3:cad>88</ns3:cad>
          </ns3:TrackPointExtension>
        </extensions>
      </trkpt>
      <trkpt lat="29.9843376316130161285400390625" lon="103.8304035924375057220458984375">
        <ele>401.399993896484375</ele>
        <time>2026-10-03T01:21:37.000Z</time>
        <extensions>
          <ns3:TrackPointExtension>
            <ns3:hr>163</ns3:hr>
            <ns3:cad>88</ns3:cad>
          </ns3:TrackPointExtension>
        </extensions>
      </trkpt>
      <trkpt lat="29.984341822564601898193359375" lon="103.83043955080211162567138671875">
        <ele>401.399993896484375</ele>
        <time>2026-10-03T01:21:38.000Z</time>
        <extensions>
          <ns3:TrackPointExtension>
            <ns3:hr>163</ns3:hr>
            <ns3:cad>88</ns3:cad>
          </ns3:TrackPointExtension>
        </extensions>
      </trkpt>
      <trkpt lat="29.984351880848407745361328125" lon="103.83046469651162624359130859375">
        <ele>401.399993896484375</ele>
        <time>2026-10-03T01:21:39.000Z</time>
        <extensions>
          <ns3:TrackPointExtension>
            <ns3:hr>162</ns3:hr>
            <ns3:cad>88</ns3:cad>
          </ns3:TrackPointExtension>
        </extensions>
      </trkpt>
      <trkpt lat="29.98435246758162975311279296875" lon="103.8304971344769001007080078125">
        <ele>401.399993896484375</ele>
        <time>2026-10-03T01:21:40.000Z</time>
        <extensions>
          <ns3:TrackPointExtension>
            <ns3:hr>163</ns3:hr>
            <ns3:cad>88</ns3:cad>
          </ns3:TrackPointExtension>
        </extensions>
      </trkpt>
      <trkpt lat="29.98435598798096179962158203125" lon="103.83052135817706584930419921875">
        <ele>401.399993896484375</ele>
        <time>2026-10-03T01:21:41.000Z</time>
        <extensions>
          <ns3:TrackPointExtension>
            <ns3:hr>162</ns3:hr>
            <ns3:cad>88</ns3:cad>
          </ns3:TrackPointExtension>
        </extensions>
      </trkpt>
      <trkpt lat="29.984358586370944976806640625" lon="103.83055865764617919921875">
        <ele>401.399993896484375</ele>
        <time>2026-10-03T01:21:42.000Z</time>
        <extensions>
          <ns3:TrackPointExtension>
            <ns3:hr>162</ns3:hr>
            <ns3:cad>89</ns3:cad>
          </ns3:TrackPointExtension>
        </extensions>
      </trkpt>
      <trkpt lat="29.9843657948076725006103515625" lon="103.83058439008891582489013671875">
        <ele>401.399993896484375</ele>
        <time>2026-10-03T01:21:43.000Z</time>
        <extensions>
          <ns3:TrackPointExtension>
            <ns3:hr>162</ns3:hr>
            <ns3:cad>89</ns3:cad>
          </ns3:TrackPointExtension>
        </extensions>
      </trkpt>
      <trkpt lat="29.98436504043638706207275390625" lon="103.8306252099573612213134765625">
        <ele>401.399993896484375</ele>
        <time>2026-10-03T01:21:44.000Z</time>
        <extensions>
          <ns3:TrackPointExtension>
            <ns3:hr>163</ns3:hr>
            <ns3:cad>89</ns3:cad>
          </ns3:TrackPointExtension>
        </extensions>
      </trkpt>
      <trkpt lat="29.98437426052987575531005859375" lon="103.83065261878073215484619140625">
        <ele>401.399993896484375</ele>
        <time>2026-10-03T01:21:45.000Z</time>
        <extensions>
          <ns3:TrackPointExtension>
            <ns3:hr>162</ns3:hr>
            <ns3:cad>88</ns3:cad>
          </ns3:TrackPointExtension>
        </extensions>
      </trkpt>
      <trkpt lat="29.98438029550015926361083984375" lon="103.8306936062872409820556640625">
        <ele>401.20001220703125</ele>
        <time>2026-10-03T01:21:46.000Z</time>
        <extensions>
          <ns3:TrackPointExtension>
            <ns3:hr>162</ns3:hr>
            <ns3:cad>88</ns3:cad>
          </ns3:TrackPointExtension>
        </extensions>
      </trkpt>
      <trkpt lat="29.98438783921301364898681640625" lon="103.83071917109191417694091796875">
        <ele>401.20001220703125</ele>
        <time>2026-10-03T01:21:47.000Z</time>
        <extensions>
          <ns3:TrackPointExtension>
            <ns3:hr>162</ns3:hr>
            <ns3:cad>88</ns3:cad>
          </ns3:TrackPointExtension>
        </extensions>
      </trkpt>
      <trkpt lat="29.9843890964984893798828125" lon="103.8307573087513446807861328125">
        <ele>401.20001220703125</ele>
        <time>2026-10-03T01:21:48.000Z</time>
        <extensions>
          <ns3:TrackPointExtension>
            <ns3:hr>162</ns3:hr>
            <ns3:cad>89</ns3:cad>
          </ns3:TrackPointExtension>
        </extensions>
      </trkpt>
      <trkpt lat="29.98438616283237934112548828125" lon="103.83078337647020816802978515625">
        <ele>401.20001220703125</ele>
        <time>2026-10-03T01:21:49.000Z</time>
        <extensions>
          <ns3:TrackPointExtension>
            <ns3:hr>162</ns3:hr>
            <ns3:cad>89</ns3:cad>
          </ns3:TrackPointExtension>
        </extensions>
      </trkpt>
      <trkpt lat="29.98437099158763885498046875" lon="103.8308166526257991790771484375">
        <ele>401.20001220703125</ele>
        <time>2026-10-03T01:21:50.000Z</time>
        <extensions>
          <ns3:TrackPointExtension>
            <ns3:hr>162</ns3:hr>
            <ns3:cad>89</ns3:cad>
          </ns3:TrackPointExtension>
        </extensions>
      </trkpt>
      <trkpt lat="29.98435816727578639984130859375" lon="103.830838613212108612060546875">
        <ele>401.20001220703125</ele>
        <time>2026-10-03T01:21:51.000Z</time>
        <extensions>
          <ns3:TrackPointExtension>
            <ns3:hr>162</ns3:hr>
            <ns3:cad>89</ns3:cad>
          </ns3:TrackPointExtension>
        </extensions>
      </trkpt>
      <trkpt lat="29.984335117042064666748046875" lon="103.8308684527873992919921875">
        <ele>401.20001220703125</ele>
        <time>2026-10-03T01:21:52.000Z</time>
        <extensions>
          <ns3:TrackPointExtension>
            <ns3:hr>162</ns3:hr>
            <ns3:cad>89</ns3:cad>
          </ns3:TrackPointExtension>
        </extensions>
      </trkpt>
      <trkpt lat="29.98431173153221607208251953125" lon="103.8308894075453281402587890625">
        <ele>401.20001220703125</ele>
        <time>2026-10-03T01:21:53.000Z</time>
        <extensions>
          <ns3:TrackPointExtension>
            <ns3:hr>162</ns3:hr>
            <ns3:cad>89</ns3:cad>
          </ns3:TrackPointExtension>
        </extensions>
      </trkpt>
      <trkpt lat="29.9842779524624347686767578125" lon="103.83090189658105373382568359375">
        <ele>401.20001220703125</ele>
        <time>2026-10-03T01:21:54.000Z</time>
        <extensions>
          <ns3:TrackPointExtension>
            <ns3:hr>162</ns3:hr>
            <ns3:cad>89</ns3:cad>
          </ns3:TrackPointExtension>
        </extensions>
      </trkpt>
      <trkpt lat="29.9842544831335544586181640625" lon="103.83091513998806476593017578125">
        <ele>401.20001220703125</ele>
        <time>2026-10-03T01:21:55.000Z</time>
        <extensions>
          <ns3:TrackPointExtension>
            <ns3:hr>162</ns3:hr>
            <ns3:cad>89</ns3:cad>
          </ns3:TrackPointExtension>
        </extensions>
      </trkpt>
      <trkpt lat="29.98421902768313884735107421875" lon="103.83092201314866542816162109375">
        <ele>401.20001220703125</ele>
        <time>2026-10-03T01:21:56.000Z</time>
        <extensions>
          <ns3:TrackPointExtension>
            <ns3:hr>162</ns3:hr>
            <ns3:cad>89</ns3:cad>
          </ns3:TrackPointExtension>
        </extensions>
      </trkpt>
      <trkpt lat="29.98419463634490966796875" lon="103.83093223907053470611572265625">
        <ele>401.20001220703125</ele>
        <time>2026-10-03T01:21:57.000Z</time>
        <extensions>
          <ns3:TrackPointExtension>
            <ns3:hr>162</ns3:hr>
            <ns3:cad>89</ns3:cad>
          </ns3:TrackPointExtension>
        </extensions>
      </trkpt>
      <trkpt lat="29.98415566049516201019287109375" lon="103.83093877695500850677490234375">
        <ele>401.20001220703125</ele>
        <time>2026-10-03T01:21:58.000Z</time>
        <extensions>
          <ns3:TrackPointExtension>
            <ns3:hr>162</ns3:hr>
            <ns3:cad>89</ns3:cad>
          </ns3:TrackPointExtension>
        </extensions>
      </trkpt>
      <trkpt lat="29.98413085006177425384521484375" lon="103.830943889915943145751953125">
        <ele>401.20001220703125</ele>
        <time>2026-10-03T01:21:59.000Z</time>
        <extensions>
          <ns3:TrackPointExtension>
            <ns3:hr>163</ns3:hr>
            <ns3:cad>89</ns3:cad>
          </ns3:TrackPointExtension>
        </extensions>
      </trkpt>
      <trkpt lat="29.984096400439739227294921875" lon="103.83094045333564281463623046875">
        <ele>401.20001220703125</ele>
        <time>2026-10-03T01:22:00.000Z</time>
        <extensions>
          <ns3:TrackPointExtension>
            <ns3:hr>163</ns3:hr>
            <ns3:cad>89</ns3:cad>
          </ns3:TrackPointExtension>
        </extensions>
      </trkpt>
      <trkpt lat="29.98407192528247833251953125" lon="103.830935843288898468017578125">
        <ele>401.20001220703125</ele>
        <time>2026-10-03T01:22:01.000Z</time>
        <extensions>
          <ns3:TrackPointExtension>
            <ns3:hr>163</ns3:hr>
            <ns3:cad>89</ns3:cad>
          </ns3:TrackPointExtension>
        </extensions>
      </trkpt>
      <trkpt lat="29.984036386013031005859375" lon="103.83092570118606090545654296875">
        <ele>401.20001220703125</ele>
        <time>2026-10-03T01:22:02.000Z</time>
        <extensions>
          <ns3:TrackPointExtension>
            <ns3:hr>163</ns3:hr>
            <ns3:cad>89</ns3:cad>
          </ns3:TrackPointExtension>
        </extensions>
      </trkpt>
      <trkpt lat="29.98400964774191379547119140625" lon="103.8309132121503353118896484375">
        <ele>401.20001220703125</ele>
        <time>2026-10-03T01:22:03.000Z</time>
        <extensions>
          <ns3:TrackPointExtension>
            <ns3:hr>163</ns3:hr>
            <ns3:cad>89</ns3:cad>
          </ns3:TrackPointExtension>
        </extensions>
      </trkpt>
      <trkpt lat="29.983985424041748046875" lon="103.8308823667466640472412109375">
        <ele>401.20001220703125</ele>
        <time>2026-10-03T01:22:04.000Z</time>
        <extensions>
          <ns3:TrackPointExtension>
            <ns3:hr>164</ns3:hr>
            <ns3:cad>89</ns3:cad>
          </ns3:TrackPointExtension>
        </extensions>
      </trkpt>
      <trkpt lat="29.98396958224475383758544921875" lon="103.83085529319941997528076171875">
        <ele>401.20001220703125</ele>
        <time>2026-10-03T01:22:05.000Z</time>
        <extensions>
          <ns3:TrackPointExtension>
            <ns3:hr>164</ns3:hr>
            <ns3:cad>89</ns3:cad>
          </ns3:TrackPointExtension>
        </extensions>
      </trkpt>
      <trkpt lat="29.983955919742584228515625" lon="103.83081740699708461761474609375">
        <ele>401.20001220703125</ele>
        <time>2026-10-03T01:22:06.000Z</time>
        <extensions>
          <ns3:TrackPointExtension>
            <ns3:hr>164</ns3:hr>
            <ns3:cad>89</ns3:cad>
          </ns3:TrackPointExtension>
        </extensions>
      </trkpt>
      <trkpt lat="29.98394661583006381988525390625" lon="103.830788321793079376220703125">
        <ele>401</ele>
        <time>2026-10-03T01:22:07.000Z</time>
        <extensions>
          <ns3:TrackPointExtension>
            <ns3:hr>164</ns3:hr>
            <ns3:cad>90</ns3:cad>
          </ns3:TrackPointExtension>
        </extensions>
      </trkpt>
      <trkpt lat="29.983941502869129180908203125" lon="103.8307449035346508026123046875">
        <ele>401</ele>
        <time>2026-10-03T01:22:08.000Z</time>
        <extensions>
          <ns3:TrackPointExtension>
            <ns3:hr>164</ns3:hr>
            <ns3:cad>91</ns3:cad>
          </ns3:TrackPointExtension>
        </extensions>
      </trkpt>
      <trkpt lat="29.98393513262271881103515625" lon="103.83071682415902614593505859375">
        <ele>401</ele>
        <time>2026-10-03T01:22:09.000Z</time>
        <extensions>
          <ns3:TrackPointExtension>
            <ns3:hr>164</ns3:hr>
            <ns3:cad>91</ns3:cad>
          </ns3:TrackPointExtension>
        </extensions>
      </trkpt>
      <trkpt lat="29.98392976820468902587890625" lon="103.8306785188615322113037109375">
        <ele>401</ele>
        <time>2026-10-03T01:22:10.000Z</time>
        <extensions>
          <ns3:TrackPointExtension>
            <ns3:hr>164</ns3:hr>
            <ns3:cad>90</ns3:cad>
          </ns3:TrackPointExtension>
        </extensions>
      </trkpt>
      <trkpt lat="29.983930774033069610595703125" lon="103.8306463323533535003662109375">
        <ele>401</ele>
        <time>2026-10-03T01:22:11.000Z</time>
        <extensions>
          <ns3:TrackPointExtension>
            <ns3:hr>164</ns3:hr>
            <ns3:cad>89</ns3:cad>
          </ns3:TrackPointExtension>
        </extensions>
      </trkpt>
      <trkpt lat="29.983931444585323333740234375" lon="103.8306055963039398193359375">
        <ele>400.79998779296875</ele>
        <time>2026-10-03T01:22:12.000Z</time>
        <extensions>
          <ns3:TrackPointExtension>
            <ns3:hr>165</ns3:hr>
            <ns3:cad>89</ns3:cad>
          </ns3:TrackPointExtension>
        </extensions>
      </trkpt>
      <trkpt lat="29.98392297886312007904052734375" lon="103.830577433109283447265625">
        <ele>400.79998779296875</ele>
        <time>2026-10-03T01:22:13.000Z</time>
        <extensions>
          <ns3:TrackPointExtension>
            <ns3:hr>165</ns3:hr>
            <ns3:cad>90</ns3:cad>
          </ns3:TrackPointExtension>
        </extensions>
      </trkpt>
      <trkpt lat="29.98392364941537380218505859375" lon="103.8305340148508548736572265625">
        <ele>400.79998779296875</ele>
        <time>2026-10-03T01:22:14.000Z</time>
        <extensions>
          <ns3:TrackPointExtension>
            <ns3:hr>165</ns3:hr>
            <ns3:cad>90</ns3:cad>
          </ns3:TrackPointExtension>
        </extensions>
      </trkpt>
      <trkpt lat="29.9839192070066928863525390625" lon="103.8305051811039447784423828125">
        <ele>401</ele>
        <time>2026-10-03T01:22:15.000Z</time>
        <extensions>
          <ns3:TrackPointExtension>
            <ns3:hr>165</ns3:hr>
            <ns3:cad>90</ns3:cad>
          </ns3:TrackPointExtension>
        </extensions>
      </trkpt>
      <trkpt lat="29.98392180539667606353759765625" lon="103.8304602541029453277587890625">
        <ele>401</ele>
        <time>2026-10-03T01:22:16.000Z</time>
        <extensions>
          <ns3:TrackPointExtension>
            <ns3:hr>165</ns3:hr>
            <ns3:cad>89</ns3:cad>
          </ns3:TrackPointExtension>
        </extensions>
      </trkpt>
      <trkpt lat="29.98391568660736083984375" lon="103.83042966015636920928955078125">
        <ele>401</ele>
        <time>2026-10-03T01:22:17.000Z</time>
        <extensions>
          <ns3:TrackPointExtension>
            <ns3:hr>165</ns3:hr>
            <ns3:cad>89</ns3:cad>
          </ns3:TrackPointExtension>
        </extensions>
      </trkpt>
      <trkpt lat="29.98391392640769481658935546875" lon="103.83038758300244808197021484375">
        <ele>401</ele>
        <time>2026-10-03T01:22:18.000Z</time>
        <extensions>
          <ns3:TrackPointExtension>
            <ns3:hr>165</ns3:hr>
            <ns3:cad>89</ns3:cad>
          </ns3:TrackPointExtension>
        </extensions>
      </trkpt>
      <trkpt lat="29.98390487395226955413818359375" lon="103.8303606770932674407958984375">
        <ele>401</ele>
        <time>2026-10-03T01:22:19.000Z</time>
        <extensions>
          <ns3:TrackPointExtension>
            <ns3:hr>165</ns3:hr>
            <ns3:cad>90</ns3:cad>
          </ns3:TrackPointExtension>
        </extensions>
      </trkpt>
      <trkpt lat="29.98390621505677700042724609375" lon="103.83031985722482204437255859375">
        <ele>400.79998779296875</ele>
        <time>2026-10-03T01:22:20.000Z</time>
        <extensions>
          <ns3:TrackPointExtension>
            <ns3:hr>166</ns3:hr>
            <ns3:cad>90</ns3:cad>
          </ns3:TrackPointExtension>
        </extensions>
      </trkpt>
      <trkpt lat="29.98390353284776210784912109375" lon="103.83029085583984851837158203125">
        <ele>400.79998779296875</ele>
        <time>2026-10-03T01:22:21.000Z</time>
        <extensions>
          <ns3:TrackPointExtension>
            <ns3:hr>165</ns3:hr>
            <ns3:cad>90</ns3:cad>
          </ns3:TrackPointExtension>
        </extensions>
      </trkpt>
      <trkpt lat="29.98390085063874721527099609375" lon="103.8302490301430225372314453125">
        <ele>400.79998779296875</ele>
        <time>2026-10-03T01:22:22.000Z</time>
        <extensions>
          <ns3:TrackPointExtension>
            <ns3:hr>165</ns3:hr>
            <ns3:cad>90</ns3:cad>
          </ns3:TrackPointExtension>
        </extensions>
      </trkpt>
      <trkpt lat="29.98389624059200286865234375" lon="103.83022648282349109649658203125">
        <ele>400.79998779296875</ele>
        <time>2026-10-03T01:22:23.000Z</time>
        <extensions>
          <ns3:TrackPointExtension>
            <ns3:hr>166</ns3:hr>
            <ns3:cad>90</ns3:cad>
          </ns3:TrackPointExtension>
        </extensions>
      </trkpt>
      <trkpt lat="29.9838903732597827911376953125" lon="103.83020971901714801788330078125">
        <ele>400.79998779296875</ele>
        <time>2026-10-03T01:22:24.000Z</time>
        <extensions>
          <ns3:TrackPointExtension>
            <ns3:hr>166</ns3:hr>
            <ns3:cad>90</ns3:cad>
          </ns3:TrackPointExtension>
        </extensions>
      </trkpt>
      <trkpt lat="29.98388350009918212890625" lon="103.83021994493901729583740234375">
        <ele>400.79998779296875</ele>
        <time>2026-10-03T01:22:25.000Z</time>
        <extensions>
          <ns3:TrackPointExtension>
            <ns3:hr>166</ns3:hr>
            <ns3:cad>90</ns3:cad>
          </ns3:TrackPointExtension>
        </extensions>
      </trkpt>
      <trkpt lat="29.98388576321303844451904296875" lon="103.83024425245821475982666015625">
        <ele>400.79998779296875</ele>
        <time>2026-10-03T01:22:26.000Z</time>
        <extensions>
          <ns3:TrackPointExtension>
            <ns3:hr>166</ns3:hr>
            <ns3:cad>90</ns3:cad>
          </ns3:TrackPointExtension>
        </extensions>
      </trkpt>
      <trkpt lat="29.98388928361237049102783203125" lon="103.83027660660445690155029296875">
        <ele>400.79998779296875</ele>
        <time>2026-10-03T01:22:27.000Z</time>
        <extensions>
          <ns3:TrackPointExtension>
            <ns3:hr>165</ns3:hr>
            <ns3:cad>88</ns3:cad>
          </ns3:TrackPointExtension>
        </extensions>
      </trkpt>
      <trkpt lat="29.98389548622071743011474609375" lon="103.83030510507524013519287109375">
        <ele>400.79998779296875</ele>
        <time>2026-10-03T01:22:28.000Z</time>
        <extensions>
          <ns3:TrackPointExtension>
            <ns3:hr>166</ns3:hr>
            <ns3:cad>88</ns3:cad>
          </ns3:TrackPointExtension>
        </extensions>
      </trkpt>
      <trkpt lat="29.983901940286159515380859375" lon="103.83033527992665767669677734375">
        <ele>400.79998779296875</ele>
        <time>2026-10-03T01:22:29.000Z</time>
        <extensions>
          <ns3:TrackPointExtension>
            <ns3:hr>166</ns3:hr>
            <ns3:cad>87</ns3:cad>
          </ns3:TrackPointExtension>
        </extensions>
      </trkpt>
      <trkpt lat="29.983907304704189300537109375" lon="103.83036377839744091033935546875">
        <ele>400.79998779296875</ele>
        <time>2026-10-03T01:22:30.000Z</time>
        <extensions>
          <ns3:TrackPointExtension>
            <ns3:hr>166</ns3:hr>
            <ns3:cad>87</ns3:cad>
          </ns3:TrackPointExtension>
        </extensions>
      </trkpt>
      <trkpt lat="29.98391225002706050872802734375" lon="103.8303948752582073211669921875">
        <ele>400.79998779296875</ele>
        <time>2026-10-03T01:22:31.000Z</time>
        <extensions>
          <ns3:TrackPointExtension>
            <ns3:hr>166</ns3:hr>
            <ns3:cad>87</ns3:cad>
          </ns3:TrackPointExtension>
        </extensions>
      </trkpt>
      <trkpt lat="29.98391577042639255523681640625" lon="103.8304233737289905548095703125">
        <ele>400.79998779296875</ele>
        <time>2026-10-03T01:22:32.000Z</time>
        <extensions>
          <ns3:TrackPointExtension>
            <ns3:hr>166</ns3:hr>
            <ns3:cad>90</ns3:cad>
          </ns3:TrackPointExtension>
        </extensions>
      </trkpt>
      <trkpt lat="29.98391727916896343231201171875" lon="103.8304535485804080963134765625">
        <ele>400.79998779296875</ele>
        <time>2026-10-03T01:22:33.000Z</time>
        <extensions>
          <ns3:TrackPointExtension>
            <ns3:hr>165</ns3:hr>
            <ns3:cad>90</ns3:cad>
          </ns3:TrackPointExtension>
        </extensions>
      </trkpt>
      <trkpt lat="29.983920715749263763427734375" lon="103.83048363961279392242431640625">
        <ele>400.79998779296875</ele>
        <time>2026-10-03T01:22:34.000Z</time>
        <extensions>
          <ns3:TrackPointExtension>
            <ns3:hr>165</ns3:hr>
            <ns3:cad>90</ns3:cad>
          </ns3:TrackPointExtension>
        </extensions>
      </trkpt>
      <trkpt lat="29.9839223921298980712890625" lon="103.8305145688354969024658203125">
        <ele>400.79998779296875</ele>
        <time>2026-10-03T01:22:35.000Z</time>
        <extensions>
          <ns3:TrackPointExtension>
            <ns3:hr>165</ns3:hr>
            <ns3:cad>90</ns3:cad>
          </ns3:TrackPointExtension>
        </extensions>
      </trkpt>
      <trkpt lat="29.98392482288181781768798828125" lon="103.83054432459175586700439453125">
        <ele>400.79998779296875</ele>
        <time>2026-10-03T01:22:36.000Z</time>
        <extensions>
          <ns3:TrackPointExtension>
            <ns3:hr>166</ns3:hr>
            <ns3:cad>90</ns3:cad>
          </ns3:TrackPointExtension>
        </extensions>
      </trkpt>
      <trkpt lat="29.983924068510532379150390625" lon="103.83057684637606143951416015625">
        <ele>400.79998779296875</ele>
        <time>2026-10-03T01:22:37.000Z</time>
        <extensions>
          <ns3:TrackPointExtension>
            <ns3:hr>165</ns3:hr>
            <ns3:cad>90</ns3:cad>
          </ns3:TrackPointExtension>
        </extensions>
      </trkpt>
      <trkpt lat="29.98392842710018157958984375" lon="103.83060760796070098876953125">
        <ele>400.79998779296875</ele>
        <time>2026-10-03T01:22:38.000Z</time>
        <extensions>
          <ns3:TrackPointExtension>
            <ns3:hr>165</ns3:hr>
            <ns3:cad>90</ns3:cad>
          </ns3:TrackPointExtension>
        </extensions>
      </trkpt>
      <trkpt lat="29.98392750509083271026611328125" lon="103.83064222522079944610595703125">
        <ele>400.600006103515625</ele>
        <time>2026-10-03T01:22:39.000Z</time>
        <extensions>
          <ns3:TrackPointExtension>
            <ns3:hr>165</ns3:hr>
            <ns3:cad>90</ns3:cad>
          </ns3:TrackPointExtension>
        </extensions>
      </trkpt>
      <trkpt lat="29.9839329533278942108154296875" lon="103.83067240007221698760986328125">
        <ele>400.600006103515625</ele>
        <time>2026-10-03T01:22:40.000Z</time>
        <extensions>
          <ns3:TrackPointExtension>
            <ns3:hr>165</ns3:hr>
            <ns3:cad>90</ns3:cad>
          </ns3:TrackPointExtension>
        </extensions>
      </trkpt>
      <trkpt lat="29.98393370769917964935302734375" lon="103.83070542477071285247802734375">
        <ele>400.600006103515625</ele>
        <time>2026-10-03T01:22:41.000Z</time>
        <extensions>
          <ns3:TrackPointExtension>
            <ns3:hr>165</ns3:hr>
            <ns3:cad>90</ns3:cad>
          </ns3:TrackPointExtension>
        </extensions>
      </trkpt>
      <trkpt lat="29.98393337242305278778076171875" lon="103.83073844946920871734619140625">
        <ele>400.600006103515625</ele>
        <time>2026-10-03T01:22:42.000Z</time>
        <extensions>
          <ns3:TrackPointExtension>
            <ns3:hr>165</ns3:hr>
            <ns3:cad>90</ns3:cad>
          </ns3:TrackPointExtension>
        </extensions>
      </trkpt>
      <trkpt lat="29.98392985202372074127197265625" lon="103.83076996542513370513916015625">
        <ele>400.600006103515625</ele>
        <time>2026-10-03T01:22:43.000Z</time>
        <extensions>
          <ns3:TrackPointExtension>
            <ns3:hr>165</ns3:hr>
            <ns3:cad>90</ns3:cad>
          </ns3:TrackPointExtension>
        </extensions>
      </trkpt>
      <trkpt lat="29.98393437825143337249755859375" lon="103.8308035768568515777587890625">
        <ele>400.600006103515625</ele>
        <time>2026-10-03T01:22:44.000Z</time>
        <extensions>
          <ns3:TrackPointExtension>
            <ns3:hr>165</ns3:hr>
            <ns3:cad>90</ns3:cad>
          </ns3:TrackPointExtension>
        </extensions>
      </trkpt>
      <trkpt lat="29.983940161764621734619140625" lon="103.830831907689571380615234375">
        <ele>400.600006103515625</ele>
        <time>2026-10-03T01:22:45.000Z</time>
        <extensions>
          <ns3:TrackPointExtension>
            <ns3:hr>164</ns3:hr>
            <ns3:cad>90</ns3:cad>
          </ns3:TrackPointExtension>
        </extensions>
      </trkpt>
      <trkpt lat="29.98395332135260105133056640625" lon="103.830866105854511260986328125">
        <ele>400.600006103515625</ele>
        <time>2026-10-03T01:22:46.000Z</time>
        <extensions>
          <ns3:TrackPointExtension>
            <ns3:hr>165</ns3:hr>
            <ns3:cad>91</ns3:cad>
          </ns3:TrackPointExtension>
        </extensions>
      </trkpt>
      <trkpt lat="29.9839733541011810302734375" lon="103.8308924250304698944091796875">
        <ele>400.600006103515625</ele>
        <time>2026-10-03T01:22:47.000Z</time>
        <extensions>
          <ns3:TrackPointExtension>
            <ns3:hr>165</ns3:hr>
            <ns3:cad>91</ns3:cad>
          </ns3:TrackPointExtension>
        </extensions>
      </trkpt>
      <trkpt lat="29.9839993380010128021240234375" lon="103.83091715164482593536376953125">
        <ele>400.600006103515625</ele>
        <time>2026-10-03T01:22:48.000Z</time>
        <extensions>
          <ns3:TrackPointExtension>
            <ns3:hr>164</ns3:hr>
            <ns3:cad>90</ns3:cad>
          </ns3:TrackPointExtension>
        </extensions>
      </trkpt>
      <trkpt lat="29.98402708210051059722900390625" lon="103.8309319876134395599365234375">
        <ele>400.600006103515625</ele>
        <time>2026-10-03T01:22:49.000Z</time>
        <extensions>
          <ns3:TrackPointExtension>
            <ns3:hr>164</ns3:hr>
            <ns3:cad>90</ns3:cad>
          </ns3:TrackPointExtension>
        </extensions>
      </trkpt>
      <trkpt lat="29.984058849513530731201171875" lon="103.83094288408756256103515625">
        <ele>400.600006103515625</ele>
        <time>2026-10-03T01:22:50.000Z</time>
        <extensions>
          <ns3:TrackPointExtension>
            <ns3:hr>164</ns3:hr>
            <ns3:cad>90</ns3:cad>
          </ns3:TrackPointExtension>
        </extensions>
      </trkpt>
      <trkpt lat="29.9840851686894893646240234375" lon="103.83094615302979946136474609375">
        <ele>400.600006103515625</ele>
        <time>2026-10-03T01:22:51.000Z</time>
        <extensions>
          <ns3:TrackPointExtension>
            <ns3:hr>165</ns3:hr>
            <ns3:cad>91</ns3:cad>
          </ns3:TrackPointExtension>
        </extensions>
      </trkpt>
      <trkpt lat="29.9841176904737949371337890625" lon="103.83094430901110172271728515625">
        <ele>400.600006103515625</ele>
        <time>2026-10-03T01:22:52.000Z</time>
        <extensions>
          <ns3:TrackPointExtension>
            <ns3:hr>164</ns3:hr>
            <ns3:cad>91</ns3:cad>
          </ns3:TrackPointExtension>
        </extensions>
      </trkpt>
      <trkpt lat="29.9841414950788021087646484375" lon="103.83094422519207000732421875">
        <ele>400.600006103515625</ele>
        <time>2026-10-03T01:22:53.000Z</time>
        <extensions>
          <ns3:TrackPointExtension>
            <ns3:hr>164</ns3:hr>
            <ns3:cad>91</ns3:cad>
          </ns3:TrackPointExtension>
        </extensions>
      </trkpt>
      <trkpt lat="29.98417359776794910430908203125" lon="103.8309417106211185455322265625">
        <ele>400.600006103515625</ele>
        <time>2026-10-03T01:22:54.000Z</time>
        <extensions>
          <ns3:TrackPointExtension>
            <ns3:hr>165</ns3:hr>
            <ns3:cad>90</ns3:cad>
          </ns3:TrackPointExtension>
        </extensions>
      </trkpt>
      <trkpt lat="29.98419924639165401458740234375" lon="103.83093827404081821441650390625">
        <ele>400.600006103515625</ele>
        <time>2026-10-03T01:22:55.000Z</time>
        <extensions>
          <ns3:TrackPointExtension>
            <ns3:hr>165</ns3:hr>
            <ns3:cad>90</ns3:cad>
          </ns3:TrackPointExtension>
        </extensions>
      </trkpt>
      <trkpt lat="29.984230510890483856201171875" lon="103.83093324489891529083251953125">
        <ele>400.600006103515625</ele>
        <time>2026-10-03T01:22:56.000Z</time>
        <extensions>
          <ns3:TrackPointExtension>
            <ns3:hr>165</ns3:hr>
            <ns3:cad>90</ns3:cad>
          </ns3:TrackPointExtension>
        </extensions>
      </trkpt>
      <trkpt lat="29.98425699770450592041015625" lon="103.83093324489891529083251953125">
        <ele>400.600006103515625</ele>
        <time>2026-10-03T01:22:57.000Z</time>
        <extensions>
          <ns3:TrackPointExtension>
            <ns3:hr>165</ns3:hr>
            <ns3:cad>90</ns3:cad>
          </ns3:TrackPointExtension>
        </extensions>
      </trkpt>
      <trkpt lat="29.9842906929552555084228515625" lon="103.830930478870868682861328125">
        <ele>400.600006103515625</ele>
        <time>2026-10-03T01:22:58.000Z</time>
        <extensions>
          <ns3:TrackPointExtension>
            <ns3:hr>164</ns3:hr>
            <ns3:cad>90</ns3:cad>
          </ns3:TrackPointExtension>
        </extensions>
      </trkpt>
      <trkpt lat="29.98431374318897724151611328125" lon="103.830920755863189697265625">
        <ele>400.600006103515625</ele>
        <time>2026-10-03T01:22:59.000Z</time>
        <extensions>
          <ns3:TrackPointExtension>
            <ns3:hr>165</ns3:hr>
            <ns3:cad>90</ns3:cad>
          </ns3:TrackPointExtension>
        </extensions>
      </trkpt>
      <trkpt lat="29.984340481460094451904296875" lon="103.8309034891426563262939453125">
        <ele>400.399993896484375</ele>
        <time>2026-10-03T01:23:00.000Z</time>
        <extensions>
          <ns3:TrackPointExtension>
            <ns3:hr>165</ns3:hr>
            <ns3:cad>91</ns3:cad>
          </ns3:TrackPointExtension>
        </extensions>
      </trkpt>
      <trkpt lat="29.98436001129448413848876953125" lon="103.83088546805083751678466796875">
        <ele>400.399993896484375</ele>
        <time>2026-10-03T01:23:01.000Z</time>
        <extensions>
          <ns3:TrackPointExtension>
            <ns3:hr>165</ns3:hr>
            <ns3:cad>91</ns3:cad>
          </ns3:TrackPointExtension>
        </extensions>
      </trkpt>
      <trkpt lat="29.98437643982470035552978515625" lon="103.83085629902780055999755859375">
        <ele>400.399993896484375</ele>
        <time>2026-10-03T01:23:02.000Z</time>
        <extensions>
          <ns3:TrackPointExtension>
            <ns3:hr>165</ns3:hr>
            <ns3:cad>91</ns3:cad>
          </ns3:TrackPointExtension>
        </extensions>
      </trkpt>
      <trkpt lat="29.9843852408230304718017578125" lon="103.8308357633650302886962890625">
        <ele>400.399993896484375</ele>
        <time>2026-10-03T01:23:03.000Z</time>
        <extensions>
          <ns3:TrackPointExtension>
            <ns3:hr>165</ns3:hr>
            <ns3:cad>91</ns3:cad>
          </ns3:TrackPointExtension>
        </extensions>
      </trkpt>
      <trkpt lat="29.9843939580023288726806640625" lon="103.83080131374299526214599609375">
        <ele>400.399993896484375</ele>
        <time>2026-10-03T01:23:04.000Z</time>
        <extensions>
          <ns3:TrackPointExtension>
            <ns3:hr>165</ns3:hr>
            <ns3:cad>91</ns3:cad>
          </ns3:TrackPointExtension>
        </extensions>
      </trkpt>
      <trkpt lat="29.98439588584005832672119140625" lon="103.83077113889157772064208984375">
        <ele>400.399993896484375</ele>
        <time>2026-10-03T01:23:05.000Z</time>
        <extensions>
          <ns3:TrackPointExtension>
            <ns3:hr>165</ns3:hr>
            <ns3:cad>91</ns3:cad>
          </ns3:TrackPointExtension>
        </extensions>
      </trkpt>
      <trkpt lat="29.984400160610675811767578125" lon="103.8307314924895763397216796875">
        <ele>400.399993896484375</ele>
        <time>2026-10-03T01:23:06.000Z</time>
        <extensions>
          <ns3:TrackPointExtension>
            <ns3:hr>165</ns3:hr>
            <ns3:cad>91</ns3:cad>
          </ns3:TrackPointExtension>
        </extensions>
      </trkpt>
      <trkpt lat="29.98439772985875606536865234375" lon="103.83070374839007854461669921875">
        <ele>400.399993896484375</ele>
        <time>2026-10-03T01:23:07.000Z</time>
        <extensions>
          <ns3:TrackPointExtension>
            <ns3:hr>166</ns3:hr>
            <ns3:cad>90</ns3:cad>
          </ns3:TrackPointExtension>
        </extensions>
      </trkpt>
      <trkpt lat="29.9843966402113437652587890625" lon="103.830662257969379425048828125">
        <ele>400.399993896484375</ele>
        <time>2026-10-03T01:23:08.000Z</time>
        <extensions>
          <ns3:TrackPointExtension>
            <ns3:hr>165</ns3:hr>
            <ns3:cad>89</ns3:cad>
          </ns3:TrackPointExtension>
        </extensions>
      </trkpt>
      <trkpt lat="29.984392784535884857177734375" lon="103.830634094774723052978515625">
        <ele>400.399993896484375</ele>
        <time>2026-10-03T01:23:09.000Z</time>
        <extensions>
          <ns3:TrackPointExtension>
            <ns3:hr>165</ns3:hr>
            <ns3:cad>89</ns3:cad>
          </ns3:TrackPointExtension>
        </extensions>
      </trkpt>
      <trkpt lat="29.98439035378396511077880859375" lon="103.8305980525910854339599609375">
        <ele>400.399993896484375</ele>
        <time>2026-10-03T01:23:10.000Z</time>
        <extensions>
          <ns3:TrackPointExtension>
            <ns3:hr>166</ns3:hr>
            <ns3:cad>89</ns3:cad>
          </ns3:TrackPointExtension>
        </extensions>
      </trkpt>
      <trkpt lat="29.9843865819275379180908203125" lon="103.8305695541203022003173828125">
        <ele>400.399993896484375</ele>
        <time>2026-10-03T01:23:11.000Z</time>
        <extensions>
          <ns3:TrackPointExtension>
            <ns3:hr>165</ns3:hr>
            <ns3:cad>90</ns3:cad>
          </ns3:TrackPointExtension>
        </extensions>
      </trkpt>
      <trkpt lat="29.9843855760991573333740234375" lon="103.8305333442986011505126953125">
        <ele>400.20001220703125</ele>
        <time>2026-10-03T01:23:12.000Z</time>
        <extensions>
          <ns3:TrackPointExtension>
            <ns3:hr>165</ns3:hr>
            <ns3:cad>90</ns3:cad>
          </ns3:TrackPointExtension>
        </extensions>
      </trkpt>
      <trkpt lat="29.9843825586140155792236328125" lon="103.830506689846515655517578125">
        <ele>400.399993896484375</ele>
        <time>2026-10-03T01:23:13.000Z</time>
        <extensions>
          <ns3:TrackPointExtension>
            <ns3:hr>166</ns3:hr>
            <ns3:cad>90</ns3:cad>
          </ns3:TrackPointExtension>
        </extensions>
      </trkpt>
      <trkpt lat="29.98438180424273014068603515625" lon="103.830469138920307159423828125">
        <ele>400.399993896484375</ele>
        <time>2026-10-03T01:23:14.000Z</time>
        <extensions>
          <ns3:TrackPointExtension>
            <ns3:hr>166</ns3:hr>
            <ns3:cad>90</ns3:cad>
          </ns3:TrackPointExtension>
        </extensions>
      </trkpt>
      <trkpt lat="29.98438247479498386383056640625" lon="103.8304421491920948028564453125">
        <ele>400.399993896484375</ele>
        <time>2026-10-03T01:23:15.000Z</time>
        <extensions>
          <ns3:TrackPointExtension>
            <ns3:hr>166</ns3:hr>
            <ns3:cad>90</ns3:cad>
          </ns3:TrackPointExtension>
        </extensions>
      </trkpt>
      <trkpt lat="29.98437979258596897125244140625" lon="103.830404765903949737548828125">
        <ele>400.20001220703125</ele>
        <time>2026-10-03T01:23:16.000Z</time>
        <extensions>
          <ns3:TrackPointExtension>
            <ns3:hr>166</ns3:hr>
            <ns3:cad>89</ns3:cad>
          </ns3:TrackPointExtension>
        </extensions>
      </trkpt>
      <trkpt lat="29.98437493108212947845458984375" lon="103.83037618361413478851318359375">
        <ele>400.20001220703125</ele>
        <time>2026-10-03T01:23:17.000Z</time>
        <extensions>
          <ns3:TrackPointExtension>
            <ns3:hr>165</ns3:hr>
            <ns3:cad>89</ns3:cad>
          </ns3:TrackPointExtension>
        </extensions>
      </trkpt>
      <trkpt lat="29.98437342233955860137939453125" lon="103.830337710678577423095703125">
        <ele>400.20001220703125</ele>
        <time>2026-10-03T01:23:18.000Z</time>
        <extensions>
          <ns3:TrackPointExtension>
            <ns3:hr>166</ns3:hr>
            <ns3:cad>89</ns3:cad>
          </ns3:TrackPointExtension>
        </extensions>
      </trkpt>
      <trkpt lat="29.98436696827411651611328125" lon="103.8303046859800815582275390625">
        <ele>400.20001220703125</ele>
        <time>2026-10-03T01:23:19.000Z</time>
        <extensions>
          <ns3:TrackPointExtension>
            <ns3:hr>166</ns3:hr>
            <ns3:cad>90</ns3:cad>
          </ns3:TrackPointExtension>
        </extensions>
      </trkpt>
      <trkpt lat="29.98434928245842456817626953125" lon="103.83028029464185237884521484375">
        <ele>400.20001220703125</ele>
        <time>2026-10-03T01:23:20.000Z</time>
        <extensions>
          <ns3:TrackPointExtension>
            <ns3:hr>165</ns3:hr>
            <ns3:cad>90</ns3:cad>
          </ns3:TrackPointExtension>
        </extensions>
      </trkpt>
      <trkpt lat="29.98433369211852550506591796875" lon="103.83028565905988216400146484375">
        <ele>400.20001220703125</ele>
        <time>2026-10-03T01:23:21.000Z</time>
        <extensions>
          <ns3:TrackPointExtension>
            <ns3:hr>165</ns3:hr>
            <ns3:cad>90</ns3:cad>
          </ns3:TrackPointExtension>
        </extensions>
      </trkpt>
      <trkpt lat="29.98433411121368408203125" lon="103.83031767792999744415283203125">
        <ele>400.20001220703125</ele>
        <time>2026-10-03T01:23:22.000Z</time>
        <extensions>
          <ns3:TrackPointExtension>
            <ns3:hr>165</ns3:hr>
            <ns3:cad>89</ns3:cad>
          </ns3:TrackPointExtension>
        </extensions>
      </trkpt>
      <trkpt lat="29.9843366257846355438232421875" lon="103.83034718222916126251220703125">
        <ele>400.399993896484375</ele>
        <time>2026-10-03T01:23:23.000Z</time>
        <extensions>
          <ns3:TrackPointExtension>
            <ns3:hr>165</ns3:hr>
            <ns3:cad>89</ns3:cad>
          </ns3:TrackPointExtension>
        </extensions>
      </trkpt>
      <trkpt lat="29.98434106819331645965576171875" lon="103.830378614366054534912109375">
        <ele>400.399993896484375</ele>
        <time>2026-10-03T01:23:24.000Z</time>
        <extensions>
          <ns3:TrackPointExtension>
            <ns3:hr>164</ns3:hr>
            <ns3:cad>89</ns3:cad>
          </ns3:TrackPointExtension>
        </extensions>
      </trkpt>
      <trkpt lat="29.98434551060199737548828125" lon="103.83040803484618663787841796875">
        <ele>400.399993896484375</ele>
        <time>2026-10-03T01:23:25.000Z</time>
        <extensions>
          <ns3:TrackPointExtension>
            <ns3:hr>165</ns3:hr>
            <ns3:cad>87</ns3:cad>
          </ns3:TrackPointExtension>
        </extensions>
      </trkpt>
      <trkpt lat="29.98435162939131259918212890625" lon="103.83044089190661907196044921875">
        <ele>400.20001220703125</ele>
        <time>2026-10-03T01:23:26.000Z</time>
        <extensions>
          <ns3:TrackPointExtension>
            <ns3:hr>165</ns3:hr>
            <ns3:cad>87</ns3:cad>
          </ns3:TrackPointExtension>
        </extensions>
      </trkpt>
      <trkpt lat="29.98435531742870807647705078125" lon="103.830472491681575775146484375">
        <ele>400.20001220703125</ele>
        <time>2026-10-03T01:23:27.000Z</time>
        <extensions>
          <ns3:TrackPointExtension>
            <ns3:hr>164</ns3:hr>
            <ns3:cad>87</ns3:cad>
          </ns3:TrackPointExtension>
        </extensions>
      </trkpt>
      <trkpt lat="29.98436202295124530792236328125" lon="103.83050375618040561676025390625">
        <ele>400</ele>
        <time>2026-10-03T01:23:28.000Z</time>
        <extensions>
          <ns3:TrackPointExtension>
            <ns3:hr>165</ns3:hr>
            <ns3:cad>87</ns3:cad>
          </ns3:TrackPointExtension>
        </extensions>
      </trkpt>
      <trkpt lat="29.9843661300837993621826171875" lon="103.8305320031940937042236328125">
        <ele>400</ele>
        <time>2026-10-03T01:23:29.000Z</time>
        <extensions>
          <ns3:TrackPointExtension>
            <ns3:hr>165</ns3:hr>
            <ns3:cad>87</ns3:cad>
          </ns3:TrackPointExtension>
        </extensions>
      </trkpt>
      <trkpt lat="29.9843708239495754241943359375" lon="103.8305655308067798614501953125">
        <ele>399.79998779296875</ele>
        <time>2026-10-03T01:23:30.000Z</time>
        <extensions>
          <ns3:TrackPointExtension>
            <ns3:hr>164</ns3:hr>
            <ns3:cad>90</ns3:cad>
          </ns3:TrackPointExtension>
        </extensions>
      </trkpt>
      <trkpt lat="29.98437769711017608642578125" lon="103.8305940292775630950927734375">
        <ele>399.79998779296875</ele>
        <time>2026-10-03T01:23:31.000Z</time>
        <extensions>
          <ns3:TrackPointExtension>
            <ns3:hr>165</ns3:hr>
            <ns3:cad>90</ns3:cad>
          </ns3:TrackPointExtension>
        </extensions>
      </trkpt>
      <trkpt lat="29.984382726252079010009765625" lon="103.83062864653766155242919921875">
        <ele>399.79998779296875</ele>
        <time>2026-10-03T01:23:32.000Z</time>
        <extensions>
          <ns3:TrackPointExtension>
            <ns3:hr>165</ns3:hr>
            <ns3:cad>90</ns3:cad>
          </ns3:TrackPointExtension>
        </extensions>
      </trkpt>
      <trkpt lat="29.984390102326869964599609375" lon="103.830658905208110809326171875">
        <ele>399.79998779296875</ele>
        <time>2026-10-03T01:23:33.000Z</time>
        <extensions>
          <ns3:TrackPointExtension>
            <ns3:hr>165</ns3:hr>
            <ns3:cad>90</ns3:cad>
          </ns3:TrackPointExtension>
        </extensions>
      </trkpt>
      <trkpt lat="29.98439647257328033447265625" lon="103.83069821633398532867431640625">
        <ele>399.79998779296875</ele>
        <time>2026-10-03T01:23:34.000Z</time>
        <extensions>
          <ns3:TrackPointExtension>
            <ns3:hr>165</ns3:hr>
            <ns3:cad>90</ns3:cad>
          </ns3:TrackPointExtension>
        </extensions>
      </trkpt>
      <trkpt lat="29.98440057970583438873291015625" lon="103.83072989992797374725341796875">
        <ele>399.79998779296875</ele>
        <time>2026-10-03T01:23:35.000Z</time>
        <extensions>
          <ns3:TrackPointExtension>
            <ns3:hr>165</ns3:hr>
            <ns3:cad>91</ns3:cad>
          </ns3:TrackPointExtension>
        </extensions>
      </trkpt>
      <trkpt lat="29.98439957387745380401611328125" lon="103.83076854050159454345703125">
        <ele>399.79998779296875</ele>
        <time>2026-10-03T01:23:36.000Z</time>
        <extensions>
          <ns3:TrackPointExtension>
            <ns3:hr>165</ns3:hr>
            <ns3:cad>91</ns3:cad>
          </ns3:TrackPointExtension>
        </extensions>
      </trkpt>
      <trkpt lat="29.9843971431255340576171875" lon="103.83079670369625091552734375">
        <ele>399.79998779296875</ele>
        <time>2026-10-03T01:23:37.000Z</time>
        <extensions>
          <ns3:TrackPointExtension>
            <ns3:hr>164</ns3:hr>
            <ns3:cad>91</ns3:cad>
          </ns3:TrackPointExtension>
        </extensions>
      </trkpt>
      <trkpt lat="29.98438113369047641754150390625" lon="103.830831237137317657470703125">
        <ele>399.79998779296875</ele>
        <time>2026-10-03T01:23:38.000Z</time>
        <extensions>
          <ns3:TrackPointExtension>
            <ns3:hr>165</ns3:hr>
            <ns3:cad>90</ns3:cad>
          </ns3:TrackPointExtension>
        </extensions>
      </trkpt>
      <trkpt lat="29.98436269350349903106689453125" lon="103.83086183108389377593994140625">
        <ele>399.79998779296875</ele>
        <time>2026-10-03T01:23:39.000Z</time>
        <extensions>
          <ns3:TrackPointExtension>
            <ns3:hr>165</ns3:hr>
            <ns3:cad>90</ns3:cad>
          </ns3:TrackPointExtension>
        </extensions>
      </trkpt>
      <trkpt lat="29.98433955945074558258056640625" lon="103.830883204936981201171875">
        <ele>399.79998779296875</ele>
        <time>2026-10-03T01:23:40.000Z</time>
        <extensions>
          <ns3:TrackPointExtension>
            <ns3:hr>165</ns3:hr>
            <ns3:cad>90</ns3:cad>
          </ns3:TrackPointExtension>
        </extensions>
      </trkpt>
      <trkpt lat="29.98432002961635589599609375" lon="103.8309011422097682952880859375">
        <ele>400</ele>
        <time>2026-10-03T01:23:41.000Z</time>
        <extensions>
          <ns3:TrackPointExtension>
            <ns3:hr>165</ns3:hr>
            <ns3:cad>90</ns3:cad>
          </ns3:TrackPointExtension>
        </extensions>
      </trkpt>
      <trkpt lat="29.98428557999432086944580078125" lon="103.8309101946651935577392578125">
        <ele>400</ele>
        <time>2026-10-03T01:23:42.000Z</time>
        <extensions>
          <ns3:TrackPointExtension>
            <ns3:hr>165</ns3:hr>
            <ns3:cad>90</ns3:cad>
          </ns3:TrackPointExtension>
        </extensions>
      </trkpt>
      <trkpt lat="29.9842578358948230743408203125" lon="103.8309167325496673583984375">
        <ele>399.79998779296875</ele>
        <time>2026-10-03T01:23:43.000Z</time>
        <extensions>
          <ns3:TrackPointExtension>
            <ns3:hr>166</ns3:hr>
            <ns3:cad>90</ns3:cad>
          </ns3:TrackPointExtension>
        </extensions>
      </trkpt>
      <trkpt lat="29.98422154225409030914306640625" lon="103.83092201314866542816162109375">
        <ele>399.79998779296875</ele>
        <time>2026-10-03T01:23:44.000Z</time>
        <extensions>
          <ns3:TrackPointExtension>
            <ns3:hr>166</ns3:hr>
            <ns3:cad>90</ns3:cad>
          </ns3:TrackPointExtension>
        </extensions>
      </trkpt>
      <trkpt lat="29.9841932952404022216796875" lon="103.830928467214107513427734375">
        <ele>399.79998779296875</ele>
        <time>2026-10-03T01:23:45.000Z</time>
        <extensions>
          <ns3:TrackPointExtension>
            <ns3:hr>167</ns3:hr>
            <ns3:cad>90</ns3:cad>
          </ns3:TrackPointExtension>
        </extensions>
      </trkpt>
      <trkpt lat="29.9841559119522571563720703125" lon="103.83093240670859813690185546875">
        <ele>399.79998779296875</ele>
        <time>2026-10-03T01:23:46.000Z</time>
        <extensions>
          <ns3:TrackPointExtension>
            <ns3:hr>167</ns3:hr>
            <ns3:cad>92</ns3:cad>
          </ns3:TrackPointExtension>
        </extensions>
      </trkpt>
      <trkpt lat="29.98412867076694965362548828125" lon="103.83093877695500850677490234375">
        <ele>399.79998779296875</ele>
        <time>2026-10-03T01:23:47.000Z</time>
        <extensions>
          <ns3:TrackPointExtension>
            <ns3:hr>168</ns3:hr>
            <ns3:cad>92</ns3:cad>
          </ns3:TrackPointExtension>
        </extensions>
      </trkpt>
      <trkpt lat="29.98409447260200977325439453125" lon="103.83093693293631076812744140625">
        <ele>399.79998779296875</ele>
        <time>2026-10-03T01:23:48.000Z</time>
        <extensions>
          <ns3:TrackPointExtension>
            <ns3:hr>168</ns3:hr>
            <ns3:cad>91</ns3:cad>
          </ns3:TrackPointExtension>
        </extensions>
      </trkpt>
      <trkpt lat="29.9840647168457508087158203125" lon="103.8309339992702007293701171875">
        <ele>399.79998779296875</ele>
        <time>2026-10-03T01:23:49.000Z</time>
        <extensions>
          <ns3:TrackPointExtension>
            <ns3:hr>168</ns3:hr>
            <ns3:cad>90</ns3:cad>
          </ns3:TrackPointExtension>
        </extensions>
      </trkpt>
      <trkpt lat="29.984034039080142974853515625" lon="103.8309185765683650970458984375">
        <ele>399.79998779296875</ele>
        <time>2026-10-03T01:23:50.000Z</time>
        <extensions>
          <ns3:TrackPointExtension>
            <ns3:hr>168</ns3:hr>
            <ns3:cad>90</ns3:cad>
          </ns3:TrackPointExtension>
        </extensions>
      </trkpt>
      <trkpt lat="29.98401434160768985748291015625" lon="103.83090608753263950347900390625">
        <ele>399.79998779296875</ele>
        <time>2026-10-03T01:23:51.000Z</time>
        <extensions>
          <ns3:TrackPointExtension>
            <ns3:hr>168</ns3:hr>
            <ns3:cad>90</ns3:cad>
          </ns3:TrackPointExtension>
        </extensions>
      </trkpt>
      <trkpt lat="29.98398902826011180877685546875" lon="103.83087943308055400848388671875">
        <ele>399.79998779296875</ele>
        <time>2026-10-03T01:23:52.000Z</time>
        <extensions>
          <ns3:TrackPointExtension>
            <ns3:hr>168</ns3:hr>
            <ns3:cad>90</ns3:cad>
          </ns3:TrackPointExtension>
        </extensions>
      </trkpt>
      <trkpt lat="29.98396991752088069915771484375" lon="103.83085680194199085235595703125">
        <ele>399.79998779296875</ele>
        <time>2026-10-03T01:23:53.000Z</time>
        <extensions>
          <ns3:TrackPointExtension>
            <ns3:hr>167</ns3:hr>
            <ns3:cad>90</ns3:cad>
          </ns3:TrackPointExtension>
        </extensions>
      </trkpt>
      <trkpt lat="29.98395851813256740570068359375" lon="103.8308223523199558258056640625">
        <ele>399.79998779296875</ele>
        <time>2026-10-03T01:23:54.000Z</time>
        <extensions>
          <ns3:TrackPointExtension>
            <ns3:hr>167</ns3:hr>
            <ns3:cad>90</ns3:cad>
          </ns3:TrackPointExtension>
        </extensions>
      </trkpt>
      <trkpt lat="29.98394929803907871246337890625" lon="103.83079377003014087677001953125">
        <ele>399.79998779296875</ele>
        <time>2026-10-03T01:23:55.000Z</time>
        <extensions>
          <ns3:TrackPointExtension>
            <ns3:hr>167</ns3:hr>
            <ns3:cad>90</ns3:cad>
          </ns3:TrackPointExtension>
        </extensions>
      </trkpt>
      <trkpt lat="29.9839460290968418121337890625" lon="103.830759488046169281005859375">
        <ele>399.600006103515625</ele>
        <time>2026-10-03T01:23:56.000Z</time>
        <extensions>
          <ns3:TrackPointExtension>
            <ns3:hr>167</ns3:hr>
            <ns3:cad>90</ns3:cad>
          </ns3:TrackPointExtension>
        </extensions>
      </trkpt>
      <trkpt lat="29.983941502869129180908203125" lon="103.830730654299259185791015625">
        <ele>399.79998779296875</ele>
        <time>2026-10-03T01:23:57.000Z</time>
        <extensions>
          <ns3:TrackPointExtension>
            <ns3:hr>167</ns3:hr>
            <ns3:cad>91</ns3:cad>
          </ns3:TrackPointExtension>
        </extensions>
      </trkpt>
      <trkpt lat="29.9839379824697971343994140625" lon="103.83069184608757495880126953125">
        <ele>399.600006103515625</ele>
        <time>2026-10-03T01:23:58.000Z</time>
        <extensions>
          <ns3:TrackPointExtension>
            <ns3:hr>168</ns3:hr>
            <ns3:cad>91</ns3:cad>
          </ns3:TrackPointExtension>
        </extensions>
      </trkpt>
      <trkpt lat="29.983934126794338226318359375" lon="103.830663263797760009765625">
        <ele>399.600006103515625</ele>
        <time>2026-10-03T01:23:59.000Z</time>
        <extensions>
          <ns3:TrackPointExtension>
            <ns3:hr>168</ns3:hr>
            <ns3:cad>90</ns3:cad>
          </ns3:TrackPointExtension>
        </extensions>
      </trkpt>
      <trkpt lat="29.98393672518432140350341796875" lon="103.83062395267188549041748046875">
        <ele>399.600006103515625</ele>
        <time>2026-10-03T01:24:00.000Z</time>
        <extensions>
          <ns3:TrackPointExtension>
            <ns3:hr>168</ns3:hr>
            <ns3:cad>90</ns3:cad>
          </ns3:TrackPointExtension>
        </extensions>
      </trkpt>
      <trkpt lat="29.98393152840435504913330078125" lon="103.83059377782046794891357421875">
        <ele>399.600006103515625</ele>
        <time>2026-10-03T01:24:01.000Z</time>
        <extensions>
          <ns3:TrackPointExtension>
            <ns3:hr>167</ns3:hr>
            <ns3:cad>90</ns3:cad>
          </ns3:TrackPointExtension>
        </extensions>
      </trkpt>
      <trkpt lat="29.9839272536337375640869140625" lon="103.83055538870394229888916015625">
        <ele>399.600006103515625</ele>
        <time>2026-10-03T01:24:02.000Z</time>
        <extensions>
          <ns3:TrackPointExtension>
            <ns3:hr>168</ns3:hr>
            <ns3:cad>90</ns3:cad>
          </ns3:TrackPointExtension>
        </extensions>
      </trkpt>
      <trkpt lat="29.9839239008724689483642578125" lon="103.83052655495703220367431640625">
        <ele>399.600006103515625</ele>
        <time>2026-10-03T01:24:03.000Z</time>
        <extensions>
          <ns3:TrackPointExtension>
            <ns3:hr>168</ns3:hr>
            <ns3:cad>90</ns3:cad>
          </ns3:TrackPointExtension>
        </extensions>
      </trkpt>
      <trkpt lat="29.983923733234405517578125" lon="103.83048883639276027679443359375">
        <ele>399.600006103515625</ele>
        <time>2026-10-03T01:24:04.000Z</time>
        <extensions>
          <ns3:TrackPointExtension>
            <ns3:hr>167</ns3:hr>
            <ns3:cad>90</ns3:cad>
          </ns3:TrackPointExtension>
        </extensions>
      </trkpt>
      <trkpt lat="29.983922056853771209716796875" lon="103.83045874536037445068359375">
        <ele>399.600006103515625</ele>
        <time>2026-10-03T01:24:05.000Z</time>
        <extensions>
          <ns3:TrackPointExtension>
            <ns3:hr>167</ns3:hr>
            <ns3:cad>90</ns3:cad>
          </ns3:TrackPointExtension>
        </extensions>
      </trkpt>
      <trkpt lat="29.98392214067280292510986328125" lon="103.83042295463383197784423828125">
        <ele>399.600006103515625</ele>
        <time>2026-10-03T01:24:06.000Z</time>
        <extensions>
          <ns3:TrackPointExtension>
            <ns3:hr>167</ns3:hr>
            <ns3:cad>90</ns3:cad>
          </ns3:TrackPointExtension>
        </extensions>
      </trkpt>
      <trkpt lat="29.98391895554959774017333984375" lon="103.83039579726755619049072265625">
        <ele>399.600006103515625</ele>
        <time>2026-10-03T01:24:07.000Z</time>
        <extensions>
          <ns3:TrackPointExtension>
            <ns3:hr>167</ns3:hr>
            <ns3:cad>90</ns3:cad>
          </ns3:TrackPointExtension>
        </extensions>
      </trkpt>
      <trkpt lat="29.983919374644756317138671875" lon="103.8303576596081256866455078125">
        <ele>399.600006103515625</ele>
        <time>2026-10-03T01:24:08.000Z</time>
        <extensions>
          <ns3:TrackPointExtension>
            <ns3:hr>167</ns3:hr>
            <ns3:cad>90</ns3:cad>
          </ns3:TrackPointExtension>
        </extensions>
      </trkpt>
      <trkpt lat="29.98391560278832912445068359375" lon="103.8303274847567081451416015625">
        <ele>399.399993896484375</ele>
        <time>2026-10-03T01:24:09.000Z</time>
        <extensions>
          <ns3:TrackPointExtension>
            <ns3:hr>167</ns3:hr>
            <ns3:cad>90</ns3:cad>
          </ns3:TrackPointExtension>
        </extensions>
      </trkpt>
      <trkpt lat="29.98391325585544109344482421875" lon="103.83029102347791194915771484375">
        <ele>399.600006103515625</ele>
        <time>2026-10-03T01:24:10.000Z</time>
        <extensions>
          <ns3:TrackPointExtension>
            <ns3:hr>167</ns3:hr>
            <ns3:cad>90</ns3:cad>
          </ns3:TrackPointExtension>
        </extensions>
      </trkpt>
      <trkpt lat="29.9839108251035213470458984375" lon="103.8302587531507015228271484375">
        <ele>399.399993896484375</ele>
        <time>2026-10-03T01:24:11.000Z</time>
        <extensions>
          <ns3:TrackPointExtension>
            <ns3:hr>166</ns3:hr>
            <ns3:cad>90</ns3:cad>
          </ns3:TrackPointExtension>
        </extensions>
      </trkpt>
      <trkpt lat="29.983911998569965362548828125" lon="103.830221705138683319091796875">
        <ele>399.399993896484375</ele>
        <time>2026-10-03T01:24:12.000Z</time>
        <extensions>
          <ns3:TrackPointExtension>
            <ns3:hr>166</ns3:hr>
            <ns3:cad>90</ns3:cad>
          </ns3:TrackPointExtension>
        </extensions>
      </trkpt>
      <trkpt lat="29.983903281390666961669921875" lon="103.8302057795226573944091796875">
        <ele>399.399993896484375</ele>
        <time>2026-10-03T01:24:13.000Z</time>
        <extensions>
          <ns3:TrackPointExtension>
            <ns3:hr>166</ns3:hr>
            <ns3:cad>90</ns3:cad>
          </ns3:TrackPointExtension>
        </extensions>
      </trkpt>
      <trkpt lat="29.98388190753757953643798828125" lon="103.83020401932299137115478515625">
        <ele>399.399993896484375</ele>
        <time>2026-10-03T01:24:14.000Z</time>
        <extensions>
          <ns3:TrackPointExtension>
            <ns3:hr>166</ns3:hr>
            <ns3:cad>89</ns3:cad>
          </ns3:TrackPointExtension>
        </extensions>
      </trkpt>
      <trkpt lat="29.98387570492923259735107421875" lon="103.830208294093608856201171875">
        <ele>399.399993896484375</ele>
        <time>2026-10-03T01:24:15.000Z</time>
        <extensions>
          <ns3:TrackPointExtension>
            <ns3:hr>166</ns3:hr>
            <ns3:cad>89</ns3:cad>
          </ns3:TrackPointExtension>
        </extensions>
      </trkpt>
      <trkpt lat="29.98387469910085201263427734375" lon="103.8302419893443584442138671875">
        <ele>399.399993896484375</ele>
        <time>2026-10-03T01:24:16.000Z</time>
        <extensions>
          <ns3:TrackPointExtension>
            <ns3:hr>165</ns3:hr>
            <ns3:cad>88</ns3:cad>
          </ns3:TrackPointExtension>
        </extensions>
      </trkpt>
      <trkpt lat="29.98387956060469150543212890625" lon="103.8302641175687313079833984375">
        <ele>399.399993896484375</ele>
        <time>2026-10-03T01:24:17.000Z</time>
        <extensions>
          <ns3:TrackPointExtension>
            <ns3:hr>165</ns3:hr>
            <ns3:cad>88</ns3:cad>
          </ns3:TrackPointExtension>
        </extensions>
      </trkpt>
      <trkpt lat="29.98388157226145267486572265625" lon="103.8302959688007831573486328125">
        <ele>399.399993896484375</ele>
        <time>2026-10-03T01:24:18.000Z</time>
        <extensions>
          <ns3:TrackPointExtension>
            <ns3:hr>165</ns3:hr>
            <ns3:cad>88</ns3:cad>
          </ns3:TrackPointExtension>
        </extensions>
      </trkpt>
      <trkpt lat="29.98388425447046756744384765625" lon="103.8303237967193126678466796875">
        <ele>399.399993896484375</ele>
        <time>2026-10-03T01:24:19.000Z</time>
        <extensions>
          <ns3:TrackPointExtension>
            <ns3:hr>165</ns3:hr>
            <ns3:cad>89</ns3:cad>
          </ns3:TrackPointExtension>
        </extensions>
      </trkpt>
      <trkpt lat="29.9838863499462604522705078125" lon="103.83036243729293346405029296875">
        <ele>399.399993896484375</ele>
        <time>2026-10-03T01:24:20.000Z</time>
        <extensions>
          <ns3:TrackPointExtension>
            <ns3:hr>165</ns3:hr>
            <ns3:cad>89</ns3:cad>
          </ns3:TrackPointExtension>
        </extensions>
      </trkpt>
      <trkpt lat="29.98389380984008312225341796875" lon="103.83039227686822414398193359375">
        <ele>399.399993896484375</ele>
        <time>2026-10-03T01:24:21.000Z</time>
        <extensions>
          <ns3:TrackPointExtension>
            <ns3:hr>165</ns3:hr>
            <ns3:cad>89</ns3:cad>
          </ns3:TrackPointExtension>
        </extensions>
      </trkpt>
      <trkpt lat="29.98389934189617633819580078125" lon="103.83043100126087665557861328125">
        <ele>399.20001220703125</ele>
        <time>2026-10-03T01:24:22.000Z</time>
        <extensions>
          <ns3:TrackPointExtension>
            <ns3:hr>165</ns3:hr>
            <ns3:cad>89</ns3:cad>
          </ns3:TrackPointExtension>
        </extensions>
      </trkpt>
      <trkpt lat="29.98390336520969867706298828125" lon="103.8304582424461841583251953125">
        <ele>399.20001220703125</ele>
        <time>2026-10-03T01:24:23.000Z</time>
        <extensions>
          <ns3:TrackPointExtension>
            <ns3:hr>165</ns3:hr>
            <ns3:cad>89</ns3:cad>
          </ns3:TrackPointExtension>
        </extensions>
      </trkpt>
      <trkpt lat="29.98390562832355499267578125" lon="103.83049302734434604644775390625">
        <ele>399.20001220703125</ele>
        <time>2026-10-03T01:24:24.000Z</time>
        <extensions>
          <ns3:TrackPointExtension>
            <ns3:hr>166</ns3:hr>
            <ns3:cad>89</ns3:cad>
          </ns3:TrackPointExtension>
        </extensions>
      </trkpt>
      <trkpt lat="29.98390738852322101593017578125" lon="103.83051984943449497222900390625">
        <ele>399.20001220703125</ele>
        <time>2026-10-03T01:24:25.000Z</time>
        <extensions>
          <ns3:TrackPointExtension>
            <ns3:hr>165</ns3:hr>
            <ns3:cad>89</ns3:cad>
          </ns3:TrackPointExtension>
        </extensions>
      </trkpt>
      <trkpt lat="29.9839062988758087158203125" lon="103.83055664598941802978515625">
        <ele>399.20001220703125</ele>
        <time>2026-10-03T01:24:26.000Z</time>
        <extensions>
          <ns3:TrackPointExtension>
            <ns3:hr>165</ns3:hr>
            <ns3:cad>89</ns3:cad>
          </ns3:TrackPointExtension>
        </extensions>
      </trkpt>
      <trkpt lat="29.98390696942806243896484375" lon="103.8305833004415035247802734375">
        <ele>399.20001220703125</ele>
        <time>2026-10-03T01:24:27.000Z</time>
        <extensions>
          <ns3:TrackPointExtension>
            <ns3:hr>165</ns3:hr>
            <ns3:cad>89</ns3:cad>
          </ns3:TrackPointExtension>
        </extensions>
      </trkpt>
      <trkpt lat="29.98391157947480678558349609375" lon="103.83061573840677738189697265625">
        <ele>399.20001220703125</ele>
        <time>2026-10-03T01:24:28.000Z</time>
        <extensions>
          <ns3:TrackPointExtension>
            <ns3:hr>165</ns3:hr>
            <ns3:cad>89</ns3:cad>
          </ns3:TrackPointExtension>
        </extensions>
      </trkpt>
      <trkpt lat="29.98391794972121715545654296875" lon="103.830644823610782623291015625">
        <ele>399.20001220703125</ele>
        <time>2026-10-03T01:24:29.000Z</time>
        <extensions>
          <ns3:TrackPointExtension>
            <ns3:hr>165</ns3:hr>
            <ns3:cad>89</ns3:cad>
          </ns3:TrackPointExtension>
        </extensions>
      </trkpt>
      <trkpt lat="29.98392012901604175567626953125" lon="103.83068162016570568084716796875">
        <ele>399.399993896484375</ele>
        <time>2026-10-03T01:24:30.000Z</time>
        <extensions>
          <ns3:TrackPointExtension>
            <ns3:hr>165</ns3:hr>
            <ns3:cad>90</ns3:cad>
          </ns3:TrackPointExtension>
        </extensions>
      </trkpt>
      <trkpt lat="29.98392096720635890960693359375" lon="103.830706514418125152587890625">
        <ele>399.399993896484375</ele>
        <time>2026-10-03T01:24:31.000Z</time>
        <extensions>
          <ns3:TrackPointExtension>
            <ns3:hr>166</ns3:hr>
            <ns3:cad>90</ns3:cad>
          </ns3:TrackPointExtension>
        </extensions>
      </trkpt>
      <trkpt lat="29.9839170277118682861328125" lon="103.8307472504675388336181640625">
        <ele>399.399993896484375</ele>
        <time>2026-10-03T01:24:32.000Z</time>
        <extensions>
          <ns3:TrackPointExtension>
            <ns3:hr>166</ns3:hr>
            <ns3:cad>90</ns3:cad>
          </ns3:TrackPointExtension>
        </extensions>
      </trkpt>
      <trkpt lat="29.98392515815794467926025390625" lon="103.83077868260443210601806640625">
        <ele>399.399993896484375</ele>
        <time>2026-10-03T01:24:33.000Z</time>
        <extensions>
          <ns3:TrackPointExtension>
            <ns3:hr>166</ns3:hr>
            <ns3:cad>90</ns3:cad>
          </ns3:TrackPointExtension>
        </extensions>
      </trkpt>
      <trkpt lat="29.983931444585323333740234375" lon="103.83081640116870403289794921875">
        <ele>399.399993896484375</ele>
        <time>2026-10-03T01:24:34.000Z</time>
        <extensions>
          <ns3:TrackPointExtension>
            <ns3:hr>166</ns3:hr>
            <ns3:cad>90</ns3:cad>
          </ns3:TrackPointExtension>
        </extensions>
      </trkpt>
      <trkpt lat="29.98394879512488842010498046875" lon="103.83083970285952091217041015625">
        <ele>399.20001220703125</ele>
        <time>2026-10-03T01:24:35.000Z</time>
        <extensions>
          <ns3:TrackPointExtension>
            <ns3:hr>166</ns3:hr>
            <ns3:cad>90</ns3:cad>
          </ns3:TrackPointExtension>
        </extensions>
      </trkpt>
      <trkpt lat="29.98396321199834346771240234375" lon="103.83087239228188991546630859375">
        <ele>399.20001220703125</ele>
        <time>2026-10-03T01:24:36.000Z</time>
        <extensions>
          <ns3:TrackPointExtension>
            <ns3:hr>166</ns3:hr>
            <ns3:cad>90</ns3:cad>
          </ns3:TrackPointExtension>
        </extensions>
      </trkpt>
      <trkpt lat="29.983987100422382354736328125" lon="103.83089100010693073272705078125">
        <ele>399.20001220703125</ele>
        <time>2026-10-03T01:24:37.000Z</time>
        <extensions>
          <ns3:TrackPointExtension>
            <ns3:hr>166</ns3:hr>
            <ns3:cad>91</ns3:cad>
          </ns3:TrackPointExtension>
        </extensions>
      </trkpt>
      <trkpt lat="29.98401165939867496490478515625" lon="103.8309145532548427581787109375">
        <ele>399.20001220703125</ele>
        <time>2026-10-03T01:24:38.000Z</time>
        <extensions>
          <ns3:TrackPointExtension>
            <ns3:hr>167</ns3:hr>
            <ns3:cad>91</ns3:cad>
          </ns3:TrackPointExtension>
        </extensions>
      </trkpt>
      <trkpt lat="29.984036386013031005859375" lon="103.8309229351580142974853515625">
        <ele>399</ele>
        <time>2026-10-03T01:24:39.000Z</time>
        <extensions>
          <ns3:TrackPointExtension>
            <ns3:hr>167</ns3:hr>
            <ns3:cad>91</ns3:cad>
          </ns3:TrackPointExtension>
        </extensions>
      </trkpt>
      <trkpt lat="29.98406547121703624725341796875" lon="103.83093877695500850677490234375">
        <ele>399.20001220703125</ele>
        <time>2026-10-03T01:24:40.000Z</time>
        <extensions>
          <ns3:TrackPointExtension>
            <ns3:hr>167</ns3:hr>
            <ns3:cad>91</ns3:cad>
          </ns3:TrackPointExtension>
        </extensions>
      </trkpt>
      <trkpt lat="29.98408910818397998809814453125" lon="103.83093944750726222991943359375">
        <ele>399.20001220703125</ele>
        <time>2026-10-03T01:24:41.000Z</time>
        <extensions>
          <ns3:TrackPointExtension>
            <ns3:hr>167</ns3:hr>
            <ns3:cad>90</ns3:cad>
          </ns3:TrackPointExtension>
        </extensions>
      </trkpt>
      <trkpt lat="29.9841197021305561065673828125" lon="103.83094849996268749237060546875">
        <ele>399.20001220703125</ele>
        <time>2026-10-03T01:24:42.000Z</time>
        <extensions>
          <ns3:TrackPointExtension>
            <ns3:hr>167</ns3:hr>
            <ns3:cad>90</ns3:cad>
          </ns3:TrackPointExtension>
        </extensions>
      </trkpt>
      <trkpt lat="29.98414593748748302459716796875" lon="103.8309470750391483306884765625">
        <ele>399.20001220703125</ele>
        <time>2026-10-03T01:24:43.000Z</time>
        <extensions>
          <ns3:TrackPointExtension>
            <ns3:hr>167</ns3:hr>
            <ns3:cad>90</ns3:cad>
          </ns3:TrackPointExtension>
        </extensions>
      </trkpt>
      <trkpt lat="29.98417527414858341217041015625" lon="103.83094782941043376922607421875">
        <ele>399.20001220703125</ele>
        <time>2026-10-03T01:24:44.000Z</time>
        <extensions>
          <ns3:TrackPointExtension>
            <ns3:hr>167</ns3:hr>
            <ns3:cad>91</ns3:cad>
          </ns3:TrackPointExtension>
        </extensions>
      </trkpt>
      <trkpt lat="29.98420226387679576873779296875" lon="103.83094565011560916900634765625">
        <ele>399.20001220703125</ele>
        <time>2026-10-03T01:24:45.000Z</time>
        <extensions>
          <ns3:TrackPointExtension>
            <ns3:hr>167</ns3:hr>
            <ns3:cad>91</ns3:cad>
          </ns3:TrackPointExtension>
        </extensions>
      </trkpt>
      <trkpt lat="29.9842313490808010101318359375" lon="103.8309507630765438079833984375">
        <ele>399.20001220703125</ele>
        <time>2026-10-03T01:24:46.000Z</time>
        <extensions>
          <ns3:TrackPointExtension>
            <ns3:hr>168</ns3:hr>
            <ns3:cad>90</ns3:cad>
          </ns3:TrackPointExtension>
        </extensions>
      </trkpt>
      <trkpt lat="29.98425708152353763580322265625" lon="103.8309484161436557769775390625">
        <ele>399.20001220703125</ele>
        <time>2026-10-03T01:24:47.000Z</time>
        <extensions>
          <ns3:TrackPointExtension>
            <ns3:hr>167</ns3:hr>
            <ns3:cad>90</ns3:cad>
          </ns3:TrackPointExtension>
        </extensions>
      </trkpt>
      <trkpt lat="29.984286166727542877197265625" lon="103.830947913229465484619140625">
        <ele>399.20001220703125</ele>
        <time>2026-10-03T01:24:48.000Z</time>
        <extensions>
          <ns3:TrackPointExtension>
            <ns3:hr>167</ns3:hr>
            <ns3:cad>90</ns3:cad>
          </ns3:TrackPointExtension>
        </extensions>
      </trkpt>
      <trkpt lat="29.9843121506273746490478515625" lon="103.8309370167553424835205078125">
        <ele>399.20001220703125</ele>
        <time>2026-10-03T01:24:49.000Z</time>
        <extensions>
          <ns3:TrackPointExtension>
            <ns3:hr>168</ns3:hr>
            <ns3:cad>90</ns3:cad>
          </ns3:TrackPointExtension>
        </extensions>
      </trkpt>
      <trkpt lat="29.98433888889849185943603515625" lon="103.83092436008155345916748046875">
        <ele>399.20001220703125</ele>
        <time>2026-10-03T01:24:50.000Z</time>
        <extensions>
          <ns3:TrackPointExtension>
            <ns3:hr>167</ns3:hr>
            <ns3:cad>90</ns3:cad>
          </ns3:TrackPointExtension>
        </extensions>
      </trkpt>
      <trkpt lat="29.98435799963772296905517578125" lon="103.83090089075267314910888671875">
        <ele>399.20001220703125</ele>
        <time>2026-10-03T01:24:51.000Z</time>
        <extensions>
          <ns3:TrackPointExtension>
            <ns3:hr>167</ns3:hr>
            <ns3:cad>90</ns3:cad>
          </ns3:TrackPointExtension>
        </extensions>
      </trkpt>
      <trkpt lat="29.98437912203371524810791015625" lon="103.83087675087153911590576171875">
        <ele>399.20001220703125</ele>
        <time>2026-10-03T01:24:52.000Z</time>
        <extensions>
          <ns3:TrackPointExtension>
            <ns3:hr>168</ns3:hr>
            <ns3:cad>89</ns3:cad>
          </ns3:TrackPointExtension>
        </extensions>
      </trkpt>
      <trkpt lat="29.9843912757933139801025390625" lon="103.830848671495914459228515625">
        <ele>399</ele>
        <time>2026-10-03T01:24:53.000Z</time>
        <extensions>
          <ns3:TrackPointExtension>
            <ns3:hr>167</ns3:hr>
            <ns3:cad>89</ns3:cad>
          </ns3:TrackPointExtension>
        </extensions>
      </trkpt>
      <trkpt lat="29.9844009988009929656982421875" lon="103.83081472478806972503662109375">
        <ele>399</ele>
        <time>2026-10-03T01:24:54.000Z</time>
        <extensions>
          <ns3:TrackPointExtension>
            <ns3:hr>167</ns3:hr>
            <ns3:cad>89</ns3:cad>
          </ns3:TrackPointExtension>
        </extensions>
      </trkpt>
      <trkpt lat="29.9844040162861347198486328125" lon="103.83078538812696933746337890625">
        <ele>399</ele>
        <time>2026-10-03T01:24:55.000Z</time>
        <extensions>
          <ns3:TrackPointExtension>
            <ns3:hr>167</ns3:hr>
            <ns3:cad>89</ns3:cad>
          </ns3:TrackPointExtension>
        </extensions>
      </trkpt>
      <trkpt lat="29.98440644703805446624755859375" lon="103.83075303398072719573974609375">
        <ele>399.20001220703125</ele>
        <time>2026-10-03T01:24:56.000Z</time>
        <extensions>
          <ns3:TrackPointExtension>
            <ns3:hr>168</ns3:hr>
            <ns3:cad>89</ns3:cad>
          </ns3:TrackPointExtension>
        </extensions>
      </trkpt>
      <trkpt lat="29.9844033457338809967041015625" lon="103.83072067983448505401611328125">
        <ele>399</ele>
        <time>2026-10-03T01:24:57.000Z</time>
        <extensions>
          <ns3:TrackPointExtension>
            <ns3:hr>167</ns3:hr>
            <ns3:cad>89</ns3:cad>
          </ns3:TrackPointExtension>
        </extensions>
      </trkpt>
      <trkpt lat="29.98440192081034183502197265625" lon="103.83068597875535488128662109375">
        <ele>399.20001220703125</ele>
        <time>2026-10-03T01:24:58.000Z</time>
        <extensions>
          <ns3:TrackPointExtension>
            <ns3:hr>167</ns3:hr>
            <ns3:cad>89</ns3:cad>
          </ns3:TrackPointExtension>
        </extensions>
      </trkpt>
      <trkpt lat="29.98439806513488292694091796875" lon="103.83065463043749332427978515625">
        <ele>399</ele>
        <time>2026-10-03T01:24:59.000Z</time>
        <extensions>
          <ns3:TrackPointExtension>
            <ns3:hr>167</ns3:hr>
            <ns3:cad>90</ns3:cad>
          </ns3:TrackPointExtension>
        </extensions>
      </trkpt>
      <trkpt lat="29.98439722694456577301025390625" lon="103.830619342625141143798828125">
        <ele>399.20001220703125</ele>
        <time>2026-10-03T01:25:00.000Z</time>
        <extensions>
          <ns3:TrackPointExtension>
            <ns3:hr>168</ns3:hr>
            <ns3:cad>90</ns3:cad>
          </ns3:TrackPointExtension>
        </extensions>
      </trkpt>
      <trkpt lat="29.98439488001167774200439453125" lon="103.83058304898440837860107421875">
        <ele>399.20001220703125</ele>
        <time>2026-10-03T01:25:01.000Z</time>
        <extensions>
          <ns3:TrackPointExtension>
            <ns3:hr>167</ns3:hr>
            <ns3:cad>90</ns3:cad>
          </ns3:TrackPointExtension>
        </extensions>
      </trkpt>
      <trkpt lat="29.984394796192646026611328125" lon="103.83054818026721477508544921875">
        <ele>399.20001220703125</ele>
        <time>2026-10-03T01:25:02.000Z</time>
        <extensions>
          <ns3:TrackPointExtension>
            <ns3:hr>167</ns3:hr>
            <ns3:cad>90</ns3:cad>
          </ns3:TrackPointExtension>
        </extensions>
      </trkpt>
      <trkpt lat="29.98439110815525054931640625" lon="103.83051951415836811065673828125">
        <ele>399.20001220703125</ele>
        <time>2026-10-03T01:25:03.000Z</time>
        <extensions>
          <ns3:TrackPointExtension>
            <ns3:hr>167</ns3:hr>
            <ns3:cad>90</ns3:cad>
          </ns3:TrackPointExtension>
        </extensions>
      </trkpt>
      <trkpt lat="29.98439379036426544189453125" lon="103.83048690855503082275390625">
        <ele>399.20001220703125</ele>
        <time>2026-10-03T01:25:04.000Z</time>
        <extensions>
          <ns3:TrackPointExtension>
            <ns3:hr>167</ns3:hr>
            <ns3:cad>90</ns3:cad>
          </ns3:TrackPointExtension>
        </extensions>
      </trkpt>
      <trkpt lat="29.98439219780266284942626953125" lon="103.83046000264585018157958984375">
        <ele>399.20001220703125</ele>
        <time>2026-10-03T01:25:05.000Z</time>
        <extensions>
          <ns3:TrackPointExtension>
            <ns3:hr>166</ns3:hr>
            <ns3:cad>90</ns3:cad>
          </ns3:TrackPointExtension>
        </extensions>
      </trkpt>
      <trkpt lat="29.98439119197428226470947265625" lon="103.83042396046221256256103515625">
        <ele>399.20001220703125</ele>
        <time>2026-10-03T01:25:06.000Z</time>
        <extensions>
          <ns3:TrackPointExtension>
            <ns3:hr>166</ns3:hr>
            <ns3:cad>90</ns3:cad>
          </ns3:TrackPointExtension>
        </extensions>
      </trkpt>
      <trkpt lat="29.984389431774616241455078125" lon="103.83039730601012706756591796875">
        <ele>399</ele>
        <time>2026-10-03T01:25:07.000Z</time>
        <extensions>
          <ns3:TrackPointExtension>
            <ns3:hr>166</ns3:hr>
            <ns3:cad>90</ns3:cad>
          </ns3:TrackPointExtension>
        </extensions>
      </trkpt>
      <trkpt lat="29.984390772879123687744140625" lon="103.830357491970062255859375">
        <ele>399</ele>
        <time>2026-10-03T01:25:08.000Z</time>
        <extensions>
          <ns3:TrackPointExtension>
            <ns3:hr>166</ns3:hr>
            <ns3:cad>89</ns3:cad>
          </ns3:TrackPointExtension>
        </extensions>
      </trkpt>
      <trkpt lat="29.984384737908840179443359375" lon="103.83032505400478839874267578125">
        <ele>399</ele>
        <time>2026-10-03T01:25:09.000Z</time>
        <extensions>
          <ns3:TrackPointExtension>
            <ns3:hr>165</ns3:hr>
            <ns3:cad>89</ns3:cad>
          </ns3:TrackPointExtension>
        </extensions>
      </trkpt>
      <trkpt lat="29.98437593691051006317138671875" lon="103.83028884418308734893798828125">
        <ele>399</ele>
        <time>2026-10-03T01:25:10.000Z</time>
        <extensions>
          <ns3:TrackPointExtension>
            <ns3:hr>165</ns3:hr>
            <ns3:cad>89</ns3:cad>
          </ns3:TrackPointExtension>
        </extensions>
      </trkpt>
      <trkpt lat="29.984360598027706146240234375" lon="103.83027903735637664794921875">
        <ele>399</ele>
        <time>2026-10-03T01:25:11.000Z</time>
        <extensions>
          <ns3:TrackPointExtension>
            <ns3:hr>165</ns3:hr>
            <ns3:cad>90</ns3:cad>
          </ns3:TrackPointExtension>
        </extensions>
      </trkpt>
      <trkpt lat="29.98434509150683879852294921875" lon="103.8302912749350070953369140625">
        <ele>399</ele>
        <time>2026-10-03T01:25:12.000Z</time>
        <extensions>
          <ns3:TrackPointExtension>
            <ns3:hr>166</ns3:hr>
            <ns3:cad>90</ns3:cad>
          </ns3:TrackPointExtension>
        </extensions>
      </trkpt>
      <trkpt lat="29.98433989472687244415283203125" lon="103.8303150795400142669677734375">
        <ele>399</ele>
        <time>2026-10-03T01:25:13.000Z</time>
        <extensions>
          <ns3:TrackPointExtension>
            <ns3:hr>165</ns3:hr>
            <ns3:cad>89</ns3:cad>
          </ns3:TrackPointExtension>
        </extensions>
      </trkpt>
      <trkpt lat="29.9843419902026653289794921875" lon="103.8303465954959392547607421875">
        <ele>399.20001220703125</ele>
        <time>2026-10-03T01:25:14.000Z</time>
        <extensions>
          <ns3:TrackPointExtension>
            <ns3:hr>165</ns3:hr>
            <ns3:cad>88</ns3:cad>
          </ns3:TrackPointExtension>
        </extensions>
      </trkpt>
      <trkpt lat="29.98434576205909252166748046875" lon="103.8303747586905956268310546875">
        <ele>399.20001220703125</ele>
        <time>2026-10-03T01:25:15.000Z</time>
        <extensions>
          <ns3:TrackPointExtension>
            <ns3:hr>165</ns3:hr>
            <ns3:cad>88</ns3:cad>
          </ns3:TrackPointExtension>
        </extensions>
      </trkpt>
      <trkpt lat="29.98434458859264850616455078125" lon="103.8304106332361698150634765625">
        <ele>399.399993896484375</ele>
        <time>2026-10-03T01:25:16.000Z</time>
        <extensions>
          <ns3:TrackPointExtension>
            <ns3:hr>166</ns3:hr>
            <ns3:cad>87</ns3:cad>
          </ns3:TrackPointExtension>
        </extensions>
      </trkpt>
      <trkpt lat="29.9843461811542510986328125" lon="103.83043200708925724029541015625">
        <ele>399.399993896484375</ele>
        <time>2026-10-03T01:25:17.000Z</time>
        <extensions>
          <ns3:TrackPointExtension>
            <ns3:hr>165</ns3:hr>
            <ns3:cad>88</ns3:cad>
          </ns3:TrackPointExtension>
        </extensions>
      </trkpt>
      <trkpt lat="29.9843488633632659912109375" lon="103.830474503338336944580078125">
        <ele>399.399993896484375</ele>
        <time>2026-10-03T01:25:18.000Z</time>
        <extensions>
          <ns3:TrackPointExtension>
            <ns3:hr>165</ns3:hr>
            <ns3:cad>88</ns3:cad>
          </ns3:TrackPointExtension>
        </extensions>
      </trkpt>
      <trkpt lat="29.98436034657061100006103515625" lon="103.8304978050291538238525390625">
        <ele>399.20001220703125</ele>
        <time>2026-10-03T01:25:19.000Z</time>
        <extensions>
          <ns3:TrackPointExtension>
            <ns3:hr>165</ns3:hr>
            <ns3:cad>88</ns3:cad>
          </ns3:TrackPointExtension>
        </extensions>
      </trkpt>
      <trkpt lat="29.98436537571251392364501953125" lon="103.83053812198340892791748046875">
        <ele>399</ele>
        <time>2026-10-03T01:25:20.000Z</time>
        <extensions>
          <ns3:TrackPointExtension>
            <ns3:hr>166</ns3:hr>
            <ns3:cad>88</ns3:cad>
          </ns3:TrackPointExtension>
        </extensions>
      </trkpt>
      <trkpt lat="29.98437057249248027801513671875" lon="103.83057315833866596221923828125">
        <ele>398.79998779296875</ele>
        <time>2026-10-03T01:25:21.000Z</time>
        <extensions>
          <ns3:TrackPointExtension>
            <ns3:hr>165</ns3:hr>
            <ns3:cad>88</ns3:cad>
          </ns3:TrackPointExtension>
        </extensions>
      </trkpt>
      <trkpt lat="29.98437367379665374755859375" lon="103.830615319311618804931640625">
        <ele>398.79998779296875</ele>
        <time>2026-10-03T01:25:22.000Z</time>
        <extensions>
          <ns3:TrackPointExtension>
            <ns3:hr>165</ns3:hr>
            <ns3:cad>88</ns3:cad>
          </ns3:TrackPointExtension>
        </extensions>
      </trkpt>
      <trkpt lat="29.984379373490810394287109375" lon="103.8306436501443386077880859375">
        <ele>398.79998779296875</ele>
        <time>2026-10-03T01:25:23.000Z</time>
        <extensions>
          <ns3:TrackPointExtension>
            <ns3:hr>166</ns3:hr>
            <ns3:cad>88</ns3:cad>
          </ns3:TrackPointExtension>
        </extensions>
      </trkpt>
      <trkpt lat="29.9843822233378887176513671875" lon="103.8306801952421665191650390625">
        <ele>398.79998779296875</ele>
        <time>2026-10-03T01:25:24.000Z</time>
        <extensions>
          <ns3:TrackPointExtension>
            <ns3:hr>166</ns3:hr>
            <ns3:cad>90</ns3:cad>
          </ns3:TrackPointExtension>
        </extensions>
      </trkpt>
      <trkpt lat="29.9843875877559185028076171875" lon="103.8307110406458377838134765625">
        <ele>398.79998779296875</ele>
        <time>2026-10-03T01:25:25.000Z</time>
        <extensions>
          <ns3:TrackPointExtension>
            <ns3:hr>166</ns3:hr>
            <ns3:cad>90</ns3:cad>
          </ns3:TrackPointExtension>
        </extensions>
      </trkpt>
      <trkpt lat="29.9843872524797916412353515625" lon="103.83075253106653690338134765625">
        <ele>398.79998779296875</ele>
        <time>2026-10-03T01:25:26.000Z</time>
        <extensions>
          <ns3:TrackPointExtension>
            <ns3:hr>166</ns3:hr>
            <ns3:cad>90</ns3:cad>
          </ns3:TrackPointExtension>
        </extensions>
      </trkpt>
      <trkpt lat="29.98438733629882335662841796875" lon="103.83078488521277904510498046875">
        <ele>399</ele>
        <time>2026-10-03T01:25:27.000Z</time>
        <extensions>
          <ns3:TrackPointExtension>
            <ns3:hr>166</ns3:hr>
            <ns3:cad>90</ns3:cad>
          </ns3:TrackPointExtension>
        </extensions>
      </trkpt>
      <trkpt lat="29.9843735061585903167724609375" lon="103.83082428015768527984619140625">
        <ele>398.79998779296875</ele>
        <time>2026-10-03T01:25:28.000Z</time>
        <extensions>
          <ns3:TrackPointExtension>
            <ns3:hr>166</ns3:hr>
            <ns3:cad>90</ns3:cad>
          </ns3:TrackPointExtension>
        </extensions>
      </trkpt>
      <trkpt lat="29.98436152003705501556396484375" lon="103.83085428737103939056396484375">
        <ele>398.79998779296875</ele>
        <time>2026-10-03T01:25:29.000Z</time>
        <extensions>
          <ns3:TrackPointExtension>
            <ns3:hr>166</ns3:hr>
            <ns3:cad>90</ns3:cad>
          </ns3:TrackPointExtension>
        </extensions>
      </trkpt>
      <trkpt lat="29.9843319319188594818115234375" lon="103.8308791816234588623046875">
        <ele>398.79998779296875</ele>
        <time>2026-10-03T01:25:30.000Z</time>
        <extensions>
          <ns3:TrackPointExtension>
            <ns3:hr>166</ns3:hr>
            <ns3:cad>91</ns3:cad>
          </ns3:TrackPointExtension>
        </extensions>
      </trkpt>
      <trkpt lat="29.9843091331422328948974609375" lon="103.83090130984783172607421875">
        <ele>398.79998779296875</ele>
        <time>2026-10-03T01:25:31.000Z</time>
        <extensions>
          <ns3:TrackPointExtension>
            <ns3:hr>167</ns3:hr>
            <ns3:cad>91</ns3:cad>
          </ns3:TrackPointExtension>
        </extensions>
      </trkpt>
      <trkpt lat="29.98427870683372020721435546875" lon="103.83091731928288936614990234375">
        <ele>398.79998779296875</ele>
        <time>2026-10-03T01:25:32.000Z</time>
        <extensions>
          <ns3:TrackPointExtension>
            <ns3:hr>166</ns3:hr>
            <ns3:cad>90</ns3:cad>
          </ns3:TrackPointExtension>
        </extensions>
      </trkpt>
      <trkpt lat="29.98424920253455638885498046875" lon="103.8309296406805515289306640625">
        <ele>398.79998779296875</ele>
        <time>2026-10-03T01:25:33.000Z</time>
        <extensions>
          <ns3:TrackPointExtension>
            <ns3:hr>166</ns3:hr>
            <ns3:cad>90</ns3:cad>
          </ns3:TrackPointExtension>
        </extensions>
      </trkpt>
      <trkpt lat="29.98421399854123592376708984375" lon="103.830933831632137298583984375">
        <ele>398.79998779296875</ele>
        <time>2026-10-03T01:25:34.000Z</time>
        <extensions>
          <ns3:TrackPointExtension>
            <ns3:hr>166</ns3:hr>
            <ns3:cad>90</ns3:cad>
          </ns3:TrackPointExtension>
        </extensions>
      </trkpt>
      <trkpt lat="29.9841823987662792205810546875" lon="103.83094288408756256103515625">
        <ele>398.79998779296875</ele>
        <time>2026-10-03T01:25:35.000Z</time>
        <extensions>
          <ns3:TrackPointExtension>
            <ns3:hr>167</ns3:hr>
            <ns3:cad>92</ns3:cad>
          </ns3:TrackPointExtension>
        </extensions>
      </trkpt>
      <trkpt lat="29.9841518886387348175048828125" lon="103.830944560468196868896484375">
        <ele>398.79998779296875</ele>
        <time>2026-10-03T01:25:36.000Z</time>
        <extensions>
          <ns3:TrackPointExtension>
            <ns3:hr>167</ns3:hr>
            <ns3:cad>92</ns3:cad>
          </ns3:TrackPointExtension>
        </extensions>
      </trkpt>
      <trkpt lat="29.98411894775927066802978515625" lon="103.8309489190578460693359375">
        <ele>398.79998779296875</ele>
        <time>2026-10-03T01:25:37.000Z</time>
        <extensions>
          <ns3:TrackPointExtension>
            <ns3:hr>167</ns3:hr>
            <ns3:cad>92</ns3:cad>
          </ns3:TrackPointExtension>
        </extensions>
      </trkpt>
      <trkpt lat="29.98408542014658451080322265625" lon="103.830942548811435699462890625">
        <ele>399</ele>
        <time>2026-10-03T01:25:38.000Z</time>
        <extensions>
          <ns3:TrackPointExtension>
            <ns3:hr>167</ns3:hr>
            <ns3:cad>92</ns3:cad>
          </ns3:TrackPointExtension>
        </extensions>
      </trkpt>
      <trkpt lat="29.98405021615326404571533203125" lon="103.83093358017504215240478515625">
        <ele>399</ele>
        <time>2026-10-03T01:25:39.000Z</time>
        <extensions>
          <ns3:TrackPointExtension>
            <ns3:hr>168</ns3:hr>
            <ns3:cad>92</ns3:cad>
          </ns3:TrackPointExtension>
        </extensions>
      </trkpt>
      <trkpt lat="29.98402054421603679656982421875" lon="103.83091270923614501953125">
        <ele>398.79998779296875</ele>
        <time>2026-10-03T01:25:40.000Z</time>
        <extensions>
          <ns3:TrackPointExtension>
            <ns3:hr>169</ns3:hr>
            <ns3:cad>91</ns3:cad>
          </ns3:TrackPointExtension>
        </extensions>
      </trkpt>
      <trkpt lat="29.9839959852397441864013671875" lon="103.830892927944660186767578125">
        <ele>398.79998779296875</ele>
        <time>2026-10-03T01:25:41.000Z</time>
        <extensions>
          <ns3:TrackPointExtension>
            <ns3:hr>169</ns3:hr>
            <ns3:cad>92</ns3:cad>
          </ns3:TrackPointExtension>
        </extensions>
      </trkpt>
      <trkpt lat="29.98398383148014545440673828125" lon="103.83086283691227436065673828125">
        <ele>398.79998779296875</ele>
        <time>2026-10-03T01:25:42.000Z</time>
        <extensions>
          <ns3:TrackPointExtension>
            <ns3:hr>169</ns3:hr>
            <ns3:cad>92</ns3:cad>
          </ns3:TrackPointExtension>
        </extensions>
      </trkpt>
      <trkpt lat="29.98397226445376873016357421875" lon="103.83083048276603221893310546875">
        <ele>398.600006103515625</ele>
        <time>2026-10-03T01:25:43.000Z</time>
        <extensions>
          <ns3:TrackPointExtension>
            <ns3:hr>168</ns3:hr>
            <ns3:cad>91</ns3:cad>
          </ns3:TrackPointExtension>
        </extensions>
      </trkpt>
      <trkpt lat="29.98396472074091434478759765625" lon="103.83078890852630138397216796875">
        <ele>398.600006103515625</ele>
        <time>2026-10-03T01:25:44.000Z</time>
        <extensions>
          <ns3:TrackPointExtension>
            <ns3:hr>169</ns3:hr>
            <ns3:cad>91</ns3:cad>
          </ns3:TrackPointExtension>
        </extensions>
      </trkpt>
      <trkpt lat="29.9839621223509311676025390625" lon="103.83075647056102752685546875">
        <ele>398.600006103515625</ele>
        <time>2026-10-03T01:25:45.000Z</time>
        <extensions>
          <ns3:TrackPointExtension>
            <ns3:hr>169</ns3:hr>
            <ns3:cad>91</ns3:cad>
          </ns3:TrackPointExtension>
        </extensions>
      </trkpt>
      <trkpt lat="29.9839570932090282440185546875" lon="103.83072688244283199310302734375">
        <ele>398.79998779296875</ele>
        <time>2026-10-03T01:25:46.000Z</time>
        <extensions>
          <ns3:TrackPointExtension>
            <ns3:hr>168</ns3:hr>
            <ns3:cad>92</ns3:cad>
          </ns3:TrackPointExtension>
        </extensions>
      </trkpt>
      <trkpt lat="29.98395365662872791290283203125" lon="103.83069201372563838958740234375">
        <ele>399</ele>
        <time>2026-10-03T01:25:47.000Z</time>
        <extensions>
          <ns3:TrackPointExtension>
            <ns3:hr>169</ns3:hr>
            <ns3:cad>92</ns3:cad>
          </ns3:TrackPointExtension>
        </extensions>
      </trkpt>
      <trkpt lat="29.9839550815522670745849609375" lon="103.83066183887422084808349609375">
        <ele>399.20001220703125</ele>
        <time>2026-10-03T01:25:48.000Z</time>
        <extensions>
          <ns3:TrackPointExtension>
            <ns3:hr>169</ns3:hr>
            <ns3:cad>92</ns3:cad>
          </ns3:TrackPointExtension>
        </extensions>
      </trkpt>
      <trkpt lat="29.983952902257442474365234375" lon="103.83062412030994892120361328125">
        <ele>399.20001220703125</ele>
        <time>2026-10-03T01:25:49.000Z</time>
        <extensions>
          <ns3:TrackPointExtension>
            <ns3:hr>168</ns3:hr>
            <ns3:cad>92</ns3:cad>
          </ns3:TrackPointExtension>
        </extensions>
      </trkpt>
      <trkpt lat="29.9839493818581104278564453125" lon="103.8305926881730556488037109375">
        <ele>399.20001220703125</ele>
        <time>2026-10-03T01:25:50.000Z</time>
        <extensions>
          <ns3:TrackPointExtension>
            <ns3:hr>169</ns3:hr>
            <ns3:cad>92</ns3:cad>
          </ns3:TrackPointExtension>
        </extensions>
      </trkpt>
      <trkpt lat="29.9839463643729686737060546875" lon="103.83055505342781543731689453125">
        <ele>399</ele>
        <time>2026-10-03T01:25:51.000Z</time>
        <extensions>
          <ns3:TrackPointExtension>
            <ns3:hr>169</ns3:hr>
            <ns3:cad>92</ns3:cad>
          </ns3:TrackPointExtension>
        </extensions>
      </trkpt>
      <trkpt lat="29.98394192196428775787353515625" lon="103.83052504621446132659912109375">
        <ele>398.79998779296875</ele>
        <time>2026-10-03T01:25:52.000Z</time>
        <extensions>
          <ns3:TrackPointExtension>
            <ns3:hr>169</ns3:hr>
            <ns3:cad>92</ns3:cad>
          </ns3:TrackPointExtension>
        </extensions>
      </trkpt>
      <trkpt lat="29.98393672518432140350341796875" lon="103.83048690855503082275390625">
        <ele>398.600006103515625</ele>
        <time>2026-10-03T01:25:53.000Z</time>
        <extensions>
          <ns3:TrackPointExtension>
            <ns3:hr>169</ns3:hr>
            <ns3:cad>92</ns3:cad>
          </ns3:TrackPointExtension>
        </extensions>
      </trkpt>
      <trkpt lat="29.9839332886040210723876953125" lon="103.83045530878007411956787109375">
        <ele>398.600006103515625</ele>
        <time>2026-10-03T01:25:54.000Z</time>
        <extensions>
          <ns3:TrackPointExtension>
            <ns3:hr>169</ns3:hr>
            <ns3:cad>90</ns3:cad>
          </ns3:TrackPointExtension>
        </extensions>
      </trkpt>
      <trkpt lat="29.98393203131854534149169921875" lon="103.83041608147323131561279296875">
        <ele>398.600006103515625</ele>
        <time>2026-10-03T01:25:55.000Z</time>
        <extensions>
          <ns3:TrackPointExtension>
            <ns3:hr>170</ns3:hr>
            <ns3:cad>90</ns3:cad>
          </ns3:TrackPointExtension>
        </extensions>
      </trkpt>
      <trkpt lat="29.98392574489116668701171875" lon="103.830386660993099212646484375">
        <ele>398.600006103515625</ele>
        <time>2026-10-03T01:25:56.000Z</time>
        <extensions>
          <ns3:TrackPointExtension>
            <ns3:hr>170</ns3:hr>
            <ns3:cad>90</ns3:cad>
          </ns3:TrackPointExtension>
        </extensions>
      </trkpt>
      <trkpt lat="29.98391962610185146331787109375" lon="103.83034617640078067779541015625">
        <ele>398.600006103515625</ele>
        <time>2026-10-03T01:25:57.000Z</time>
        <extensions>
          <ns3:TrackPointExtension>
            <ns3:hr>169</ns3:hr>
            <ns3:cad>92</ns3:cad>
          </ns3:TrackPointExtension>
        </extensions>
      </trkpt>
      <trkpt lat="29.9839104898273944854736328125" lon="103.83031667210161685943603515625">
        <ele>398.600006103515625</ele>
        <time>2026-10-03T01:25:58.000Z</time>
        <extensions>
          <ns3:TrackPointExtension>
            <ns3:hr>169</ns3:hr>
            <ns3:cad>92</ns3:cad>
          </ns3:TrackPointExtension>
        </extensions>
      </trkpt>
      <trkpt lat="29.98390655033290386199951171875" lon="103.83027099072933197021484375">
        <ele>398.600006103515625</ele>
        <time>2026-10-03T01:25:59.000Z</time>
        <extensions>
          <ns3:TrackPointExtension>
            <ns3:hr>169</ns3:hr>
            <ns3:cad>91</ns3:cad>
          </ns3:TrackPointExtension>
        </extensions>
      </trkpt>
      <trkpt lat="29.9838987551629543304443359375" lon="103.8302446715533733367919921875">
        <ele>398.600006103515625</ele>
        <time>2026-10-03T01:26:00.000Z</time>
        <extensions>
          <ns3:TrackPointExtension>
            <ns3:hr>170</ns3:hr>
            <ns3:cad>91</ns3:cad>
          </ns3:TrackPointExtension>
        </extensions>
      </trkpt>
      <trkpt lat="29.98389624059200286865234375" lon="103.8302285782992839813232421875">
        <ele>398.79998779296875</ele>
        <time>2026-10-03T01:26:01.000Z</time>
        <extensions>
          <ns3:TrackPointExtension>
            <ns3:hr>169</ns3:hr>
            <ns3:cad>91</ns3:cad>
          </ns3:TrackPointExtension>
        </extensions>
      </trkpt>
      <trkpt lat="29.98389213345944881439208984375" lon="103.83024039678275585174560546875">
        <ele>398.79998779296875</ele>
        <time>2026-10-03T01:26:02.000Z</time>
        <extensions>
          <ns3:TrackPointExtension>
            <ns3:hr>169</ns3:hr>
            <ns3:cad>90</ns3:cad>
          </ns3:TrackPointExtension>
        </extensions>
      </trkpt>
      <trkpt lat="29.98389464803040027618408203125" lon="103.83027367293834686279296875">
        <ele>398.79998779296875</ele>
        <time>2026-10-03T01:26:03.000Z</time>
        <extensions>
          <ns3:TrackPointExtension>
            <ns3:hr>170</ns3:hr>
            <ns3:cad>90</ns3:cad>
          </ns3:TrackPointExtension>
        </extensions>
      </trkpt>
      <trkpt lat="29.9839017726480960845947265625" lon="103.83030158467590808868408203125">
        <ele>398.600006103515625</ele>
        <time>2026-10-03T01:26:04.000Z</time>
        <extensions>
          <ns3:TrackPointExtension>
            <ns3:hr>169</ns3:hr>
            <ns3:cad>90</ns3:cad>
          </ns3:TrackPointExtension>
        </extensions>
      </trkpt>
      <trkpt lat="29.98390831053256988525390625" lon="103.83033947087824344635009765625">
        <ele>398.600006103515625</ele>
        <time>2026-10-03T01:26:05.000Z</time>
        <extensions>
          <ns3:TrackPointExtension>
            <ns3:hr>169</ns3:hr>
            <ns3:cad>88</ns3:cad>
          </ns3:TrackPointExtension>
        </extensions>
      </trkpt>
      <trkpt lat="29.98391526751220226287841796875" lon="103.8303641974925994873046875">
        <ele>398.600006103515625</ele>
        <time>2026-10-03T01:26:06.000Z</time>
        <extensions>
          <ns3:TrackPointExtension>
            <ns3:hr>170</ns3:hr>
            <ns3:cad>88</ns3:cad>
          </ns3:TrackPointExtension>
        </extensions>
      </trkpt>
      <trkpt lat="29.98391099274158477783203125" lon="103.830408789217472076416015625">
        <ele>398.600006103515625</ele>
        <time>2026-10-03T01:26:07.000Z</time>
        <extensions>
          <ns3:TrackPointExtension>
            <ns3:hr>169</ns3:hr>
            <ns3:cad>88</ns3:cad>
          </ns3:TrackPointExtension>
        </extensions>
      </trkpt>
      <trkpt lat="29.98391660861670970916748046875" lon="103.83043435402214527130126953125">
        <ele>398.399993896484375</ele>
        <time>2026-10-03T01:26:08.000Z</time>
        <extensions>
          <ns3:TrackPointExtension>
            <ns3:hr>169</ns3:hr>
            <ns3:cad>89</ns3:cad>
          </ns3:TrackPointExtension>
        </extensions>
      </trkpt>
      <trkpt lat="29.98391174711287021636962890625" lon="103.830478191375732421875">
        <ele>398.399993896484375</ele>
        <time>2026-10-03T01:26:09.000Z</time>
        <extensions>
          <ns3:TrackPointExtension>
            <ns3:hr>168</ns3:hr>
            <ns3:cad>89</ns3:cad>
          </ns3:TrackPointExtension>
        </extensions>
      </trkpt>
      <trkpt lat="29.98392012901604175567626953125" lon="103.8305045105516910552978515625">
        <ele>398.600006103515625</ele>
        <time>2026-10-03T01:26:10.000Z</time>
        <extensions>
          <ns3:TrackPointExtension>
            <ns3:hr>168</ns3:hr>
            <ns3:cad>89</ns3:cad>
          </ns3:TrackPointExtension>
        </extensions>
      </trkpt>
      <trkpt lat="29.98391903936862945556640625" lon="103.83054566569626331329345703125">
        <ele>398.600006103515625</ele>
        <time>2026-10-03T01:26:11.000Z</time>
        <extensions>
          <ns3:TrackPointExtension>
            <ns3:hr>168</ns3:hr>
            <ns3:cad>90</ns3:cad>
          </ns3:TrackPointExtension>
        </extensions>
      </trkpt>
      <trkpt lat="29.9839239008724689483642578125" lon="103.8305698893964290618896484375">
        <ele>398.399993896484375</ele>
        <time>2026-10-03T01:26:12.000Z</time>
        <extensions>
          <ns3:TrackPointExtension>
            <ns3:hr>168</ns3:hr>
            <ns3:cad>90</ns3:cad>
          </ns3:TrackPointExtension>
        </extensions>
      </trkpt>
      <trkpt lat="29.98392649926245212554931640625" lon="103.83061171509325504302978515625">
        <ele>398.399993896484375</ele>
        <time>2026-10-03T01:26:13.000Z</time>
        <extensions>
          <ns3:TrackPointExtension>
            <ns3:hr>168</ns3:hr>
            <ns3:cad>90</ns3:cad>
          </ns3:TrackPointExtension>
        </extensions>
      </trkpt>
      <trkpt lat="29.98393856920301914215087890625" lon="103.83064054884016513824462890625">
        <ele>398.399993896484375</ele>
        <time>2026-10-03T01:26:14.000Z</time>
        <extensions>
          <ns3:TrackPointExtension>
            <ns3:hr>168</ns3:hr>
            <ns3:cad>90</ns3:cad>
          </ns3:TrackPointExtension>
        </extensions>
      </trkpt>
      <trkpt lat="29.98393454588949680328369140625" lon="103.83068195544183254241943359375">
        <ele>398.600006103515625</ele>
        <time>2026-10-03T01:26:15.000Z</time>
        <extensions>
          <ns3:TrackPointExtension>
            <ns3:hr>168</ns3:hr>
            <ns3:cad>90</ns3:cad>
          </ns3:TrackPointExtension>
        </extensions>
      </trkpt>
      <trkpt lat="29.98393915593624114990234375" lon="103.83070877753198146820068359375">
        <ele>398.399993896484375</ele>
        <time>2026-10-03T01:26:16.000Z</time>
        <extensions>
          <ns3:TrackPointExtension>
            <ns3:hr>168</ns3:hr>
            <ns3:cad>90</ns3:cad>
          </ns3:TrackPointExtension>
        </extensions>
      </trkpt>
      <trkpt lat="29.98393555171787738800048828125" lon="103.8307445682585239410400390625">
        <ele>398.399993896484375</ele>
        <time>2026-10-03T01:26:17.000Z</time>
        <extensions>
          <ns3:TrackPointExtension>
            <ns3:hr>169</ns3:hr>
            <ns3:cad>90</ns3:cad>
          </ns3:TrackPointExtension>
        </extensions>
      </trkpt>
      <trkpt lat="29.98394183814525604248046875" lon="103.8307677023112773895263671875">
        <ele>398.600006103515625</ele>
        <time>2026-10-03T01:26:18.000Z</time>
        <extensions>
          <ns3:TrackPointExtension>
            <ns3:hr>169</ns3:hr>
            <ns3:cad>90</ns3:cad>
          </ns3:TrackPointExtension>
        </extensions>
      </trkpt>
      <trkpt lat="29.9839436821639537811279296875" lon="103.830808103084564208984375">
        <ele>398.399993896484375</ele>
        <time>2026-10-03T01:26:19.000Z</time>
        <extensions>
          <ns3:TrackPointExtension>
            <ns3:hr>169</ns3:hr>
            <ns3:cad>90</ns3:cad>
          </ns3:TrackPointExtension>
        </extensions>
      </trkpt>
      <trkpt lat="29.9839520640671253204345703125" lon="103.83083291351795196533203125">
        <ele>398.399993896484375</ele>
        <time>2026-10-03T01:26:20.000Z</time>
        <extensions>
          <ns3:TrackPointExtension>
            <ns3:hr>169</ns3:hr>
            <ns3:cad>90</ns3:cad>
          </ns3:TrackPointExtension>
        </extensions>
      </trkpt>
      <trkpt lat="29.983966648578643798828125" lon="103.83086786605417728424072265625">
        <ele>398.399993896484375</ele>
        <time>2026-10-03T01:26:21.000Z</time>
        <extensions>
          <ns3:TrackPointExtension>
            <ns3:hr>169</ns3:hr>
            <ns3:cad>90</ns3:cad>
          </ns3:TrackPointExtension>
        </extensions>
      </trkpt>
      <trkpt lat="29.983985424041748046875" lon="103.8308863900601863861083984375">
        <ele>398.399993896484375</ele>
        <time>2026-10-03T01:26:22.000Z</time>
        <extensions>
          <ns3:TrackPointExtension>
            <ns3:hr>170</ns3:hr>
            <ns3:cad>90</ns3:cad>
          </ns3:TrackPointExtension>
        </extensions>
      </trkpt>
      <trkpt lat="29.984010569751262664794921875" lon="103.8309152238070964813232421875">
        <ele>398.399993896484375</ele>
        <time>2026-10-03T01:26:23.000Z</time>
        <extensions>
          <ns3:TrackPointExtension>
            <ns3:hr>170</ns3:hr>
            <ns3:cad>90</ns3:cad>
          </ns3:TrackPointExtension>
        </extensions>
      </trkpt>
      <trkpt lat="29.98403328470885753631591796875" lon="103.830925114452838897705078125">
        <ele>398.399993896484375</ele>
        <time>2026-10-03T01:26:24.000Z</time>
        <extensions>
          <ns3:TrackPointExtension>
            <ns3:hr>170</ns3:hr>
            <ns3:cad>92</ns3:cad>
          </ns3:TrackPointExtension>
        </extensions>
      </trkpt>
      <trkpt lat="29.984064884483814239501953125" lon="103.83094196207821369171142578125">
        <ele>398.399993896484375</ele>
        <time>2026-10-03T01:26:25.000Z</time>
        <extensions>
          <ns3:TrackPointExtension>
            <ns3:hr>170</ns3:hr>
            <ns3:cad>92</ns3:cad>
          </ns3:TrackPointExtension>
        </extensions>
      </trkpt>
      <trkpt lat="29.98408927582204341888427734375" lon="103.8309443928301334381103515625">
        <ele>398.399993896484375</ele>
        <time>2026-10-03T01:26:26.000Z</time>
        <extensions>
          <ns3:TrackPointExtension>
            <ns3:hr>170</ns3:hr>
            <ns3:cad>92</ns3:cad>
          </ns3:TrackPointExtension>
        </extensions>
      </trkpt>
      <trkpt lat="29.984118528664112091064453125" lon="103.8309507630765438079833984375">
        <ele>398.399993896484375</ele>
        <time>2026-10-03T01:26:27.000Z</time>
        <extensions>
          <ns3:TrackPointExtension>
            <ns3:hr>170</ns3:hr>
            <ns3:cad>92</ns3:cad>
          </ns3:TrackPointExtension>
        </extensions>
      </trkpt>
      <trkpt lat="29.9841445125639438629150390625" lon="103.83094824850559234619140625">
        <ele>398.399993896484375</ele>
        <time>2026-10-03T01:26:28.000Z</time>
        <extensions>
          <ns3:TrackPointExtension>
            <ns3:hr>170</ns3:hr>
            <ns3:cad>92</ns3:cad>
          </ns3:TrackPointExtension>
        </extensions>
      </trkpt>
      <trkpt lat="29.9841730110347270965576171875" lon="103.83095218800008296966552734375">
        <ele>398.399993896484375</ele>
        <time>2026-10-03T01:26:29.000Z</time>
        <extensions>
          <ns3:TrackPointExtension>
            <ns3:hr>170</ns3:hr>
            <ns3:cad>92</ns3:cad>
          </ns3:TrackPointExtension>
        </extensions>
      </trkpt>
      <trkpt lat="29.984202347695827484130859375" lon="103.83095235563814640045166015625">
        <ele>398.399993896484375</ele>
        <time>2026-10-03T01:26:30.000Z</time>
        <extensions>
          <ns3:TrackPointExtension>
            <ns3:hr>170</ns3:hr>
            <ns3:cad>91</ns3:cad>
          </ns3:TrackPointExtension>
        </extensions>
      </trkpt>
      <trkpt lat="29.9842343665659427642822265625" lon="103.83095906116068363189697265625">
        <ele>398.600006103515625</ele>
        <time>2026-10-03T01:26:31.000Z</time>
        <extensions>
          <ns3:TrackPointExtension>
            <ns3:hr>170</ns3:hr>
            <ns3:cad>91</ns3:cad>
          </ns3:TrackPointExtension>
        </extensions>
      </trkpt>
      <trkpt lat="29.984262026846408843994140625" lon="103.830951265990734100341796875">
        <ele>398.399993896484375</ele>
        <time>2026-10-03T01:26:32.000Z</time>
        <extensions>
          <ns3:TrackPointExtension>
            <ns3:hr>170</ns3:hr>
            <ns3:cad>90</ns3:cad>
          </ns3:TrackPointExtension>
        </extensions>
      </trkpt>
      <trkpt lat="29.9842943809926509857177734375" lon="103.83094556629657745361328125">
        <ele>398.399993896484375</ele>
        <time>2026-10-03T01:26:33.000Z</time>
        <extensions>
          <ns3:TrackPointExtension>
            <ns3:hr>169</ns3:hr>
            <ns3:cad>90</ns3:cad>
          </ns3:TrackPointExtension>
        </extensions>
      </trkpt>
      <trkpt lat="29.9843201972544193267822265625" lon="103.8309309817850589752197265625">
        <ele>398.399993896484375</ele>
        <time>2026-10-03T01:26:34.000Z</time>
        <extensions>
          <ns3:TrackPointExtension>
            <ns3:hr>170</ns3:hr>
            <ns3:cad>90</ns3:cad>
          </ns3:TrackPointExtension>
        </extensions>
      </trkpt>
      <trkpt lat="29.98434425331652164459228515625" lon="103.8309145532548427581787109375">
        <ele>398.399993896484375</ele>
        <time>2026-10-03T01:26:35.000Z</time>
        <extensions>
          <ns3:TrackPointExtension>
            <ns3:hr>170</ns3:hr>
            <ns3:cad>90</ns3:cad>
          </ns3:TrackPointExtension>
        </extensions>
      </trkpt>
      <trkpt lat="29.98436654917895793914794921875" lon="103.83089116774499416351318359375">
        <ele>398.399993896484375</ele>
        <time>2026-10-03T01:26:36.000Z</time>
        <extensions>
          <ns3:TrackPointExtension>
            <ns3:hr>170</ns3:hr>
            <ns3:cad>90</ns3:cad>
          </ns3:TrackPointExtension>
        </extensions>
      </trkpt>
      <trkpt lat="29.9843788705766201019287109375" lon="103.83086686022579669952392578125">
        <ele>398.600006103515625</ele>
        <time>2026-10-03T01:26:37.000Z</time>
        <extensions>
          <ns3:TrackPointExtension>
            <ns3:hr>170</ns3:hr>
            <ns3:cad>90</ns3:cad>
          </ns3:TrackPointExtension>
        </extensions>
      </trkpt>
      <trkpt lat="29.98439152725040912628173828125" lon="103.8308335840702056884765625">
        <ele>398.600006103515625</ele>
        <time>2026-10-03T01:26:38.000Z</time>
        <extensions>
          <ns3:TrackPointExtension>
            <ns3:hr>170</ns3:hr>
            <ns3:cad>90</ns3:cad>
          </ns3:TrackPointExtension>
        </extensions>
      </trkpt>
      <trkpt lat="29.984399490058422088623046875" lon="103.830801062285900115966796875">
        <ele>398.600006103515625</ele>
        <time>2026-10-03T01:26:39.000Z</time>
        <extensions>
          <ns3:TrackPointExtension>
            <ns3:hr>170</ns3:hr>
            <ns3:cad>90</ns3:cad>
          </ns3:TrackPointExtension>
        </extensions>
      </trkpt>
      <trkpt lat="29.9844046868383884429931640625" lon="103.8307646848261356353759765625">
        <ele>398.399993896484375</ele>
        <time>2026-10-03T01:26:40.000Z</time>
        <extensions>
          <ns3:TrackPointExtension>
            <ns3:hr>170</ns3:hr>
            <ns3:cad>90</ns3:cad>
          </ns3:TrackPointExtension>
        </extensions>
      </trkpt>
      <trkpt lat="29.98440242372453212738037109375" lon="103.83073962293565273284912109375">
        <ele>398.399993896484375</ele>
        <time>2026-10-03T01:26:41.000Z</time>
        <extensions>
          <ns3:TrackPointExtension>
            <ns3:hr>170</ns3:hr>
            <ns3:cad>90</ns3:cad>
          </ns3:TrackPointExtension>
        </extensions>
      </trkpt>
      <trkpt lat="29.9844013340771198272705078125" lon="103.83070123381912708282470703125">
        <ele>398.399993896484375</ele>
        <time>2026-10-03T01:26:42.000Z</time>
        <extensions>
          <ns3:TrackPointExtension>
            <ns3:hr>170</ns3:hr>
            <ns3:cad>90</ns3:cad>
          </ns3:TrackPointExtension>
        </extensions>
      </trkpt>
      <trkpt lat="29.984396807849407196044921875" lon="103.83066971786320209503173828125">
        <ele>398.399993896484375</ele>
        <time>2026-10-03T01:26:43.000Z</time>
        <extensions>
          <ns3:TrackPointExtension>
            <ns3:hr>170</ns3:hr>
            <ns3:cad>91</ns3:cad>
          </ns3:TrackPointExtension>
        </extensions>
      </trkpt>
      <trkpt lat="29.98439605347812175750732421875" lon="103.83062881417572498321533203125">
        <ele>398.399993896484375</ele>
        <time>2026-10-03T01:26:44.000Z</time>
        <extensions>
          <ns3:TrackPointExtension>
            <ns3:hr>170</ns3:hr>
            <ns3:cad>90</ns3:cad>
          </ns3:TrackPointExtension>
        </extensions>
      </trkpt>
      <trkpt lat="29.98439286835491657257080078125" lon="103.83060148917138576507568359375">
        <ele>398.399993896484375</ele>
        <time>2026-10-03T01:26:45.000Z</time>
        <extensions>
          <ns3:TrackPointExtension>
            <ns3:hr>171</ns3:hr>
            <ns3:cad>90</ns3:cad>
          </ns3:TrackPointExtension>
        </extensions>
      </trkpt>
      <trkpt lat="29.9843932874500751495361328125" lon="103.83056427352130413055419921875">
        <ele>398.399993896484375</ele>
        <time>2026-10-03T01:26:46.000Z</time>
        <extensions>
          <ns3:TrackPointExtension>
            <ns3:hr>170</ns3:hr>
            <ns3:cad>90</ns3:cad>
          </ns3:TrackPointExtension>
        </extensions>
      </trkpt>
      <trkpt lat="29.9843926168978214263916015625" lon="103.83053627796471118927001953125">
        <ele>398.399993896484375</ele>
        <time>2026-10-03T01:26:47.000Z</time>
        <extensions>
          <ns3:TrackPointExtension>
            <ns3:hr>170</ns3:hr>
            <ns3:cad>90</ns3:cad>
          </ns3:TrackPointExtension>
        </extensions>
      </trkpt>
      <trkpt lat="29.9843939580023288726806640625" lon="103.83049956522881984710693359375">
        <ele>398.399993896484375</ele>
        <time>2026-10-03T01:26:48.000Z</time>
        <extensions>
          <ns3:TrackPointExtension>
            <ns3:hr>170</ns3:hr>
            <ns3:cad>90</ns3:cad>
          </ns3:TrackPointExtension>
        </extensions>
      </trkpt>
      <trkpt lat="29.98439203016459941864013671875" lon="103.8304714858531951904296875">
        <ele>398.399993896484375</ele>
        <time>2026-10-03T01:26:49.000Z</time>
        <extensions>
          <ns3:TrackPointExtension>
            <ns3:hr>170</ns3:hr>
            <ns3:cad>90</ns3:cad>
          </ns3:TrackPointExtension>
        </extensions>
      </trkpt>
      <trkpt lat="29.98439085669815540313720703125" lon="103.830432929098606109619140625">
        <ele>398.399993896484375</ele>
        <time>2026-10-03T01:26:50.000Z</time>
        <extensions>
          <ns3:TrackPointExtension>
            <ns3:hr>170</ns3:hr>
            <ns3:cad>90</ns3:cad>
          </ns3:TrackPointExtension>
        </extensions>
      </trkpt>
      <trkpt lat="29.984389431774616241455078125" lon="103.83040149696171283721923828125">
        <ele>398.399993896484375</ele>
        <time>2026-10-03T01:26:51.000Z</time>
        <extensions>
          <ns3:TrackPointExtension>
            <ns3:hr>170</ns3:hr>
            <ns3:cad>90</ns3:cad>
          </ns3:TrackPointExtension>
        </extensions>
      </trkpt>
      <trkpt lat="29.984386749565601348876953125" lon="103.830365203320980072021484375">
        <ele>398.399993896484375</ele>
        <time>2026-10-03T01:26:52.000Z</time>
        <extensions>
          <ns3:TrackPointExtension>
            <ns3:hr>170</ns3:hr>
            <ns3:cad>90</ns3:cad>
          </ns3:TrackPointExtension>
        </extensions>
      </trkpt>
      <trkpt lat="29.98438297770917415618896484375" lon="103.8303288258612155914306640625">
        <ele>398.399993896484375</ele>
        <time>2026-10-03T01:26:53.000Z</time>
        <extensions>
          <ns3:TrackPointExtension>
            <ns3:hr>170</ns3:hr>
            <ns3:cad>90</ns3:cad>
          </ns3:TrackPointExtension>
        </extensions>
      </trkpt>
      <trkpt lat="29.98436604626476764678955078125" lon="103.83031667210161685943603515625">
        <ele>398.399993896484375</ele>
        <time>2026-10-03T01:26:54.000Z</time>
        <extensions>
          <ns3:TrackPointExtension>
            <ns3:hr>170</ns3:hr>
            <ns3:cad>89</ns3:cad>
          </ns3:TrackPointExtension>
        </extensions>
      </trkpt>
      <trkpt lat="29.98434660024940967559814453125" lon="103.83031918667256832122802734375">
        <ele>398.399993896484375</ele>
        <time>2026-10-03T01:26:55.000Z</time>
        <extensions>
          <ns3:TrackPointExtension>
            <ns3:hr>170</ns3:hr>
            <ns3:cad>89</ns3:cad>
          </ns3:TrackPointExtension>
        </extensions>
      </trkpt>
      <trkpt lat="29.9843443371355533599853515625" lon="103.83033670485019683837890625">
        <ele>398.399993896484375</ele>
        <time>2026-10-03T01:26:56.000Z</time>
        <extensions>
          <ns3:TrackPointExtension>
            <ns3:hr>170</ns3:hr>
            <ns3:cad>89</ns3:cad>
          </ns3:TrackPointExtension>
        </extensions>
      </trkpt>
      <trkpt lat="29.98434207402169704437255859375" lon="103.83036696352064609527587890625">
        <ele>398.399993896484375</ele>
        <time>2026-10-03T01:26:57.000Z</time>
        <extensions>
          <ns3:TrackPointExtension>
            <ns3:hr>170</ns3:hr>
            <ns3:cad>88</ns3:cad>
          </ns3:TrackPointExtension>
        </extensions>
      </trkpt>
      <trkpt lat="29.98434676788747310638427734375" lon="103.83039160631597042083740234375">
        <ele>398.399993896484375</ele>
        <time>2026-10-03T01:26:58.000Z</time>
        <extensions>
          <ns3:TrackPointExtension>
            <ns3:hr>171</ns3:hr>
            <ns3:cad>88</ns3:cad>
          </ns3:TrackPointExtension>
        </extensions>
      </trkpt>
      <trkpt lat="29.98434953391551971435546875" lon="103.830424882471561431884765625">
        <ele>398.399993896484375</ele>
        <time>2026-10-03T01:26:59.000Z</time>
        <extensions>
          <ns3:TrackPointExtension>
            <ns3:hr>170</ns3:hr>
            <ns3:cad>87</ns3:cad>
          </ns3:TrackPointExtension>
        </extensions>
      </trkpt>
      <trkpt lat="29.9843540601432323455810546875" lon="103.8304528780281543731689453125">
        <ele>398.399993896484375</ele>
        <time>2026-10-03T01:27:00.000Z</time>
        <extensions>
          <ns3:TrackPointExtension>
            <ns3:hr>170</ns3:hr>
            <ns3:cad>87</ns3:cad>
          </ns3:TrackPointExtension>
        </extensions>
      </trkpt>
      <trkpt lat="29.98435565270483493804931640625" lon="103.83049235679209232330322265625">
        <ele>398.399993896484375</ele>
        <time>2026-10-03T01:27:01.000Z</time>
        <extensions>
          <ns3:TrackPointExtension>
            <ns3:hr>170</ns3:hr>
            <ns3:cad>87</ns3:cad>
          </ns3:TrackPointExtension>
        </extensions>
      </trkpt>
      <trkpt lat="29.98436084948480129241943359375" lon="103.830519430339336395263671875">
        <ele>398.399993896484375</ele>
        <time>2026-10-03T01:27:02.000Z</time>
        <extensions>
          <ns3:TrackPointExtension>
            <ns3:hr>170</ns3:hr>
            <ns3:cad>89</ns3:cad>
          </ns3:TrackPointExtension>
        </extensions>
      </trkpt>
      <trkpt lat="29.984363950788974761962890625" lon="103.8305554725229740142822265625">
        <ele>398.399993896484375</ele>
        <time>2026-10-03T01:27:03.000Z</time>
        <extensions>
          <ns3:TrackPointExtension>
            <ns3:hr>169</ns3:hr>
            <ns3:cad>89</ns3:cad>
          </ns3:TrackPointExtension>
        </extensions>
      </trkpt>
      <trkpt lat="29.984371997416019439697265625" lon="103.83057969622313976287841796875">
        <ele>398.399993896484375</ele>
        <time>2026-10-03T01:27:04.000Z</time>
        <extensions>
          <ns3:TrackPointExtension>
            <ns3:hr>169</ns3:hr>
            <ns3:cad>89</ns3:cad>
          </ns3:TrackPointExtension>
        </extensions>
      </trkpt>
      <trkpt lat="29.98437233269214630126953125" lon="103.8306171633303165435791015625">
        <ele>398.399993896484375</ele>
        <time>2026-10-03T01:27:05.000Z</time>
        <extensions>
          <ns3:TrackPointExtension>
            <ns3:hr>169</ns3:hr>
            <ns3:cad>89</ns3:cad>
          </ns3:TrackPointExtension>
        </extensions>
      </trkpt>
      <trkpt lat="29.98437643982470035552978515625" lon="103.83064440451562404632568359375">
        <ele>398.399993896484375</ele>
        <time>2026-10-03T01:27:06.000Z</time>
        <extensions>
          <ns3:TrackPointExtension>
            <ns3:hr>169</ns3:hr>
            <ns3:cad>89</ns3:cad>
          </ns3:TrackPointExtension>
        </extensions>
      </trkpt>
      <trkpt lat="29.9843785353004932403564453125" lon="103.83068212307989597320556640625">
        <ele>398.399993896484375</ele>
        <time>2026-10-03T01:27:07.000Z</time>
        <extensions>
          <ns3:TrackPointExtension>
            <ns3:hr>170</ns3:hr>
            <ns3:cad>90</ns3:cad>
          </ns3:TrackPointExtension>
        </extensions>
      </trkpt>
      <trkpt lat="29.98437928967177867889404296875" lon="103.8307160697877407073974609375">
        <ele>398.399993896484375</ele>
        <time>2026-10-03T01:27:08.000Z</time>
        <extensions>
          <ns3:TrackPointExtension>
            <ns3:hr>169</ns3:hr>
            <ns3:cad>90</ns3:cad>
          </ns3:TrackPointExtension>
        </extensions>
      </trkpt>
      <trkpt lat="29.98437794856727123260498046875" lon="103.83075001649558544158935546875">
        <ele>398.399993896484375</ele>
        <time>2026-10-03T01:27:09.000Z</time>
        <extensions>
          <ns3:TrackPointExtension>
            <ns3:hr>169</ns3:hr>
            <ns3:cad>90</ns3:cad>
          </ns3:TrackPointExtension>
        </extensions>
      </trkpt>
      <trkpt lat="29.984379373490810394287109375" lon="103.83078061044216156005859375">
        <ele>398.399993896484375</ele>
        <time>2026-10-03T01:27:10.000Z</time>
        <extensions>
          <ns3:TrackPointExtension>
            <ns3:hr>169</ns3:hr>
            <ns3:cad>90</ns3:cad>
          </ns3:TrackPointExtension>
        </extensions>
      </trkpt>
      <trkpt lat="29.9843718297779560089111328125" lon="103.83081271313130855560302734375">
        <ele>398.399993896484375</ele>
        <time>2026-10-03T01:27:11.000Z</time>
        <extensions>
          <ns3:TrackPointExtension>
            <ns3:hr>169</ns3:hr>
            <ns3:cad>90</ns3:cad>
          </ns3:TrackPointExtension>
        </extensions>
      </trkpt>
      <trkpt lat="29.98436219058930873870849609375" lon="103.8308417983353137969970703125">
        <ele>398.20001220703125</ele>
        <time>2026-10-03T01:27:12.000Z</time>
        <extensions>
          <ns3:TrackPointExtension>
            <ns3:hr>170</ns3:hr>
            <ns3:cad>90</ns3:cad>
          </ns3:TrackPointExtension>
        </extensions>
      </trkpt>
      <trkpt lat="29.9843403138220310211181640625" lon="103.83086971007287502288818359375">
        <ele>398.20001220703125</ele>
        <time>2026-10-03T01:27:13.000Z</time>
        <extensions>
          <ns3:TrackPointExtension>
            <ns3:hr>169</ns3:hr>
            <ns3:cad>89</ns3:cad>
          </ns3:TrackPointExtension>
        </extensions>
      </trkpt>
      <trkpt lat="29.9843180179595947265625" lon="103.83088764734566211700439453125">
        <ele>398.20001220703125</ele>
        <time>2026-10-03T01:27:14.000Z</time>
        <extensions>
          <ns3:TrackPointExtension>
            <ns3:hr>169</ns3:hr>
            <ns3:cad>89</ns3:cad>
          </ns3:TrackPointExtension>
        </extensions>
      </trkpt>
      <trkpt lat="29.98428373597562313079833984375" lon="103.83089619688689708709716796875">
        <ele>398.20001220703125</ele>
        <time>2026-10-03T01:27:15.000Z</time>
        <extensions>
          <ns3:TrackPointExtension>
            <ns3:hr>169</ns3:hr>
            <ns3:cad>89</ns3:cad>
          </ns3:TrackPointExtension>
        </extensions>
      </trkpt>
      <trkpt lat="29.9842595122754573822021484375" lon="103.83090726099908351898193359375">
        <ele>398.20001220703125</ele>
        <time>2026-10-03T01:27:16.000Z</time>
        <extensions>
          <ns3:TrackPointExtension>
            <ns3:hr>169</ns3:hr>
            <ns3:cad>89</ns3:cad>
          </ns3:TrackPointExtension>
        </extensions>
      </trkpt>
      <trkpt lat="29.98422212898731231689453125" lon="103.83091195486485958099365234375">
        <ele>398.20001220703125</ele>
        <time>2026-10-03T01:27:17.000Z</time>
        <extensions>
          <ns3:TrackPointExtension>
            <ns3:hr>169</ns3:hr>
            <ns3:cad>89</ns3:cad>
          </ns3:TrackPointExtension>
        </extensions>
      </trkpt>
      <trkpt lat="29.98419622890651226043701171875" lon="103.83091765455901622772216796875">
        <ele>398.20001220703125</ele>
        <time>2026-10-03T01:27:18.000Z</time>
        <extensions>
          <ns3:TrackPointExtension>
            <ns3:hr>169</ns3:hr>
            <ns3:cad>89</ns3:cad>
          </ns3:TrackPointExtension>
        </extensions>
      </trkpt>
      <trkpt lat="29.98416219837963581085205078125" lon="103.8309249468147754669189453125">
        <ele>398.20001220703125</ele>
        <time>2026-10-03T01:27:19.000Z</time>
        <extensions>
          <ns3:TrackPointExtension>
            <ns3:hr>169</ns3:hr>
            <ns3:cad>90</ns3:cad>
          </ns3:TrackPointExtension>
        </extensions>
      </trkpt>
      <trkpt lat="29.9841341190040111541748046875" lon="103.83093274198472499847412109375">
        <ele>398.20001220703125</ele>
        <time>2026-10-03T01:27:20.000Z</time>
        <extensions>
          <ns3:TrackPointExtension>
            <ns3:hr>169</ns3:hr>
            <ns3:cad>90</ns3:cad>
          </ns3:TrackPointExtension>
        </extensions>
      </trkpt>
      <trkpt lat="29.98410168103873729705810546875" lon="103.83093358017504215240478515625">
        <ele>398.20001220703125</ele>
        <time>2026-10-03T01:27:21.000Z</time>
        <extensions>
          <ns3:TrackPointExtension>
            <ns3:hr>169</ns3:hr>
            <ns3:cad>90</ns3:cad>
          </ns3:TrackPointExtension>
        </extensions>
      </trkpt>
      <trkpt lat="29.9840757809579372406005859375" lon="103.83093441836535930633544921875">
        <ele>398.399993896484375</ele>
        <time>2026-10-03T01:27:22.000Z</time>
        <extensions>
          <ns3:TrackPointExtension>
            <ns3:hr>170</ns3:hr>
            <ns3:cad>90</ns3:cad>
          </ns3:TrackPointExtension>
        </extensions>
      </trkpt>
      <trkpt lat="29.984040744602680206298828125" lon="103.83091513998806476593017578125">
        <ele>398.20001220703125</ele>
        <time>2026-10-03T01:27:23.000Z</time>
        <extensions>
          <ns3:TrackPointExtension>
            <ns3:hr>170</ns3:hr>
            <ns3:cad>90</ns3:cad>
          </ns3:TrackPointExtension>
        </extensions>
      </trkpt>
      <trkpt lat="29.98401434160768985748291015625" lon="103.830904997885227203369140625">
        <ele>398.399993896484375</ele>
        <time>2026-10-03T01:27:24.000Z</time>
        <extensions>
          <ns3:TrackPointExtension>
            <ns3:hr>170</ns3:hr>
            <ns3:cad>90</ns3:cad>
          </ns3:TrackPointExtension>
        </extensions>
      </trkpt>
      <trkpt lat="29.983989782631397247314453125" lon="103.83087985217571258544921875">
        <ele>398.20001220703125</ele>
        <time>2026-10-03T01:27:25.000Z</time>
        <extensions>
          <ns3:TrackPointExtension>
            <ns3:hr>170</ns3:hr>
            <ns3:cad>90</ns3:cad>
          </ns3:TrackPointExtension>
        </extensions>
      </trkpt>
      <trkpt lat="29.9839731864631175994873046875" lon="103.8308582268655300140380859375">
        <ele>398.20001220703125</ele>
        <time>2026-10-03T01:27:26.000Z</time>
        <extensions>
          <ns3:TrackPointExtension>
            <ns3:hr>170</ns3:hr>
            <ns3:cad>89</ns3:cad>
          </ns3:TrackPointExtension>
        </extensions>
      </trkpt>
      <trkpt lat="29.983965642750263214111328125" lon="103.83081925101578235626220703125">
        <ele>398.20001220703125</ele>
        <time>2026-10-03T01:27:27.000Z</time>
        <extensions>
          <ns3:TrackPointExtension>
            <ns3:hr>170</ns3:hr>
            <ns3:cad>89</ns3:cad>
          </ns3:TrackPointExtension>
        </extensions>
      </trkpt>
      <trkpt lat="29.983955584466457366943359375" lon="103.83079360239207744598388671875">
        <ele>398.20001220703125</ele>
        <time>2026-10-03T01:27:28.000Z</time>
        <extensions>
          <ns3:TrackPointExtension>
            <ns3:hr>170</ns3:hr>
            <ns3:cad>89</ns3:cad>
          </ns3:TrackPointExtension>
        </extensions>
      </trkpt>
      <trkpt lat="29.9839487113058567047119140625" lon="103.83075571618974208831787109375">
        <ele>398.20001220703125</ele>
        <time>2026-10-03T01:27:29.000Z</time>
        <extensions>
          <ns3:TrackPointExtension>
            <ns3:hr>170</ns3:hr>
            <ns3:cad>89</ns3:cad>
          </ns3:TrackPointExtension>
        </extensions>
      </trkpt>
      <trkpt lat="29.9839426763355731964111328125" lon="103.83072872646152973175048828125">
        <ele>398.20001220703125</ele>
        <time>2026-10-03T01:27:30.000Z</time>
        <extensions>
          <ns3:TrackPointExtension>
            <ns3:hr>170</ns3:hr>
            <ns3:cad>89</ns3:cad>
          </ns3:TrackPointExtension>
        </extensions>
      </trkpt>
      <trkpt lat="29.98394125141203403472900390625" lon="103.8306865654885768890380859375">
        <ele>398.20001220703125</ele>
        <time>2026-10-03T01:27:31.000Z</time>
        <extensions>
          <ns3:TrackPointExtension>
            <ns3:hr>170</ns3:hr>
            <ns3:cad>89</ns3:cad>
          </ns3:TrackPointExtension>
        </extensions>
      </trkpt>
      <trkpt lat="29.98393513262271881103515625" lon="103.83065764792263507843017578125">
        <ele>398.20001220703125</ele>
        <time>2026-10-03T01:27:32.000Z</time>
        <extensions>
          <ns3:TrackPointExtension>
            <ns3:hr>170</ns3:hr>
            <ns3:cad>89</ns3:cad>
          </ns3:TrackPointExtension>
        </extensions>
      </trkpt>
      <trkpt lat="29.9839326180517673492431640625" lon="103.830616660416126251220703125">
        <ele>398</ele>
        <time>2026-10-03T01:27:33.000Z</time>
        <extensions>
          <ns3:TrackPointExtension>
            <ns3:hr>169</ns3:hr>
            <ns3:cad>89</ns3:cad>
          </ns3:TrackPointExtension>
        </extensions>
      </trkpt>
      <trkpt lat="29.98392574489116668701171875" lon="103.83058941923081874847412109375">
        <ele>398.20001220703125</ele>
        <time>2026-10-03T01:27:34.000Z</time>
        <extensions>
          <ns3:TrackPointExtension>
            <ns3:hr>170</ns3:hr>
            <ns3:cad>89</ns3:cad>
          </ns3:TrackPointExtension>
        </extensions>
      </trkpt>
      <trkpt lat="29.98392113484442234039306640625" lon="103.83055203594267368316650390625">
        <ele>398.20001220703125</ele>
        <time>2026-10-03T01:27:35.000Z</time>
        <extensions>
          <ns3:TrackPointExtension>
            <ns3:hr>170</ns3:hr>
            <ns3:cad>89</ns3:cad>
          </ns3:TrackPointExtension>
        </extensions>
      </trkpt>
      <trkpt lat="29.98391275294125080108642578125" lon="103.83052538149058818817138671875">
        <ele>398</ele>
        <time>2026-10-03T01:27:36.000Z</time>
        <extensions>
          <ns3:TrackPointExtension>
            <ns3:hr>169</ns3:hr>
            <ns3:cad>89</ns3:cad>
          </ns3:TrackPointExtension>
        </extensions>
      </trkpt>
      <trkpt lat="29.98391342349350452423095703125" lon="103.83048690855503082275390625">
        <ele>398</ele>
        <time>2026-10-03T01:27:37.000Z</time>
        <extensions>
          <ns3:TrackPointExtension>
            <ns3:hr>170</ns3:hr>
            <ns3:cad>89</ns3:cad>
          </ns3:TrackPointExtension>
        </extensions>
      </trkpt>
      <trkpt lat="29.98390671797096729278564453125" lon="103.83046008646488189697265625">
        <ele>398</ele>
        <time>2026-10-03T01:27:38.000Z</time>
        <extensions>
          <ns3:TrackPointExtension>
            <ns3:hr>170</ns3:hr>
            <ns3:cad>90</ns3:cad>
          </ns3:TrackPointExtension>
        </extensions>
      </trkpt>
      <trkpt lat="29.98390604741871356964111328125" lon="103.83042144589126110076904296875">
        <ele>398</ele>
        <time>2026-10-03T01:27:39.000Z</time>
        <extensions>
          <ns3:TrackPointExtension>
            <ns3:hr>169</ns3:hr>
            <ns3:cad>90</ns3:cad>
          </ns3:TrackPointExtension>
        </extensions>
      </trkpt>
      <trkpt lat="29.9838964082300662994384765625" lon="103.8303952105343341827392578125">
        <ele>398</ele>
        <time>2026-10-03T01:27:40.000Z</time>
        <extensions>
          <ns3:TrackPointExtension>
            <ns3:hr>170</ns3:hr>
            <ns3:cad>89</ns3:cad>
          </ns3:TrackPointExtension>
        </extensions>
      </trkpt>
      <trkpt lat="29.983891211450099945068359375" lon="103.83036042563617229461669921875">
        <ele>398</ele>
        <time>2026-10-03T01:27:41.000Z</time>
        <extensions>
          <ns3:TrackPointExtension>
            <ns3:hr>170</ns3:hr>
            <ns3:cad>89</ns3:cad>
          </ns3:TrackPointExtension>
        </extensions>
      </trkpt>
      <trkpt lat="29.9838880263268947601318359375" lon="103.830335028469562530517578125">
        <ele>397.79998779296875</ele>
        <time>2026-10-03T01:27:42.000Z</time>
        <extensions>
          <ns3:TrackPointExtension>
            <ns3:hr>170</ns3:hr>
            <ns3:cad>89</ns3:cad>
          </ns3:TrackPointExtension>
        </extensions>
      </trkpt>
      <trkpt lat="29.9838890321552753448486328125" lon="103.8302969746291637420654296875">
        <ele>397.79998779296875</ele>
        <time>2026-10-03T01:27:43.000Z</time>
        <extensions>
          <ns3:TrackPointExtension>
            <ns3:hr>170</ns3:hr>
            <ns3:cad>89</ns3:cad>
          </ns3:TrackPointExtension>
        </extensions>
      </trkpt>
      <trkpt lat="29.98388257808983325958251953125" lon="103.83027291856706142425537109375">
        <ele>398</ele>
        <time>2026-10-03T01:27:44.000Z</time>
        <extensions>
          <ns3:TrackPointExtension>
            <ns3:hr>170</ns3:hr>
            <ns3:cad>89</ns3:cad>
          </ns3:TrackPointExtension>
        </extensions>
      </trkpt>
      <trkpt lat="29.98387738130986690521240234375" lon="103.83026294410228729248046875">
        <ele>398</ele>
        <time>2026-10-03T01:27:45.000Z</time>
        <extensions>
          <ns3:TrackPointExtension>
            <ns3:hr>170</ns3:hr>
            <ns3:cad>89</ns3:cad>
          </ns3:TrackPointExtension>
        </extensions>
      </trkpt>
      <trkpt lat="29.98387889005243778228759765625" lon="103.83027501404285430908203125">
        <ele>398</ele>
        <time>2026-10-03T01:27:46.000Z</time>
        <extensions>
          <ns3:TrackPointExtension>
            <ns3:hr>170</ns3:hr>
            <ns3:cad>89</ns3:cad>
          </ns3:TrackPointExtension>
        </extensions>
      </trkpt>
      <trkpt lat="29.98388542793691158294677734375" lon="103.83030024357140064239501953125">
        <ele>398</ele>
        <time>2026-10-03T01:27:47.000Z</time>
        <extensions>
          <ns3:TrackPointExtension>
            <ns3:hr>170</ns3:hr>
            <ns3:cad>89</ns3:cad>
          </ns3:TrackPointExtension>
        </extensions>
      </trkpt>
      <trkpt lat="29.9838863499462604522705078125" lon="103.830327652394771575927734375">
        <ele>398</ele>
        <time>2026-10-03T01:27:48.000Z</time>
        <extensions>
          <ns3:TrackPointExtension>
            <ns3:hr>170</ns3:hr>
            <ns3:cad>88</ns3:cad>
          </ns3:TrackPointExtension>
        </extensions>
      </trkpt>
      <trkpt lat="29.9838888645172119140625" lon="103.8303588330745697021484375">
        <ele>398</ele>
        <time>2026-10-03T01:27:49.000Z</time>
        <extensions>
          <ns3:TrackPointExtension>
            <ns3:hr>170</ns3:hr>
            <ns3:cad>87</ns3:cad>
          </ns3:TrackPointExtension>
        </extensions>
      </trkpt>
      <trkpt lat="29.98389163054525852203369140625" lon="103.83038322441279888153076171875">
        <ele>398</ele>
        <time>2026-10-03T01:27:50.000Z</time>
        <extensions>
          <ns3:TrackPointExtension>
            <ns3:hr>171</ns3:hr>
            <ns3:cad>87</ns3:cad>
          </ns3:TrackPointExtension>
        </extensions>
      </trkpt>
      <trkpt lat="29.98389355838298797607421875" lon="103.83041574619710445404052734375">
        <ele>398</ele>
        <time>2026-10-03T01:27:51.000Z</time>
        <extensions>
          <ns3:TrackPointExtension>
            <ns3:hr>170</ns3:hr>
            <ns3:cad>87</ns3:cad>
          </ns3:TrackPointExtension>
        </extensions>
      </trkpt>
      <trkpt lat="29.98389380984008312225341796875" lon="103.8304461725056171417236328125">
        <ele>398</ele>
        <time>2026-10-03T01:27:52.000Z</time>
        <extensions>
          <ns3:TrackPointExtension>
            <ns3:hr>170</ns3:hr>
            <ns3:cad>89</ns3:cad>
          </ns3:TrackPointExtension>
        </extensions>
      </trkpt>
      <trkpt lat="29.98389548622071743011474609375" lon="103.830480538308620452880859375">
        <ele>398</ele>
        <time>2026-10-03T01:27:53.000Z</time>
        <extensions>
          <ns3:TrackPointExtension>
            <ns3:hr>170</ns3:hr>
            <ns3:cad>89</ns3:cad>
          </ns3:TrackPointExtension>
        </extensions>
      </trkpt>
      <trkpt lat="29.98389682732522487640380859375" lon="103.83051414974033832550048828125">
        <ele>398</ele>
        <time>2026-10-03T01:27:54.000Z</time>
        <extensions>
          <ns3:TrackPointExtension>
            <ns3:hr>170</ns3:hr>
            <ns3:cad>88</ns3:cad>
          </ns3:TrackPointExtension>
        </extensions>
      </trkpt>
      <trkpt lat="29.98389682732522487640380859375" lon="103.83054717443883419036865234375">
        <ele>398</ele>
        <time>2026-10-03T01:27:55.000Z</time>
        <extensions>
          <ns3:TrackPointExtension>
            <ns3:hr>169</ns3:hr>
            <ns3:cad>88</ns3:cad>
          </ns3:TrackPointExtension>
        </extensions>
      </trkpt>
      <trkpt lat="29.98390018008649349212646484375" lon="103.8305789418518543243408203125">
        <ele>397.79998779296875</ele>
        <time>2026-10-03T01:27:56.000Z</time>
        <extensions>
          <ns3:TrackPointExtension>
            <ns3:hr>170</ns3:hr>
            <ns3:cad>88</ns3:cad>
          </ns3:TrackPointExtension>
        </extensions>
      </trkpt>
      <trkpt lat="29.98390219174325466156005859375" lon="103.830615319311618804931640625">
        <ele>397.79998779296875</ele>
        <time>2026-10-03T01:27:57.000Z</time>
        <extensions>
          <ns3:TrackPointExtension>
            <ns3:hr>170</ns3:hr>
            <ns3:cad>89</ns3:cad>
          </ns3:TrackPointExtension>
        </extensions>
      </trkpt>
      <trkpt lat="29.98390437103807926177978515625" lon="103.83064641617238521575927734375">
        <ele>397.79998779296875</ele>
        <time>2026-10-03T01:27:58.000Z</time>
        <extensions>
          <ns3:TrackPointExtension>
            <ns3:hr>169</ns3:hr>
            <ns3:cad>89</ns3:cad>
          </ns3:TrackPointExtension>
        </extensions>
      </trkpt>
      <trkpt lat="29.983908645808696746826171875" lon="103.83067877031862735748291015625">
        <ele>397.79998779296875</ele>
        <time>2026-10-03T01:27:59.000Z</time>
        <extensions>
          <ns3:TrackPointExtension>
            <ns3:hr>170</ns3:hr>
            <ns3:cad>89</ns3:cad>
          </ns3:TrackPointExtension>
        </extensions>
      </trkpt>
      <trkpt lat="29.9839111603796482086181640625" lon="103.83071280084550380706787109375">
        <ele>397.79998779296875</ele>
        <time>2026-10-03T01:28:00.000Z</time>
        <extensions>
          <ns3:TrackPointExtension>
            <ns3:hr>170</ns3:hr>
            <ns3:cad>90</ns3:cad>
          </ns3:TrackPointExtension>
        </extensions>
      </trkpt>
      <trkpt lat="29.98391644097864627838134765625" lon="103.83074481971561908721923828125">
        <ele>398</ele>
        <time>2026-10-03T01:28:01.000Z</time>
        <extensions>
          <ns3:TrackPointExtension>
            <ns3:hr>170</ns3:hr>
            <ns3:cad>90</ns3:cad>
          </ns3:TrackPointExtension>
        </extensions>
      </trkpt>
      <trkpt lat="29.98392046429216861724853515625" lon="103.830776922404766082763671875">
        <ele>398.20001220703125</ele>
        <time>2026-10-03T01:28:02.000Z</time>
        <extensions>
          <ns3:TrackPointExtension>
            <ns3:hr>170</ns3:hr>
            <ns3:cad>90</ns3:cad>
          </ns3:TrackPointExtension>
        </extensions>
      </trkpt>
      <trkpt lat="29.98392641544342041015625" lon="103.8308107852935791015625">
        <ele>398.20001220703125</ele>
        <time>2026-10-03T01:28:03.000Z</time>
        <extensions>
          <ns3:TrackPointExtension>
            <ns3:hr>170</ns3:hr>
            <ns3:cad>90</ns3:cad>
          </ns3:TrackPointExtension>
        </extensions>
      </trkpt>
      <trkpt lat="29.983933456242084503173828125" lon="103.83083534426987171173095703125">
        <ele>398.20001220703125</ele>
        <time>2026-10-03T01:28:04.000Z</time>
        <extensions>
          <ns3:TrackPointExtension>
            <ns3:hr>170</ns3:hr>
            <ns3:cad>90</ns3:cad>
          </ns3:TrackPointExtension>
        </extensions>
      </trkpt>
      <trkpt lat="29.98394452035427093505859375" lon="103.83086937479674816131591796875">
        <ele>398.20001220703125</ele>
        <time>2026-10-03T01:28:05.000Z</time>
        <extensions>
          <ns3:TrackPointExtension>
            <ns3:hr>170</ns3:hr>
            <ns3:cad>91</ns3:cad>
          </ns3:TrackPointExtension>
        </extensions>
      </trkpt>
      <trkpt lat="29.98396321199834346771240234375" lon="103.830896280705928802490234375">
        <ele>398</ele>
        <time>2026-10-03T01:28:06.000Z</time>
        <extensions>
          <ns3:TrackPointExtension>
            <ns3:hr>171</ns3:hr>
            <ns3:cad>91</ns3:cad>
          </ns3:TrackPointExtension>
        </extensions>
      </trkpt>
      <trkpt lat="29.9839872680604457855224609375" lon="103.83092033676803112030029296875">
        <ele>397.79998779296875</ele>
        <time>2026-10-03T01:28:07.000Z</time>
        <extensions>
          <ns3:TrackPointExtension>
            <ns3:hr>170</ns3:hr>
            <ns3:cad>91</ns3:cad>
          </ns3:TrackPointExtension>
        </extensions>
      </trkpt>
      <trkpt lat="29.984008558094501495361328125" lon="103.83093810640275478363037109375">
        <ele>397.79998779296875</ele>
        <time>2026-10-03T01:28:08.000Z</time>
        <extensions>
          <ns3:TrackPointExtension>
            <ns3:hr>170</ns3:hr>
            <ns3:cad>91</ns3:cad>
          </ns3:TrackPointExtension>
        </extensions>
      </trkpt>
      <trkpt lat="29.9840409122407436370849609375" lon="103.83095520548522472381591796875">
        <ele>397.79998779296875</ele>
        <time>2026-10-03T01:28:09.000Z</time>
        <extensions>
          <ns3:TrackPointExtension>
            <ns3:hr>170</ns3:hr>
            <ns3:cad>91</ns3:cad>
          </ns3:TrackPointExtension>
        </extensions>
      </trkpt>
      <trkpt lat="29.98406312428414821624755859375" lon="103.83096241392195224761962890625">
        <ele>397.79998779296875</ele>
        <time>2026-10-03T01:28:10.000Z</time>
        <extensions>
          <ns3:TrackPointExtension>
            <ns3:hr>170</ns3:hr>
            <ns3:cad>90</ns3:cad>
          </ns3:TrackPointExtension>
        </extensions>
      </trkpt>
      <trkpt lat="29.9841009266674518585205078125" lon="103.83096626959741115570068359375">
        <ele>397.79998779296875</ele>
        <time>2026-10-03T01:28:11.000Z</time>
        <extensions>
          <ns3:TrackPointExtension>
            <ns3:hr>170</ns3:hr>
            <ns3:cad>91</ns3:cad>
          </ns3:TrackPointExtension>
        </extensions>
      </trkpt>
      <trkpt lat="29.98413051478564739227294921875" lon="103.83097079582512378692626953125">
        <ele>397.79998779296875</ele>
        <time>2026-10-03T01:28:12.000Z</time>
        <extensions>
          <ns3:TrackPointExtension>
            <ns3:hr>170</ns3:hr>
            <ns3:cad>91</ns3:cad>
          </ns3:TrackPointExtension>
        </extensions>
      </trkpt>
      <trkpt lat="29.98416001908481121063232421875" lon="103.83096811361610889434814453125">
        <ele>397.79998779296875</ele>
        <time>2026-10-03T01:28:13.000Z</time>
        <extensions>
          <ns3:TrackPointExtension>
            <ns3:hr>170</ns3:hr>
            <ns3:cad>90</ns3:cad>
          </ns3:TrackPointExtension>
        </extensions>
      </trkpt>
      <trkpt lat="29.9841879308223724365234375" lon="103.83097146637737751007080078125">
        <ele>397.79998779296875</ele>
        <time>2026-10-03T01:28:14.000Z</time>
        <extensions>
          <ns3:TrackPointExtension>
            <ns3:hr>170</ns3:hr>
            <ns3:cad>90</ns3:cad>
          </ns3:TrackPointExtension>
        </extensions>
      </trkpt>
      <trkpt lat="29.984224140644073486328125" lon="103.83097314275801181793212890625">
        <ele>397.79998779296875</ele>
        <time>2026-10-03T01:28:15.000Z</time>
        <extensions>
          <ns3:TrackPointExtension>
            <ns3:hr>170</ns3:hr>
            <ns3:cad>90</ns3:cad>
          </ns3:TrackPointExtension>
        </extensions>
      </trkpt>
      <trkpt lat="29.98424869962036609649658203125" lon="103.8309614919126033782958984375">
        <ele>397.79998779296875</ele>
        <time>2026-10-03T01:28:16.000Z</time>
        <extensions>
          <ns3:TrackPointExtension>
            <ns3:hr>170</ns3:hr>
            <ns3:cad>90</ns3:cad>
          </ns3:TrackPointExtension>
        </extensions>
      </trkpt>
      <trkpt lat="29.98428742401301860809326171875" lon="103.830953948199748992919921875">
        <ele>397.79998779296875</ele>
        <time>2026-10-03T01:28:17.000Z</time>
        <extensions>
          <ns3:TrackPointExtension>
            <ns3:hr>170</ns3:hr>
            <ns3:cad>90</ns3:cad>
          </ns3:TrackPointExtension>
        </extensions>
      </trkpt>
      <trkpt lat="29.98431055806577205657958984375" lon="103.83094246499240398406982421875">
        <ele>397.79998779296875</ele>
        <time>2026-10-03T01:28:18.000Z</time>
        <extensions>
          <ns3:TrackPointExtension>
            <ns3:hr>171</ns3:hr>
            <ns3:cad>91</ns3:cad>
          </ns3:TrackPointExtension>
        </extensions>
      </trkpt>
      <trkpt lat="29.98434324748814105987548828125" lon="103.83092519827187061309814453125">
        <ele>397.79998779296875</ele>
        <time>2026-10-03T01:28:19.000Z</time>
        <extensions>
          <ns3:TrackPointExtension>
            <ns3:hr>171</ns3:hr>
            <ns3:cad>90</ns3:cad>
          </ns3:TrackPointExtension>
        </extensions>
      </trkpt>
      <trkpt lat="29.984361268579959869384765625" lon="103.83090223185718059539794921875">
        <ele>397.79998779296875</ele>
        <time>2026-10-03T01:28:20.000Z</time>
        <extensions>
          <ns3:TrackPointExtension>
            <ns3:hr>171</ns3:hr>
            <ns3:cad>90</ns3:cad>
          </ns3:TrackPointExtension>
        </extensions>
      </trkpt>
      <trkpt lat="29.98438448645174503326416015625" lon="103.8308699615299701690673828125">
        <ele>397.79998779296875</ele>
        <time>2026-10-03T01:28:21.000Z</time>
        <extensions>
          <ns3:TrackPointExtension>
            <ns3:hr>171</ns3:hr>
            <ns3:cad>90</ns3:cad>
          </ns3:TrackPointExtension>
        </extensions>
      </trkpt>
      <trkpt lat="29.9843926168978214263916015625" lon="103.83084339089691638946533203125">
        <ele>397.79998779296875</ele>
        <time>2026-10-03T01:28:22.000Z</time>
        <extensions>
          <ns3:TrackPointExtension>
            <ns3:hr>171</ns3:hr>
            <ns3:cad>90</ns3:cad>
          </ns3:TrackPointExtension>
        </extensions>
      </trkpt>
      <trkpt lat="29.9844056926667690277099609375" lon="103.8308049179613590240478515625">
        <ele>397.79998779296875</ele>
        <time>2026-10-03T01:28:23.000Z</time>
        <extensions>
          <ns3:TrackPointExtension>
            <ns3:hr>171</ns3:hr>
            <ns3:cad>90</ns3:cad>
          </ns3:TrackPointExtension>
        </extensions>
      </trkpt>
      <trkpt lat="29.98440275900065898895263671875" lon="103.83077834732830524444580078125">
        <ele>397.79998779296875</ele>
        <time>2026-10-03T01:28:24.000Z</time>
        <extensions>
          <ns3:TrackPointExtension>
            <ns3:hr>171</ns3:hr>
            <ns3:cad>90</ns3:cad>
          </ns3:TrackPointExtension>
        </extensions>
      </trkpt>
      <trkpt lat="29.98440527357161045074462890625" lon="103.83073559962213039398193359375">
        <ele>397.79998779296875</ele>
        <time>2026-10-03T01:28:25.000Z</time>
        <extensions>
          <ns3:TrackPointExtension>
            <ns3:hr>171</ns3:hr>
            <ns3:cad>90</ns3:cad>
          </ns3:TrackPointExtension>
        </extensions>
      </trkpt>
      <trkpt lat="29.984398148953914642333984375" lon="103.83070793934166431427001953125">
        <ele>397.79998779296875</ele>
        <time>2026-10-03T01:28:26.000Z</time>
        <extensions>
          <ns3:TrackPointExtension>
            <ns3:hr>172</ns3:hr>
            <ns3:cad>90</ns3:cad>
          </ns3:TrackPointExtension>
        </extensions>
      </trkpt>
      <trkpt lat="29.984396807849407196044921875" lon="103.8306667841970920562744140625">
        <ele>397.79998779296875</ele>
        <time>2026-10-03T01:28:27.000Z</time>
        <extensions>
          <ns3:TrackPointExtension>
            <ns3:hr>171</ns3:hr>
            <ns3:cad>90</ns3:cad>
          </ns3:TrackPointExtension>
        </extensions>
      </trkpt>
      <trkpt lat="29.98439236544072628021240234375" lon="103.83063577115535736083984375">
        <ele>397.79998779296875</ele>
        <time>2026-10-03T01:28:28.000Z</time>
        <extensions>
          <ns3:TrackPointExtension>
            <ns3:hr>171</ns3:hr>
            <ns3:cad>90</ns3:cad>
          </ns3:TrackPointExtension>
        </extensions>
      </trkpt>
      <trkpt lat="29.98439169488847255706787109375" lon="103.83059863932430744171142578125">
        <ele>398</ele>
        <time>2026-10-03T01:28:29.000Z</time>
        <extensions>
          <ns3:TrackPointExtension>
            <ns3:hr>171</ns3:hr>
            <ns3:cad>90</ns3:cad>
          </ns3:TrackPointExtension>
        </extensions>
      </trkpt>
      <trkpt lat="29.9843864142894744873046875" lon="103.83057081140577793121337890625">
        <ele>398.20001220703125</ele>
        <time>2026-10-03T01:28:30.000Z</time>
        <extensions>
          <ns3:TrackPointExtension>
            <ns3:hr>171</ns3:hr>
            <ns3:cad>90</ns3:cad>
          </ns3:TrackPointExtension>
        </extensions>
      </trkpt>
      <trkpt lat="29.98438213951885700225830078125" lon="103.83052772842347621917724609375">
        <ele>398.20001220703125</ele>
        <time>2026-10-03T01:28:31.000Z</time>
        <extensions>
          <ns3:TrackPointExtension>
            <ns3:hr>171</ns3:hr>
            <ns3:cad>90</ns3:cad>
          </ns3:TrackPointExtension>
        </extensions>
      </trkpt>
      <trkpt lat="29.98437501490116119384765625" lon="103.83050174452364444732666015625">
        <ele>398.20001220703125</ele>
        <time>2026-10-03T01:28:32.000Z</time>
        <extensions>
          <ns3:TrackPointExtension>
            <ns3:hr>171</ns3:hr>
            <ns3:cad>90</ns3:cad>
          </ns3:TrackPointExtension>
        </extensions>
      </trkpt>
      <trkpt lat="29.98437769711017608642578125" lon="103.8304626010358333587646484375">
        <ele>398.20001220703125</ele>
        <time>2026-10-03T01:28:33.000Z</time>
        <extensions>
          <ns3:TrackPointExtension>
            <ns3:hr>171</ns3:hr>
            <ns3:cad>90</ns3:cad>
          </ns3:TrackPointExtension>
        </extensions>
      </trkpt>
      <trkpt lat="29.98437694273889064788818359375" lon="103.8304367847740650177001953125">
        <ele>398</ele>
        <time>2026-10-03T01:28:34.000Z</time>
        <extensions>
          <ns3:TrackPointExtension>
            <ns3:hr>170</ns3:hr>
            <ns3:cad>90</ns3:cad>
          </ns3:TrackPointExtension>
        </extensions>
      </trkpt>
      <trkpt lat="29.984378702938556671142578125" lon="103.83039579726755619049072265625">
        <ele>397.79998779296875</ele>
        <time>2026-10-03T01:28:35.000Z</time>
        <extensions>
          <ns3:TrackPointExtension>
            <ns3:hr>170</ns3:hr>
            <ns3:cad>90</ns3:cad>
          </ns3:TrackPointExtension>
        </extensions>
      </trkpt>
      <trkpt lat="29.98437711037695407867431640625" lon="103.8303695619106292724609375">
        <ele>397.79998779296875</ele>
        <time>2026-10-03T01:28:36.000Z</time>
        <extensions>
          <ns3:TrackPointExtension>
            <ns3:hr>170</ns3:hr>
            <ns3:cad>90</ns3:cad>
          </ns3:TrackPointExtension>
        </extensions>
      </trkpt>
      <trkpt lat="29.98437702655792236328125" lon="103.83032865822315216064453125">
        <ele>398</ele>
        <time>2026-10-03T01:28:37.000Z</time>
        <extensions>
          <ns3:TrackPointExtension>
            <ns3:hr>170</ns3:hr>
            <ns3:cad>90</ns3:cad>
          </ns3:TrackPointExtension>
        </extensions>
      </trkpt>
      <trkpt lat="29.98436772264540195465087890625" lon="103.83030761964619159698486328125">
        <ele>398</ele>
        <time>2026-10-03T01:28:38.000Z</time>
        <extensions>
          <ns3:TrackPointExtension>
            <ns3:hr>171</ns3:hr>
            <ns3:cad>90</ns3:cad>
          </ns3:TrackPointExtension>
        </extensions>
      </trkpt>
      <trkpt lat="29.9843513779342174530029296875" lon="103.8303070329129695892333984375">
        <ele>398</ele>
        <time>2026-10-03T01:28:39.000Z</time>
        <extensions>
          <ns3:TrackPointExtension>
            <ns3:hr>171</ns3:hr>
            <ns3:cad>90</ns3:cad>
          </ns3:TrackPointExtension>
        </extensions>
      </trkpt>
      <trkpt lat="29.98434551060199737548828125" lon="103.8303224556148052215576171875">
        <ele>398</ele>
        <time>2026-10-03T01:28:40.000Z</time>
        <extensions>
          <ns3:TrackPointExtension>
            <ns3:hr>171</ns3:hr>
            <ns3:cad>89</ns3:cad>
          </ns3:TrackPointExtension>
        </extensions>
      </trkpt>
      <trkpt lat="29.98435028828680515289306640625" lon="103.8303569890558719635009765625">
        <ele>398</ele>
        <time>2026-10-03T01:28:41.000Z</time>
        <extensions>
          <ns3:TrackPointExtension>
            <ns3:hr>171</ns3:hr>
            <ns3:cad>89</ns3:cad>
          </ns3:TrackPointExtension>
        </extensions>
      </trkpt>
      <trkpt lat="29.9843527190387248992919921875" lon="103.83038741536438465118408203125">
        <ele>398</ele>
        <time>2026-10-03T01:28:42.000Z</time>
        <extensions>
          <ns3:TrackPointExtension>
            <ns3:hr>172</ns3:hr>
            <ns3:cad>88</ns3:cad>
          </ns3:TrackPointExtension>
        </extensions>
      </trkpt>
      <trkpt lat="29.98435799963772296905517578125" lon="103.83041960187256336212158203125">
        <ele>398</ele>
        <time>2026-10-03T01:28:43.000Z</time>
        <extensions>
          <ns3:TrackPointExtension>
            <ns3:hr>171</ns3:hr>
            <ns3:cad>87</ns3:cad>
          </ns3:TrackPointExtension>
        </extensions>
      </trkpt>
      <trkpt lat="29.98436017893254756927490234375" lon="103.83044793270528316497802734375">
        <ele>398</ele>
        <time>2026-10-03T01:28:44.000Z</time>
        <extensions>
          <ns3:TrackPointExtension>
            <ns3:hr>171</ns3:hr>
            <ns3:cad>87</ns3:cad>
          </ns3:TrackPointExtension>
        </extensions>
      </trkpt>
      <trkpt lat="29.98436571098864078521728515625" lon="103.83047793991863727569580078125">
        <ele>398</ele>
        <time>2026-10-03T01:28:45.000Z</time>
        <extensions>
          <ns3:TrackPointExtension>
            <ns3:hr>171</ns3:hr>
            <ns3:cad>88</ns3:cad>
          </ns3:TrackPointExtension>
        </extensions>
      </trkpt>
      <trkpt lat="29.98436872847378253936767578125" lon="103.83050811477005481719970703125">
        <ele>398</ele>
        <time>2026-10-03T01:28:46.000Z</time>
        <extensions>
          <ns3:TrackPointExtension>
            <ns3:hr>171</ns3:hr>
            <ns3:cad>89</ns3:cad>
          </ns3:TrackPointExtension>
        </extensions>
      </trkpt>
      <trkpt lat="29.9843745119869709014892578125" lon="103.8305393792688846588134765625">
        <ele>398</ele>
        <time>2026-10-03T01:28:47.000Z</time>
        <extensions>
          <ns3:TrackPointExtension>
            <ns3:hr>171</ns3:hr>
            <ns3:cad>89</ns3:cad>
          </ns3:TrackPointExtension>
        </extensions>
      </trkpt>
      <trkpt lat="29.98437711037695407867431640625" lon="103.83057299070060253143310546875">
        <ele>398</ele>
        <time>2026-10-03T01:28:48.000Z</time>
        <extensions>
          <ns3:TrackPointExtension>
            <ns3:hr>170</ns3:hr>
            <ns3:cad>89</ns3:cad>
          </ns3:TrackPointExtension>
        </extensions>
      </trkpt>
      <trkpt lat="29.98437979258596897125244140625" lon="103.83060635067522525787353515625">
        <ele>397.79998779296875</ele>
        <time>2026-10-03T01:28:49.000Z</time>
        <extensions>
          <ns3:TrackPointExtension>
            <ns3:hr>170</ns3:hr>
            <ns3:cad>89</ns3:cad>
          </ns3:TrackPointExtension>
        </extensions>
      </trkpt>
      <trkpt lat="29.98438180424273014068603515625" lon="103.83064247667789459228515625">
        <ele>398</ele>
        <time>2026-10-03T01:28:50.000Z</time>
        <extensions>
          <ns3:TrackPointExtension>
            <ns3:hr>170</ns3:hr>
            <ns3:cad>89</ns3:cad>
          </ns3:TrackPointExtension>
        </extensions>
      </trkpt>
      <trkpt lat="29.98438775539398193359375" lon="103.83067608810961246490478515625">
        <ele>398</ele>
        <time>2026-10-03T01:28:51.000Z</time>
        <extensions>
          <ns3:TrackPointExtension>
            <ns3:hr>170</ns3:hr>
            <ns3:cad>90</ns3:cad>
          </ns3:TrackPointExtension>
        </extensions>
      </trkpt>
      <trkpt lat="29.98438800685107707977294921875" lon="103.83070886135101318359375">
        <ele>398</ele>
        <time>2026-10-03T01:28:52.000Z</time>
        <extensions>
          <ns3:TrackPointExtension>
            <ns3:hr>170</ns3:hr>
            <ns3:cad>90</ns3:cad>
          </ns3:TrackPointExtension>
        </extensions>
      </trkpt>
      <trkpt lat="29.98439052142202854156494140625" lon="103.830746747553348541259765625">
        <ele>397.79998779296875</ele>
        <time>2026-10-03T01:28:53.000Z</time>
        <extensions>
          <ns3:TrackPointExtension>
            <ns3:hr>170</ns3:hr>
            <ns3:cad>90</ns3:cad>
          </ns3:TrackPointExtension>
        </extensions>
      </trkpt>
      <trkpt lat="29.984384067356586456298828125" lon="103.8307799398899078369140625">
        <ele>398</ele>
        <time>2026-10-03T01:28:54.000Z</time>
        <extensions>
          <ns3:TrackPointExtension>
            <ns3:hr>170</ns3:hr>
            <ns3:cad>89</ns3:cad>
          </ns3:TrackPointExtension>
        </extensions>
      </trkpt>
      <trkpt lat="29.9843755178153514862060546875" lon="103.83081036619842052459716796875">
        <ele>398</ele>
        <time>2026-10-03T01:28:55.000Z</time>
        <extensions>
          <ns3:TrackPointExtension>
            <ns3:hr>170</ns3:hr>
            <ns3:cad>89</ns3:cad>
          </ns3:TrackPointExtension>
        </extensions>
      </trkpt>
      <trkpt lat="29.98436319641768932342529296875" lon="103.83083785884082317352294921875">
        <ele>398</ele>
        <time>2026-10-03T01:28:56.000Z</time>
        <extensions>
          <ns3:TrackPointExtension>
            <ns3:hr>171</ns3:hr>
            <ns3:cad>90</ns3:cad>
          </ns3:TrackPointExtension>
        </extensions>
      </trkpt>
      <trkpt lat="29.98434693552553653717041015625" lon="103.83087105117738246917724609375">
        <ele>398</ele>
        <time>2026-10-03T01:28:57.000Z</time>
        <extensions>
          <ns3:TrackPointExtension>
            <ns3:hr>170</ns3:hr>
            <ns3:cad>90</ns3:cad>
          </ns3:TrackPointExtension>
        </extensions>
      </trkpt>
      <trkpt lat="29.98432564549148082733154296875" lon="103.83088965900242328643798828125">
        <ele>398</ele>
        <time>2026-10-03T01:28:58.000Z</time>
        <extensions>
          <ns3:TrackPointExtension>
            <ns3:hr>171</ns3:hr>
            <ns3:cad>90</ns3:cad>
          </ns3:TrackPointExtension>
        </extensions>
      </trkpt>
      <trkpt lat="29.9842990748584270477294921875" lon="103.83090642280876636505126953125">
        <ele>398</ele>
        <time>2026-10-03T01:28:59.000Z</time>
        <extensions>
          <ns3:TrackPointExtension>
            <ns3:hr>171</ns3:hr>
            <ns3:cad>91</ns3:cad>
          </ns3:TrackPointExtension>
        </extensions>
      </trkpt>
      <trkpt lat="29.9842776171863079071044921875" lon="103.8309132121503353118896484375">
        <ele>398</ele>
        <time>2026-10-03T01:29:00.000Z</time>
        <extensions>
          <ns3:TrackPointExtension>
            <ns3:hr>171</ns3:hr>
            <ns3:cad>91</ns3:cad>
          </ns3:TrackPointExtension>
        </extensions>
      </trkpt>
      <trkpt lat="29.98424668796360492706298828125" lon="103.8309219293296337127685546875">
        <ele>398</ele>
        <time>2026-10-03T01:29:01.000Z</time>
        <extensions>
          <ns3:TrackPointExtension>
            <ns3:hr>171</ns3:hr>
            <ns3:cad>90</ns3:cad>
          </ns3:TrackPointExtension>
        </extensions>
      </trkpt>
      <trkpt lat="29.984221793711185455322265625" lon="103.83092603646218776702880859375">
        <ele>397.79998779296875</ele>
        <time>2026-10-03T01:29:02.000Z</time>
        <extensions>
          <ns3:TrackPointExtension>
            <ns3:hr>171</ns3:hr>
            <ns3:cad>89</ns3:cad>
          </ns3:TrackPointExtension>
        </extensions>
      </trkpt>
      <trkpt lat="29.98419036157429218292236328125" lon="103.830933161079883575439453125">
        <ele>397.79998779296875</ele>
        <time>2026-10-03T01:29:03.000Z</time>
        <extensions>
          <ns3:TrackPointExtension>
            <ns3:hr>170</ns3:hr>
            <ns3:cad>89</ns3:cad>
          </ns3:TrackPointExtension>
        </extensions>
      </trkpt>
      <trkpt lat="29.98416203074157238006591796875" lon="103.83093827404081821441650390625">
        <ele>398</ele>
        <time>2026-10-03T01:29:04.000Z</time>
        <extensions>
          <ns3:TrackPointExtension>
            <ns3:hr>171</ns3:hr>
            <ns3:cad>89</ns3:cad>
          </ns3:TrackPointExtension>
        </extensions>
      </trkpt>
      <trkpt lat="29.98412917368113994598388671875" lon="103.830942548811435699462890625">
        <ele>398</ele>
        <time>2026-10-03T01:29:05.000Z</time>
        <extensions>
          <ns3:TrackPointExtension>
            <ns3:hr>171</ns3:hr>
            <ns3:cad>90</ns3:cad>
          </ns3:TrackPointExtension>
        </extensions>
      </trkpt>
      <trkpt lat="29.9841026030480861663818359375" lon="103.8309393636882305145263671875">
        <ele>398</ele>
        <time>2026-10-03T01:29:06.000Z</time>
        <extensions>
          <ns3:TrackPointExtension>
            <ns3:hr>170</ns3:hr>
            <ns3:cad>90</ns3:cad>
          </ns3:TrackPointExtension>
        </extensions>
      </trkpt>
      <trkpt lat="29.9840717576444149017333984375" lon="103.8309309817850589752197265625">
        <ele>398</ele>
        <time>2026-10-03T01:29:07.000Z</time>
        <extensions>
          <ns3:TrackPointExtension>
            <ns3:hr>171</ns3:hr>
            <ns3:cad>90</ns3:cad>
          </ns3:TrackPointExtension>
        </extensions>
      </trkpt>
      <trkpt lat="29.98404418118298053741455078125" lon="103.83091933093965053558349609375">
        <ele>398</ele>
        <time>2026-10-03T01:29:08.000Z</time>
        <extensions>
          <ns3:TrackPointExtension>
            <ns3:hr>171</ns3:hr>
            <ns3:cad>90</ns3:cad>
          </ns3:TrackPointExtension>
        </extensions>
      </trkpt>
      <trkpt lat="29.9840207956731319427490234375" lon="103.83090206421911716461181640625">
        <ele>398</ele>
        <time>2026-10-03T01:29:09.000Z</time>
        <extensions>
          <ns3:TrackPointExtension>
            <ns3:hr>171</ns3:hr>
            <ns3:cad>90</ns3:cad>
          </ns3:TrackPointExtension>
        </extensions>
      </trkpt>
      <trkpt lat="29.98400093056261539459228515625" lon="103.83087993599474430084228515625">
        <ele>398</ele>
        <time>2026-10-03T01:29:10.000Z</time>
        <extensions>
          <ns3:TrackPointExtension>
            <ns3:hr>171</ns3:hr>
            <ns3:cad>89</ns3:cad>
          </ns3:TrackPointExtension>
        </extensions>
      </trkpt>
      <trkpt lat="29.98398366384208202362060546875" lon="103.83085847832262516021728515625">
        <ele>398</ele>
        <time>2026-10-03T01:29:11.000Z</time>
        <extensions>
          <ns3:TrackPointExtension>
            <ns3:hr>171</ns3:hr>
            <ns3:cad>89</ns3:cad>
          </ns3:TrackPointExtension>
        </extensions>
      </trkpt>
      <trkpt lat="29.98397762887179851531982421875" lon="103.83082277141511440277099609375">
        <ele>398</ele>
        <time>2026-10-03T01:29:12.000Z</time>
        <extensions>
          <ns3:TrackPointExtension>
            <ns3:hr>171</ns3:hr>
            <ns3:cad>88</ns3:cad>
          </ns3:TrackPointExtension>
        </extensions>
      </trkpt>
      <trkpt lat="29.98396773822605609893798828125" lon="103.83079536259174346923828125">
        <ele>398</ele>
        <time>2026-10-03T01:29:13.000Z</time>
        <extensions>
          <ns3:TrackPointExtension>
            <ns3:hr>171</ns3:hr>
            <ns3:cad>88</ns3:cad>
          </ns3:TrackPointExtension>
        </extensions>
      </trkpt>
      <trkpt lat="29.9839634634554386138916015625" lon="103.83076376281678676605224609375">
        <ele>398</ele>
        <time>2026-10-03T01:29:14.000Z</time>
        <extensions>
          <ns3:TrackPointExtension>
            <ns3:hr>171</ns3:hr>
            <ns3:cad>88</ns3:cad>
          </ns3:TrackPointExtension>
        </extensions>
      </trkpt>
      <trkpt lat="29.98395767994225025177001953125" lon="103.83073476143181324005126953125">
        <ele>398</ele>
        <time>2026-10-03T01:29:15.000Z</time>
        <extensions>
          <ns3:TrackPointExtension>
            <ns3:hr>171</ns3:hr>
            <ns3:cad>88</ns3:cad>
          </ns3:TrackPointExtension>
        </extensions>
      </trkpt>
      <trkpt lat="29.98395784758031368255615234375" lon="103.83069804869592189788818359375">
        <ele>398</ele>
        <time>2026-10-03T01:29:16.000Z</time>
        <extensions>
          <ns3:TrackPointExtension>
            <ns3:hr>171</ns3:hr>
            <ns3:cad>88</ns3:cad>
          </ns3:TrackPointExtension>
        </extensions>
      </trkpt>
      <trkpt lat="29.98395265080034732818603515625" lon="103.83067407645285129547119140625">
        <ele>398</ele>
        <time>2026-10-03T01:29:17.000Z</time>
        <extensions>
          <ns3:TrackPointExtension>
            <ns3:hr>171</ns3:hr>
            <ns3:cad>89</ns3:cad>
          </ns3:TrackPointExtension>
        </extensions>
      </trkpt>
      <trkpt lat="29.9839537404477596282958984375" lon="103.83063711225986480712890625">
        <ele>398</ele>
        <time>2026-10-03T01:29:18.000Z</time>
        <extensions>
          <ns3:TrackPointExtension>
            <ns3:hr>171</ns3:hr>
            <ns3:cad>89</ns3:cad>
          </ns3:TrackPointExtension>
        </extensions>
      </trkpt>
      <trkpt lat="29.983946867287158966064453125" lon="103.83061272092163562774658203125">
        <ele>398</ele>
        <time>2026-10-03T01:29:19.000Z</time>
        <extensions>
          <ns3:TrackPointExtension>
            <ns3:hr>171</ns3:hr>
            <ns3:cad>89</ns3:cad>
          </ns3:TrackPointExtension>
        </extensions>
      </trkpt>
      <trkpt lat="29.98395122587680816650390625" lon="103.8305799476802349090576171875">
        <ele>398</ele>
        <time>2026-10-03T01:29:20.000Z</time>
        <extensions>
          <ns3:TrackPointExtension>
            <ns3:hr>171</ns3:hr>
            <ns3:cad>89</ns3:cad>
          </ns3:TrackPointExtension>
        </extensions>
      </trkpt>
      <trkpt lat="29.9839460290968418121337890625" lon="103.83055723272264003753662109375">
        <ele>398</ele>
        <time>2026-10-03T01:29:21.000Z</time>
        <extensions>
          <ns3:TrackPointExtension>
            <ns3:hr>171</ns3:hr>
            <ns3:cad>89</ns3:cad>
          </ns3:TrackPointExtension>
        </extensions>
      </trkpt>
      <trkpt lat="29.98395147733390331268310546875" lon="103.83052177727222442626953125">
        <ele>398</ele>
        <time>2026-10-03T01:29:22.000Z</time>
        <extensions>
          <ns3:TrackPointExtension>
            <ns3:hr>171</ns3:hr>
            <ns3:cad>89</ns3:cad>
          </ns3:TrackPointExtension>
        </extensions>
      </trkpt>
      <trkpt lat="29.9839423410594463348388671875" lon="103.830499984323978424072265625">
        <ele>398</ele>
        <time>2026-10-03T01:29:23.000Z</time>
        <extensions>
          <ns3:TrackPointExtension>
            <ns3:hr>171</ns3:hr>
            <ns3:cad>89</ns3:cad>
          </ns3:TrackPointExtension>
        </extensions>
      </trkpt>
      <trkpt lat="29.98394049704074859619140625" lon="103.83046142756938934326171875">
        <ele>398</ele>
        <time>2026-10-03T01:29:24.000Z</time>
        <extensions>
          <ns3:TrackPointExtension>
            <ns3:hr>171</ns3:hr>
            <ns3:cad>89</ns3:cad>
          </ns3:TrackPointExtension>
        </extensions>
      </trkpt>
      <trkpt lat="29.9839356355369091033935546875" lon="103.8304347731173038482666015625">
        <ele>398</ele>
        <time>2026-10-03T01:29:25.000Z</time>
        <extensions>
          <ns3:TrackPointExtension>
            <ns3:hr>171</ns3:hr>
            <ns3:cad>89</ns3:cad>
          </ns3:TrackPointExtension>
        </extensions>
      </trkpt>
      <trkpt lat="29.9839359708130359649658203125" lon="103.83039646781980991363525390625">
        <ele>398</ele>
        <time>2026-10-03T01:29:26.000Z</time>
        <extensions>
          <ns3:TrackPointExtension>
            <ns3:hr>170</ns3:hr>
            <ns3:cad>89</ns3:cad>
          </ns3:TrackPointExtension>
        </extensions>
      </trkpt>
      <trkpt lat="29.98392951674759387969970703125" lon="103.8303707353770732879638671875">
        <ele>398</ele>
        <time>2026-10-03T01:29:27.000Z</time>
        <extensions>
          <ns3:TrackPointExtension>
            <ns3:hr>170</ns3:hr>
            <ns3:cad>89</ns3:cad>
          </ns3:TrackPointExtension>
        </extensions>
      </trkpt>
      <trkpt lat="29.98393203131854534149169921875" lon="103.83033209480345249176025390625">
        <ele>398</ele>
        <time>2026-10-03T01:29:28.000Z</time>
        <extensions>
          <ns3:TrackPointExtension>
            <ns3:hr>170</ns3:hr>
            <ns3:cad>89</ns3:cad>
          </ns3:TrackPointExtension>
        </extensions>
      </trkpt>
      <trkpt lat="29.98392708599567413330078125" lon="103.8303063623607158660888671875">
        <ele>397.79998779296875</ele>
        <time>2026-10-03T01:29:29.000Z</time>
        <extensions>
          <ns3:TrackPointExtension>
            <ns3:hr>170</ns3:hr>
            <ns3:cad>89</ns3:cad>
          </ns3:TrackPointExtension>
        </extensions>
      </trkpt>
      <trkpt lat="29.98392314650118350982666015625" lon="103.83026956580579280853271484375">
        <ele>397.79998779296875</ele>
        <time>2026-10-03T01:29:30.000Z</time>
        <extensions>
          <ns3:TrackPointExtension>
            <ns3:hr>170</ns3:hr>
            <ns3:cad>89</ns3:cad>
          </ns3:TrackPointExtension>
        </extensions>
      </trkpt>
      <trkpt lat="29.983916021883487701416015625" lon="103.83024726994335651397705078125">
        <ele>397.79998779296875</ele>
        <time>2026-10-03T01:29:31.000Z</time>
        <extensions>
          <ns3:TrackPointExtension>
            <ns3:hr>169</ns3:hr>
            <ns3:cad>89</ns3:cad>
          </ns3:TrackPointExtension>
        </extensions>
      </trkpt>
      <trkpt lat="29.98390286229550838470458984375" lon="103.83023804984986782073974609375">
        <ele>397.79998779296875</ele>
        <time>2026-10-03T01:29:32.000Z</time>
        <extensions>
          <ns3:TrackPointExtension>
            <ns3:hr>169</ns3:hr>
            <ns3:cad>90</ns3:cad>
          </ns3:TrackPointExtension>
        </extensions>
      </trkpt>
      <trkpt lat="29.98389380984008312225341796875" lon="103.8302595913410186767578125">
        <ele>398</ele>
        <time>2026-10-03T01:29:33.000Z</time>
        <extensions>
          <ns3:TrackPointExtension>
            <ns3:hr>169</ns3:hr>
            <ns3:cad>90</ns3:cad>
          </ns3:TrackPointExtension>
        </extensions>
      </trkpt>
      <trkpt lat="29.98389649204909801483154296875" lon="103.830285407602787017822265625">
        <ele>398.399993896484375</ele>
        <time>2026-10-03T01:29:34.000Z</time>
        <extensions>
          <ns3:TrackPointExtension>
            <ns3:hr>169</ns3:hr>
            <ns3:cad>89</ns3:cad>
          </ns3:TrackPointExtension>
        </extensions>
      </trkpt>
      <trkpt lat="29.9839017726480960845947265625" lon="103.83031130768358707427978515625">
        <ele>398.399993896484375</ele>
        <time>2026-10-03T01:29:35.000Z</time>
        <extensions>
          <ns3:TrackPointExtension>
            <ns3:hr>169</ns3:hr>
            <ns3:cad>88</ns3:cad>
          </ns3:TrackPointExtension>
        </extensions>
      </trkpt>
      <trkpt lat="29.9839064665138721466064453125" lon="103.83034181781113147735595703125">
        <ele>398.600006103515625</ele>
        <time>2026-10-03T01:29:36.000Z</time>
        <extensions>
          <ns3:TrackPointExtension>
            <ns3:hr>169</ns3:hr>
            <ns3:cad>88</ns3:cad>
          </ns3:TrackPointExtension>
        </extensions>
      </trkpt>
      <trkpt lat="29.98390655033290386199951171875" lon="103.83037216030061244964599609375">
        <ele>398.399993896484375</ele>
        <time>2026-10-03T01:29:37.000Z</time>
        <extensions>
          <ns3:TrackPointExtension>
            <ns3:hr>169</ns3:hr>
            <ns3:cad>87</ns3:cad>
          </ns3:TrackPointExtension>
        </extensions>
      </trkpt>
      <trkpt lat="29.9839068017899990081787109375" lon="103.83040300570428371429443359375">
        <ele>398.20001220703125</ele>
        <time>2026-10-03T01:29:38.000Z</time>
        <extensions>
          <ns3:TrackPointExtension>
            <ns3:hr>168</ns3:hr>
            <ns3:cad>87</ns3:cad>
          </ns3:TrackPointExtension>
        </extensions>
      </trkpt>
      <trkpt lat="29.98390537686645984649658203125" lon="103.83043452166020870208740234375">
        <ele>398</ele>
        <time>2026-10-03T01:29:39.000Z</time>
        <extensions>
          <ns3:TrackPointExtension>
            <ns3:hr>168</ns3:hr>
            <ns3:cad>87</ns3:cad>
          </ns3:TrackPointExtension>
        </extensions>
      </trkpt>
      <trkpt lat="29.98390839435160160064697265625" lon="103.8304683007299900054931640625">
        <ele>397.79998779296875</ele>
        <time>2026-10-03T01:29:40.000Z</time>
        <extensions>
          <ns3:TrackPointExtension>
            <ns3:hr>168</ns3:hr>
            <ns3:cad>89</ns3:cad>
          </ns3:TrackPointExtension>
        </extensions>
      </trkpt>
      <trkpt lat="29.98390965163707733154296875" lon="103.83050191216170787811279296875">
        <ele>397.600006103515625</ele>
        <time>2026-10-03T01:29:41.000Z</time>
        <extensions>
          <ns3:TrackPointExtension>
            <ns3:hr>168</ns3:hr>
            <ns3:cad>89</ns3:cad>
          </ns3:TrackPointExtension>
        </extensions>
      </trkpt>
      <trkpt lat="29.98391459695994853973388671875" lon="103.83053510449826717376708984375">
        <ele>397.600006103515625</ele>
        <time>2026-10-03T01:29:42.000Z</time>
        <extensions>
          <ns3:TrackPointExtension>
            <ns3:hr>168</ns3:hr>
            <ns3:cad>89</ns3:cad>
          </ns3:TrackPointExtension>
        </extensions>
      </trkpt>
      <trkpt lat="29.9839168600738048553466796875" lon="103.83056762628257274627685546875">
        <ele>397.79998779296875</ele>
        <time>2026-10-03T01:29:43.000Z</time>
        <extensions>
          <ns3:TrackPointExtension>
            <ns3:hr>168</ns3:hr>
            <ns3:cad>89</ns3:cad>
          </ns3:TrackPointExtension>
        </extensions>
      </trkpt>
      <trkpt lat="29.98391878791153430938720703125" lon="103.83059344254434108734130859375">
        <ele>398</ele>
        <time>2026-10-03T01:29:44.000Z</time>
        <extensions>
          <ns3:TrackPointExtension>
            <ns3:hr>168</ns3:hr>
            <ns3:cad>89</ns3:cad>
          </ns3:TrackPointExtension>
        </extensions>
      </trkpt>
      <trkpt lat="29.983918368816375732421875" lon="103.83062294684350490570068359375">
        <ele>398</ele>
        <time>2026-10-03T01:29:45.000Z</time>
        <extensions>
          <ns3:TrackPointExtension>
            <ns3:hr>167</ns3:hr>
            <ns3:cad>89</ns3:cad>
          </ns3:TrackPointExtension>
        </extensions>
      </trkpt>
      <trkpt lat="29.98392012901604175567626953125" lon="103.830654211342334747314453125">
        <ele>398.20001220703125</ele>
        <time>2026-10-03T01:29:46.000Z</time>
        <extensions>
          <ns3:TrackPointExtension>
            <ns3:hr>167</ns3:hr>
            <ns3:cad>89</ns3:cad>
          </ns3:TrackPointExtension>
        </extensions>
      </trkpt>
      <trkpt lat="29.98392038047313690185546875" lon="103.830680362880229949951171875">
        <ele>398</ele>
        <time>2026-10-03T01:29:47.000Z</time>
        <extensions>
          <ns3:TrackPointExtension>
            <ns3:hr>167</ns3:hr>
            <ns3:cad>89</ns3:cad>
          </ns3:TrackPointExtension>
        </extensions>
      </trkpt>
      <trkpt lat="29.9839185364544391632080078125" lon="103.830712549388408660888671875">
        <ele>398</ele>
        <time>2026-10-03T01:29:48.000Z</time>
        <extensions>
          <ns3:TrackPointExtension>
            <ns3:hr>166</ns3:hr>
            <ns3:cad>89</ns3:cad>
          </ns3:TrackPointExtension>
        </extensions>
      </trkpt>
      <trkpt lat="29.98391778208315372467041015625" lon="103.83074381388723850250244140625">
        <ele>397.79998779296875</ele>
        <time>2026-10-03T01:29:49.000Z</time>
        <extensions>
          <ns3:TrackPointExtension>
            <ns3:hr>166</ns3:hr>
            <ns3:cad>89</ns3:cad>
          </ns3:TrackPointExtension>
        </extensions>
      </trkpt>
      <trkpt lat="29.98391635715961456298828125" lon="103.830778934061527252197265625">
        <ele>397.79998779296875</ele>
        <time>2026-10-03T01:29:50.000Z</time>
        <extensions>
          <ns3:TrackPointExtension>
            <ns3:hr>166</ns3:hr>
            <ns3:cad>89</ns3:cad>
          </ns3:TrackPointExtension>
        </extensions>
      </trkpt>
      <trkpt lat="29.98391929082572460174560546875" lon="103.83080969564616680145263671875">
        <ele>397.600006103515625</ele>
        <time>2026-10-03T01:29:51.000Z</time>
        <extensions>
          <ns3:TrackPointExtension>
            <ns3:hr>166</ns3:hr>
            <ns3:cad>89</ns3:cad>
          </ns3:TrackPointExtension>
        </extensions>
      </trkpt>
      <trkpt lat="29.98392582871019840240478515625" lon="103.83084221743047237396240234375">
        <ele>397.79998779296875</ele>
        <time>2026-10-03T01:29:52.000Z</time>
        <extensions>
          <ns3:TrackPointExtension>
            <ns3:hr>166</ns3:hr>
            <ns3:cad>89</ns3:cad>
          </ns3:TrackPointExtension>
        </extensions>
      </trkpt>
      <trkpt lat="29.98394041322171688079833984375" lon="103.83086887188255786895751953125">
        <ele>397.79998779296875</ele>
        <time>2026-10-03T01:29:53.000Z</time>
        <extensions>
          <ns3:TrackPointExtension>
            <ns3:hr>166</ns3:hr>
            <ns3:cad>90</ns3:cad>
          </ns3:TrackPointExtension>
        </extensions>
      </trkpt>
      <trkpt lat="29.98396237380802631378173828125" lon="103.830894939601421356201171875">
        <ele>397.79998779296875</ele>
        <time>2026-10-03T01:29:54.000Z</time>
        <extensions>
          <ns3:TrackPointExtension>
            <ns3:hr>165</ns3:hr>
            <ns3:cad>90</ns3:cad>
          </ns3:TrackPointExtension>
        </extensions>
      </trkpt>
      <trkpt lat="29.98398265801370143890380859375" lon="103.83091631345450878143310546875">
        <ele>397.79998779296875</ele>
        <time>2026-10-03T01:29:55.000Z</time>
        <extensions>
          <ns3:TrackPointExtension>
            <ns3:hr>165</ns3:hr>
            <ns3:cad>90</ns3:cad>
          </ns3:TrackPointExtension>
        </extensions>
      </trkpt>
      <trkpt lat="29.98400864191353321075439453125" lon="103.8309313170611858367919921875">
        <ele>397.79998779296875</ele>
        <time>2026-10-03T01:29:56.000Z</time>
        <extensions>
          <ns3:TrackPointExtension>
            <ns3:hr>165</ns3:hr>
            <ns3:cad>89</ns3:cad>
          </ns3:TrackPointExtension>
        </extensions>
      </trkpt>
      <trkpt lat="29.98403144069015979766845703125" lon="103.83094824850559234619140625">
        <ele>397.79998779296875</ele>
        <time>2026-10-03T01:29:57.000Z</time>
        <extensions>
          <ns3:TrackPointExtension>
            <ns3:hr>166</ns3:hr>
            <ns3:cad>89</ns3:cad>
          </ns3:TrackPointExtension>
        </extensions>
      </trkpt>
      <trkpt lat="29.98406387865543365478515625" lon="103.83095956407487392425537109375">
        <ele>397.79998779296875</ele>
        <time>2026-10-03T01:29:58.000Z</time>
        <extensions>
          <ns3:TrackPointExtension>
            <ns3:hr>166</ns3:hr>
            <ns3:cad>89</ns3:cad>
          </ns3:TrackPointExtension>
        </extensions>
      </trkpt>
      <trkpt lat="29.9840905331075191497802734375" lon="103.8309645093977451324462890625">
        <ele>397.79998779296875</ele>
        <time>2026-10-03T01:29:59.000Z</time>
        <extensions>
          <ns3:TrackPointExtension>
            <ns3:hr>166</ns3:hr>
            <ns3:cad>90</ns3:cad>
          </ns3:TrackPointExtension>
        </extensions>
      </trkpt>
      <trkpt lat="29.98412297107279300689697265625" lon="103.83096358738839626312255859375">
        <ele>397.79998779296875</ele>
        <time>2026-10-03T01:30:00.000Z</time>
        <extensions>
          <ns3:TrackPointExtension>
            <ns3:hr>166</ns3:hr>
            <ns3:cad>90</ns3:cad>
          </ns3:TrackPointExtension>
        </extensions>
      </trkpt>
      <trkpt lat="29.98414434492588043212890625" lon="103.83095772005617618560791015625">
        <ele>397.600006103515625</ele>
        <time>2026-10-03T01:30:01.000Z</time>
        <extensions>
          <ns3:TrackPointExtension>
            <ns3:hr>166</ns3:hr>
            <ns3:cad>90</ns3:cad>
          </ns3:TrackPointExtension>
        </extensions>
      </trkpt>
      <trkpt lat="29.98417644761502742767333984375" lon="103.8309574685990810394287109375">
        <ele>397.600006103515625</ele>
        <time>2026-10-03T01:30:02.000Z</time>
        <extensions>
          <ns3:TrackPointExtension>
            <ns3:hr>166</ns3:hr>
            <ns3:cad>90</ns3:cad>
          </ns3:TrackPointExtension>
        </extensions>
      </trkpt>
      <trkpt lat="29.98420746065676212310791015625" lon="103.8309510983526706695556640625">
        <ele>397.79998779296875</ele>
        <time>2026-10-03T01:30:03.000Z</time>
        <extensions>
          <ns3:TrackPointExtension>
            <ns3:hr>166</ns3:hr>
            <ns3:cad>90</ns3:cad>
          </ns3:TrackPointExtension>
        </extensions>
      </trkpt>
      <trkpt lat="29.984236545860767364501953125" lon="103.8309474103152751922607421875">
        <ele>397.79998779296875</ele>
        <time>2026-10-03T01:30:04.000Z</time>
        <extensions>
          <ns3:TrackPointExtension>
            <ns3:hr>167</ns3:hr>
            <ns3:cad>90</ns3:cad>
          </ns3:TrackPointExtension>
        </extensions>
      </trkpt>
      <trkpt lat="29.9842618592083454132080078125" lon="103.8309427164494991302490234375">
        <ele>397.79998779296875</ele>
        <time>2026-10-03T01:30:05.000Z</time>
        <extensions>
          <ns3:TrackPointExtension>
            <ns3:hr>167</ns3:hr>
            <ns3:cad>90</ns3:cad>
          </ns3:TrackPointExtension>
        </extensions>
      </trkpt>
      <trkpt lat="29.98429144732654094696044921875" lon="103.83093559183180332183837890625">
        <ele>397.79998779296875</ele>
        <time>2026-10-03T01:30:06.000Z</time>
        <extensions>
          <ns3:TrackPointExtension>
            <ns3:hr>167</ns3:hr>
            <ns3:cad>90</ns3:cad>
          </ns3:TrackPointExtension>
        </extensions>
      </trkpt>
      <trkpt lat="29.98431290499866008758544921875" lon="103.8309289701282978057861328125">
        <ele>397.79998779296875</ele>
        <time>2026-10-03T01:30:07.000Z</time>
        <extensions>
          <ns3:TrackPointExtension>
            <ns3:hr>167</ns3:hr>
            <ns3:cad>90</ns3:cad>
          </ns3:TrackPointExtension>
        </extensions>
      </trkpt>
      <trkpt lat="29.98434106819331645965576171875" lon="103.83090809918940067291259765625">
        <ele>397.79998779296875</ele>
        <time>2026-10-03T01:30:08.000Z</time>
        <extensions>
          <ns3:TrackPointExtension>
            <ns3:hr>167</ns3:hr>
            <ns3:cad>90</ns3:cad>
          </ns3:TrackPointExtension>
        </extensions>
      </trkpt>
      <trkpt lat="29.9843590892851352691650390625" lon="103.830890245735645294189453125">
        <ele>397.79998779296875</ele>
        <time>2026-10-03T01:30:09.000Z</time>
        <extensions>
          <ns3:TrackPointExtension>
            <ns3:hr>167</ns3:hr>
            <ns3:cad>90</ns3:cad>
          </ns3:TrackPointExtension>
        </extensions>
      </trkpt>
      <trkpt lat="29.98437711037695407867431640625" lon="103.8308639265596866607666015625">
        <ele>397.79998779296875</ele>
        <time>2026-10-03T01:30:10.000Z</time>
        <extensions>
          <ns3:TrackPointExtension>
            <ns3:hr>167</ns3:hr>
            <ns3:cad>89</ns3:cad>
          </ns3:TrackPointExtension>
        </extensions>
      </trkpt>
      <trkpt lat="29.9843859113752841949462890625" lon="103.83083551190793514251708984375">
        <ele>397.79998779296875</ele>
        <time>2026-10-03T01:30:11.000Z</time>
        <extensions>
          <ns3:TrackPointExtension>
            <ns3:hr>168</ns3:hr>
            <ns3:cad>89</ns3:cad>
          </ns3:TrackPointExtension>
        </extensions>
      </trkpt>
      <trkpt lat="29.98439320363104343414306640625" lon="103.83080382831394672393798828125">
        <ele>397.79998779296875</ele>
        <time>2026-10-03T01:30:12.000Z</time>
        <extensions>
          <ns3:TrackPointExtension>
            <ns3:hr>167</ns3:hr>
            <ns3:cad>89</ns3:cad>
          </ns3:TrackPointExtension>
        </extensions>
      </trkpt>
      <trkpt lat="29.984394796192646026611328125" lon="103.83077256381511688232421875">
        <ele>397.79998779296875</ele>
        <time>2026-10-03T01:30:13.000Z</time>
        <extensions>
          <ns3:TrackPointExtension>
            <ns3:hr>167</ns3:hr>
            <ns3:cad>89</ns3:cad>
          </ns3:TrackPointExtension>
        </extensions>
      </trkpt>
      <trkpt lat="29.98439420945942401885986328125" lon="103.83073559962213039398193359375">
        <ele>397.79998779296875</ele>
        <time>2026-10-03T01:30:14.000Z</time>
        <extensions>
          <ns3:TrackPointExtension>
            <ns3:hr>167</ns3:hr>
            <ns3:cad>89</ns3:cad>
          </ns3:TrackPointExtension>
        </extensions>
      </trkpt>
      <trkpt lat="29.984391443431377410888671875" lon="103.83070291019976139068603515625">
        <ele>397.79998779296875</ele>
        <time>2026-10-03T01:30:15.000Z</time>
        <extensions>
          <ns3:TrackPointExtension>
            <ns3:hr>167</ns3:hr>
            <ns3:cad>89</ns3:cad>
          </ns3:TrackPointExtension>
        </extensions>
      </trkpt>
      <trkpt lat="29.98438733629882335662841796875" lon="103.8306657783687114715576171875">
        <ele>397.600006103515625</ele>
        <time>2026-10-03T01:30:16.000Z</time>
        <extensions>
          <ns3:TrackPointExtension>
            <ns3:hr>167</ns3:hr>
            <ns3:cad>89</ns3:cad>
          </ns3:TrackPointExtension>
        </extensions>
      </trkpt>
      <trkpt lat="29.984382726252079010009765625" lon="103.83063283748924732208251953125">
        <ele>397.600006103515625</ele>
        <time>2026-10-03T01:30:17.000Z</time>
        <extensions>
          <ns3:TrackPointExtension>
            <ns3:hr>167</ns3:hr>
            <ns3:cad>89</ns3:cad>
          </ns3:TrackPointExtension>
        </extensions>
      </trkpt>
      <trkpt lat="29.98437903821468353271484375" lon="103.83059897460043430328369140625">
        <ele>397.600006103515625</ele>
        <time>2026-10-03T01:30:18.000Z</time>
        <extensions>
          <ns3:TrackPointExtension>
            <ns3:hr>166</ns3:hr>
            <ns3:cad>89</ns3:cad>
          </ns3:TrackPointExtension>
        </extensions>
      </trkpt>
      <trkpt lat="29.98437727801501750946044921875" lon="103.83056695573031902313232421875">
        <ele>397.600006103515625</ele>
        <time>2026-10-03T01:30:19.000Z</time>
        <extensions>
          <ns3:TrackPointExtension>
            <ns3:hr>166</ns3:hr>
            <ns3:cad>89</ns3:cad>
          </ns3:TrackPointExtension>
        </extensions>
      </trkpt>
      <trkpt lat="29.98437526635825634002685546875" lon="103.830531500279903411865234375">
        <ele>397.600006103515625</ele>
        <time>2026-10-03T01:30:20.000Z</time>
        <extensions>
          <ns3:TrackPointExtension>
            <ns3:hr>166</ns3:hr>
            <ns3:cad>90</ns3:cad>
          </ns3:TrackPointExtension>
        </extensions>
      </trkpt>
      <trkpt lat="29.98437702655792236328125" lon="103.8304988108575344085693359375">
        <ele>397.600006103515625</ele>
        <time>2026-10-03T01:30:21.000Z</time>
        <extensions>
          <ns3:TrackPointExtension>
            <ns3:hr>166</ns3:hr>
            <ns3:cad>90</ns3:cad>
          </ns3:TrackPointExtension>
        </extensions>
      </trkpt>
      <trkpt lat="29.984378702938556671142578125" lon="103.83046436123549938201904296875">
        <ele>397.600006103515625</ele>
        <time>2026-10-03T01:30:22.000Z</time>
        <extensions>
          <ns3:TrackPointExtension>
            <ns3:hr>166</ns3:hr>
            <ns3:cad>90</ns3:cad>
          </ns3:TrackPointExtension>
        </extensions>
      </trkpt>
      <trkpt lat="29.98438037931919097900390625" lon="103.8304324261844158172607421875">
        <ele>397.600006103515625</ele>
        <time>2026-10-03T01:30:23.000Z</time>
        <extensions>
          <ns3:TrackPointExtension>
            <ns3:hr>167</ns3:hr>
            <ns3:cad>90</ns3:cad>
          </ns3:TrackPointExtension>
        </extensions>
      </trkpt>
      <trkpt lat="29.98437878675758838653564453125" lon="103.830396048724651336669921875">
        <ele>397.600006103515625</ele>
        <time>2026-10-03T01:30:24.000Z</time>
        <extensions>
          <ns3:TrackPointExtension>
            <ns3:hr>167</ns3:hr>
            <ns3:cad>90</ns3:cad>
          </ns3:TrackPointExtension>
        </extensions>
      </trkpt>
      <trkpt lat="29.98438281007111072540283203125" lon="103.830361850559711456298828125">
        <ele>397.600006103515625</ele>
        <time>2026-10-03T01:30:25.000Z</time>
        <extensions>
          <ns3:TrackPointExtension>
            <ns3:hr>167</ns3:hr>
            <ns3:cad>90</ns3:cad>
          </ns3:TrackPointExtension>
        </extensions>
      </trkpt>
      <trkpt lat="29.98437794856727123260498046875" lon="103.83032857440412044525146484375">
        <ele>397.79998779296875</ele>
        <time>2026-10-03T01:30:26.000Z</time>
        <extensions>
          <ns3:TrackPointExtension>
            <ns3:hr>167</ns3:hr>
            <ns3:cad>90</ns3:cad>
          </ns3:TrackPointExtension>
        </extensions>
      </trkpt>
      <trkpt lat="29.984371997416019439697265625" lon="103.8302944600582122802734375">
        <ele>397.79998779296875</ele>
        <time>2026-10-03T01:30:27.000Z</time>
        <extensions>
          <ns3:TrackPointExtension>
            <ns3:hr>166</ns3:hr>
            <ns3:cad>90</ns3:cad>
          </ns3:TrackPointExtension>
        </extensions>
      </trkpt>
      <trkpt lat="29.9843550659716129302978515625" lon="103.83028549142181873321533203125">
        <ele>397.79998779296875</ele>
        <time>2026-10-03T01:30:28.000Z</time>
        <extensions>
          <ns3:TrackPointExtension>
            <ns3:hr>167</ns3:hr>
            <ns3:cad>90</ns3:cad>
          </ns3:TrackPointExtension>
        </extensions>
      </trkpt>
      <trkpt lat="29.98434023000299930572509765625" lon="103.8302959688007831573486328125">
        <ele>397.79998779296875</ele>
        <time>2026-10-03T01:30:29.000Z</time>
        <extensions>
          <ns3:TrackPointExtension>
            <ns3:hr>167</ns3:hr>
            <ns3:cad>89</ns3:cad>
          </ns3:TrackPointExtension>
        </extensions>
      </trkpt>
      <trkpt lat="29.9843466840684413909912109375" lon="103.83031466044485569000244140625">
        <ele>397.600006103515625</ele>
        <time>2026-10-03T01:30:30.000Z</time>
        <extensions>
          <ns3:TrackPointExtension>
            <ns3:hr>166</ns3:hr>
            <ns3:cad>89</ns3:cad>
          </ns3:TrackPointExtension>
        </extensions>
      </trkpt>
      <trkpt lat="29.98435028828680515289306640625" lon="103.83034299127757549285888671875">
        <ele>397.600006103515625</ele>
        <time>2026-10-03T01:30:31.000Z</time>
        <extensions>
          <ns3:TrackPointExtension>
            <ns3:hr>167</ns3:hr>
            <ns3:cad>88</ns3:cad>
          </ns3:TrackPointExtension>
        </extensions>
      </trkpt>
      <trkpt lat="29.98436034657061100006103515625" lon="103.8303640298545360565185546875">
        <ele>397.600006103515625</ele>
        <time>2026-10-03T01:30:32.000Z</time>
        <extensions>
          <ns3:TrackPointExtension>
            <ns3:hr>167</ns3:hr>
            <ns3:cad>88</ns3:cad>
          </ns3:TrackPointExtension>
        </extensions>
      </trkpt>
      <trkpt lat="29.98436856083571910858154296875" lon="103.83039931766688823699951171875">
        <ele>397.79998779296875</ele>
        <time>2026-10-03T01:30:33.000Z</time>
        <extensions>
          <ns3:TrackPointExtension>
            <ns3:hr>167</ns3:hr>
            <ns3:cad>88</ns3:cad>
          </ns3:TrackPointExtension>
        </extensions>
      </trkpt>
      <trkpt lat="29.9843731708824634552001953125" lon="103.83042748086154460906982421875">
        <ele>397.79998779296875</ele>
        <time>2026-10-03T01:30:34.000Z</time>
        <extensions>
          <ns3:TrackPointExtension>
            <ns3:hr>167</ns3:hr>
            <ns3:cad>87</ns3:cad>
          </ns3:TrackPointExtension>
        </extensions>
      </trkpt>
      <trkpt lat="29.9843751825392246246337890625" lon="103.8304699771106243133544921875">
        <ele>397.79998779296875</ele>
        <time>2026-10-03T01:30:35.000Z</time>
        <extensions>
          <ns3:TrackPointExtension>
            <ns3:hr>167</ns3:hr>
            <ns3:cad>87</ns3:cad>
          </ns3:TrackPointExtension>
        </extensions>
      </trkpt>
      <trkpt lat="29.98438415117561817169189453125" lon="103.83049369789659976959228515625">
        <ele>397.79998779296875</ele>
        <time>2026-10-03T01:30:36.000Z</time>
        <extensions>
          <ns3:TrackPointExtension>
            <ns3:hr>166</ns3:hr>
            <ns3:cad>87</ns3:cad>
          </ns3:TrackPointExtension>
        </extensions>
      </trkpt>
      <trkpt lat="29.98438716866075992584228515625" lon="103.83053719997406005859375">
        <ele>397.79998779296875</ele>
        <time>2026-10-03T01:30:37.000Z</time>
        <extensions>
          <ns3:TrackPointExtension>
            <ns3:hr>167</ns3:hr>
            <ns3:cad>89</ns3:cad>
          </ns3:TrackPointExtension>
        </extensions>
      </trkpt>
      <trkpt lat="29.98439789749681949615478515625" lon="103.83056393824517726898193359375">
        <ele>397.79998779296875</ele>
        <time>2026-10-03T01:30:38.000Z</time>
        <extensions>
          <ns3:TrackPointExtension>
            <ns3:hr>167</ns3:hr>
            <ns3:cad>89</ns3:cad>
          </ns3:TrackPointExtension>
        </extensions>
      </trkpt>
      <trkpt lat="29.9844006635248661041259765625" lon="103.83060836233198642730712890625">
        <ele>397.79998779296875</ele>
        <time>2026-10-03T01:30:39.000Z</time>
        <extensions>
          <ns3:TrackPointExtension>
            <ns3:hr>167</ns3:hr>
            <ns3:cad>90</ns3:cad>
          </ns3:TrackPointExtension>
        </extensions>
      </trkpt>
      <trkpt lat="29.9844077043235301971435546875" lon="103.83063250221312046051025390625">
        <ele>397.79998779296875</ele>
        <time>2026-10-03T01:30:40.000Z</time>
        <extensions>
          <ns3:TrackPointExtension>
            <ns3:hr>167</ns3:hr>
            <ns3:cad>89</ns3:cad>
          </ns3:TrackPointExtension>
        </extensions>
      </trkpt>
      <trkpt lat="29.98441399075090885162353515625" lon="103.8306684605777263641357421875">
        <ele>397.79998779296875</ele>
        <time>2026-10-03T01:30:41.000Z</time>
        <extensions>
          <ns3:TrackPointExtension>
            <ns3:hr>168</ns3:hr>
            <ns3:cad>89</ns3:cad>
          </ns3:TrackPointExtension>
        </extensions>
      </trkpt>
      <trkpt lat="29.9844204448163509368896484375" lon="103.83069612085819244384765625">
        <ele>397.79998779296875</ele>
        <time>2026-10-03T01:30:42.000Z</time>
        <extensions>
          <ns3:TrackPointExtension>
            <ns3:hr>168</ns3:hr>
            <ns3:cad>89</ns3:cad>
          </ns3:TrackPointExtension>
        </extensions>
      </trkpt>
      <trkpt lat="29.98442203737795352935791015625" lon="103.83073660545051097869873046875">
        <ele>397.79998779296875</ele>
        <time>2026-10-03T01:30:43.000Z</time>
        <extensions>
          <ns3:TrackPointExtension>
            <ns3:hr>168</ns3:hr>
            <ns3:cad>89</ns3:cad>
          </ns3:TrackPointExtension>
        </extensions>
      </trkpt>
    </trkseg>
  </trk>
</gpx>
